epoch,step,recon_loss,lr
6,14735,0.00010336289396946085,9.946061547489737e-06
6,14745,9.561927372487844e-05,9.945983119062252e-06
6,14755,9.983403606383945e-05,9.94590463396699e-06
6,14765,9.731179316077033e-05,9.94582609220485e-06
6,14775,0.00010107842199431617,9.945747493776732e-06
6,14785,0.00010002504350268281,9.945668838683543e-06
6,14795,0.00010337984604120721,9.94559012692618e-06
6,14805,0.00010194184951615171,9.945511358505543e-06
6,14815,9.297192918893416e-05,9.945432533422536e-06
6,14825,9.788539437067811e-05,9.945353651678062e-06
6,14835,9.641281658332445e-05,9.945274713273026e-06
6,14845,0.00010100618510477943,9.945195718208329e-06
6,14855,9.911636216202169e-05,9.94511666648488e-06
6,14865,9.464439008297633e-05,9.945037558103585e-06
6,14875,9.647548258726602e-05,9.944958393065343e-06
6,14885,9.547531644784612e-05,9.94487917137107e-06
6,14895,9.833219264692163e-05,9.944799893021667e-06
6,14905,9.723375860630766e-05,9.944720558018043e-06
6,14915,9.975639713957207e-05,9.944641166361113e-06
6,14925,9.917416391544975e-05,9.944561718051786e-06
6,14935,9.391262765348073e-05,9.944482213090969e-06
6,14945,0.00010048817848655743,9.94440265147957e-06
6,14955,9.536145107631456e-05,9.944323033218505e-06
6,14965,0.00010042506828540354,9.94424335830868e-06
6,14975,9.842559657045057e-05,9.944163626751017e-06
6,14985,9.741700578160819e-05,9.944083838546423e-06
6,14995,9.710953772810172e-05,9.944003993695814e-06
6,15005,9.89354659395758e-05,9.943924092200106e-06
6,15015,9.579295237926999e-05,9.943844134060213e-06
6,15025,9.354272278869758e-05,9.943764119277051e-06
6,15035,9.47514061408583e-05,9.94368404785154e-06
6,15045,9.1807708304259e-05,9.943603919784593e-06
6,15055,9.6283435686928e-05,9.94352373507713e-06
6,15065,9.241826564903022e-05,9.94344349373007e-06
6,15075,9.38854579544568e-05,9.943363195744334e-06
6,15085,9.26949193853943e-05,9.94328284112084e-06
6,15095,9.547115896566539e-05,9.943202429860507e-06
6,15105,9.101771829591599e-05,9.943121961964258e-06
6,15115,9.380941601193627e-05,9.943041437433013e-06
6,15125,9.163610029645497e-05,9.942960856267702e-06
6,15135,9.387177815369795e-05,9.942880218469241e-06
6,15145,9.642393888498191e-05,9.942799524038554e-06
6,15155,9.111823737839587e-05,9.942718772976567e-06
6,15165,9.629998812670238e-05,9.942637965284203e-06
6,15175,9.274378089685342e-05,9.942557100962393e-06
6,15185,8.894270767996202e-05,9.94247618001206e-06
6,15195,9.245289320460871e-05,9.942395202434133e-06
6,15205,9.695574699435382e-05,9.942314168229537e-06
6,15215,9.557701323501532e-05,9.942233077399204e-06
6,15225,9.788690167624737e-05,9.942151929944061e-06
6,15235,9.423893243365455e-05,9.942070725865039e-06
6,15245,9.485517948633058e-05,9.941989465163062e-06
6,15255,9.170797202386893e-05,9.94190814783907e-06
6,15265,9.151831009148736e-05,9.941826773893986e-06
6,15275,9.243567164958222e-05,9.941745343328752e-06
6,15285,8.982821846075239e-05,9.941663856144297e-06
6,15295,9.575493240845389e-05,9.941582312341555e-06
6,15305,9.283712488468155e-05,9.941500711921461e-06
6,15315,9.195087968691951e-05,9.941419054884945e-06
6,15325,8.891934930943533e-05,9.941337341232942e-06
6,15335,9.142767685261786e-05,9.941255570966396e-06
6,15345,9.208180235873443e-05,9.941173744086237e-06
6,15355,9.53225142438896e-05,9.941091860593407e-06
6,15365,9.821399544307496e-05,9.94100992048884e-06
6,15375,9.735667972563534e-05,9.940927923773486e-06
6,15385,9.387819309267798e-05,9.940845870448268e-06
6,15395,9.248383848898811e-05,9.940763760514134e-06
6,15405,9.942922724803793e-05,9.940681593972026e-06
6,15415,9.03577851204318e-05,9.940599370822883e-06
6,15425,9.006891768876812e-05,9.940517091067645e-06
6,15435,9.043905656653807e-05,9.940434754707263e-06
6,15445,9.197128483720007e-05,9.940352361742673e-06
6,15455,8.920736891013805e-05,9.940269912174828e-06
6,15465,0.00010097305521412636,9.940187406004658e-06
6,15475,9.58829143201001e-05,9.940104843233118e-06
6,15485,8.923325231080527e-05,9.940022223861152e-06
6,15495,9.141917371380259e-05,9.939939547889704e-06
6,15505,9.185249255097005e-05,9.939856815319726e-06
6,15515,8.582738719269401e-05,9.939774026152166e-06
6,15525,9.181347777484917e-05,9.939691180387966e-06
6,15535,9.12613708351273e-05,9.939608278028081e-06
6,15545,9.214342244376895e-05,9.93952531907346e-06
6,15555,9.340802735096075e-05,9.939442303525053e-06
6,15565,8.544508473278256e-05,9.939359231383812e-06
6,15575,8.761500521359268e-05,9.939276102650684e-06
6,15585,9.40052947953518e-05,9.939192917326625e-06
6,15595,9.227878290403168e-05,9.93910967541259e-06
6,15605,9.05945473277825e-05,9.939026376909533e-06
6,15615,9.22645058381022e-05,9.938943021818405e-06
6,15625,9.002044689623289e-05,9.938859610140163e-06
6,15635,9.077982940652873e-05,9.938776141875762e-06
6,15645,8.778810770309063e-05,9.938692617026155e-06
6,15655,9.106668521781104e-05,9.938609035592305e-06
6,15665,8.641567037557252e-05,9.938525397575168e-06
6,15675,8.885412662493764e-05,9.9384417029757e-06
6,15685,9.113959495152812e-05,9.938357951794862e-06
6,15695,8.728961138331215e-05,9.938274144033612e-06
6,15705,9.452963204239496e-05,9.938190279692912e-06
6,15715,8.522363032170688e-05,9.93810635877372e-06
6,15725,9.121780867644702e-05,9.938022381276998e-06
6,15735,9.218318564307992e-05,9.937938347203714e-06
6,15745,9.072719349205727e-05,9.937854256554824e-06
6,15755,8.939527078837274e-05,9.937770109331296e-06
6,15765,9.029544962686486e-05,9.937685905534086e-06
6,15775,8.783310613580399e-05,9.937601645164168e-06
6,15785,9.113357582464233e-05,9.937517328222503e-06
6,15795,8.90128359060327e-05,9.937432954710057e-06
6,15805,9.128106839852992e-05,9.937348524627801e-06
6,15815,8.90049601366627e-05,9.9372640379767e-06
6,15825,8.416368245889316e-05,9.937179494757717e-06
6,15835,8.789071453065844e-05,9.937094894971828e-06
6,15845,9.213828025167459e-05,9.937010238619995e-06
6,15855,8.973989415608231e-05,9.936925525703196e-06
6,15865,8.581581878388534e-05,9.936840756222395e-06
6,15875,8.65667795551417e-05,9.936755930178568e-06
6,15885,8.481541708533768e-05,9.936671047572684e-06
6,15895,8.723461960471469e-05,9.936586108405715e-06
6,15905,8.808259790384909e-05,9.936501112678636e-06
6,15915,8.802193051451469e-05,9.93641606039242e-06
6,15925,8.757790401432429e-05,9.936330951548038e-06
6,15935,8.900214334062184e-05,9.93624578614647e-06
6,15945,8.61525413711206e-05,9.936160564188696e-06
6,15955,8.941720052462188e-05,9.936075285675685e-06
6,15965,8.785643040027935e-05,9.935989950608411e-06
6,15975,8.155553978212994e-05,9.935904558987859e-06
6,15985,8.594263772465638e-05,9.935819110815006e-06
6,15995,8.734576513234062e-05,9.93573360609083e-06
6,16005,8.869157900335266e-05,9.935648044816311e-06
6,16015,8.591438127041329e-05,9.93556242699243e-06
6,16025,8.431578316958621e-05,9.935476752620166e-06
6,16035,8.410520295001334e-05,9.935391021700501e-06
6,16045,8.57892287967843e-05,9.93530523423442e-06
6,16055,8.677680943947053e-05,9.935219390222901e-06
6,16065,9.192403958877548e-05,9.935133489666932e-06
6,16075,8.675191656948299e-05,9.935047532567497e-06
6,16085,8.91664707523887e-05,9.934961518925578e-06
6,16095,8.826955754557274e-05,9.93487544874216e-06
6,16105,8.669290200487013e-05,9.934789322018233e-06
6,16115,8.255145557996002e-05,9.934703138754781e-06
6,16125,8.407476980210049e-05,9.934616898952794e-06
6,16135,8.743313255763497e-05,9.934530602613257e-06
6,16145,8.623631765658502e-05,9.934444249737158e-06
6,16155,8.296478044940157e-05,9.93435784032549e-06
6,16165,9.052562072611182e-05,9.934271374379242e-06
6,16175,8.947120641096262e-05,9.934184851899402e-06
6,16185,8.737582738831408e-05,9.93409827288696e-06
6,16195,8.468787991660065e-05,9.934011637342921e-06
6,16205,8.119251042444375e-05,9.93392494526826e-06
6,16215,8.588021582909278e-05,9.93383819666398e-06
6,16225,8.292073052871274e-05,9.933751391531074e-06
6,16235,8.382573796552605e-05,9.933664529870536e-06
6,16245,8.23371451588173e-05,9.933577611683362e-06
6,16255,8.788567147348658e-05,9.933490636970545e-06
6,16265,8.983814050225193e-05,9.933403605733081e-06
6,16275,8.584262541262433e-05,9.933316517971976e-06
6,16285,8.471056898997632e-05,9.933229373688215e-06
6,16295,8.585090072301683e-05,9.933142172882804e-06
6,16305,8.347956627403618e-05,9.93305491555674e-06
6,16315,8.634553532829158e-05,9.93296760171102e-06
6,16325,8.458576412522234e-05,9.932880231346651e-06
6,16335,8.58418463394628e-05,9.932792804464633e-06
6,16345,8.688678362887004e-05,9.932705321065963e-06
6,16355,8.579740951972781e-05,9.932617781151645e-06
6,16365,8.190941252905759e-05,9.932530184722684e-06
6,16375,8.048017425608123e-05,9.93244253178008e-06
6,16385,8.205748645195854e-05,9.932354822324845e-06
6,16395,8.836992692522472e-05,9.932267056357977e-06
6,16405,8.371780641027726e-05,9.93217923388048e-06
6,16415,8.601500385339022e-05,9.932091354893364e-06
6,16425,8.128366898745299e-05,9.932003419397638e-06
6,16435,8.814997299850802e-05,9.931915427394304e-06
6,16445,8.369824836336194e-05,9.931827378884376e-06
6,16455,8.556214097552581e-05,9.931739273868859e-06
6,16465,8.424421457675635e-05,9.931651112348764e-06
6,16475,8.663703747515683e-05,9.931562894325097e-06
6,16485,8.176039718819084e-05,9.931474619798873e-06
6,16495,8.345828146048007e-05,9.931386288771102e-06
6,16505,8.763336800257094e-05,9.931297901242796e-06
6,16515,8.345913474840926e-05,9.931209457214968e-06
6,16525,8.404360414715485e-05,9.931120956688633e-06
6,16535,8.344686993950745e-05,9.931032399664805e-06
6,16545,8.945629851950797e-05,9.930943786144493e-06
6,16555,8.089035109151154e-05,9.930855116128719e-06
6,16565,8.078818477770255e-05,9.930766389618495e-06
6,16575,8.144407793224672e-05,9.930677606614837e-06
6,16585,7.898627472968657e-05,9.930588767118765e-06
6,16595,8.386878535020515e-05,9.930499871131297e-06
6,16605,8.425136784353526e-05,9.930410918653448e-06
6,16615,8.020725390451844e-05,9.930321909686241e-06
6,16625,8.291884587379173e-05,9.930232844230697e-06
6,16635,7.954340953801875e-05,9.930143722287831e-06
6,16645,8.357451406482141e-05,9.93005454385867e-06
6,16655,7.860220021029819e-05,9.929965308944233e-06
6,16665,8.253907926700777e-05,9.929876017545541e-06
6,16675,7.947295662233956e-05,9.929786669663619e-06
6,16685,8.322513413077104e-05,9.929697265299487e-06
6,16695,8.043929501582172e-05,9.929607804454175e-06
6,16705,8.127574237732915e-05,9.9295182871287e-06
6,16715,8.16644164842728e-05,9.929428713324094e-06
6,16725,8.008707536646399e-05,9.929339083041387e-06
6,16735,8.072016844380414e-05,9.929249396281597e-06
6,16745,8.2475808540039e-05,9.929159653045757e-06
6,16755,8.805037768979674e-05,9.92906985333489e-06
6,16765,8.521194340573857e-05,9.928979997150034e-06
6,16775,7.864498452363476e-05,9.928890084492207e-06
6,16785,8.338749753420416e-05,9.928800115362449e-06
6,16795,8.191540359803184e-05,9.928710089761788e-06
6,16805,8.01209335349995e-05,9.928620007691254e-06
6,16815,7.67275784710364e-05,9.928529869151879e-06
6,16825,7.713400523243764e-05,9.928439674144696e-06
6,16835,7.966376324475277e-05,9.928349422670737e-06
6,16845,8.267809166682127e-05,9.928259114731037e-06
6,16855,8.541258421246312e-05,9.928168750326633e-06
6,16865,7.845067016205577e-05,9.928078329458563e-06
6,16875,7.78491968048911e-05,9.927987852127857e-06
6,16885,8.066690734267467e-05,9.927897318335551e-06
6,16895,7.824323397471744e-05,9.927806728082684e-06
6,16905,7.677366443203937e-05,9.927716081370297e-06
6,16915,7.807256292835518e-05,9.927625378199426e-06
6,16925,8.435754189122236e-05,9.92753461857111e-06
6,16935,8.598015465395293e-05,9.92744380248639e-06
6,16945,8.051925906329417e-05,9.927352929946305e-06
6,16955,7.983446344042023e-05,9.927262000951897e-06
6,16965,7.624397626386781e-05,9.927171015504207e-06
6,16975,7.940823975332023e-05,9.92707997360428e-06
6,16985,7.9401034872717e-05,9.926988875253155e-06
6,16995,7.939383986013126e-05,9.926897720451878e-06
6,17005,7.991843817762856e-05,9.926806509201494e-06
6,17015,7.98138039499463e-05,9.92671524150305e-06
6,17025,8.125062372528191e-05,9.926623917357589e-06
6,17035,8.052094076447248e-05,9.926532536766157e-06
6,17045,8.164456398844777e-05,9.926441099729802e-06
6,17055,7.812763788024313e-05,9.926349606249572e-06
6,17065,7.92851880305534e-05,9.92625805632651e-06
6,17075,8.173827927748788e-05,9.926166449961671e-06
6,17085,8.227045386774988e-05,9.926074787156104e-06
6,17095,7.858630247028487e-05,9.92598306791086e-06
6,17105,8.104756111606548e-05,9.925891292226986e-06
6,17115,8.147900407493579e-05,9.925799460105539e-06
6,17125,8.054485397224198e-05,9.925707571547561e-06
6,17135,7.938865983305731e-05,9.925615626554111e-06
6,17145,7.838451242605515e-05,9.925523625126244e-06
6,17155,7.776501420266868e-05,9.925431567265015e-06
6,17165,7.641903871444811e-05,9.925339452971475e-06
6,17175,7.835190262994729e-05,9.925247282246679e-06
6,17185,7.617074347763263e-05,9.925155055091687e-06
6,17195,8.333107439284505e-05,9.925062771507553e-06
6,17205,7.938141793601971e-05,9.924970431495338e-06
6,17215,7.724953384240507e-05,9.924878035056095e-06
6,17225,8.004009500837129e-05,9.924785582190885e-06
6,17235,7.898134826973546e-05,9.924693072900766e-06
6,17245,8.095534276435501e-05,9.924600507186795e-06
6,17255,7.891737586760427e-05,9.924507885050041e-06
6,17265,7.981831772667647e-05,9.92441520649156e-06
6,17275,7.93971742496069e-05,9.924322471512416e-06
6,17285,8.667376114317448e-05,9.924229680113668e-06
6,17295,8.061597523010278e-05,9.924136832296384e-06
6,17305,7.574552455480443e-05,9.924043928061621e-06
6,17315,7.741442900623951e-05,9.92395096741045e-06
6,17325,7.838853380235378e-05,9.923857950343929e-06
6,17335,7.642137184120655e-05,9.923764876863128e-06
6,17345,7.46148286452808e-05,9.923671746969119e-06
6,17355,7.623661858815466e-05,9.923578560662959e-06
6,17365,7.631865041730634e-05,9.923485317945724e-06
6,17375,7.651602127225488e-05,9.923392018818474e-06
6,17385,7.72944096752326e-05,9.923298663282287e-06
6,17395,7.962787226460933e-05,9.923205251338225e-06
6,17405,7.894323612163135e-05,9.923111782987366e-06
6,17415,7.591492012579692e-05,9.923018258230776e-06
6,17425,8.107589078463207e-05,9.922924677069524e-06
6,17435,7.898098433543057e-05,9.922831039504684e-06
6,17445,7.878093133513175e-05,9.922737345537332e-06
6,17455,8.144761845869654e-05,9.922643595168535e-06
6,17465,8.271082615465276e-05,9.922549788399376e-06
6,17475,8.24176542209898e-05,9.922455925230921e-06
6,17485,7.649488734386977e-05,9.922362005664251e-06
6,17495,7.658940007786441e-05,9.92226802970044e-06
6,17505,7.912356368251495e-05,9.92217399734056e-06
6,17515,7.79954876179545e-05,9.9220799085857e-06
6,17525,7.623056667398487e-05,9.92198576343693e-06
6,17535,7.549458982794021e-05,9.921891561895329e-06
6,17545,7.948680990921275e-05,9.921797303961983e-06
6,17555,7.099393619682815e-05,9.921702989637965e-06
6,17565,7.328740825869316e-05,9.921608618924352e-06
6,17575,7.804388042131905e-05,9.921514191822235e-06
6,17585,7.841989299777196e-05,9.921419708332693e-06
6,17595,8.17654693037184e-05,9.921325168456804e-06
6,17605,7.7170232680146e-05,9.921230572195656e-06
6,17615,7.842899995011977e-05,9.921135919550331e-06
6,17625,8.146605205183732e-05,9.92104121052191e-06
6,17635,7.525541896029607e-05,9.920946445111483e-06
6,17645,7.434943545376882e-05,9.920851623320134e-06
6,17655,7.752936835458968e-05,9.920756745148947e-06
6,17665,7.591302155560698e-05,9.920661810599019e-06
6,17670,7.44927615414781e-05,9.92061432218236e-06
6,validation,6.298209882515948e-05,9.92061432218236e-06
7,17680,7.436685436914558e-05,9.920519303066347e-06
7,17690,7.462920043508348e-05,9.920424227574305e-06
7,17700,7.823585783626186e-05,9.920329095707322e-06
7,17710,7.58138542096276e-05,9.920233907466494e-06
7,17720,7.747511835987096e-05,9.920138662852903e-06
7,17730,7.614358314640414e-05,9.920043361867645e-06
7,17740,7.689114236200113e-05,9.919948004511813e-06
7,17750,7.321486154978629e-05,9.919852590786499e-06
7,17760,8.288672534035869e-05,9.919757120692793e-06
7,17770,7.439523233188083e-05,9.919661594231796e-06
7,17780,7.513440964430627e-05,9.919566011404598e-06
7,17790,7.936570609672343e-05,9.919470372212295e-06
7,17800,7.689173789913185e-05,9.91937467665598e-06
7,17810,7.656492689420702e-05,9.919278924736751e-06
7,17820,7.611422547597613e-05,9.919183116455709e-06
7,17830,7.353439436883492e-05,9.919087251813948e-06
7,17840,7.99486395862914e-05,9.918991330812563e-06
7,17850,7.977748914527183e-05,9.918895353452658e-06
7,17860,8.164549603861815e-05,9.91879931973533e-06
7,17870,7.983102937032527e-05,9.918703229661683e-06
7,17880,7.751369398647513e-05,9.918607083232816e-06
7,17890,7.658211193302122e-05,9.91851088044983e-06
7,17900,7.342013786910684e-05,9.918414621313827e-06
7,17910,7.629640308550733e-05,9.918318305825908e-06
7,17920,7.760315588711818e-05,9.91822193398718e-06
7,17930,7.82357993102778e-05,9.918125505798744e-06
7,17940,7.751875791655039e-05,9.918029021261708e-06
7,17950,7.443105650963845e-05,9.917932480377177e-06
7,17960,7.31240064396843e-05,9.917835883146252e-06
7,17970,7.337993906730844e-05,9.917739229570049e-06
7,17980,8.100994368760439e-05,9.91764251964967e-06
7,17990,7.278737416527292e-05,9.917545753386222e-06
7,18000,7.67005932630127e-05,9.917448930780818e-06
7,18010,7.276718029061157e-05,9.91735205183456e-06
7,18020,7.742499492451316e-05,9.917255116548563e-06
7,18030,7.890956189839927e-05,9.917158124923938e-06
7,18040,7.798204319442448e-05,9.917061076961793e-06
7,18050,7.640714793524239e-05,9.916963972663243e-06
7,18060,7.850854285607056e-05,9.916866812029397e-06
7,18070,7.430839827975432e-05,9.91676959506137e-06
7,18080,7.368972283074982e-05,9.916672321760279e-06
7,18090,7.522400433117582e-05,9.916574992127238e-06
7,18100,7.387986315734452e-05,9.91647760616336e-06
7,18110,7.69911106544896e-05,9.91638016386976e-06
7,18120,7.189471102719835e-05,9.916282665247557e-06
7,18130,7.235409457280184e-05,9.916185110297866e-06
7,18140,7.406606919175829e-05,9.916087499021805e-06
7,18150,7.918432265796582e-05,9.915989831420491e-06
7,18160,7.597477542731212e-05,9.915892107495048e-06
7,18170,7.110361007107713e-05,9.915794327246593e-06
7,18180,7.10777373114979e-05,9.915696490676245e-06
7,18190,6.740018689015415e-05,9.915598597785127e-06
7,18200,7.200485365501664e-05,9.915500648574354e-06
7,18210,7.653581637896422e-05,9.91540264304506e-06
7,18220,7.41757450668956e-05,9.915304581198361e-06
7,18230,7.496819048355973e-05,9.915206463035378e-06
7,18240,7.317064582821332e-05,9.915108288557236e-06
7,18250,7.519694381699082e-05,9.915010057765062e-06
7,18260,7.144631949813629e-05,9.914911770659982e-06
7,18270,7.626043911841408e-05,9.914813427243126e-06
7,18280,7.338799455283151e-05,9.914715027515616e-06
7,18290,7.570068287350295e-05,9.914616571478574e-06
7,18300,7.685600312470341e-05,9.914518059133138e-06
7,18310,7.191366703409585e-05,9.914419490480432e-06
7,18320,7.196746259978682e-05,9.914320865521582e-06
7,18330,7.492624918086222e-05,9.914222184257722e-06
7,18340,7.468595163118151e-05,9.914123446689984e-06
7,18350,7.181713781392318e-05,9.914024652819498e-06
7,18360,6.897973712511886e-05,9.913925802647396e-06
7,18370,8.024728449527173e-05,9.913826896174806e-06
7,18380,7.30666387880774e-05,9.913727933402871e-06
7,18390,7.432160969074175e-05,9.913628914332714e-06
7,18400,7.394487347482937e-05,9.91352983896548e-06
7,18410,7.784767544762873e-05,9.913430707302297e-06
7,18420,7.351090780503e-05,9.9133315193443e-06
7,18430,7.924967371764069e-05,9.913232275092631e-06
7,18440,6.99118119882769e-05,9.91313297454842e-06
7,18450,7.36987032723846e-05,9.91303361771281e-06
7,18460,7.63904572067986e-05,9.912934204586938e-06
7,18470,7.396123064609129e-05,9.91283473517194e-06
7,18480,7.742582183709601e-05,9.912735209468962e-06
7,18490,7.237975723910494e-05,9.912635627479142e-06
7,18500,7.642539749213028e-05,9.912535989203619e-06
7,18510,7.183266402535083e-05,9.912436294643533e-06
7,18520,7.330723897212011e-05,9.912336543800031e-06
7,18530,6.95063344664959e-05,9.912236736674256e-06
7,18540,7.123659206627054e-05,9.912136873267346e-06
7,18550,7.862524362280966e-05,9.912036953580449e-06
7,18560,7.230898359011917e-05,9.911936977614707e-06
7,18570,7.441191596626596e-05,9.911836945371269e-06
7,18580,7.162488900576136e-05,9.911736856851284e-06
7,18590,6.990978840804019e-05,9.91163671205589e-06
7,18600,7.257638544615475e-05,9.911536510986244e-06
7,18610,7.369351687884772e-05,9.911436253643486e-06
7,18620,7.320225090552414e-05,9.911335940028771e-06
7,18630,7.18503262305603e-05,9.911235570143238e-06
7,18640,7.909585519882965e-05,9.911135143988052e-06
7,18650,7.777920632179303e-05,9.911034661564348e-06
7,18660,7.52490403556294e-05,9.910934122873286e-06
7,18670,7.799168943165568e-05,9.910833527916019e-06
7,18680,7.442128871844035e-05,9.910732876693697e-06
7,18690,7.051638540360728e-05,9.910632169207475e-06
7,18700,7.162068732213811e-05,9.9105314054585e-06
7,18710,7.285541505552828e-05,9.910430585447934e-06
7,18720,7.258873370119545e-05,9.910329709176927e-06
7,18730,7.402416326840466e-05,9.910228776646637e-06
7,18740,7.175575860856044e-05,9.910127787858227e-06
7,18750,7.246527679853898e-05,9.910026742812842e-06
7,18760,6.77461259328993e-05,9.909925641511648e-06
7,18770,7.163811146710941e-05,9.909824483955802e-06
7,18780,7.681795573262206e-05,9.90972327014646e-06
7,18790,7.118001858543722e-05,9.909622000084787e-06
7,18800,6.729935803377885e-05,9.90952067377194e-06
7,18810,6.835331605543615e-05,9.909419291209081e-06
7,18820,7.488375072171038e-05,9.90931785239737e-06
7,18830,7.247273561006295e-05,9.909216357337964e-06
7,18840,7.222831973194844e-05,9.909114806032041e-06
7,18850,7.05010168530862e-05,9.909013198480748e-06
7,18860,7.256882818182931e-05,9.90891153468526e-06
7,18870,6.686553560939502e-05,9.908809814646738e-06
7,18880,7.084104245222988e-05,9.90870803836635e-06
7,18890,6.936513409527834e-05,9.908606205845254e-06
7,18900,7.065537483867955e-05,9.908504317084627e-06
7,18910,6.941514157006168e-05,9.90840237208563e-06
7,18920,6.924612052898738e-05,9.908300370849428e-06
7,18930,7.227237051665725e-05,9.9081983133772e-06
7,18940,7.043044151942012e-05,9.908096199670111e-06
7,18950,7.109512098395499e-05,9.907994029729324e-06
7,18960,7.265589374583215e-05,9.907891803556016e-06
7,18970,6.718449149047955e-05,9.907789521151361e-06
7,18980,7.376447174465283e-05,9.907687182516524e-06
7,18990,7.012219375610584e-05,9.907584787652684e-06
7,19000,7.375115328613902e-05,9.907482336561008e-06
7,19010,7.19242978902912e-05,9.907379829242677e-06
7,19020,7.21430764770048e-05,9.907277265698861e-06
7,19030,7.620508572472317e-05,9.907174645930737e-06
7,19040,7.112412458809558e-05,9.907071969939479e-06
7,19050,7.108170580067963e-05,9.906969237726262e-06
7,19060,6.754767587153765e-05,9.906866449292262e-06
7,19070,7.378475670520857e-05,9.906763604638664e-06
7,19080,7.126005702957627e-05,9.90666070376664e-06
7,19090,6.795156600674091e-05,9.90655774667737e-06
7,19100,6.594555193260022e-05,9.906454733372035e-06
7,19110,7.248886950037559e-05,9.906351663851811e-06
7,19120,7.289955037776964e-05,9.906248538117886e-06
7,19130,7.191790309661883e-05,9.90614535617144e-06
7,19140,7.34813981125626e-05,9.90604211801365e-06
7,19150,6.97461698564439e-05,9.9059388236457e-06
7,19160,7.321906350625794e-05,9.905835473068779e-06
7,19170,6.861135088911396e-05,9.905732066284065e-06
7,19180,6.943840644453304e-05,9.905628603292744e-06
7,19190,6.944709298295493e-05,9.905525084096005e-06
7,19200,7.248266210808651e-05,9.905421508695033e-06
7,19210,6.887775771247107e-05,9.905317877091014e-06
7,19220,7.01210291026655e-05,9.905214189285134e-06
7,19230,6.957032992431778e-05,9.905110445278581e-06
7,19240,6.625673931921483e-05,9.905006645072544e-06
7,19250,6.277589759520196e-05,9.904902788668214e-06
7,19260,6.473194134741789e-05,9.904798876066782e-06
7,19270,7.080047498675412e-05,9.904694907269432e-06
7,19280,7.383244515040133e-05,9.904590882277357e-06
7,19290,6.743339408785687e-05,9.904486801091755e-06
7,19300,6.619639948439726e-05,9.904382663713815e-06
7,19310,6.795749554839858e-05,9.90427847014473e-06
7,19320,7.21143529517576e-05,9.904174220385696e-06
7,19330,7.622095859005641e-05,9.9040699144379e-06
7,19340,7.0890499455345e-05,9.903965552302546e-06
7,19350,7.242288129418739e-05,9.903861133980822e-06
7,19360,7.202625201898626e-05,9.903756659473933e-06
7,19370,7.315971206480754e-05,9.903652128783067e-06
7,19380,7.049319219731841e-05,9.903547541909431e-06
7,19390,6.640991746280632e-05,9.903442898854219e-06
7,19400,7.439063515448653e-05,9.903338199618624e-06
7,19410,6.816745849391737e-05,9.903233444203855e-06
7,19420,6.878382087052159e-05,9.903128632611107e-06
7,19430,6.429011855288991e-05,9.903023764841579e-06
7,19440,7.063724574436492e-05,9.902918840896475e-06
7,19450,7.18362636234815e-05,9.902813860777002e-06
7,19460,6.72925065828167e-05,9.902708824484354e-06
7,19470,6.730639347551914e-05,9.90260373201974e-06
7,19480,6.93592288371292e-05,9.902498583384362e-06
7,19490,6.955393228054163e-05,9.902393378579425e-06
7,19500,7.053988774714526e-05,9.902288117606134e-06
7,19510,6.980186467444583e-05,9.902182800465699e-06
7,19520,7.218866212497232e-05,9.90207742715932e-06
7,19530,7.464681907549675e-05,9.901971997688214e-06
7,19540,7.535520517194528e-05,9.901866512053578e-06
7,19550,7.04946308360377e-05,9.901760970256625e-06
7,19560,7.03889552369219e-05,9.901655372298562e-06
7,19570,7.062501222208085e-05,9.901549718180604e-06
7,19580,6.631634410041443e-05,9.901444007903963e-06
7,19590,7.315341345019987e-05,9.901338241469839e-06
7,19600,6.746451181243174e-05,9.901232418879455e-06
7,19610,6.553181792696706e-05,9.901126540134018e-06
7,19620,6.859865834485389e-05,9.901020605234745e-06
7,19630,7.109995362952759e-05,9.900914614182847e-06
7,19640,6.406056472769705e-05,9.900808566979537e-06
7,19650,6.92754984356725e-05,9.90070246362603e-06
7,19660,7.184481223703188e-05,9.900596304123543e-06
7,19670,7.16378374818305e-05,9.900490088473295e-06
7,19680,7.097947786860459e-05,9.9003838166765e-06
7,19690,6.546707918460015e-05,9.900277488734376e-06
7,19700,6.686758624709909e-05,9.90017110464814e-06
7,19710,6.72229316933226e-05,9.900064664419014e-06
7,19720,6.73302241921192e-05,9.899958168048213e-06
7,19730,7.053731324049294e-05,9.899851615536963e-06
7,19740,6.82852114096022e-05,9.89974500688648e-06
7,19750,6.693146474390232e-05,9.899638342097986e-06
7,19760,7.151944200813888e-05,9.899531621172703e-06
7,19770,6.799923835387743e-05,9.899424844111854e-06
7,19780,7.150930096031515e-05,9.899318010916669e-06
7,19790,6.868085129099199e-05,9.899211121588363e-06
7,19800,6.995279327384196e-05,9.899104176128166e-06
7,19810,6.873350334899442e-05,9.8989971745373e-06
7,19820,6.685040411866794e-05,9.898890116816994e-06
7,19830,7.122568690647312e-05,9.898783002968472e-06
7,19840,6.919208681210876e-05,9.898675832992963e-06
7,19850,6.942500131117413e-05,9.898568606891695e-06
7,19860,6.637312599195866e-05,9.898461324665892e-06
7,19870,6.565453572875413e-05,9.89835398631679e-06
7,19880,6.848827379144496e-05,9.898246591845614e-06
7,19890,6.866819048809702e-05,9.898139141253599e-06
7,19900,6.649004258179048e-05,9.898031634541972e-06
7,19910,7.019702225079527e-05,9.89792407171196e-06
7,19920,6.997837876951961e-05,9.897816452764807e-06
7,19930,6.40976861177478e-05,9.897708777701734e-06
7,19940,6.974132807044953e-05,9.897601046523984e-06
7,19950,6.862110794827458e-05,9.897493259232789e-06
7,19960,6.622317073379236e-05,9.897385415829385e-06
7,19970,7.04175660303008e-05,9.897277516315004e-06
7,19980,6.526055822178022e-05,9.897169560690882e-06
7,19990,6.811254211243067e-05,9.89706154895826e-06
7,20000,6.207027545315213e-05,9.896953481118372e-06
7,20010,6.221374087544973e-05,9.896845357172458e-06
7,20020,6.992100502429821e-05,9.896737177121756e-06
7,20030,6.649171277786082e-05,9.896628940967505e-06
7,20040,6.508644614768854e-05,9.896520648710947e-06
7,20050,6.676219386463343e-05,9.896412300353323e-06
7,20060,6.581351303793782e-05,9.896303895895873e-06
7,20070,6.439721259994257e-05,9.896195435339837e-06
7,20080,6.859338577669406e-05,9.896086918686463e-06
7,20090,7.384851805909421e-05,9.89597834593699e-06
7,20100,6.704917213937733e-05,9.895869717092658e-06
7,20110,6.270104363466089e-05,9.89576103215472e-06
7,20120,6.604835580219515e-05,9.895652291124414e-06
7,20130,6.699984769511502e-05,9.89554349400299e-06
7,20140,6.741514871464461e-05,9.895434640791697e-06
7,20150,6.714707628816541e-05,9.89532573149178e-06
7,20160,6.954777659302635e-05,9.895216766104487e-06
7,20170,6.613604737140121e-05,9.895107744631065e-06
7,20180,6.408880899471113e-05,9.894998667072763e-06
7,20190,6.874194682495728e-05,9.894889533430832e-06
7,20200,6.900638331899246e-05,9.894780343706523e-06
7,20210,6.308791785158974e-05,9.894671097901082e-06
7,20220,6.619138689529792e-05,9.89456179601577e-06
7,20230,6.235642686078791e-05,9.89445243805183e-06
7,20240,6.137796781331417e-05,9.894343024010518e-06
7,20250,6.741705856256884e-05,9.894233553893089e-06
7,20260,6.449679103752713e-05,9.894124027700798e-06
7,20270,6.571907906618434e-05,9.894014445434897e-06
7,20280,6.749555905116723e-05,9.893904807096644e-06
7,20290,6.650525242548611e-05,9.893795112687296e-06
7,20300,6.924035128577088e-05,9.893685362208106e-06
7,20310,6.64225037326105e-05,9.893575555660328e-06
7,20320,6.617955777983297e-05,9.893465693045236e-06
7,20330,6.769266897208582e-05,9.893355774364076e-06
7,20340,6.641653035330818e-05,9.89324579961811e-06
7,20350,6.812132464801834e-05,9.893135768808597e-06
7,20360,6.72978203965613e-05,9.893025681936797e-06
7,20370,7.323073782572465e-05,9.892915539003972e-06
7,20380,6.5128376991197e-05,9.892805340011387e-06
7,20390,6.729277465638006e-05,9.892695084960295e-06
7,20400,6.380486556736286e-05,9.892584773851973e-06
7,20410,6.592001423086913e-05,9.892474406687673e-06
7,20420,6.868834952911129e-05,9.89236398346867e-06
7,20430,6.185719407767464e-05,9.892253504196225e-06
7,20440,6.354324996209471e-05,9.892142968871601e-06
7,20450,6.261824869397969e-05,9.892032377496063e-06
7,20460,6.134217455837643e-05,9.89192173007088e-06
7,20470,6.60090728160867e-05,9.89181102659733e-06
7,20480,6.274820434555295e-05,9.891700267076667e-06
7,20490,6.698576585222327e-05,9.891589451510166e-06
7,20500,6.517547553812618e-05,9.891478579899095e-06
7,20510,6.469736490544165e-05,9.891367652244727e-06
7,20520,6.134795294201467e-05,9.891256668548329e-06
7,20530,6.777987464374746e-05,9.891145628811177e-06
7,20540,6.822760560680763e-05,9.89103453303454e-06
7,20550,7.042555530460959e-05,9.89092338121969e-06
7,20560,6.26783386906027e-05,9.890812173367906e-06
7,20570,6.357995252983528e-05,9.890700909480458e-06
7,20580,6.545201035805804e-05,9.89058958955862e-06
7,20590,6.478602845163551e-05,9.89047821360367e-06
7,20600,5.840142507622659e-05,9.890366781616882e-06
7,20610,6.617690228267747e-05,9.890255293599535e-06
7,20615,6.465528931585141e-05,9.890199528579802e-06
7,validation,4.973642990080407e-05,9.890199528579802e-06
8,20625,7.025303630143753e-05,9.89008795651901e-06
8,20635,7.113936130735965e-05,9.889976328430852e-06
8,20645,6.104814224272559e-05,9.889864644316606e-06
8,20655,6.349427098939486e-05,9.889752904177553e-06
8,20665,6.55500514767482e-05,9.889641108014968e-06
8,20675,6.548497749463422e-05,9.889529255830137e-06
8,20685,7.066942052915692e-05,9.889417347624346e-06
8,20695,6.217034824658186e-05,9.889305383398875e-06
8,20705,6.191031957314408e-05,9.889193363155e-06
8,20715,6.609571514673008e-05,9.88908128689401e-06
8,20725,6.43772570128931e-05,9.888969154617187e-06
8,20735,6.412531479327299e-05,9.888856966325817e-06
8,20745,6.818377087256522e-05,9.888744722021185e-06
8,20755,6.79927095916355e-05,9.888632421704578e-06
8,20765,6.380880045071535e-05,9.88852006537728e-06
8,20775,6.496632418020453e-05,9.888407653040582e-06
8,20785,6.440932743316806e-05,9.888295184695766e-06
8,20795,5.997727898829908e-05,9.888182660344126e-06
8,20805,6.175399289531924e-05,9.88807007998695e-06
8,20815,6.1006549003650434e-05,9.887957443625529e-06
8,20825,6.237132579371974e-05,9.887844751261152e-06
8,20835,6.62666195694328e-05,9.887732002895107e-06
8,20845,6.286597631515179e-05,9.88761919852869e-06
8,20855,6.141440808278277e-05,9.887506338163198e-06
8,20865,6.375286525326374e-05,9.887393421799916e-06
8,20875,6.660004878540347e-05,9.88728044944014e-06
8,20885,6.256183150981086e-05,9.887167421085164e-06
8,20895,6.554986671289953e-05,9.887054336736283e-06
8,20905,6.759751363460964e-05,9.886941196394793e-06
8,20915,6.500083304672444e-05,9.886828000061989e-06
8,20925,6.374335475811677e-05,9.886714747739174e-06
8,20935,6.587220864275877e-05,9.88660143942764e-06
8,20945,6.208259110280778e-05,9.886488075128688e-06
8,20955,6.18862423380051e-05,9.886374654843617e-06
8,20965,6.163532962091267e-05,9.886261178573716e-06
8,20975,7.153068827392417e-05,9.8861476463203e-06
8,20985,6.0396335538825954e-05,9.886034058084666e-06
8,20995,6.450617174778018e-05,9.885920413868107e-06
8,21005,6.280194688770279e-05,9.885806713671932e-06
8,21015,6.399432290891128e-05,9.885692957497445e-06
8,21025,6.511561155093658e-05,9.885579145345946e-06
8,21035,6.605653461519979e-05,9.885465277218738e-06
8,21045,6.34990400612878e-05,9.88535135311713e-06
8,21055,6.68461261284392e-05,9.885237373042423e-06
8,21065,6.23308217654994e-05,9.885123336995923e-06
8,21075,6.123101725279412e-05,9.885009244978946e-06
8,21085,5.927182214691129e-05,9.884895096992786e-06
8,21095,6.736365749020479e-05,9.88478089303876e-06
8,21105,6.836013221800386e-05,9.88466663311817e-06
8,21115,6.434961360355374e-05,9.88455231723233e-06
8,21125,6.462817250394436e-05,9.884437945382547e-06
8,21135,6.256552255763381e-05,9.88432351757013e-06
8,21145,6.83204000324622e-05,9.884209033796397e-06
8,21155,6.286983584686822e-05,9.884094494062654e-06
8,21165,6.47028241019143e-05,9.883979898370213e-06
8,21175,6.647164800597238e-05,9.883865246720387e-06
8,21185,6.757667756573937e-05,9.883750539114492e-06
8,21195,6.621415755034831e-05,9.883635775553841e-06
8,21205,6.234675847736071e-05,9.88352095603975e-06
8,21215,6.486635643341288e-05,9.883406080573534e-06
8,21225,6.149347982500331e-05,9.883291149156504e-06
8,21235,6.694168773719866e-05,9.883176161789986e-06
8,21245,6.614735730181565e-05,9.88306111847529e-06
8,21255,6.121978121882421e-05,9.882946019213737e-06
8,21265,6.140206387499348e-05,9.882830864006647e-06
8,21275,6.402384342436562e-05,9.882715652855337e-06
8,21285,6.351241390802897e-05,9.882600385761126e-06
8,21295,6.089792027523799e-05,9.88248506272534e-06
8,21305,6.116807403486745e-05,9.882369683749294e-06
8,21315,6.119404542914708e-05,9.882254248834313e-06
8,21325,5.973662573524052e-05,9.882138757981721e-06
8,21335,6.240531679395645e-05,9.882023211192841e-06
8,21345,6.0173241809025055e-05,9.881907608468994e-06
8,21355,6.13577438343782e-05,9.881791949811508e-06
8,21365,5.900886935705785e-05,9.881676235221705e-06
8,21375,6.138760227258898e-05,9.881560464700914e-06
8,21385,6.209080506778264e-05,9.88144463825046e-06
8,21395,6.157788070595415e-05,9.881328755871665e-06
8,21405,6.454930044128559e-05,9.881212817565863e-06
8,21415,6.303837194536755e-05,9.881096823334383e-06
8,21425,6.180007744660543e-05,9.880980773178548e-06
8,21435,6.09109476499725e-05,9.880864667099692e-06
8,21445,5.896172478969675e-05,9.880748505099145e-06
8,21455,6.506207628262927e-05,9.880632287178236e-06
8,21465,6.210056026247912e-05,9.8805160133383e-06
8,21475,5.9949283149762776e-05,9.880399683580667e-06
8,21485,6.120749408182745e-05,9.88028329790667e-06
8,21495,6.381678354046016e-05,9.880166856317642e-06
8,21505,5.838825641149014e-05,9.880050358814917e-06
8,21515,6.106358555371117e-05,9.879933805399828e-06
8,21525,6.173259771458106e-05,9.879817196073716e-06
8,21535,5.800900221402117e-05,9.879700530837916e-06
8,21545,6.486226507149695e-05,9.87958380969376e-06
8,21555,5.930202983108756e-05,9.879467032642587e-06
8,21565,6.29064556051162e-05,9.879350199685736e-06
8,21575,6.212747521203709e-05,9.879233310824546e-06
8,21585,6.590411494471482e-05,9.879116366060356e-06
8,21595,5.966701146462583e-05,9.8789993653945e-06
8,21605,6.523746005768772e-05,9.878882308828328e-06
8,21615,6.333963442557433e-05,9.878765196363178e-06
8,21625,6.739051705153542e-05,9.878648028000385e-06
8,21635,6.0999224388069706e-05,9.878530803741302e-06
8,21645,5.981888443784555e-05,9.878413523587264e-06
8,21655,6.077965294934983e-05,9.878296187539617e-06
8,21665,5.834398016304476e-05,9.878178795599712e-06
8,21675,5.8378498033562215e-05,9.878061347768885e-06
8,21685,6.721749778080267e-05,9.877943844048486e-06
8,21695,5.9513862606763726e-05,9.877826284439862e-06
8,21705,5.857756759723997e-05,9.877708668944357e-06
8,21715,6.760586966265693e-05,9.877590997563319e-06
8,21725,6.240755442377122e-05,9.877473270298098e-06
8,21735,6.372485299834806e-05,9.87735548715004e-06
8,21745,6.13474913279788e-05,9.877237648120496e-06
8,21755,5.952357751084492e-05,9.877119753210822e-06
8,21765,6.335650468827226e-05,9.87700180242236e-06
8,21775,5.828195121466706e-05,9.876883795756461e-06
8,21785,5.8737845347422986e-05,9.876765733214482e-06
8,21795,6.573590189873357e-05,9.876647614797775e-06
8,21805,6.181133476275135e-05,9.876529440507692e-06
8,21815,6.486956144726718e-05,9.876411210345587e-06
8,21825,6.193292792886496e-05,9.876292924312813e-06
8,21835,6.353940111694102e-05,9.876174582410733e-06
8,21845,6.273157569012255e-05,9.876056184640695e-06
8,21855,6.055569060663402e-05,9.875937731004058e-06
8,21865,6.4472266831217e-05,9.875819221502178e-06
8,21875,6.10019947089313e-05,9.875700656136416e-06
8,21885,5.8915867339237596e-05,9.875582034908128e-06
8,21895,6.018667422722502e-05,9.875463357818673e-06
8,21905,6.559957723766275e-05,9.875344624869411e-06
8,21915,6.345930846691772e-05,9.875225836061699e-06
8,21925,6.377383369908785e-05,9.875106991396904e-06
8,21935,6.148946331450134e-05,9.874988090876383e-06
8,21945,6.418806633519126e-05,9.8748691345015e-06
8,21955,6.372845259647874e-05,9.874750122273625e-06
8,21965,5.643438166771375e-05,9.87463105419411e-06
8,21975,5.9914593975918244e-05,9.87451193026432e-06
8,21985,5.757946305493533e-05,9.87439275048563e-06
8,21995,5.782714861197746e-05,9.874273514859398e-06
8,22005,6.129671792223234e-05,9.874154223386993e-06
8,22015,5.858416407136247e-05,9.874034876069779e-06
8,22025,5.8007631423606654e-05,9.873915472909125e-06
8,22035,5.924199458604562e-05,9.873796013906398e-06
8,22045,6.319452395473491e-05,9.873676499062969e-06
8,22055,6.544638422383287e-05,9.873556928380204e-06
8,22065,6.190931435412494e-05,9.873437301859475e-06
8,22075,6.294607842391998e-05,9.873317619502151e-06
8,22085,6.262443821469788e-05,9.873197881309607e-06
8,22095,5.9321476419427194e-05,9.873078087283208e-06
8,22105,5.981961985526141e-05,9.872958237424337e-06
8,22115,6.653567661487613e-05,9.872838331734357e-06
8,22125,6.440488195949001e-05,9.872718370214649e-06
8,22135,6.037006910446508e-05,9.872598352866581e-06
8,22145,5.634485260088695e-05,9.87247827969153e-06
8,22155,6.862472332613834e-05,9.872358150690875e-06
8,22165,6.0974329562668574e-05,9.872237965865993e-06
8,22175,5.6478227406842045e-05,9.872117725218257e-06
8,22185,6.732942770213412e-05,9.871997428749045e-06
8,22195,5.908919570174475e-05,9.871877076459734e-06
8,22205,6.38697269550903e-05,9.871756668351707e-06
8,22215,6.750370639565518e-05,9.871636204426342e-06
8,22225,5.9682543178496426e-05,9.871515684685017e-06
8,22235,6.109412483965571e-05,9.871395109129116e-06
8,22245,6.604558479921251e-05,9.871274477760022e-06
8,22255,6.0715783865816776e-05,9.87115379057911e-06
8,22265,6.0769731180698725e-05,9.871033047587772e-06
8,22275,5.861533409188268e-05,9.870912248787385e-06
8,22285,5.552907723540557e-05,9.870791394179332e-06
8,22295,6.267648900575296e-05,9.870670483765002e-06
8,22305,5.755345068791939e-05,9.87054951754578e-06
8,22315,5.4477480398418264e-05,9.87042849552305e-06
8,22325,5.7011694298125794e-05,9.870307417698198e-06
8,22335,6.873819415886828e-05,9.870186284072615e-06
8,22345,6.237614911697165e-05,9.870065094647685e-06
8,22355,6.585200108020216e-05,9.869943849424797e-06
8,22365,6.0594622937060194e-05,9.869822548405344e-06
8,22375,5.9669046504495785e-05,9.86970119159071e-06
8,22385,6.0844259724035514e-05,9.869579778982287e-06
8,22395,6.224644771464227e-05,9.869458310581465e-06
8,22405,5.921679376115208e-05,9.869336786389641e-06
8,22415,5.872648780496093e-05,9.869215206408202e-06
8,22425,5.633959181068349e-05,9.869093570638547e-06
8,22435,6.0164241767779464e-05,9.868971879082062e-06
8,22445,6.11590052358224e-05,9.868850131740149e-06
8,22455,6.139007073215908e-05,9.8687283286142e-06
8,22465,5.97581970396277e-05,9.868606469705606e-06
8,22475,6.298817947936186e-05,9.868484555015767e-06
8,22485,6.347960352286464e-05,9.868362584546078e-06
8,22495,5.403085160651244e-05,9.868240558297938e-06
8,22505,6.078470128159097e-05,9.868118476272747e-06
8,22515,6.048531386113609e-05,9.8679963384719e-06
8,22525,6.330636347229301e-05,9.867874144896805e-06
8,22535,6.219507449714002e-05,9.86775189554885e-06
8,22545,6.277231927924732e-05,9.867629590429438e-06
8,22555,6.124063133938762e-05,9.867507229539977e-06
8,22565,6.782414525332569e-05,9.867384812881862e-06
8,22575,6.342286351355143e-05,9.867262340456501e-06
8,22585,6.626921617680637e-05,9.867139812265297e-06
8,22595,6.648258113273187e-05,9.867017228309649e-06
8,22605,6.034885764165665e-05,9.866894588590961e-06
8,22615,6.263840487008565e-05,9.866771893110644e-06
8,22625,6.030532331351423e-05,9.866649141870098e-06
8,22635,5.635170746245421e-05,9.866526334870734e-06
8,22645,6.194626594151487e-05,9.86640347211396e-06
8,22655,6.154661327855138e-05,9.86628055360118e-06
8,22665,5.9581158893706736e-05,9.866157579333805e-06
8,22675,5.7706460756890005e-05,9.86603454931324e-06
8,22685,5.952443302703613e-05,9.865911463540898e-06
8,22695,5.791044914076337e-05,9.865788322018191e-06
8,22705,6.574886647285894e-05,9.865665124746527e-06
8,22715,5.879541158719803e-05,9.865541871727316e-06
8,22725,5.5899814469739795e-05,9.865418562961971e-06
8,22735,6.303154882516537e-05,9.865295198451906e-06
8,22745,5.507898617906904e-05,9.865171778198533e-06
8,22755,5.704913141926227e-05,9.86504830220327e-06
8,22765,5.870673517165414e-05,9.86492477046753e-06
8,22775,5.8225078009854773e-05,9.864801182992725e-06
8,22785,5.6687721871639946e-05,9.864677539780271e-06
8,22795,6.354749639285729e-05,9.864553840831587e-06
8,22805,6.186887189869594e-05,9.86443008614809e-06
8,22815,5.262680306259426e-05,9.864306275731194e-06
8,22825,6.079190879972884e-05,9.864182409582325e-06
8,22835,5.854587857356819e-05,9.864058487702898e-06
8,22845,6.46079145553813e-05,9.863934510094334e-06
8,22855,6.25189986294572e-05,9.863810476758052e-06
8,22865,5.763457970715535e-05,9.863686387695481e-06
8,22875,6.280386569414986e-05,9.863562242908032e-06
8,22885,5.7824548093776684e-05,9.863438042397131e-06
8,22895,5.692084482689098e-05,9.863313786164199e-06
8,22905,6.326593384073931e-05,9.863189474210663e-06
8,22915,5.7926776935346435e-05,9.863065106537949e-06
8,22925,6.189972091306118e-05,9.862940683147477e-06
8,22935,6.021785957273096e-05,9.862816204040671e-06
8,22945,6.0732828524123766e-05,9.862691669218963e-06
8,22955,5.843923468091816e-05,9.862567078683776e-06
8,22965,5.826906740367122e-05,9.86244243243654e-06
8,22975,6.238294381546438e-05,9.862317730478683e-06
8,22985,5.7658429341245217e-05,9.862192972811631e-06
8,22995,6.137877003311588e-05,9.862068159436816e-06
8,23005,6.116613672020321e-05,9.861943290355668e-06
8,23015,5.876565905964526e-05,9.861818365569618e-06
8,23025,5.874146295354876e-05,9.861693385080094e-06
8,23035,5.779555044682638e-05,9.86156834888853e-06
8,23045,5.921642546127259e-05,9.86144325699636e-06
8,23055,6.0038960646124914e-05,9.861318109405018e-06
8,23065,5.9116255897606607e-05,9.861192906115934e-06
8,23075,6.178178368827502e-05,9.861067647130545e-06
8,23085,6.167328465380707e-05,9.860942332450285e-06
8,23095,5.4046208151703465e-05,9.860816962076585e-06
8,23105,5.900234132241166e-05,9.860691536010893e-06
8,23115,6.209722241692362e-05,9.86056605425464e-06
8,23125,6.053719707779238e-05,9.86044051680926e-06
8,23135,5.901136105421757e-05,9.860314923676193e-06
8,23145,5.774483615823556e-05,9.860189274856881e-06
8,23155,6.003701878398716e-05,9.860063570352763e-06
8,23165,6.0968523712290335e-05,9.859937810165279e-06
8,23175,6.384360458469018e-05,9.85981199429587e-06
8,23185,5.71234852031921e-05,9.859686122745975e-06
8,23195,6.190650624375849e-05,9.859560195517043e-06
8,23205,5.8506956293058465e-05,9.859434212610507e-06
8,23215,6.192409232426143e-05,9.859308174027816e-06
8,23225,5.834437474732112e-05,9.859182079770415e-06
8,23235,5.9089332762596317e-05,9.859055929839746e-06
8,23245,6.1015946948828065e-05,9.858929724237254e-06
8,23255,6.005608424857201e-05,9.858803462964388e-06
8,23265,6.132125422482204e-05,9.85867714602259e-06
8,23275,5.608419005511677e-05,9.858550773413315e-06
8,23285,6.316650265034696e-05,9.858424345138005e-06
8,23295,5.489606892297161e-05,9.85829786119811e-06
8,23305,6.174683030621964e-05,9.858171321595078e-06
8,23315,5.640226381729008e-05,9.858044726330359e-06
8,23325,5.809374324599047e-05,9.857918075405406e-06
8,23335,5.82876812586619e-05,9.857791368821667e-06
8,23345,6.000331418363203e-05,9.857664606580597e-06
8,23355,6.2026282057559e-05,9.857537788683644e-06
8,23365,5.681936368091555e-05,9.857410915132262e-06
8,23375,5.919236186855415e-05,9.85728398592791e-06
8,23385,5.9617533088385245e-05,9.857157001072034e-06
8,23395,5.455449322653294e-05,9.857029960566094e-06
8,23405,5.8019493690153463e-05,9.856902864411549e-06
8,23415,5.2845128766421116e-05,9.856775712609847e-06
8,23425,5.8127872853219737e-05,9.85664850516245e-06
8,23435,5.8610679434423216e-05,9.856521242070812e-06
8,23445,5.736073694606602e-05,9.856393923336393e-06
8,23455,5.938408758083825e-05,9.856266548960652e-06
8,23465,5.682766454810917e-05,9.856139118945051e-06
8,23475,5.604795046565414e-05,9.856011633291046e-06
8,23485,6.098793514865974e-05,9.8558840920001e-06
8,23495,5.5888080396471196e-05,9.855756495073672e-06
8,23505,5.8969611245629494e-05,9.855628842513226e-06
8,23515,5.345461040633381e-05,9.855501134320223e-06
8,23525,5.704527447960573e-05,9.855373370496126e-06
8,23535,5.522673618543194e-05,9.8552455510424e-06
8,23545,5.389820389609667e-05,9.855117675960508e-06
8,23555,5.79030860990315e-05,9.854989745251916e-06
8,23560,5.3230606863508004e-05,9.854925759038065e-06
8,validation,3.920092512998963e-05,9.854925759038065e-06
9,23570,5.561530215345555e-05,9.85479774489217e-06
9,23580,5.9178137735216294e-05,9.854669675123244e-06
9,23590,5.7843808554025594e-05,9.854541549732752e-06
9,23600,5.598608067884926e-05,9.854413368722162e-06
9,23610,5.708462840630091e-05,9.854285132092939e-06
9,23620,5.6327704442082904e-05,9.854156839846553e-06
9,23630,5.875667334294121e-05,9.854028491984479e-06
9,23640,5.3858058754485684e-05,9.853900088508181e-06
9,23650,5.4848954141562e-05,9.853771629419137e-06
9,23660,5.073643178548082e-05,9.853643114718814e-06
9,23670,5.590717109953402e-05,9.853514544408687e-06
9,23680,5.630297127936501e-05,9.853385918490229e-06
9,23690,5.7899159628505004e-05,9.853257236964909e-06
9,23700,5.476889386955008e-05,9.853128499834209e-06
9,23710,5.7028412402360115e-05,9.852999707099597e-06
9,23720,5.477547533700999e-05,9.852870858762554e-06
9,23730,5.813652715005446e-05,9.852741954824548e-06
9,23740,5.867327381565701e-05,9.852612995287066e-06
9,23750,5.8900702015307616e-05,9.85248398015158e-06
9,23760,5.363109216887097e-05,9.85235490941957e-06
9,23770,5.655205395669327e-05,9.852225783092512e-06
9,23780,5.586402667177027e-05,9.852096601171893e-06
9,23790,5.601880316135066e-05,9.851967363659184e-06
9,23800,5.475611305882922e-05,9.851838070555873e-06
9,23810,5.815421850456914e-05,9.851708721863434e-06
9,23820,5.788450548607216e-05,9.851579317583355e-06
9,23830,6.588064916286386e-05,9.851449857717115e-06
9,23840,6.359329372571664e-05,9.8513203422662e-06
9,23850,5.1711440301005494e-05,9.851190771232093e-06
9,23860,5.55749010800355e-05,9.85106114461628e-06
9,23870,5.763166400356567e-05,9.850931462420242e-06
9,23880,6.032349360793887e-05,9.850801724645467e-06
9,23890,5.698144145753759e-05,9.850671931293441e-06
9,23900,5.4580147570959524e-05,9.850542082365656e-06
9,23910,6.012667340655753e-05,9.850412177863593e-06
9,23920,6.131777809059713e-05,9.85028221778874e-06
9,23930,5.9508667754926135e-05,9.850152202142593e-06
9,23940,5.9138555707249905e-05,9.850022130926636e-06
9,23950,6.039637801222853e-05,9.849892004142362e-06
9,23960,6.300163231571788e-05,9.849761821791262e-06
9,23970,5.711440126106027e-05,9.849631583874821e-06
9,23980,5.996571662763016e-05,9.849501290394537e-06
9,23990,5.6218891495518625e-05,9.849370941351905e-06
9,24000,5.424392402346711e-05,9.849240536748412e-06
9,24010,5.493884741554211e-05,9.849110076585556e-06
9,24020,5.31040108853631e-05,9.848979560864834e-06
9,24030,5.737213750762748e-05,9.848848989587734e-06
9,24040,6.187387980389758e-05,9.848718362755758e-06
9,24050,5.694127407878114e-05,9.848587680370404e-06
9,24060,5.820303090331435e-05,9.848456942433162e-06
9,24070,5.9212334872427166e-05,9.84832614894554e-06
9,24080,5.8477885113461524e-05,9.848195299909026e-06
9,24090,5.369029554458393e-05,9.84806439532513e-06
9,24100,5.756845739597338e-05,9.847933435195345e-06
9,24110,5.986808678244415e-05,9.84780241952117e-06
9,24120,6.13732387591881e-05,9.847671348304108e-06
9,24130,6.058793746888114e-05,9.847540221545661e-06
9,24140,5.4678156493537246e-05,9.847409039247337e-06
9,24150,5.6471418201908814e-05,9.84727780141063e-06
9,24160,5.777652540928103e-05,9.847146508037047e-06
9,24170,5.424625633168034e-05,9.847015159128092e-06
9,24180,5.7487909498377124e-05,9.84688375468527e-06
9,24190,5.370809390115028e-05,9.846752294710088e-06
9,24200,6.336833544082764e-05,9.846620779204051e-06
9,24210,6.319050057754794e-05,9.846489208168665e-06
9,24220,6.091461764299311e-05,9.84635758160544e-06
9,24230,5.667065956913574e-05,9.846225899515882e-06
9,24240,5.526080408344569e-05,9.846094161901502e-06
9,24250,5.626657625725783e-05,9.845962368763808e-06
9,24260,5.7876969640346944e-05,9.845830520104308e-06
9,24270,5.6005755186561136e-05,9.845698615924516e-06
9,24280,5.3052532666697513e-05,9.84556665622594e-06
9,24290,5.5467569745815125e-05,9.845434641010091e-06
9,24300,5.6680611487536224e-05,9.845302570278489e-06
9,24310,5.740369551858749e-05,9.845170444032638e-06
9,24320,6.299866040535563e-05,9.845038262274059e-06
9,24330,5.582187050094945e-05,9.844906025004263e-06
9,24340,5.834920575580326e-05,9.844773732224764e-06
9,24350,5.6394764624201346e-05,9.84464138393708e-06
9,24360,5.4416556668002156e-05,9.844508980142729e-06
9,24370,6.112851724537904e-05,9.844376520843224e-06
9,24380,5.3999597139409164e-05,9.844244006040084e-06
9,24390,5.32753710558609e-05,9.844111435734829e-06
9,24400,6.0512811296575825e-05,9.843978809928971e-06
9,24410,5.364561843634874e-05,9.843846128624038e-06
9,24420,5.541402751987335e-05,9.843713391821549e-06
9,24430,6.0656082177956704e-05,9.843580599523024e-06
9,24440,5.46054960523179e-05,9.84344775172998e-06
9,24450,5.5923771424204456e-05,9.843314848443948e-06
9,24460,6.0345939800754416e-05,9.843181889666437e-06
9,24470,5.457924294205441e-05,9.843048875398981e-06
9,24480,5.8269984856451634e-05,9.842915805643107e-06
9,24490,5.604350731118757e-05,9.842782680400332e-06
9,24500,5.8450228880246866e-05,9.842649499672181e-06
9,24510,5.028104328630434e-05,9.842516263460184e-06
9,24520,5.4295749305310895e-05,9.842382971765869e-06
9,24530,6.0517985048136325e-05,9.842249624590756e-06
9,24540,5.744822101405589e-05,9.842116221936375e-06
9,24550,5.4910980043132444e-05,9.841982763804258e-06
9,24560,5.849705903528957e-05,9.841849250195928e-06
9,24570,5.202634829402086e-05,9.841715681112924e-06
9,24580,5.7334885968884916e-05,9.841582056556774e-06
9,24590,5.754654625889088e-05,9.841448376529005e-06
9,24600,5.652876739077327e-05,9.841314641031146e-06
9,24610,5.202203842600283e-05,9.841180850064736e-06
9,24620,5.5973598227865304e-05,9.841047003631304e-06
9,24630,5.3387714888231134e-05,9.840913101732389e-06
9,24640,5.296655162965181e-05,9.840779144369513e-06
9,24650,5.967982342554023e-05,9.840645131544225e-06
9,24660,5.387013438848953e-05,9.840511063258055e-06
9,24670,5.5754255117790305e-05,9.840376939512536e-06
9,24680,5.4927239671087594e-05,9.840242760309207e-06
9,24690,5.403563250183652e-05,9.840108525649603e-06
9,24700,5.387171008806035e-05,9.839974235535268e-06
9,24710,6.117215389167541e-05,9.839839889967735e-06
9,24720,5.439715828288172e-05,9.839705488948541e-06
9,24730,5.355563516786788e-05,9.839571032479231e-06
9,24740,5.692932422789454e-05,9.839436520561346e-06
9,24750,5.807556503896194e-05,9.839301953196428e-06
9,24760,5.3747880247101425e-05,9.839167330386015e-06
9,24770,5.451363726933778e-05,9.839032652131646e-06
9,24780,5.217779057602456e-05,9.83889791843487e-06
9,24790,5.849897115695058e-05,9.838763129297233e-06
9,24800,5.5523191895190395e-05,9.838628284720273e-06
9,24810,5.7449322457614475e-05,9.838493384705537e-06
9,24820,5.599673704637099e-05,9.838358429254574e-06
9,24830,5.5871098174975495e-05,9.838223418368924e-06
9,24840,5.6667625131012755e-05,9.83808835205014e-06
9,24850,5.774349392595468e-05,9.837953230299764e-06
9,24860,5.6669359810257444e-05,9.83781805311935e-06
9,24870,5.875751380699512e-05,9.837682820510445e-06
9,24880,5.4517400576514775e-05,9.837547532474595e-06
9,24890,5.7895819190889596e-05,9.837412189013357e-06
9,24900,5.8999753582611455e-05,9.837276790128275e-06
9,24910,5.701038694496674e-05,9.837141335820903e-06
9,24920,5.907612644477922e-05,9.837005826092788e-06
9,24930,5.8593345193003196e-05,9.836870260945488e-06
9,24940,5.996123968543543e-05,9.836734640380557e-06
9,24950,5.929017806920456e-05,9.836598964399541e-06
9,24960,6.265479305511688e-05,9.836463233004007e-06
9,24970,5.991795751469908e-05,9.836327446195503e-06
9,24980,5.817042010676231e-05,9.836191603975586e-06
9,24990,5.427127316579572e-05,9.836055706345807e-06
9,25000,5.689589884241286e-05,9.83591975330773e-06
9,25010,5.796710424874619e-05,9.835783744862908e-06
9,25020,5.2129019650237744e-05,9.835647681012905e-06
9,25030,4.990981406081119e-05,9.835511561759277e-06
9,25040,5.00954969538725e-05,9.835375387103583e-06
9,25050,5.420348111329077e-05,9.835239157047381e-06
9,25060,5.6436093518641425e-05,9.835102871592233e-06
9,25070,5.1784485049211074e-05,9.834966530739703e-06
9,25080,5.0656057874221004e-05,9.834830134491352e-06
9,25090,5.5033340913723805e-05,9.834693682848746e-06
9,25100,5.8190247182210434e-05,9.83455717581344e-06
9,25110,5.9777320893772404e-05,9.834420613387003e-06
9,25120,5.5022776314217475e-05,9.834283995571e-06
9,25130,5.0737859191940514e-05,9.834147322366999e-06
9,25140,5.2899669708494915e-05,9.834010593776557e-06
9,25150,5.352206480893074e-05,9.83387380980125e-06
9,25160,5.4593526465396286e-05,9.833736970442641e-06
9,25170,5.584383916357182e-05,9.833600075702296e-06
9,25180,5.1440800234558985e-05,9.833463125581784e-06
9,25190,5.576023090725358e-05,9.83332612008268e-06
9,25200,5.452225341286976e-05,9.833189059206549e-06
9,25210,5.188079639992793e-05,9.833051942954961e-06
9,25220,5.190717211007723e-05,9.832914771329488e-06
9,25230,6.390233893398545e-05,9.8327775443317e-06
9,25240,5.391538475123526e-05,9.832640261963175e-06
9,25250,5.2686959998027304e-05,9.832502924225479e-06
9,25260,5.263430034574413e-05,9.832365531120189e-06
9,25270,5.1157465713913544e-05,9.832228082648874e-06
9,25280,5.0406534955982356e-05,9.832090578813117e-06
9,25290,5.7271549985671305e-05,9.831953019614486e-06
9,25300,5.773969110123289e-05,9.831815405054565e-06
9,25310,5.886562967134523e-05,9.831677735134921e-06
9,25320,5.673719574588176e-05,9.831540009857138e-06
9,25330,5.473748119584343e-05,9.831402229222795e-06
9,25340,5.6740380750852636e-05,9.831264393233465e-06
9,25350,5.847971820003295e-05,9.83112650189073e-06
9,25360,5.338731589290546e-05,9.830988555196177e-06
9,25370,5.347315254766727e-05,9.830850553151372e-06
9,25380,5.2939271108698455e-05,9.830712495757908e-06
9,25390,5.055901219748194e-05,9.830574383017363e-06
9,25400,5.559593637372018e-05,9.830436214931317e-06
9,25410,5.434648460322933e-05,9.830297991501357e-06
9,25420,5.364303510759782e-05,9.83015971272906e-06
9,25430,5.387504502323282e-05,9.830021378616018e-06
9,25440,5.567411585616356e-05,9.829882989163813e-06
9,25450,4.959754492119828e-05,9.82974454437403e-06
9,25460,5.3684481963500735e-05,9.829606044248257e-06
9,25470,5.761222873843508e-05,9.829467488788076e-06
9,25480,5.785844741694745e-05,9.829328877995079e-06
9,25490,5.706378137801949e-05,9.829190211870853e-06
9,25500,5.663288579853543e-05,9.829051490416992e-06
9,25510,5.281217008814565e-05,9.828912713635076e-06
9,25520,5.44917265415279e-05,9.8287738815267e-06
9,25530,5.543747683987021e-05,9.828634994093455e-06
9,25540,4.976759173587198e-05,9.828496051336929e-06
9,25550,5.0362666206638104e-05,9.828357053258717e-06
9,25560,5.117610935485572e-05,9.828217999860412e-06
9,25570,5.067086490271322e-05,9.828078891143604e-06
9,25580,5.438442713057157e-05,9.827939727109888e-06
9,25590,5.2924660394637606e-05,9.827800507760864e-06
9,25600,5.288072479743278e-05,9.82766123309812e-06
9,25610,5.156703791726614e-05,9.827521903123252e-06
9,25620,5.566519157582662e-05,9.827382517837855e-06
9,25630,5.607264583886717e-05,9.827243077243532e-06
9,25640,5.293152080412256e-05,9.82710358134188e-06
9,25650,4.7490173665210014e-05,9.826964030134496e-06
9,25660,6.016850179548782e-05,9.826824423622977e-06
9,25670,5.681050124621833e-05,9.826684761808922e-06
9,25680,5.5815034147599374e-05,9.826545044693932e-06
9,25690,5.42351076092018e-05,9.826405272279608e-06
9,25700,5.605687333627429e-05,9.826265444567552e-06
9,25710,5.299034764902899e-05,9.826125561559363e-06
9,25720,5.447065004773322e-05,9.825985623256652e-06
9,25730,5.089262449473608e-05,9.825845629661016e-06
9,25740,5.243703662927146e-05,9.825705580774061e-06
9,25750,5.2670848072011714e-05,9.82556547659739e-06
9,25760,5.2607544739657895e-05,9.825425317132604e-06
9,25770,5.180392922738975e-05,9.825285102381317e-06
9,25780,5.246902428552858e-05,9.825144832345134e-06
9,25790,6.209858706824889e-05,9.825004507025654e-06
9,25800,5.3999484362066144e-05,9.824864126424497e-06
9,25810,5.1175508997403074e-05,9.824723690543264e-06
9,25820,5.3028364118290486e-05,9.824583199383562e-06
9,25830,5.911974194532376e-05,9.824442652947004e-06
9,25840,5.571661195062916e-05,9.824302051235202e-06
9,25850,5.246488790362491e-05,9.824161394249769e-06
9,25860,5.0142133159170046e-05,9.82402068199231e-06
9,25870,5.56911966214102e-05,9.823879914464439e-06
9,25880,5.465821759571554e-05,9.82373909166777e-06
9,25890,5.800931139674503e-05,9.823598213603913e-06
9,25900,5.191472178012191e-05,9.823457280274487e-06
9,25910,5.456211879391049e-05,9.82331629168111e-06
9,25920,5.6259141501868726e-05,9.823175247825387e-06
9,25930,4.8498943033337125e-05,9.823034148708942e-06
9,25940,5.2134814040982747e-05,9.822892994333386e-06
9,25950,4.6811000083835096e-05,9.822751784700343e-06
9,25960,4.932450183332549e-05,9.822610519811427e-06
9,25970,5.398380253609503e-05,9.822469199668254e-06
9,25980,5.153670281288214e-05,9.82232782427245e-06
9,25990,5.268047598292469e-05,9.822186393625629e-06
9,26000,5.201158855925315e-05,9.822044907729411e-06
9,26010,5.222965505708998e-05,9.82190336658542e-06
9,26020,5.4434820640381076e-05,9.821761770195275e-06
9,26030,5.748606527049559e-05,9.821620118560603e-06
9,26040,4.894623134532594e-05,9.82147841168302e-06
9,26050,5.1630888174258876e-05,9.821336649564153e-06
9,26060,5.657551755575695e-05,9.821194832205627e-06
9,26070,5.48023988812929e-05,9.82105295960907e-06
9,26080,5.1186136806791184e-05,9.820911031776103e-06
9,26090,5.1668503192559e-05,9.820769048708355e-06
9,26100,5.602771238955029e-05,9.820627010407447e-06
9,26110,5.3024469707452226e-05,9.820484916875015e-06
9,26120,5.05279878325382e-05,9.82034276811268e-06
9,26130,5.2885278955727705e-05,9.820200564122072e-06
9,26140,5.437452823571221e-05,9.82005830490482e-06
9,26150,5.2662591360785886e-05,9.819915990462554e-06
9,26160,5.1349700379432767e-05,9.81977362079691e-06
9,26170,5.280216741994081e-05,9.819631195909513e-06
9,26180,5.4310773884935776e-05,9.819488715801997e-06
9,26190,5.541185491892975e-05,9.819346180475992e-06
9,26200,5.4321248626365566e-05,9.819203589933137e-06
9,26210,5.8561851119520725e-05,9.81906094417506e-06
9,26220,5.5121791137935365e-05,9.818918243203396e-06
9,26230,4.947543038724689e-05,9.81877548701978e-06
9,26240,5.2783127648581286e-05,9.818632675625853e-06
9,26250,5.05455646361952e-05,9.818489809023246e-06
9,26260,4.952361800860671e-05,9.818346887213596e-06
9,26270,5.242564279797079e-05,9.818203910198544e-06
9,26280,5.327085727913072e-05,9.818060877979725e-06
9,26290,5.579258645411755e-05,9.817917790558775e-06
9,26300,5.3259593460097673e-05,9.817774647937338e-06
9,26310,5.033990696574619e-05,9.817631450117053e-06
9,26320,5.69542109133181e-05,9.81748819709956e-06
9,26330,5.448261199489934e-05,9.817344888886502e-06
9,26340,5.241609633230836e-05,9.817201525479522e-06
9,26350,5.0842818927776535e-05,9.81705810688026e-06
9,26360,5.297781781337107e-05,9.816914633090354e-06
9,26370,5.516170081136807e-05,9.816771104111458e-06
9,26380,5.33200763129571e-05,9.816627519945209e-06
9,26390,5.31046533069457e-05,9.816483880593255e-06
9,26400,5.665569369739387e-05,9.816340186057245e-06
9,26410,5.0537838251329956e-05,9.816196436338818e-06
9,26420,5.962482446193462e-05,9.816052631439628e-06
9,26430,5.1685263997569564e-05,9.815908771361318e-06
9,26440,5.487320399879536e-05,9.815764856105537e-06
9,26450,5.4748760885559025e-05,9.815620885673937e-06
9,26460,5.356850360840326e-05,9.815476860068166e-06
9,26470,5.8301551371187094e-05,9.815332779289873e-06
9,26480,5.181587875995319e-05,9.815188643340703e-06
9,26490,5.2992608698332336e-05,9.815044452222317e-06
9,26500,5.495841169249615e-05,9.814900205936364e-06
9,26505,4.963802930433303e-05,9.814828062106068e-06
9,validation,3.5398846193857025e-05,9.814828062106068e-06
10,26515,5.0026249664369966e-05,9.814683733071865e-06
10,26525,5.237588825366401e-05,9.814539348874228e-06
10,26535,5.6591640623082645e-05,9.814394909514808e-06
10,26545,5.333182807589765e-05,9.814250414995263e-06
10,26555,5.7018600318770045e-05,9.81410586531725e-06
10,26565,5.3335564098233595e-05,9.813961260482421e-06
10,26575,5.525211627173121e-05,9.813816600492434e-06
10,26585,5.450410021694552e-05,9.81367188534895e-06
10,26595,5.317069503689708e-05,9.813527115053623e-06
10,26605,5.4802885915705705e-05,9.813382289608112e-06
10,26615,5.3101297953617174e-05,9.813237409014076e-06
10,26625,5.012585775148182e-05,9.81309247327318e-06
10,26635,5.416552749011317e-05,9.812947482387082e-06
10,26645,5.3615667684425714e-05,9.812802436357438e-06
10,26655,5.1841659796991735e-05,9.812657335185915e-06
10,26665,5.216816421125259e-05,9.812512178874176e-06
10,26675,5.077325581623882e-05,9.812366967423884e-06
10,26685,6.21204299022793e-05,9.812221700836699e-06
10,26695,5.0293755157326815e-05,9.81207637911429e-06
10,26705,4.7995767408792746e-05,9.811931002258317e-06
10,26715,4.9586169006943236e-05,9.811785570270453e-06
10,26725,5.2409803629416274e-05,9.811640083152352e-06
10,26735,5.8742939609146566e-05,9.811494540905693e-06
10,26745,5.257704779069172e-05,9.811348943532141e-06
10,26755,4.839914845433669e-05,9.811203291033363e-06
10,26765,4.865841751779953e-05,9.811057583411024e-06
10,26775,5.3253220949045504e-05,9.810911820666795e-06
10,26785,5.5066511822587924e-05,9.81076600280235e-06
10,26795,5.390775395426317e-05,9.810620129819358e-06
10,26805,5.1879531702070375e-05,9.810474201719486e-06
10,26815,4.918554382129514e-05,9.810328218504415e-06
10,26825,5.498812274709053e-05,9.810182180175807e-06
10,26835,5.436620795080671e-05,9.810036086735341e-06
10,26845,5.203781029194943e-05,9.809889938184691e-06
10,26855,5.240091186351492e-05,9.80974373452553e-06
10,26865,5.572935042437166e-05,9.809597475759531e-06
10,26875,4.7741796470290866e-05,9.809451161888373e-06
10,26885,5.468654730975686e-05,9.809304792913734e-06
10,26895,5.1639679713844086e-05,9.80915836883729e-06
10,26905,5.0632445572773575e-05,9.809011889660716e-06
10,26915,5.000434093744843e-05,9.808865355385691e-06
10,26925,5.338622418094019e-05,9.808718766013896e-06
10,26935,4.956879188284801e-05,9.808572121547007e-06
10,26945,4.9782760879679695e-05,9.808425421986706e-06
10,26955,5.088031216473609e-05,9.808278667334678e-06
10,26965,5.9561968555499334e-05,9.808131857592602e-06
10,26975,5.3909379448668926e-05,9.807984992762153e-06
10,26985,5.429063808151113e-05,9.807838072845023e-06
10,26995,5.120207820255019e-05,9.807691097842888e-06
10,27005,5.3492054530579476e-05,9.80754406775744e-06
10,27015,5.242973420536145e-05,9.807396982590358e-06
10,27025,5.088920070193126e-05,9.807249842343325e-06
10,27035,5.224810051913664e-05,9.807102647018031e-06
10,27045,5.115316839692241e-05,9.80695539661616e-06
10,27055,4.637405872927047e-05,9.806808091139403e-06
10,27065,4.710606858679967e-05,9.806660730589444e-06
10,27075,5.024762685934547e-05,9.80651331496797e-06
10,27085,4.865220371357281e-05,9.806365844276677e-06
10,27095,5.805769319522369e-05,9.806218318517247e-06
10,27105,5.075015874353994e-05,9.806070737691372e-06
10,27115,5.104449674036004e-05,9.805923101800745e-06
10,27125,5.3813663771506985e-05,9.805775410847061e-06
10,27135,5.083113974251319e-05,9.805627664832007e-06
10,27145,5.9093935078635695e-05,9.805479863757273e-06
10,27155,5.140658308846469e-05,9.805332007624559e-06
10,27165,5.505512904164789e-05,9.805184096435558e-06
10,27175,5.07279976773134e-05,9.805036130191964e-06
10,27185,5.004447048122529e-05,9.804888108895468e-06
10,27195,5.1905900227211534e-05,9.804740032547768e-06
10,27205,5.2352501370478415e-05,9.804591901150563e-06
10,27215,5.531381407308799e-05,9.804443714705548e-06
10,27225,5.3875422099736174e-05,9.804295473214424e-06
10,27235,5.8426457826499245e-05,9.804147176678886e-06
10,27245,5.397433756115788e-05,9.803998825100633e-06
10,27255,4.735941406579513e-05,9.80385041848137e-06
10,27265,4.946477897647128e-05,9.803701956822791e-06
10,27275,5.1309926266185355e-05,9.8035534401266e-06
10,27285,4.945375253555539e-05,9.803404868394497e-06
10,27295,5.064096399109985e-05,9.803256241628184e-06
10,27305,4.8372408355135124e-05,9.803107559829364e-06
10,27315,5.19567952323996e-05,9.802958822999744e-06
10,27325,4.969439855813107e-05,9.802810031141025e-06
10,27335,5.701495788343891e-05,9.802661184254916e-06
10,27345,5.5410473532901956e-05,9.802512282343118e-06
10,27355,5.3887814419795174e-05,9.802363325407336e-06
10,27365,5.1460040913298145e-05,9.802214313449278e-06
10,27375,5.0609873778739714e-05,9.80206524647065e-06
10,27385,5.197066461732903e-05,9.80191612447316e-06
10,27395,5.205722818573122e-05,9.801766947458522e-06
10,27405,4.676884004766179e-05,9.801617715428441e-06
10,27415,5.215346868681081e-05,9.801468428384624e-06
10,27425,5.460077859424928e-05,9.801319086328789e-06
10,27435,4.8948253333946926e-05,9.801169689262638e-06
10,27445,4.8593452311251896e-05,9.801020237187892e-06
10,27455,5.109500575599668e-05,9.800870730106255e-06
10,27465,5.319828360370593e-05,9.80072116801944e-06
10,27475,5.40002122761507e-05,9.80057155092917e-06
10,27485,5.567492771660908e-05,9.800421878837157e-06
10,27495,5.329486471055134e-05,9.800272151745107e-06
10,27505,4.84969898025156e-05,9.800122369654743e-06
10,27515,4.652426218854089e-05,9.799972532567779e-06
10,27525,5.370496401155833e-05,9.79982264048593e-06
10,27535,5.2548026087606555e-05,9.799672693410915e-06
10,27545,5.158728849892213e-05,9.799522691344456e-06
10,27555,5.59591285764327e-05,9.799372634288264e-06
10,27565,4.88408816181618e-05,9.79922252224406e-06
10,27575,4.749463114421815e-05,9.799072355213567e-06
10,27585,5.213015415392875e-05,9.798922133198501e-06
10,27595,4.863535255026363e-05,9.798771856200589e-06
10,27605,5.471820245475101e-05,9.79862152422155e-06
10,27615,5.138089559295622e-05,9.798471137263107e-06
10,27625,5.038486251578433e-05,9.798320695326984e-06
10,27635,5.0537890001578485e-05,9.798170198414901e-06
10,27645,5.428449244391232e-05,9.798019646528589e-06
10,27655,4.7698731032141955e-05,9.797869039669765e-06
10,27665,5.088915204396471e-05,9.797718377840156e-06
10,27675,5.230721476436884e-05,9.79756766104149e-06
10,27685,5.1449256216073994e-05,9.797416889275498e-06
10,27695,4.9736856453819194e-05,9.797266062543899e-06
10,27705,5.008407583773078e-05,9.797115180848428e-06
10,27715,5.027057800361945e-05,9.796964244190811e-06
10,27725,5.312867701832147e-05,9.796813252572777e-06
10,27735,4.817545154764957e-05,9.796662205996055e-06
10,27745,5.2345707717904585e-05,9.79651110446238e-06
10,27755,5.4475133470077705e-05,9.796359947973482e-06
10,27765,5.131990537847741e-05,9.796208736531089e-06
10,27775,5.152303106115141e-05,9.796057470136935e-06
10,27785,5.545896083276602e-05,9.795906148792755e-06
10,27795,5.6691894042160125e-05,9.795754772500283e-06
10,27805,5.3933821163809625e-05,9.79560334126125e-06
10,27815,5.1483843662936124e-05,9.795451855077393e-06
10,27825,5.390975579757651e-05,9.795300313950444e-06
10,27835,4.945707746628614e-05,9.795148717882143e-06
10,27845,5.131261577844271e-05,9.794997066874229e-06
10,27855,5.539623425647733e-05,9.794845360928436e-06
10,27865,5.085223783680703e-05,9.794693600046504e-06
10,27875,4.764365992286912e-05,9.794541784230172e-06
10,27885,5.262747599772411e-05,9.794389913481178e-06
10,27895,4.829524400520313e-05,9.79423798780126e-06
10,27905,4.847212117056187e-05,9.794086007192162e-06
10,27915,4.378610167350416e-05,9.793933971655624e-06
10,27925,5.0597015251696584e-05,9.793781881193392e-06
10,27935,4.963587111888046e-05,9.793629735807201e-06
10,27945,4.992512376702507e-05,9.793477535498802e-06
10,27955,5.215203841544281e-05,9.79332528026993e-06
10,27965,4.784116817972972e-05,9.793172970122337e-06
10,27975,5.0193697688882814e-05,9.793020605057764e-06
10,27985,5.043746687078965e-05,9.792868185077963e-06
10,27995,5.2261497921790584e-05,9.792715710184673e-06
10,28005,5.2335012060211736e-05,9.792563180379641e-06
10,28015,5.1147599833711865e-05,9.792410595664623e-06
10,28025,5.137245570949744e-05,9.792257956041356e-06
10,28035,5.1205146246502405e-05,9.792105261511595e-06
10,28045,5.074138211966784e-05,9.791952512077083e-06
10,28055,5.034236942265124e-05,9.79179970773958e-06
10,28065,5.023361650273727e-05,9.791646848500835e-06
10,28075,4.9259463185080674e-05,9.791493934362595e-06
10,28085,4.977185026291408e-05,9.791340965326613e-06
10,28095,4.5070688202031306e-05,9.79118794139464e-06
10,28105,5.248844975085376e-05,9.791034862568437e-06
10,28115,5.0785674602593645e-05,9.790881728849746e-06
10,28125,5.627636405733938e-05,9.790728540240334e-06
10,28135,5.107728488837893e-05,9.790575296741948e-06
10,28145,4.988284870250937e-05,9.79042199835634e-06
10,28155,4.804427949238744e-05,9.790268645085279e-06
10,28165,4.849556494264107e-05,9.790115236930515e-06
10,28175,5.2351260501382056e-05,9.789961773893805e-06
10,28185,4.6226379026848e-05,9.78980825597691e-06
10,28195,4.954641790391178e-05,9.789654683181586e-06
10,28205,5.0287218209632555e-05,9.789501055509592e-06
10,28215,5.216781269155036e-05,9.789347372962688e-06
10,28225,5.217713569436455e-05,9.789193635542639e-06
10,28235,5.2164914677632617e-05,9.789039843251203e-06
10,28245,4.984620641153016e-05,9.788885996090142e-06
10,28255,5.165987313375809e-05,9.788732094061224e-06
10,28265,4.8476250390194765e-05,9.788578137166206e-06
10,28275,5.189153944229474e-05,9.788424125406855e-06
10,28285,4.786306008099927e-05,9.788270058784936e-06
10,28295,4.7290059228544123e-05,9.788115937302209e-06
10,28305,5.2080534737797285e-05,9.78796176096044e-06
10,28315,5.359504871194077e-05,9.787807529761402e-06
10,28325,4.8060384983728e-05,9.787653243706857e-06
10,28335,4.888043577011558e-05,9.78749890279858e-06
10,28345,4.909842168672185e-05,9.787344507038333e-06
10,28355,4.7988868618631383e-05,9.787190056427886e-06
10,28365,5.578341056207137e-05,9.787035550969007e-06
10,28375,5.097563230265223e-05,9.78688099066347e-06
10,28385,4.620025840722519e-05,9.786726375513043e-06
10,28395,5.07699661056904e-05,9.786571705519498e-06
10,28405,5.2844980427835256e-05,9.786416980684611e-06
10,28415,5.240594591668924e-05,9.786262201010145e-06
10,28425,4.7670910680608366e-05,9.786107366497882e-06
10,28435,4.8911612384472396e-05,9.785952477149591e-06
10,28445,4.8369011437898735e-05,9.785797532967054e-06
10,28455,5.1246737211840805e-05,9.785642533952036e-06
10,28465,4.750441621581558e-05,9.785487480106319e-06
10,28475,4.46916191776836e-05,9.78533237143168e-06
10,28485,4.965074415395066e-05,9.785177207929896e-06
10,28495,5.0231331306349604e-05,9.785021989602739e-06
10,28505,5.5403661008313065e-05,9.784866716451992e-06
10,28515,5.0772699478329744e-05,9.784711388479435e-06
10,28525,4.7553287413393266e-05,9.78455600568685e-06
10,28535,5.234753812146664e-05,9.78440056807601e-06
10,28545,4.894051385235797e-05,9.784245075648704e-06
10,28555,5.078053422948869e-05,9.78408952840671e-06
10,28565,5.000353730792995e-05,9.783933926351804e-06
10,28575,4.744369912259571e-05,9.783778269485776e-06
10,28585,5.014503890379274e-05,9.783622557810407e-06
10,28595,5.022158263727761e-05,9.78346679132748e-06
10,28605,5.007790155104885e-05,9.783310970038781e-06
10,28615,4.8537087513977896e-05,9.783155093946096e-06
10,28625,5.174241755412368e-05,9.78299916305122e-06
10,28635,5.014840521653241e-05,9.782843177355926e-06
10,28645,5.1783407707262084e-05,9.782687136862005e-06
10,28655,5.1366054549362154e-05,9.782531041571243e-06
10,28665,4.6117921897348424e-05,9.78237489148543e-06
10,28675,4.7756925482644874e-05,9.782218686606356e-06
10,28685,5.317978948369273e-05,9.782062426935812e-06
10,28695,5.044517365604406e-05,9.781906112475587e-06
10,28705,4.775555757987604e-05,9.78174974322747e-06
10,28715,4.692615875683259e-05,9.78159331919325e-06
10,28725,4.842674215979059e-05,9.781436840374727e-06
10,28735,4.717771264495241e-05,9.781280306773693e-06
10,28745,4.9179051484316e-05,9.781123718391934e-06
10,28755,5.47276202496505e-05,9.78096707523125e-06
10,28765,5.061389065303956e-05,9.780810377293437e-06
10,28775,5.027346744554961e-05,9.780653624580282e-06
10,28785,4.939174557421211e-05,9.780496817093593e-06
10,28795,4.987267002434237e-05,9.78033995483516e-06
10,28805,4.668835940719873e-05,9.780183037806777e-06
10,28815,5.594744502559479e-05,9.780026066010247e-06
10,28825,4.699837415955699e-05,9.779869039447369e-06
10,28835,4.778883062499517e-05,9.779711958119937e-06
10,28845,5.019252764668636e-05,9.779554822029756e-06
10,28855,5.14025714892341e-05,9.779397631178622e-06
10,28865,5.022014047426637e-05,9.779240385568338e-06
10,28875,4.8620454845149655e-05,9.779083085200707e-06
10,28885,4.7163156841634185e-05,9.778925730077532e-06
10,28895,5.235848318534409e-05,9.778768320200608e-06
10,28905,5.050026099979732e-05,9.778610855571746e-06
10,28915,5.0952105630130974e-05,9.778453336192753e-06
10,28925,4.6984980099296084e-05,9.778295762065425e-06
10,28935,4.996773509446938e-05,9.778138133191566e-06
10,28945,5.0101812303182665e-05,9.777980449572995e-06
10,28955,4.8305621226063523e-05,9.777822711211509e-06
10,28965,4.6934177635193916e-05,9.777664918108916e-06
10,28975,4.378214000553271e-05,9.777507070267028e-06
10,28985,5.1020770320064913e-05,9.777349167687652e-06
10,28995,5.0764589013851945e-05,9.777191210372593e-06
10,29005,5.226797743489442e-05,9.777033198323666e-06
10,29015,5.2004431927343825e-05,9.77687513154268e-06
10,29025,4.761358018186002e-05,9.77671701003144e-06
10,29035,4.7258041695386056e-05,9.776558833791765e-06
10,29045,4.7735835892126495e-05,9.776400602825466e-06
10,29055,5.227356832619989e-05,9.776242317134356e-06
10,29065,4.8301580659426686e-05,9.776083976720245e-06
10,29075,4.9313328645439476e-05,9.775925581584948e-06
10,29085,5.129960813974321e-05,9.775767131730285e-06
10,29095,5.100162632061256e-05,9.775608627158063e-06
10,29105,5.117655791764263e-05,9.775450067870109e-06
10,29115,5.576561561611015e-05,9.775291453868234e-06
10,29125,5.026268065648765e-05,9.775132785154251e-06
10,29135,4.752945490054117e-05,9.774974061729985e-06
10,29145,4.9093335701400074e-05,9.774815283597247e-06
10,29155,4.996671948447329e-05,9.774656450757864e-06
10,29165,4.813342184206704e-05,9.77449756321365e-06
10,29175,4.936629463827558e-05,9.774338620966428e-06
10,29185,4.9595463451623793e-05,9.774179624018023e-06
10,29195,4.660340734972124e-05,9.774020572370252e-06
10,29205,5.100789833250019e-05,9.773861466024935e-06
10,29215,5.1893519912482586e-05,9.7737023049839e-06
10,29225,4.63577154732775e-05,9.773543089248968e-06
10,29235,5.052979852280259e-05,9.773383818821965e-06
10,29245,4.500120687680464e-05,9.773224493704712e-06
10,29255,4.744832915548613e-05,9.773065113899035e-06
10,29265,5.163737589555239e-05,9.772905679406765e-06
10,29275,4.539044734883646e-05,9.772746190229723e-06
10,29285,4.9667881057757775e-05,9.772586646369741e-06
10,29295,5.127181052557717e-05,9.772427047828644e-06
10,29305,4.669132986236946e-05,9.772267394608263e-06
10,29315,4.7242009259207414e-05,9.772107686710424e-06
10,29325,4.6017621639293796e-05,9.771947924136956e-06
10,29335,5.166973230643634e-05,9.771788106889692e-06
10,29345,5.2040742752978984e-05,9.771628234970465e-06
10,29355,4.752576287501142e-05,9.771468308381103e-06
10,29365,4.678776465425471e-05,9.771308327123439e-06
10,29375,4.761548382248293e-05,9.771148291199307e-06
10,29385,4.7868623096292136e-05,9.770988200610538e-06
10,29395,4.48720226131627e-05,9.770828055358975e-06
10,29405,4.963865912941401e-05,9.770667855446445e-06
10,29415,4.4952147572985264e-05,9.770507600874785e-06
10,29425,4.837857773054566e-05,9.770347291645833e-06
10,29435,4.459972492441011e-05,9.77018692776142e-06
10,29445,4.88474792064153e-05,9.77002650922339e-06
10,29450,4.701586067312747e-05,9.769946279459839e-06
10,validation,3.9125694456743076e-05,9.769946279459839e-06
11,29460,4.940514018016983e-05,9.769785778944827e-06
11,29470,4.6354986739061137e-05,9.769625223780786e-06
11,29480,4.867114864737232e-05,9.76946461396956e-06
11,29490,5.126340970491583e-05,9.769303949512995e-06
11,29500,5.464052785555395e-05,9.769143230412925e-06
11,29510,4.992184224192896e-05,9.768982456671191e-06
11,29520,4.5346335036811075e-05,9.768821628289637e-06
11,29530,4.495997102367255e-05,9.76866074527011e-06
11,29540,4.498064438394067e-05,9.768499807614448e-06
11,29550,4.7987767220547536e-05,9.768338815324494e-06
11,29560,5.0476935916776705e-05,9.768177768402097e-06
11,29570,4.461894268388278e-05,9.768016666849096e-06
11,29580,4.731435310532106e-05,9.767855510667345e-06
11,29590,4.7186945676003236e-05,9.767694299858688e-06
11,29600,5.077070027255104e-05,9.767533034424969e-06
11,29610,4.948506025357347e-05,9.767371714368031e-06
11,29620,5.014498201489914e-05,9.767210339689732e-06
11,29630,5.0315387147747964e-05,9.767048910391914e-06
11,29640,5.038072010847827e-05,9.766887426476431e-06
11,29650,4.395505241063802e-05,9.766725887945133e-06
11,29660,4.835998306589318e-05,9.766564294799867e-06
11,29670,4.533291983079834e-05,9.766402647042486e-06
11,29680,4.545553267689684e-05,9.766240944674847e-06
11,29690,4.8801269372233946e-05,9.766079187698797e-06
11,29700,4.924904646941287e-05,9.76591737611619e-06
11,29710,4.6886373547749825e-05,9.765755509928883e-06
11,29720,4.6659444069518945e-05,9.765593589138726e-06
11,29730,4.7454016112169484e-05,9.765431613747574e-06
11,29740,5.005658458685502e-05,9.76526958375729e-06
11,29750,4.6249340903159465e-05,9.765107499169723e-06
11,29760,4.734223905416002e-05,9.764945359986734e-06
11,29770,4.821813763555838e-05,9.764783166210179e-06
11,29780,4.9087716024587284e-05,9.764620917841921e-06
11,29790,4.988001753645221e-05,9.76445861488381e-06
11,29800,4.8181962301896423e-05,9.764296257337711e-06
11,29810,4.738052798529679e-05,9.764133845205481e-06
11,29820,5.1134364662175356e-05,9.763971378488987e-06
11,29830,4.6944063547016414e-05,9.763808857190085e-06
11,29840,4.9213541842618724e-05,9.763646281310638e-06
11,29850,4.892143847428087e-05,9.763483650852513e-06
11,29860,4.3748306916313594e-05,9.763320965817566e-06
11,29870,4.7763700035829966e-05,9.763158226207665e-06
11,29880,4.9261355525231916e-05,9.762995432024677e-06
11,29890,5.234838413343823e-05,9.762832583270464e-06
11,29900,4.994359956072003e-05,9.76266967994689e-06
11,29910,5.065903258127946e-05,9.762506722055826e-06
11,29920,5.0357817167423496e-05,9.762343709599135e-06
11,29930,4.793923537818045e-05,9.762180642578689e-06
11,29940,4.830911161661788e-05,9.762017520996353e-06
11,29950,4.491160204906919e-05,9.761854344853999e-06
11,29960,4.7235757210728484e-05,9.761691114153492e-06
11,29970,4.5754654524898794e-05,9.761527828896705e-06
11,29980,5.016096931740321e-05,9.761364489085507e-06
11,29990,4.416793233303906e-05,9.761201094721772e-06
11,30000,4.076473462646391e-05,9.761037645807368e-06
11,30010,5.460068889533431e-05,9.760874142344172e-06
11,30020,5.126228675180755e-05,9.760710584334056e-06
11,30030,5.19931996905143e-05,9.760546971778894e-06
11,30040,5.399081792347715e-05,9.76038330468056e-06
11,30050,5.0350617448202685e-05,9.76021958304093e-06
11,30060,5.084439887923509e-05,9.760055806861881e-06
11,30070,4.88172260020292e-05,9.759891976145288e-06
11,30080,4.780601063885115e-05,9.759728090893026e-06
11,30090,4.489987095439574e-05,9.759564151106975e-06
11,30100,4.4234983306523645e-05,9.759400156789016e-06
11,30110,4.561730261229968e-05,9.759236107941018e-06
11,30120,4.5730644797004064e-05,9.759072004564868e-06
11,30130,4.7995301974879113e-05,9.758907846662446e-06
11,30140,4.9110461668533395e-05,9.758743634235636e-06
11,30150,4.8106051303875566e-05,9.758579367286314e-06
11,30160,5.0321864478064526e-05,9.758415045816365e-06
11,30170,5.10946376607535e-05,9.758250669827667e-06
11,30180,4.706844786142028e-05,9.758086239322111e-06
11,30190,4.6865087301739554e-05,9.757921754301574e-06
11,30200,4.4914661293660175e-05,9.757757214767944e-06
11,30210,5.005275238545437e-05,9.757592620723107e-06
11,30220,4.9341894509780104e-05,9.75742797216895e-06
11,30230,4.953108020799846e-05,9.75726326910735e-06
11,30240,4.831917724459345e-05,9.757098511540203e-06
11,30250,4.556667211090825e-05,9.756933699469396e-06
11,30260,4.81827329394946e-05,9.756768832896816e-06
11,30270,5.31509120037299e-05,9.756603911824353e-06
11,30280,4.664469811359595e-05,9.756438936253897e-06
11,30290,5.287969665914716e-05,9.756273906187329e-06
11,30300,4.515128284765524e-05,9.756108821626553e-06
11,30310,4.84186239873452e-05,9.75594368257345e-06
11,30320,4.7007586499603345e-05,9.755778489029922e-06
11,30330,4.9673708986119884e-05,9.755613240997856e-06
11,30340,4.814723940853583e-05,9.755447938479144e-06
11,30350,5.166879057014739e-05,9.755282581475679e-06
11,30360,4.81952554309828e-05,9.755117169989362e-06
11,30370,4.765857943311858e-05,9.754951704022085e-06
11,30380,4.52865702982308e-05,9.75478618357574e-06
11,30390,4.6645066595374375e-05,9.754620608652225e-06
11,30400,4.646082779800054e-05,9.75445497925344e-06
11,30410,4.6967956723165114e-05,9.754289295381284e-06
11,30420,4.770826049025345e-05,9.754123557037652e-06
11,30430,4.897863275346027e-05,9.753957764224446e-06
11,30440,4.902781058717665e-05,9.753791916943555e-06
11,30450,4.8862436847230137e-05,9.753626015196893e-06
11,30460,4.873309178492491e-05,9.753460058986351e-06
11,30470,5.138523315508791e-05,9.753294048313837e-06
11,30480,4.858793579387566e-05,9.75312798318125e-06
11,30490,4.621257071448781e-05,9.752961863590494e-06
11,30500,4.917760759326484e-05,9.752795689543473e-06
11,30510,4.8079538009915276e-05,9.752629461042088e-06
11,30520,4.699498688296444e-05,9.75246317808824e-06
11,30530,4.6876478791091365e-05,9.752296840683845e-06
11,30540,4.401161072564719e-05,9.7521304488308e-06
11,30550,4.888813571142237e-05,9.751964002531016e-06
11,30560,5.0216406043546146e-05,9.751797501786396e-06
11,30570,4.9128794876196474e-05,9.751630946598852e-06
11,30580,4.834124199533108e-05,9.75146433697029e-06
11,30590,4.3348880512894536e-05,9.751297672902622e-06
11,30600,4.735474728931877e-05,9.751130954397754e-06
11,30610,4.489734869821405e-05,9.750964181457597e-06
11,30620,4.5512072529163564e-05,9.750797354084058e-06
11,30630,4.634834831449552e-05,9.750630472279052e-06
11,30640,4.6763119144088705e-05,9.750463536044495e-06
11,30650,4.256247648299905e-05,9.750296545382293e-06
11,30660,4.907680142878234e-05,9.750129500294362e-06
11,30670,4.798755978754343e-05,9.749962400782617e-06
11,30680,4.979422863016226e-05,9.74979524684897e-06
11,30690,4.457412094325264e-05,9.749628038495336e-06
11,30700,4.7164738452920575e-05,9.749460775723636e-06
11,30710,4.750627031171461e-05,9.749293458535778e-06
11,30720,4.5405242781271225e-05,9.749126086933684e-06
11,30730,4.721286293261074e-05,9.748958660919273e-06
11,30740,4.5425188363878985e-05,9.748791180494458e-06
11,30750,4.5269267184266936e-05,9.748623645661167e-06
11,30760,4.434588447566056e-05,9.74845605642131e-06
11,30770,5.012297360735829e-05,9.748288412776812e-06
11,30780,4.829451938803686e-05,9.748120714729595e-06
11,30790,4.41937832874828e-05,9.747952962281579e-06
11,30800,4.604963521614991e-05,9.747785155434685e-06
11,30810,4.8512996318095245e-05,9.747617294190836e-06
11,30820,5.491019680903264e-05,9.747449378551951e-06
11,30830,4.935221700179682e-05,9.747281408519959e-06
11,30840,4.6207884201976414e-05,9.74711338409678e-06
11,30850,4.846235467539372e-05,9.746945305284348e-06
11,30860,4.8571755041848515e-05,9.746777172084584e-06
11,30870,4.634783490473638e-05,9.746608984499408e-06
11,30880,4.769636445871584e-05,9.746440742530757e-06
11,30890,4.425115932917834e-05,9.746272446180555e-06
11,30900,4.917028318232042e-05,9.746104095450726e-06
11,30910,4.9870325415213305e-05,9.745935690343204e-06
11,30920,4.572885845846031e-05,9.745767230859918e-06
11,30930,4.572850280055718e-05,9.745598717002792e-06
11,30940,5.029982351061335e-05,9.745430148773763e-06
11,30950,5.153216761755175e-05,9.745261526174762e-06
11,30960,5.052852804965369e-05,9.745092849207724e-06
11,30970,4.575602642944433e-05,9.74492411787457e-06
11,30980,4.8353424790548165e-05,9.744755332177242e-06
11,30990,4.7495667445218714e-05,9.744586492117672e-06
11,31000,4.791848007243971e-05,9.744417597697796e-06
11,31010,4.9747565958568886e-05,9.744248648919548e-06
11,31020,4.5339978373704075e-05,9.744079645784864e-06
11,31030,4.892275953807257e-05,9.743910588295682e-06
11,31040,4.919408006571757e-05,9.743741476453936e-06
11,31050,4.5061304331284194e-05,9.743572310261563e-06
11,31060,4.7254947844521666e-05,9.743403089720498e-06
11,31070,4.774491847001628e-05,9.74323381483269e-06
11,31080,4.6998271000120436e-05,9.74306448560007e-06
11,31090,4.439514336809225e-05,9.742895102024584e-06
11,31100,4.412943767420074e-05,9.74272566410817e-06
11,31110,4.777922904395381e-05,9.742556171852767e-06
11,31120,4.232389919707202e-05,9.74238662526032e-06
11,31130,4.705147243839747e-05,9.742217024332767e-06
11,31140,4.861105610416417e-05,9.742047369072058e-06
11,31150,4.968699208802718e-05,9.74187765948013e-06
11,31160,4.433712135778478e-05,9.741707895558932e-06
11,31170,5.387255230289156e-05,9.741538077310409e-06
11,31180,4.609799166246376e-05,9.741368204736505e-06
11,31190,5.062492418801412e-05,9.74119827783917e-06
11,31200,4.837767680783145e-05,9.741028296620344e-06
11,31210,5.0080626624549045e-05,9.740858261081979e-06
11,31220,4.4437066048885757e-05,9.740688171226023e-06
11,31230,4.4984523424318464e-05,9.740518027054426e-06
11,31240,4.3501880418261864e-05,9.740347828569132e-06
11,31250,4.5778428579978935e-05,9.7401775757721e-06
11,31260,4.527284861524094e-05,9.740007268665274e-06
11,31270,5.054338266745616e-05,9.739836907250603e-06
11,31280,4.643837328330846e-05,9.739666491530043e-06
11,31290,4.501491241626354e-05,9.739496021505546e-06
11,31300,4.562050119147897e-05,9.739325497179068e-06
11,31310,4.972109632035426e-05,9.739154918552556e-06
11,31320,4.278550416074722e-05,9.738984285627972e-06
11,31330,4.384342798857688e-05,9.738813598407264e-06
11,31340,5.0807721845558265e-05,9.738642856892392e-06
11,31350,4.7011029937493735e-05,9.73847206108531e-06
11,31360,4.9351179382028934e-05,9.738301210987978e-06
11,31370,4.652329525924869e-05,9.738130306602348e-06
11,31380,5.0646831959966226e-05,9.737959347930386e-06
11,31390,5.126690664383204e-05,9.73778833497404e-06
11,31400,5.12068465923221e-05,9.73761726773528e-06
11,31410,4.4265385417929794e-05,9.737446146216059e-06
11,31420,4.2172466442025326e-05,9.73727497041834e-06
11,31430,5.232076982792933e-05,9.737103740344091e-06
11,31440,4.288935015210882e-05,9.736932455995265e-06
11,31450,4.722653222870576e-05,9.736761117373826e-06
11,31460,4.470102214781946e-05,9.736589724481734e-06
11,31470,5.060835699168819e-05,9.736418277320958e-06
11,31480,4.9487266551295754e-05,9.736246775893463e-06
11,31490,4.9694655331222755e-05,9.736075220201209e-06
11,31500,4.985191617379314e-05,9.735903610246167e-06
11,31510,4.782006424193241e-05,9.7357319460303e-06
11,31520,4.933250424983271e-05,9.735560227555577e-06
11,31530,4.2458911570975034e-05,9.735388454823964e-06
11,31540,4.581436787702841e-05,9.735216627837429e-06
11,31550,4.765902028793789e-05,9.735044746597938e-06
11,31560,4.5388091507447825e-05,9.734872811107463e-06
11,31570,4.583187310345238e-05,9.734700821367973e-06
11,31580,4.509828684149397e-05,9.73452877738144e-06
11,31590,4.776104385655344e-05,9.73435667914983e-06
11,31600,4.7897364015625496e-05,9.734184526675128e-06
11,31610,5.392522616602946e-05,9.734012319959293e-06
11,31620,4.345960667251347e-05,9.733840059004304e-06
11,31630,4.3586524679994905e-05,9.733667743812131e-06
11,31640,4.4575748256647777e-05,9.733495374384753e-06
11,31650,4.641608240945061e-05,9.733322950724143e-06
11,31660,4.803349681878898e-05,9.733150472832275e-06
11,31670,4.852027673223348e-05,9.732977940711127e-06
11,31680,4.7337707633232634e-05,9.732805354362672e-06
11,31690,4.3035558223891716e-05,9.732632713788893e-06
11,31700,4.928115758957574e-05,9.732460018991765e-06
11,31710,4.744982243209961e-05,9.732287269973267e-06
11,31720,4.5140447400626724e-05,9.732114466735377e-06
11,31730,4.6908972240089494e-05,9.731941609280075e-06
11,31740,4.763516617458664e-05,9.731768697609345e-06
11,31750,4.920441886042682e-05,9.731595731725168e-06
11,31760,4.590221610669687e-05,9.73142271162952e-06
11,31770,4.459567967387557e-05,9.731249637324388e-06
11,31780,4.387820299598389e-05,9.731076508811753e-06
11,31790,4.955299802986702e-05,9.730903326093599e-06
11,31800,4.351974082510424e-05,9.73073008917191e-06
11,31810,4.637318004370172e-05,9.730556798048669e-06
11,31820,4.308233176288923e-05,9.730383452725869e-06
11,31830,4.799878790890943e-05,9.73021005320549e-06
11,31840,4.651909919175523e-05,9.730036599489517e-06
11,31850,4.935960141665419e-05,9.729863091579939e-06
11,31860,4.685038052230084e-05,9.729689529478746e-06
11,31870,4.678765342305269e-05,9.729515913187925e-06
11,31880,4.44528213392914e-05,9.729342242709465e-06
11,31890,4.852862298321269e-05,9.729168518045358e-06
11,31900,4.490006797368551e-05,9.72899473919759e-06
11,31910,4.749467580040801e-05,9.72882090616816e-06
11,31920,4.729002703243168e-05,9.728647018959051e-06
11,31930,4.575967575419781e-05,9.728473077572261e-06
11,31940,5.019650652684504e-05,9.728299082009778e-06
11,31950,4.7693895135125784e-05,9.728125032273596e-06
11,31960,4.866220688199974e-05,9.727950928365712e-06
11,31970,4.568194246985513e-05,9.72777677028812e-06
11,31980,4.790809546193487e-05,9.727602558042818e-06
11,31990,5.4012917667023436e-05,9.727428291631796e-06
11,32000,4.8905678067967524e-05,9.727253971057054e-06
11,32010,4.416343804223288e-05,9.727079596320586e-06
11,32020,4.599793610395864e-05,9.726905167424397e-06
11,32030,4.481525465962478e-05,9.726730684370483e-06
11,32040,4.629322759228671e-05,9.726556147160842e-06
11,32050,4.8193602128776544e-05,9.726381555797477e-06
11,32060,4.564209330055746e-05,9.72620691028238e-06
11,32070,4.466324653549237e-05,9.72603221061756e-06
11,32080,4.390875797071203e-05,9.725857456805014e-06
11,32090,4.0532677871851774e-05,9.725682648846746e-06
11,32100,5.0793333616638844e-05,9.725507786744758e-06
11,32110,4.7640224875067363e-05,9.725332870501051e-06
11,32120,4.5682989457418445e-05,9.725157900117636e-06
11,32130,4.5836541607968685e-05,9.724982875596513e-06
11,32140,4.6708984064025566e-05,9.724807796939688e-06
11,32150,5.089993992442033e-05,9.724632664149168e-06
11,32160,5.0497067127253105e-05,9.724457477226959e-06
11,32170,4.643664226477995e-05,9.724282236175066e-06
11,32180,5.1214369568697295e-05,9.724106940995498e-06
11,32190,4.800244116722751e-05,9.723931591690264e-06
11,32200,4.725399826384092e-05,9.723756188261375e-06
11,32210,4.219675220156205e-05,9.723580730710836e-06
11,32220,4.7845126277934466e-05,9.723405219040661e-06
11,32230,5.027206857448618e-05,9.72322965325286e-06
11,32240,4.6191305477805146e-05,9.723054033349445e-06
11,32250,4.671092140142719e-05,9.722878359332423e-06
11,32260,4.5817746149623416e-05,9.722702631203816e-06
11,32270,4.298255553294438e-05,9.722526848965632e-06
11,32280,4.362200022569596e-05,9.722351012619884e-06
11,32290,4.220272051043139e-05,9.722175122168588e-06
11,32300,4.486768207243586e-05,9.721999177613761e-06
11,32310,4.2412295715621444e-05,9.721823178957413e-06
11,32320,4.257115424479707e-05,9.721647126201565e-06
11,32330,4.65772161987843e-05,9.721471019348239e-06
11,32340,4.591177171278105e-05,9.721294858399445e-06
11,32350,4.845587789077399e-05,9.721118643357204e-06
11,32360,4.505642591539071e-05,9.720942374223534e-06
11,32370,4.4790300694330664e-05,9.72076605100046e-06
11,32380,4.327055619341991e-05,9.720589673689992e-06
11,32390,4.91440957375744e-05,9.720413242294156e-06
11,32395,4.4927339922651305e-05,9.720325006314855e-06
11,validation,2.7344223781256005e-05,9.720325006314855e-06
12,32405,4.7842681260590326e-05,9.720148493794765e-06
12,32415,4.5646091120943307e-05,9.719971927194359e-06
12,32425,4.5683420603381825e-05,9.719795306515661e-06
12,32435,4.0697515646570534e-05,9.719618631760696e-06
12,32445,4.7543152186335645e-05,9.71944190293149e-06
12,32455,4.7433583949896275e-05,9.719265120030067e-06
12,32465,5.004732183806482e-05,9.719088283058454e-06
12,32475,5.038960896399658e-05,9.718911392018672e-06
12,32485,4.735163215627836e-05,9.71873444691275e-06
12,32495,4.4728390116688387e-05,9.718557447742718e-06
12,32505,5.370448570829467e-05,9.718380394510603e-06
12,32515,4.711897877314186e-05,9.718203287218431e-06
12,32525,5.049865094406414e-05,9.718026125868236e-06
12,32535,4.628072269952099e-05,9.717848910462042e-06
12,32545,4.167525423781626e-05,9.717671641001887e-06
12,32555,4.484297278395388e-05,9.717494317489794e-06
12,32565,4.198730434836761e-05,9.717316939927797e-06
12,32575,4.882789851308189e-05,9.71713950831793e-06
12,32585,4.566859518035926e-05,9.716962022662226e-06
12,32595,4.681748234816041e-05,9.716784482962719e-06
12,32605,4.752084546453262e-05,9.71660688922144e-06
12,32615,4.280130592633214e-05,9.716429241440423e-06
12,32625,4.7578040766893534e-05,9.71625153962171e-06
12,32635,4.5546983005806394e-05,9.71607378376733e-06
12,32645,4.829192339457222e-05,9.715895973879324e-06
12,32655,4.745380267650034e-05,9.715718109959725e-06
12,32665,4.8164747886403355e-05,9.715540192010575e-06
12,32675,4.9507407197779685e-05,9.715362220033913e-06
12,32685,4.710655869075709e-05,9.715184194031771e-06
12,32695,4.5288530623111e-05,9.715006114006195e-06
12,32705,4.461436474230141e-05,9.714827979959226e-06
12,32715,4.689354411766544e-05,9.714649791892902e-06
12,32725,4.43255260506703e-05,9.714471549809265e-06
12,32735,4.622393807949265e-05,9.714293253710361e-06
12,32745,5.0839524328694095e-05,9.714114903598228e-06
12,32755,4.604527116498503e-05,9.713936499474911e-06
12,32765,4.2363920988464096e-05,9.713758041342459e-06
12,32775,4.7756937556187046e-05,9.713579529202904e-06
12,32785,4.904199342945504e-05,9.713400963058303e-06
12,32795,4.6739574781895495e-05,9.713222342910696e-06
12,32805,4.6893993408048123e-05,9.713043668762134e-06
12,32815,4.345417125932727e-05,9.71286494061466e-06
12,32825,4.851443432016822e-05,9.71268615847032e-06
12,32835,4.99164794518947e-05,9.71250732233117e-06
12,32845,4.5124427447262864e-05,9.712328432199254e-06
12,32855,4.910921295504523e-05,9.712149488076619e-06
12,32865,4.645460583105887e-05,9.71197048996532e-06
12,32875,4.369350504020986e-05,9.711791437867408e-06
12,32885,4.500026986988815e-05,9.71161233178493e-06
12,32895,4.7757967104189446e-05,9.71143317171994e-06
12,32905,4.8445353763781894e-05,9.711253957674494e-06
12,32915,4.6441474160019426e-05,9.711074689650648e-06
12,32925,4.759079033647141e-05,9.710895367650445e-06
12,32935,4.187053168607236e-05,9.710715991675945e-06
12,32945,4.682829212470097e-05,9.710536561729204e-06
12,32955,4.736949485959485e-05,9.71035707781228e-06
12,32965,4.517009942901496e-05,9.710177539927221e-06
12,32975,4.6966418017291284e-05,9.709997948076092e-06
12,32985,4.1304321393909055e-05,9.709818302260947e-06
12,32995,3.982368518791191e-05,9.70963860248385e-06
12,33005,4.541634179986431e-05,9.709458848746855e-06
12,33015,4.7478022361246984e-05,9.709279041052022e-06
12,33025,4.48669095248988e-05,9.709099179401414e-06
12,33035,4.767180414546602e-05,9.708919263797083e-06
12,33045,4.679170212966709e-05,9.708739294241096e-06
12,33055,4.296100310057227e-05,9.708559270735516e-06
12,33065,4.407224073474936e-05,9.708379193282406e-06
12,33075,4.851612827678764e-05,9.708199061883828e-06
12,33085,4.8721490043135414e-05,9.70801887654184e-06
12,33095,4.441863216015918e-05,9.707838637258517e-06
12,33105,4.649029633583269e-05,9.707658344035918e-06
12,33115,4.7351181115118374e-05,9.707477996876112e-06
12,33125,4.1184464112120626e-05,9.707297595781163e-06
12,33135,4.8112355148077765e-05,9.707117140753137e-06
12,33145,4.450128942607989e-05,9.706936631794103e-06
12,33155,4.6320748265316066e-05,9.706756068906132e-06
12,33165,4.569102709410799e-05,9.706575452091284e-06
12,33175,4.701793939148046e-05,9.706394781351638e-06
12,33185,4.439422896211908e-05,9.706214056689261e-06
12,33195,4.604891871622386e-05,9.70603327810622e-06
12,33205,4.2543740664768845e-05,9.705852445604589e-06
12,33215,4.5300014562599245e-05,9.70567155918644e-06
12,33225,4.52001388566714e-05,9.705490618853845e-06
12,33235,4.6525629750249214e-05,9.70530962460888e-06
12,33245,4.1009223446053516e-05,9.705128576453613e-06
12,33255,4.831777093841083e-05,9.704947474390122e-06
12,33265,4.2021977947115374e-05,9.70476631842048e-06
12,33275,4.450583289781207e-05,9.704585108546765e-06
12,33285,4.3604111806416764e-05,9.70440384477105e-06
12,33295,4.531275465069484e-05,9.704222527095418e-06
12,33305,4.2944262440869344e-05,9.704041155521942e-06
12,33315,4.544491423530417e-05,9.703859730052698e-06
12,33325,4.9231900129598215e-05,9.703678250689768e-06
12,33335,4.254368668625829e-05,9.703496717435233e-06
12,33345,4.1585188364479114e-05,9.703315130291167e-06
12,33355,4.22825703253693e-05,9.703133489259651e-06
12,33365,4.063982144089096e-05,9.702951794342771e-06
12,33375,4.187132901734003e-05,9.702770045542606e-06
12,33385,4.6693901094840835e-05,9.702588242861239e-06
12,33395,4.8043929837149335e-05,9.702406386300755e-06
12,33405,4.800054487077433e-05,9.702224475863236e-06
12,33415,4.425083186561096e-05,9.702042511550764e-06
12,33425,5.120368282405252e-05,9.701860493365424e-06
12,33435,4.56794865840493e-05,9.701678421309303e-06
12,33445,4.3150141959813484e-05,9.701496295384486e-06
12,33455,4.410235444538557e-05,9.70131411559306e-06
12,33465,4.5745913507744265e-05,9.701131881937118e-06
12,33475,4.444447008609131e-05,9.700949594418742e-06
12,33485,4.137480839290219e-05,9.700767253040017e-06
12,33495,4.4543067588165286e-05,9.700584857803035e-06
12,33505,4.405511747336277e-05,9.700402408709892e-06
12,33515,4.5542794600805786e-05,9.70021990576267e-06
12,33525,4.263092178007355e-05,9.700037348963464e-06
12,33535,4.292958967653249e-05,9.699854738314367e-06
12,33545,4.234674781855574e-05,9.69967207381747e-06
12,33555,4.816190589735925e-05,9.699489355474862e-06
12,33565,4.934899311592745e-05,9.699306583288641e-06
12,33575,4.9570960140954415e-05,9.699123757260899e-06
12,33585,4.546672973901878e-05,9.698940877393733e-06
12,33595,4.5458073577719917e-05,9.698757943689237e-06
12,33605,4.316352089972497e-05,9.698574956149505e-06
12,33615,4.512228611019963e-05,9.698391914776637e-06
12,33625,4.5735883963971e-05,9.698208819572732e-06
12,33635,4.611065237440926e-05,9.698025670539881e-06
12,33645,4.453077478956403e-05,9.697842467680184e-06
12,33655,4.451660208815156e-05,9.697659210995743e-06
12,33665,4.508619310854556e-05,9.697475900488654e-06
12,33675,4.4166581574245356e-05,9.697292536161023e-06
12,33685,4.495021639741026e-05,9.697109118014948e-06
12,33695,4.7445557561331954e-05,9.696925646052529e-06
12,33705,4.2970277650056236e-05,9.69674212027587e-06
12,33715,4.473866626995005e-05,9.696558540687071e-06
12,33725,4.2904311408165084e-05,9.696374907288238e-06
12,33735,4.3865746260962626e-05,9.696191220081473e-06
12,33745,4.71904430696668e-05,9.696007479068885e-06
12,33755,4.901200802578387e-05,9.695823684252574e-06
12,33765,5.21066937380965e-05,9.695639835634644e-06
12,33775,4.7945558094397704e-05,9.695455933217207e-06
12,33785,4.140493335853535e-05,9.695271977002368e-06
12,33795,4.381315068258118e-05,9.695087966992238e-06
12,33805,4.5857977215746363e-05,9.694903903188915e-06
12,33815,4.5542102748186145e-05,9.694719785594518e-06
12,33825,4.832378290302586e-05,9.694535614211152e-06
12,33835,4.389464734231296e-05,9.694351389040932e-06
12,33845,4.5178068830864504e-05,9.694167110085964e-06
12,33855,4.6804173734926735e-05,9.693982777348363e-06
12,33865,4.5208254346107426e-05,9.693798390830238e-06
12,33875,4.505588483425527e-05,9.6936139505337e-06
12,33885,4.163598100603849e-05,9.693429456460862e-06
12,33895,4.594459044255928e-05,9.693244908613843e-06
12,33905,4.418401013026596e-05,9.693060306994758e-06
12,33915,4.641814823571622e-05,9.692875651605717e-06
12,33925,4.5187274872660053e-05,9.692690942448834e-06
12,33935,4.2906522639896136e-05,9.69250617952623e-06
12,33945,4.060519656832185e-05,9.69232136284002e-06
12,33955,4.434180891621508e-05,9.692136492392323e-06
12,33965,4.4592099538931496e-05,9.691951568185255e-06
12,33975,4.516205233358051e-05,9.691766590220934e-06
12,33985,4.764990235344158e-05,9.691581558501486e-06
12,33995,4.835570725845173e-05,9.69139647302902e-06
12,34005,4.057147659750626e-05,9.691211333805664e-06
12,34015,4.3505912003638514e-05,9.691026140833541e-06
12,34025,4.683129866407398e-05,9.690840894114767e-06
12,34035,4.2782881268976784e-05,9.690655593651466e-06
12,34045,4.774063468175883e-05,9.690470239445766e-06
12,34055,4.636906971882127e-05,9.690284831499782e-06
12,34065,4.151935540903651e-05,9.690099369815645e-06
12,34075,4.159798995715391e-05,9.689913854395477e-06
12,34085,4.130409643039457e-05,9.689728285241406e-06
12,34095,4.2418374209773905e-05,9.689542662355552e-06
12,34105,4.49772289584871e-05,9.68935698574005e-06
12,34115,4.5326418194235886e-05,9.689171255397025e-06
12,34125,4.0409011239717076e-05,9.688985471328606e-06
12,34135,4.0265013262796855e-05,9.688799633536916e-06
12,34145,4.547363130313897e-05,9.688613742024087e-06
12,34155,4.560134400435345e-05,9.688427796792251e-06
12,34165,4.380670284263032e-05,9.688241797843535e-06
12,34175,4.474370227853797e-05,9.688055745180074e-06
12,34185,4.0451677409691915e-05,9.687869638803996e-06
12,34195,4.479687393086351e-05,9.687683478717435e-06
12,34205,4.57907481404618e-05,9.687497264922528e-06
12,34215,4.541752755358175e-05,9.6873109974214e-06
12,34225,4.3245197434771396e-05,9.687124676216187e-06
12,34235,4.574369413603562e-05,9.68693830130903e-06
12,34245,4.257777197835822e-05,9.68675187270206e-06
12,34255,4.3857541550096356e-05,9.68656539039741e-06
12,34265,4.161822309924901e-05,9.686378854397219e-06
12,34275,4.273797292171366e-05,9.68619226470363e-06
12,34285,4.563685051834909e-05,9.686005621318776e-06
12,34295,4.51889584383025e-05,9.685818924244792e-06
12,34305,4.244028784796683e-05,9.685632173483823e-06
12,34315,4.6671291420352647e-05,9.685445369038005e-06
12,34325,4.6786048710600876e-05,9.68525851090948e-06
12,34335,4.672772024605365e-05,9.68507159910039e-06
12,34345,5.019830136916425e-05,9.684884633612875e-06
12,34355,4.36711045949778e-05,9.684697614449075e-06
12,34365,4.429028990671213e-05,9.684510541611133e-06
12,34375,4.004961965620169e-05,9.684323415101194e-06
12,34385,4.215958854274504e-05,9.684136234921404e-06
12,34395,4.528462552571e-05,9.683949001073904e-06
12,34405,4.218572369154571e-05,9.683761713560842e-06
12,34415,4.21178513988707e-05,9.683574372384363e-06
12,34425,4.6172932457011484e-05,9.683386977546612e-06
12,34435,4.683441409270017e-05,9.68319952904974e-06
12,34445,4.605621254540893e-05,9.68301202689589e-06
12,34455,3.965962182519434e-05,9.682824471087208e-06
12,34465,4.343821844940976e-05,9.682636861625849e-06
12,34475,4.3803976768685975e-05,9.682449198513958e-06
12,34485,4.004406459898746e-05,9.682261481753689e-06
12,34495,4.405399070037674e-05,9.682073711347196e-06
12,34505,4.3081952821921735e-05,9.681885887296621e-06
12,34515,4.476938140669517e-05,9.681698009604126e-06
12,34525,4.806924805507151e-05,9.681510078271853e-06
12,34535,4.506951177063457e-05,9.681322093301958e-06
12,34545,4.2132854082410626e-05,9.681134054696598e-06
12,34555,4.302952970647311e-05,9.680945962457928e-06
12,34565,4.370460796963016e-05,9.680757816588103e-06
12,34575,3.937627661798615e-05,9.680569617089276e-06
12,34585,4.622355056653759e-05,9.680381363963606e-06
12,34595,4.714575759408035e-05,9.680193057213245e-06
12,34605,4.735771804007527e-05,9.680004696840356e-06
12,34615,4.6749175066906897e-05,9.679816282847095e-06
12,34625,4.37955508232335e-05,9.679627815235625e-06
12,34635,4.665751796437689e-05,9.679439294008098e-06
12,34645,4.928150606247072e-05,9.679250719166679e-06
12,34655,4.010907557585596e-05,9.679062090713522e-06
12,34665,4.556509059057134e-05,9.678873408650796e-06
12,34675,4.917300207125663e-05,9.67868467298066e-06
12,34685,4.50122561687749e-05,9.678495883705275e-06
12,34695,4.294632406072197e-05,9.678307040826804e-06
12,34705,4.209054034163274e-05,9.678118144347415e-06
12,34715,4.089605640729133e-05,9.677929194269267e-06
12,34725,4.4262145411266826e-05,9.677740190594522e-06
12,34735,4.669223142172995e-05,9.677551133325354e-06
12,34745,4.9267781946582545e-05,9.677362022463925e-06
12,34755,4.214915416014265e-05,9.677172858012401e-06
12,34765,4.4159797425891156e-05,9.676983639972954e-06
12,34775,3.9919082382766646e-05,9.676794368347746e-06
12,34785,4.260631787929015e-05,9.676605043138948e-06
12,34795,4.2390766361677384e-05,9.676415664348727e-06
12,34805,4.575888895033131e-05,9.676226231979256e-06
12,34815,4.1292104128842766e-05,9.676036746032705e-06
12,34825,4.48580459533332e-05,9.675847206511242e-06
12,34835,4.437852996943548e-05,9.675657613417042e-06
12,34845,4.567449600472173e-05,9.675467966752276e-06
12,34855,3.992137023942633e-05,9.675278266519117e-06
12,34865,4.6804042085568653e-05,9.675088512719736e-06
12,34875,4.22293166820964e-05,9.674898705356313e-06
12,34885,3.981743732310861e-05,9.674708844431017e-06
12,34895,4.448340230283066e-05,9.674518929946022e-06
12,34905,4.5314824933484485e-05,9.67432896190351e-06
12,34915,4.6193524121918016e-05,9.674138940305654e-06
12,34925,4.429131620327098e-05,9.673948865154631e-06
12,34935,4.378898995582858e-05,9.673758736452622e-06
12,34945,4.238412327595143e-05,9.673568554201801e-06
12,34955,4.175134361048549e-05,9.67337831840435e-06
12,34965,4.164665729149419e-05,9.673188029062449e-06
12,34975,4.7080297576940204e-05,9.672997686178277e-06
12,34985,4.511656420618238e-05,9.672807289754014e-06
12,34995,4.1177345224241435e-05,9.672616839791842e-06
12,35005,4.543253130577796e-05,9.672426336293942e-06
12,35015,4.196159954972245e-05,9.672235779262498e-06
12,35025,4.033262921439018e-05,9.672045168699694e-06
12,35035,4.077927055732289e-05,9.671854504607712e-06
12,35045,4.859911362018465e-05,9.671663786988738e-06
12,35055,4.1796365871960005e-05,9.671473015844957e-06
12,35065,4.429667744716426e-05,9.671282191178556e-06
12,35075,4.0382765837421176e-05,9.671091312991717e-06
12,35085,4.376013832825265e-05,9.670900381286629e-06
12,35095,4.284555336653284e-05,9.670709396065481e-06
12,35105,4.4930099579687525e-05,9.670518357330464e-06
12,35115,4.7134663964243374e-05,9.670327265083762e-06
12,35125,4.360718210136838e-05,9.670136119327565e-06
12,35135,4.3817336813845034e-05,9.669944920064064e-06
12,35145,4.405632062116638e-05,9.66975366729545e-06
12,35155,4.346307316609454e-05,9.66956236102391e-06
12,35165,4.972036856543127e-05,9.66937100125164e-06
12,35175,4.293806957775814e-05,9.66917958798083e-06
12,35185,4.3178883606742596e-05,9.66898812121368e-06
12,35195,4.059260304529744e-05,9.668796600952372e-06
12,35205,4.6016634587431324e-05,9.668605027199112e-06
12,35215,4.487121873353317e-05,9.668413399956086e-06
12,35225,3.833046091585856e-05,9.668221719225497e-06
12,35235,4.668690237394913e-05,9.668029985009531e-06
12,35245,4.207024960578565e-05,9.667838197310397e-06
12,35255,4.44918673565553e-05,9.667646356130286e-06
12,35265,4.659073247239575e-05,9.667454461471396e-06
12,35275,4.4807225822296457e-05,9.66726251333593e-06
12,35285,4.471900651878969e-05,9.667070511726074e-06
12,35295,4.4874007335238276e-05,9.666878456644046e-06
12,35305,4.045757998483168e-05,9.666686348092035e-06
12,35315,4.44994174358726e-05,9.666494186072244e-06
12,35325,4.3540070328162984e-05,9.66630197058688e-06
12,35335,4.363387558896648e-05,9.666109701638141e-06
12,35340,4.3353429555281756e-05,9.666013547115692e-06
12,validation,2.8600237783393823e-05,9.666013547115692e-06
13,35350,4.207461238365795e-05,9.665821197976017e-06
13,35360,4.315174583098269e-05,9.665628795378477e-06
13,35370,4.3801963329315186e-05,9.66543633932527e-06
13,35380,4.151718558205175e-05,9.66524382981861e-06
13,35390,4.066309629706666e-05,9.665051266860692e-06
13,35400,4.1435904427089555e-05,9.664858650453734e-06
13,35410,4.510321721227228e-05,9.664665980599933e-06
13,35420,4.9747965113056126e-05,9.664473257301504e-06
13,35430,4.2829764720409005e-05,9.664280480560651e-06
13,35440,4.289102996608563e-05,9.664087650379587e-06
13,35450,4.592111340571136e-05,9.663894766760515e-06
13,35460,4.368855961729423e-05,9.663701829705648e-06
13,35470,4.145317616348621e-05,9.663508839217198e-06
13,35480,4.1028375426321874e-05,9.663315795297373e-06
13,35490,4.5610118149852497e-05,9.663122697948388e-06
13,35500,4.0386913360634936e-05,9.662929547172455e-06
13,35510,3.808532283073873e-05,9.662736342971782e-06
13,35520,4.851391952342965e-05,9.662543085348585e-06
13,35530,4.373297692836786e-05,9.662349774305082e-06
13,35540,4.32037412565478e-05,9.662156409843485e-06
13,35550,4.014209146134817e-05,9.661962991966005e-06
13,35560,4.1536947469467124e-05,9.661769520674862e-06
13,35570,4.253382660408533e-05,9.661575995972277e-06
13,35580,3.9017422705001084e-05,9.661382417860461e-06
13,35590,4.685858170887514e-05,9.661188786341638e-06
13,35600,4.6323223932631664e-05,9.660995101418022e-06
13,35610,4.260931195858575e-05,9.660801363091833e-06
13,35620,4.396140877815923e-05,9.660607571365293e-06
13,35630,4.305957943415706e-05,9.66041372624062e-06
13,35640,4.452072050753486e-05,9.660219827720037e-06
13,35650,4.3375893505981365e-05,9.660025875805764e-06
13,35660,4.4998539601692754e-05,9.659831870500019e-06
13,35670,4.331639624979288e-05,9.659637811805033e-06
13,35680,4.378145144983137e-05,9.659443699723022e-06
13,35690,4.365870024685136e-05,9.659249534256216e-06
13,35700,4.6569589494538376e-05,9.659055315406835e-06
13,35710,4.5832743694518285e-05,9.658861043177108e-06
13,35720,4.214667419546459e-05,9.658666717569258e-06
13,35730,4.582620947530813e-05,9.658472338585514e-06
13,35740,4.169279116013058e-05,9.6582779062281e-06
13,35750,4.712938177817705e-05,9.658083420499246e-06
13,35760,3.736887615559682e-05,9.65788888140118e-06
13,35770,4.513466926709953e-05,9.65769428893613e-06
13,35780,4.322810807479982e-05,9.657499643106322e-06
13,35790,4.5741926487607995e-05,9.657304943913991e-06
13,35800,4.374805939733051e-05,9.657110191361368e-06
13,35810,4.475621840356325e-05,9.656915385450683e-06
13,35820,4.499767103425256e-05,9.656720526184168e-06
13,35830,4.5206564800537306e-05,9.656525613564056e-06
13,35840,4.224022675316519e-05,9.656330647592578e-06
13,35850,4.675179436617327e-05,9.656135628271969e-06
13,35860,4.390052504277264e-05,9.655940555604466e-06
13,35870,4.786903414242261e-05,9.655745429592301e-06
13,35880,4.3217767665737486e-05,9.655550250237706e-06
13,35890,4.175146414127084e-05,9.655355017542927e-06
13,35900,3.9612148771084325e-05,9.655159731510194e-06
13,35910,4.259021543475683e-05,9.654964392141746e-06
13,35920,4.071877235674038e-05,9.65476899943982e-06
13,35930,4.084330469140696e-05,9.654573553406659e-06
13,35940,4.561000509966107e-05,9.654378054044499e-06
13,35950,3.964439003993903e-05,9.654182501355575e-06
13,35960,4.126217090743012e-05,9.653986895342136e-06
13,35970,4.152665057972627e-05,9.65379123600642e-06
13,35980,4.1336273648084903e-05,9.653595523350668e-06
13,35990,4.499194253639871e-05,9.653399757377126e-06
13,36000,4.3492763188623934e-05,9.65320393808803e-06
13,36010,4.377371349164605e-05,9.653008065485626e-06
13,36020,4.187243753221992e-05,9.652812139572159e-06
13,36030,3.733475064109371e-05,9.652616160349874e-06
13,36040,4.417787604324986e-05,9.652420127821021e-06
13,36050,4.012104043340514e-05,9.652224041987841e-06
13,36060,4.6306579019983476e-05,9.652027902852582e-06
13,36070,4.363403018032841e-05,9.651831710417488e-06
13,36080,4.4997575832894655e-05,9.651635464684809e-06
13,36090,4.174167993369337e-05,9.65143916565679e-06
13,36100,4.296217312003136e-05,9.65124281333569e-06
13,36110,4.5134476567909584e-05,9.651046407723746e-06
13,36120,4.42285555664057e-05,9.65084994882322e-06
13,36130,4.033115533275123e-05,9.650653436636354e-06
13,36140,4.490307778723945e-05,9.650456871165405e-06
13,36150,4.8798606280797684e-05,9.650260252412624e-06
13,36160,4.516465912729473e-05,9.65006358038026e-06
13,36170,4.4004291339660995e-05,9.649866855070573e-06
13,36180,4.022358475594956e-05,9.649670076485808e-06
13,36190,4.057343492149812e-05,9.649473244628227e-06
13,36200,4.2511527340138855e-05,9.649276359500084e-06
13,36210,4.1123393634734386e-05,9.649079421103632e-06
13,36220,4.471860331705102e-05,9.648882429441131e-06
13,36230,3.789662794133619e-05,9.648685384514837e-06
13,36240,4.21078848603429e-05,9.648488286327007e-06
13,36250,4.0791356286717925e-05,9.648291134879898e-06
13,36260,4.319928491440805e-05,9.648093930175768e-06
13,36270,4.0762588923826115e-05,9.64789667221688e-06
13,36280,4.1417917282160487e-05,9.647699361005493e-06
13,36290,3.9322520660789447e-05,9.64750199654387e-06
13,36300,4.742236330912419e-05,9.647304578834262e-06
13,36310,4.024155084607628e-05,9.647107107878938e-06
13,36320,4.094253845323692e-05,9.646909583680164e-06
13,36330,4.333401063831843e-05,9.646712006240198e-06
13,36340,4.4055061198378095e-05,9.64651437556131e-06
13,36350,4.382626232199982e-05,9.646316691645758e-06
13,36360,3.8274121084214134e-05,9.646118954495804e-06
13,36370,4.6346140607056434e-05,9.645921164113724e-06
13,36380,4.4154332158541365e-05,9.64572332050178e-06
13,36390,4.664715283979604e-05,9.645525423662234e-06
13,36400,4.065049324708525e-05,9.645327473597357e-06
13,36410,4.3184478363400566e-05,9.645129470309417e-06
13,36420,3.914914166216476e-05,9.644931413800685e-06
13,36430,3.916808575468167e-05,9.644733304073423e-06
13,36440,4.128565531118511e-05,9.644535141129909e-06
13,36450,4.0027441059464757e-05,9.644336924972405e-06
13,36460,3.9401974936481567e-05,9.644138655603186e-06
13,36470,4.803733918379294e-05,9.643940333024527e-06
13,36480,4.3560913013607205e-05,9.643741957238697e-06
13,36490,4.4489470565167724e-05,9.643543528247967e-06
13,36500,4.701550858499104e-05,9.643345046054616e-06
13,36510,3.807327802860528e-05,9.643146510660914e-06
13,36520,4.077632065673242e-05,9.642947922069137e-06
13,36530,4.332569983489521e-05,9.642749280281558e-06
13,36540,3.97237188053623e-05,9.642550585300452e-06
13,36550,4.11861560678517e-05,9.642351837128102e-06
13,36560,4.076205486853723e-05,9.64215303576678e-06
13,36570,3.9044959066814044e-05,9.641954181218768e-06
13,36580,4.141935005463893e-05,9.641755273486342e-06
13,36590,4.2278751629964964e-05,9.641556312571779e-06
13,36600,4.104134357021394e-05,9.641357298477356e-06
13,36610,4.237771313455596e-05,9.64115823120536e-06
13,36620,3.959658317853609e-05,9.640959110758066e-06
13,36630,4.427590015438909e-05,9.64075993713776e-06
13,36640,3.909858130555222e-05,9.640560710346725e-06
13,36650,4.252253042977828e-05,9.640361430387236e-06
13,36660,4.7230135191966834e-05,9.640162097261582e-06
13,36670,4.5955148107168493e-05,9.639962710972048e-06
13,36680,4.108141968117707e-05,9.639763271520915e-06
13,36690,4.194296132027375e-05,9.639563778910472e-06
13,36700,4.136261516123341e-05,9.639364233143e-06
13,36710,3.99415362835498e-05,9.639164634220784e-06
13,36720,4.475890839330533e-05,9.638964982146119e-06
13,36730,4.106894302822184e-05,9.638765276921284e-06
13,36740,4.266452788215246e-05,9.638565518548573e-06
13,36750,3.895362613093312e-05,9.638365707030271e-06
13,36760,3.747020557511859e-05,9.63816584236867e-06
13,36770,4.1837415665213484e-05,9.637965924566058e-06
13,36780,3.998516995125101e-05,9.637765953624729e-06
13,36790,3.8625636852884776e-05,9.63756592954697e-06
13,36800,4.028367834507662e-05,9.637365852335075e-06
13,36810,4.8266564817822655e-05,9.637165721991334e-06
13,36820,4.17237425381245e-05,9.636965538518044e-06
13,36830,4.2341882135588094e-05,9.636765301917491e-06
13,36840,4.034618061723449e-05,9.63656501219198e-06
13,36850,4.475475443541655e-05,9.636364669343795e-06
13,36860,4.125383411519579e-05,9.63616427337524e-06
13,36870,4.431549614309915e-05,9.635963824288603e-06
13,36880,4.196482741463115e-05,9.635763322086188e-06
13,36890,3.9788381468497394e-05,9.635562766770288e-06
13,36900,3.756029648229742e-05,9.635362158343201e-06
13,36910,4.559675048767531e-05,9.635161496807228e-06
13,36920,4.130028071358537e-05,9.634960782164668e-06
13,36930,4.213374456867313e-05,9.634760014417817e-06
13,36940,4.118780564112967e-05,9.634559193568977e-06
13,36950,4.423820016654644e-05,9.634358319620448e-06
13,36960,4.348435575138865e-05,9.634157392574535e-06
13,36970,4.082505845417472e-05,9.633956412433536e-06
13,36980,3.7125425001249825e-05,9.633755379199757e-06
13,36990,3.958729184887488e-05,9.633554292875497e-06
13,37000,3.69281571238389e-05,9.633353153463064e-06
13,37010,4.192480637357221e-05,9.633151960964764e-06
13,37020,4.419803728978877e-05,9.632950715382898e-06
13,37030,4.495402708926122e-05,9.632749416719772e-06
13,37040,4.2567773698465315e-05,9.632548064977696e-06
13,37050,4.2800989876923265e-05,9.632346660158977e-06
13,37060,4.3562543760344844e-05,9.632145202265915e-06
13,37070,4.176099330379656e-05,9.631943691300823e-06
13,37080,4.078399249465292e-05,9.63174212726601e-06
13,37090,4.141361739584682e-05,9.631540510163787e-06
13,37100,3.775542393213982e-05,9.631338839996463e-06
13,37110,4.47160966359661e-05,9.63113711676635e-06
13,37120,4.0494047561878686e-05,9.63093534047575e-06
13,37130,4.435601861132454e-05,9.630733511126983e-06
13,37140,4.9802816101873765e-05,9.630531628722365e-06
13,37150,4.415695614170545e-05,9.6303296932642e-06
13,37160,4.6506831063197756e-05,9.630127704754809e-06
13,37170,4.437950060491857e-05,9.629925663196505e-06
13,37180,4.17088720269021e-05,9.629723568591596e-06
13,37190,3.867081159114605e-05,9.629521420942407e-06
13,37200,3.776061028020194e-05,9.629319220251248e-06
13,37210,4.606091042660409e-05,9.62911696652044e-06
13,37220,4.406201010169753e-05,9.628914659752296e-06
13,37230,4.0225397810900176e-05,9.628712299949135e-06
13,37240,4.585320734804554e-05,9.628509887113278e-06
13,37250,3.730146038378735e-05,9.628307421247038e-06
13,37260,4.130228746817011e-05,9.62810490235274e-06
13,37270,3.9208657767630946e-05,9.627902330432701e-06
13,37280,3.648639701623324e-05,9.627699705489252e-06
13,37290,4.414487186750193e-05,9.627497027524702e-06
13,37300,4.333833157943445e-05,9.627294296541378e-06
13,37310,4.776296113959688e-05,9.627091512541603e-06
13,37320,4.6393626553253854e-05,9.626888675527698e-06
13,37330,4.222532663789025e-05,9.626685785501993e-06
13,37340,4.7374696077895353e-05,9.626482842466807e-06
13,37350,4.3241647676950376e-05,9.626279846424463e-06
13,37360,4.076648144746286e-05,9.626076797377293e-06
13,37370,4.1416931276216934e-05,9.625873695327618e-06
13,37380,4.167021450030006e-05,9.62567054027777e-06
13,37390,4.0293494589604964e-05,9.625467332230075e-06
13,37400,3.9067440775397705e-05,9.625264071186862e-06
13,37410,3.970563132043025e-05,9.62506075715046e-06
13,37420,3.869544025292271e-05,9.624857390123195e-06
13,37430,4.2715072277133e-05,9.6246539701074e-06
13,37440,4.3795640954158445e-05,9.624450497105404e-06
13,37450,4.3319514770701065e-05,9.624246971119534e-06
13,37460,3.693459191254078e-05,9.624043392152133e-06
13,37470,4.133667471251102e-05,9.623839760205527e-06
13,37480,4.029590527352411e-05,9.62363607528205e-06
13,37490,4.0194759549194714e-05,9.623432337384032e-06
13,37500,4.430897074598761e-05,9.623228546513809e-06
13,37510,4.379208062346152e-05,9.623024702673717e-06
13,37520,4.316944414313184e-05,9.622820805866094e-06
13,37530,4.557114511953842e-05,9.622616856093275e-06
13,37540,4.249057392371469e-05,9.622412853357599e-06
13,37550,4.089720321189815e-05,9.622208797661393e-06
13,37560,4.405283532378236e-05,9.622004689007006e-06
13,37570,4.520798534031201e-05,9.621800527396775e-06
13,37580,4.109428739411669e-05,9.62159631283303e-06
13,37590,3.916138275599223e-05,9.621392045318123e-06
13,37600,4.155510864620737e-05,9.621187724854389e-06
13,37610,3.736097294222418e-05,9.620983351444165e-06
13,37620,4.135055139613541e-05,9.620778925089799e-06
13,37630,4.068893811108865e-05,9.620574445793628e-06
13,37640,4.059400853293483e-05,9.620369913557999e-06
13,37650,4.5294928804651134e-05,9.620165328385252e-06
13,37660,3.8983144781923324e-05,9.619960690277733e-06
13,37670,4.219125539748347e-05,9.619755999237784e-06
13,37680,4.088972202680452e-05,9.619551255267752e-06
13,37690,4.102942343706673e-05,9.619346458369979e-06
13,37700,3.9735168547849754e-05,9.619141608546821e-06
13,37710,4.402507433951541e-05,9.618936705800619e-06
13,37720,4.140247042414558e-05,9.618731750133723e-06
13,37730,3.985894186371297e-05,9.618526741548479e-06
13,37740,4.163027012964449e-05,9.618321680047235e-06
13,37750,3.9374382618007074e-05,9.618116565632343e-06
13,37760,4.208650746022613e-05,9.61791139830615e-06
13,37770,4.4906048378834386e-05,9.61770617807101e-06
13,37780,4.1506204865982006e-05,9.617500904929274e-06
13,37790,4.589644236148161e-05,9.617295578883294e-06
13,37800,4.347120718648512e-05,9.617090199935421e-06
13,37810,4.093990426099481e-05,9.616884768088007e-06
13,37820,3.9606744485354285e-05,9.616679283343407e-06
13,37830,4.139952557125071e-05,9.616473745703976e-06
13,37840,3.946730778352503e-05,9.616268155172067e-06
13,37850,4.012387382772431e-05,9.61606251175004e-06
13,37860,3.902684625245456e-05,9.615856815440243e-06
13,37870,3.870385046411684e-05,9.615651066245045e-06
13,37880,3.856012308460776e-05,9.615445264166794e-06
13,37890,4.603362990565074e-05,9.615239409207847e-06
13,37900,4.018176980480348e-05,9.615033501370566e-06
13,37910,4.297485477309237e-05,9.614827540657309e-06
13,37920,4.4348981964503766e-05,9.614621527070433e-06
13,37930,3.9333879658443036e-05,9.614415460612307e-06
13,37940,4.5070682585901525e-05,9.614209341285287e-06
13,37950,3.876581301938131e-05,9.614003169091732e-06
13,37960,4.566765983327059e-05,9.613796944034005e-06
13,37970,4.929874014578673e-05,9.613590666114477e-06
13,37980,4.723273871150013e-05,9.613384335335498e-06
13,37990,4.857518329117738e-05,9.613177951699438e-06
13,38000,4.596411843067472e-05,9.612971515208666e-06
13,38010,4.150957049660064e-05,9.612765025865542e-06
13,38020,3.7716101019213966e-05,9.612558483672432e-06
13,38030,3.9968426517589247e-05,9.612351888631705e-06
13,38040,3.946082720176491e-05,9.612145240745733e-06
13,38050,3.9054220974321654e-05,9.61193854001687e-06
13,38060,4.2594548926899736e-05,9.611731786447494e-06
13,38070,4.4813213594352416e-05,9.611524980039966e-06
13,38080,4.0256392730952944e-05,9.611318120796663e-06
13,38090,4.113431871246576e-05,9.611111208719954e-06
13,38100,3.8353997342710504e-05,9.610904243812207e-06
13,38110,3.8114844733172505e-05,9.610697226075798e-06
13,38120,4.2354202378191985e-05,9.610490155513098e-06
13,38130,4.4058867638341324e-05,9.610283032126473e-06
13,38140,4.281528990759397e-05,9.610075855918302e-06
13,38150,4.005023622539738e-05,9.609868626890956e-06
13,38160,4.220081830226263e-05,9.609661345046813e-06
13,38170,4.7180760634546456e-05,9.609454010388243e-06
13,38180,3.9879370660855784e-05,9.609246622917627e-06
13,38190,3.9743794081914524e-05,9.609039182637333e-06
13,38200,4.294417783512472e-05,9.60883168954974e-06
13,38210,4.0900920680542185e-05,9.608624143657234e-06
13,38220,4.518598486811242e-05,9.608416544962187e-06
13,38230,4.103726814719266e-05,9.608208893466976e-06
13,38240,4.0859843534235554e-05,9.60800118917398e-06
13,38250,4.182221189239499e-05,9.607793432085581e-06
13,38260,3.828061708190944e-05,9.607585622204159e-06
13,38270,4.0876761340769006e-05,9.607377759532097e-06
13,38280,4.260919495209237e-05,9.60716984407177e-06
13,38285,4.167329784650064e-05,9.607065866546753e-06
13,validation,2.8375096917443443e-05,9.607065866546753e-06
14,38295,3.899259318131953e-05,9.6068578719085e-06
14,38305,4.222104239488544e-05,9.606649824487945e-06
14,38315,4.1720536410139174e-05,9.606441724287472e-06
14,38325,4.619481742338394e-05,9.606233571309459e-06
14,38335,4.309651928906533e-05,9.606025365556295e-06
14,38345,4.311690361191722e-05,9.605817107030363e-06
14,38355,4.076311738572258e-05,9.605608795734054e-06
14,38365,4.3867375961781366e-05,9.605400431669748e-06
14,38375,3.885762653226266e-05,9.605192014839837e-06
14,38385,4.210879960737657e-05,9.604983545246708e-06
14,38395,4.252025225923717e-05,9.604775022892746e-06
14,38405,4.0848382172953277e-05,9.604566447780345e-06
14,38415,4.1597790118430564e-05,9.604357819911892e-06
14,38425,3.5444261266093234e-05,9.604149139289782e-06
14,38435,4.4241488899388054e-05,9.6039404059164e-06
14,38445,3.798908251155808e-05,9.603731619794142e-06
14,38455,4.093412157999409e-05,9.603522780925398e-06
14,38465,4.005751354725362e-05,9.603313889312558e-06
14,38475,3.941607119486434e-05,9.603104944958024e-06
14,38485,4.484863877678436e-05,9.60289594786418e-06
14,38495,4.183849605396972e-05,9.602686898033427e-06
14,38505,4.1421221726523076e-05,9.602477795468157e-06
14,38515,4.081550414412049e-05,9.602268640170761e-06
14,38525,4.306921871375379e-05,9.602059432143643e-06
14,38535,4.26174671474655e-05,9.601850171389197e-06
14,38545,3.7168692779232514e-05,9.601640857909825e-06
14,38555,4.111494790777215e-05,9.60143149170792e-06
14,38565,3.756948547106731e-05,9.60122207278588e-06
14,38575,4.118103504424653e-05,9.60101260114611e-06
14,38585,3.676180022011977e-05,9.600803076791004e-06
14,38595,3.7628625113939046e-05,9.600593499722966e-06
14,38605,4.400379332309967e-05,9.600383869944398e-06
14,38615,3.693664409638586e-05,9.600174187457702e-06
14,38625,3.655778077700233e-05,9.599964452265278e-06
14,38635,3.9012192087284343e-05,9.59975466436953e-06
14,38645,3.936462642286642e-05,9.599544823772856e-06
14,38655,4.2842334232773274e-05,9.599334930477669e-06
14,38665,4.121196743653854e-05,9.59912498448637e-06
14,38675,4.1166569758388505e-05,9.598914985801368e-06
14,38685,4.5141678333493475e-05,9.598704934425061e-06
14,38695,4.1035317053683684e-05,9.598494830359864e-06
14,38705,4.279978909380588e-05,9.598284673608181e-06
14,38715,4.0679814742361496e-05,9.598074464172418e-06
14,38725,4.133268655550637e-05,9.597864202054985e-06
14,38735,4.248762952556717e-05,9.597653887258289e-06
14,38745,4.013874636257242e-05,9.597443519784748e-06
14,38755,4.3567214765971586e-05,9.59723309963676e-06
14,38765,4.074285468504968e-05,9.597022626816744e-06
14,38775,3.9130570439738224e-05,9.596812101327108e-06
14,38785,4.2521739896983486e-05,9.596601523170269e-06
14,38795,3.934303795176674e-05,9.596390892348637e-06
14,38805,4.227394515510241e-05,9.596180208864621e-06
14,38815,4.0763114429864804e-05,9.595969472720637e-06
14,38825,3.644453565812e-05,9.595758683919103e-06
14,38835,3.8037128729229155e-05,9.59554784246243e-06
14,38845,4.3224969408583997e-05,9.595336948353037e-06
14,38855,3.8071229755587414e-05,9.595126001593337e-06
14,38865,4.3100986704303065e-05,9.594915002185748e-06
14,38875,4.088627815690416e-05,9.594703950132688e-06
14,38885,4.371699558305409e-05,9.594492845436576e-06
14,38895,4.1001929434969495e-05,9.594281688099829e-06
14,38905,4.2363706143078155e-05,9.594070478124867e-06
14,38915,3.8127356310724275e-05,9.59385921551411e-06
14,38925,4.1781587333389326e-05,9.59364790026998e-06
14,38935,4.184742081179138e-05,9.593436532394896e-06
14,38945,4.039837476739194e-05,9.59322511189128e-06
14,38955,3.816926264335052e-05,9.593013638761554e-06
14,38965,3.8237641160776544e-05,9.592802113008139e-06
14,38975,4.2400717211421574e-05,9.592590534633462e-06
14,38985,4.5879376830271216e-05,9.592378903639949e-06
14,38995,4.238906199134362e-05,9.592167220030018e-06
14,39005,4.341026674410387e-05,9.591955483806101e-06
14,39015,3.850599905490526e-05,9.591743694970622e-06
14,39025,4.1372410055373625e-05,9.591531853526005e-06
14,39035,4.2901633037217834e-05,9.591319959474678e-06
14,39045,4.393995600366906e-05,9.59110801281907e-06
14,39055,4.409960267821589e-05,9.59089601356161e-06
14,39065,4.37824376831486e-05,9.590683961704725e-06
14,39075,4.218112060243584e-05,9.590471857250844e-06
14,39085,4.577798449645342e-05,9.590259700202401e-06
14,39095,4.4868746431347976e-05,9.590047490561823e-06
14,39105,3.6766789071407397e-05,9.589835228331543e-06
14,39115,4.178660005891288e-05,9.589622913513994e-06
14,39125,4.162523021022935e-05,9.589410546111608e-06
14,39135,4.37073386819975e-05,9.589198126126817e-06
14,39145,3.826793974894826e-05,9.588985653562053e-06
14,39155,3.920213805486128e-05,9.588773128419753e-06
14,39165,4.440944294401561e-05,9.588560550702349e-06
14,39175,3.8196516379684914e-05,9.588347920412283e-06
14,39185,4.563077177408559e-05,9.588135237551986e-06
14,39195,4.416159747506754e-05,9.587922502123896e-06
14,39205,4.553967280571669e-05,9.587709714130455e-06
14,39215,3.9885346541268515e-05,9.587496873574093e-06
14,39225,4.154671528340259e-05,9.587283980457249e-06
14,39235,4.3219257963755806e-05,9.587071034782364e-06
14,39245,4.226095572903432e-05,9.586858036551882e-06
14,39255,4.275500530184218e-05,9.58664498576824e-06
14,39265,3.85535375926338e-05,9.586431882433881e-06
14,39275,4.144709243973921e-05,9.586218726551242e-06
14,39285,3.965519110806781e-05,9.58600551812277e-06
14,39295,4.479156293655251e-05,9.585792257150907e-06
14,39305,4.497631048252515e-05,9.58557894363809e-06
14,39315,4.124260956359649e-05,9.58536557758677e-06
14,39325,3.943624074054242e-05,9.585152158999388e-06
14,39335,3.934514350021345e-05,9.584938687878398e-06
14,39345,4.330090146140719e-05,9.584725164226236e-06
14,39355,4.065929108492128e-05,9.584511588045349e-06
14,39365,4.63607000938282e-05,9.584297959338187e-06
14,39375,3.997666626673891e-05,9.584084278107198e-06
14,39385,4.1088972693614785e-05,9.583870544354832e-06
14,39395,4.485038887196424e-05,9.583656758083533e-06
14,39405,4.4136901283309275e-05,9.583442919295749e-06
14,39415,3.893786499702401e-05,9.583229027993937e-06
14,39425,3.504583560243191e-05,9.58301508418054e-06
14,39435,3.666205632271158e-05,9.582801087858018e-06
14,39445,4.054595906382019e-05,9.582587039028815e-06
14,39455,4.256729532698955e-05,9.582372937695385e-06
14,39465,4.06444970622033e-05,9.582158783860186e-06
14,39475,4.4879515030515904e-05,9.581944577525669e-06
14,39485,4.4780503799302096e-05,9.581730318694283e-06
14,39495,4.054040252867707e-05,9.581516007368487e-06
14,39505,4.1712497727530716e-05,9.581301643550738e-06
14,39515,3.918252116363874e-05,9.58108722724349e-06
14,39525,3.917918684237521e-05,9.580872758449203e-06
14,39535,4.323204118463763e-05,9.580658237170331e-06
14,39545,4.100457185813866e-05,9.580443663409333e-06
14,39555,3.848647788800008e-05,9.58022903716867e-06
14,39565,3.992267386365711e-05,9.580014358450796e-06
14,39575,4.6551359105251315e-05,9.57979962725817e-06
14,39585,4.116718557725107e-05,9.579584843593257e-06
14,39595,3.988166524777626e-05,9.579370007458516e-06
14,39605,4.525110925897025e-05,9.579155118856405e-06
14,39615,4.131511634568597e-05,9.57894017778939e-06
14,39625,4.173500622073334e-05,9.578725184259933e-06
14,39635,4.1452058053437216e-05,9.578510138270497e-06
14,39645,3.82126897420676e-05,9.578295039823546e-06
14,39655,3.9433223855667164e-05,9.578079888921542e-06
14,39665,4.260268242433084e-05,9.577864685566956e-06
14,39675,3.795836305471312e-05,9.57764942976225e-06
14,39685,3.816046996689692e-05,9.577434121509887e-06
14,39695,4.2154574634878374e-05,9.577218760812338e-06
14,39705,4.378119176635664e-05,9.57700334767207e-06
14,39715,4.148726304720185e-05,9.576787882091553e-06
14,39725,3.859333057789627e-05,9.576572364073254e-06
14,39735,3.849722529594146e-05,9.57635679361964e-06
14,39745,4.3860247069460455e-05,9.576141170733189e-06
14,39755,3.480534387563239e-05,9.575925495416363e-06
14,39765,3.8053907883295326e-05,9.575709767671632e-06
14,39775,3.8429429810094004e-05,9.57549398750147e-06
14,39785,4.2654026560740026e-05,9.57527815490835e-06
14,39795,4.063572962422769e-05,9.575062269894743e-06
14,39805,4.030191328183719e-05,9.574846332463125e-06
14,39815,4.301857372865924e-05,9.57463034261597e-06
14,39825,4.097347091374104e-05,9.574414300355756e-06
14,39835,3.749901818537183e-05,9.574198205684951e-06
14,39845,4.163102305483335e-05,9.573982058606034e-06
14,39855,4.0705583501221554e-05,9.573765859121485e-06
14,39865,3.988660712366254e-05,9.57354960723377e-06
14,39875,4.179626776021906e-05,9.573333302945381e-06
14,39885,3.4317433005526254e-05,9.57311694625879e-06
14,39895,3.797898998527672e-05,9.572900537176473e-06
14,39905,3.880360604853194e-05,9.572684075700912e-06
14,39915,4.052291542393505e-05,9.572467561834587e-06
14,39925,3.971043372530403e-05,9.572250995579981e-06
14,39935,3.929787069409941e-05,9.572034376939574e-06
14,39945,3.979944556249393e-05,9.571817705915847e-06
14,39955,4.117137198136334e-05,9.571600982511278e-06
14,39965,3.95909554526952e-05,9.571384206728356e-06
14,39975,3.878056629673665e-05,9.571167378569564e-06
14,39985,3.795999487010704e-05,9.570950498037382e-06
14,39995,4.0143701835404495e-05,9.570733565134302e-06
14,40005,3.7339570098993136e-05,9.570516579862804e-06
14,40015,3.808022572684423e-05,9.57029954222538e-06
14,40025,3.9069542094694046e-05,9.57008245222451e-06
14,40035,3.87202510410134e-05,9.569865309862681e-06
14,40045,4.274764351066551e-05,9.569648115142386e-06
14,40055,4.052415295063838e-05,9.569430868066113e-06
14,40065,4.390334620438807e-05,9.569213568636349e-06
14,40075,3.916098157787928e-05,9.568996216855581e-06
14,40085,4.238156654992054e-05,9.568778812726302e-06
14,40095,4.304801348098408e-05,9.568561356251002e-06
14,40105,3.874492269915208e-05,9.568343847432176e-06
14,40115,3.880154683884029e-05,9.568126286272306e-06
14,40125,4.173692182121158e-05,9.5679086727739e-06
14,40135,4.236964807660115e-05,9.567691006939443e-06
14,40145,3.5626850876724345e-05,9.567473288771427e-06
14,40155,4.065043804075685e-05,9.567255518272348e-06
14,40165,4.09165931841926e-05,9.567037695444702e-06
14,40175,3.833728444533335e-05,9.566819820290989e-06
14,40185,4.183461778666242e-05,9.566601892813698e-06
14,40195,4.627648042969667e-05,9.566383913015329e-06
14,40205,4.5826950463379033e-05,9.56616588089838e-06
14,40215,3.9155757713160716e-05,9.565947796465348e-06
14,40225,3.7360850637924155e-05,9.565729659718731e-06
14,40235,3.7251602770993485e-05,9.565511470661028e-06
14,40245,3.836007922473072e-05,9.565293229294738e-06
14,40255,3.939635043934686e-05,9.565074935622363e-06
14,40265,4.182998980013508e-05,9.564856589646408e-06
14,40275,4.222480677071871e-05,9.56463819136937e-06
14,40285,3.7776175349790723e-05,9.564419740793755e-06
14,40295,3.7573787790279314e-05,9.564201237922063e-06
14,40305,3.710363118898386e-05,9.5639826827568e-06
14,40315,3.9107741531552155e-05,9.563764075300465e-06
14,40325,4.52298047775912e-05,9.563545415555567e-06
14,40335,4.050437717069144e-05,9.563326703524607e-06
14,40345,4.2577219619488464e-05,9.563107939210099e-06
14,40355,3.726606373675168e-05,9.562889122614539e-06
14,40365,4.027093027616501e-05,9.56267025374044e-06
14,40375,4.333917149779154e-05,9.56245133259031e-06
14,40385,3.7100713689142134e-05,9.562232359166656e-06
14,40395,4.188349521427881e-05,9.562013333471984e-06
14,40405,4.342681006619387e-05,9.561794255508807e-06
14,40415,4.28511550580879e-05,9.56157512527964e-06
14,40425,4.037313419757993e-05,9.561355942786984e-06
14,40435,3.8205862142604016e-05,9.561136708033352e-06
14,40445,3.881609591189772e-05,9.560917421021259e-06
14,40455,3.8407443275900734e-05,9.560698081753217e-06
14,40465,3.8698047342222706e-05,9.560478690231739e-06
14,40475,3.677026138575457e-05,9.560259246459335e-06
14,40485,3.9900705155559996e-05,9.560039750438525e-06
14,40495,3.988146563642658e-05,9.559820202171822e-06
14,40505,4.446103250757005e-05,9.55960060166174e-06
14,40515,3.967991392528347e-05,9.559380948910794e-06
14,40525,4.483173324842937e-05,9.559161243921506e-06
14,40535,4.293456597679324e-05,9.558941486696388e-06
14,40545,4.034177359244495e-05,9.558721677237959e-06
14,40555,3.7149036506889396e-05,9.558501815548737e-06
14,40565,3.843180641069921e-05,9.558281901631244e-06
14,40575,3.724693956428382e-05,9.558061935487994e-06
14,40585,3.9562177698826416e-05,9.557841917121514e-06
14,40595,3.5218868629272034e-05,9.557621846534323e-06
14,40605,4.0456884812556374e-05,9.557401723728939e-06
14,40615,4.074614064393245e-05,9.557181548707886e-06
14,40625,3.853906587210077e-05,9.556961321473686e-06
14,40635,4.0160538310374244e-05,9.556741042028869e-06
14,40645,4.012194478946185e-05,9.556520710375945e-06
14,40655,3.678696853057772e-05,9.556300326517452e-06
14,40665,3.7146799331821964e-05,9.556079890455906e-06
14,40675,3.930331754418148e-05,9.555859402193834e-06
14,40685,3.9848375695328284e-05,9.555638861733766e-06
14,40695,3.917729409295134e-05,9.555418269078228e-06
14,40705,3.481532710338797e-05,9.555197624229741e-06
14,40715,3.897950748523726e-05,9.55497692719084e-06
14,40725,3.9909574093144334e-05,9.554756177964053e-06
14,40735,3.868362293815153e-05,9.554535376551907e-06
14,40745,4.4219326196071054e-05,9.554314522956936e-06
14,40755,4.177361533947987e-05,9.554093617181668e-06
14,40765,4.218242802380701e-05,9.55387265922863e-06
14,40775,4.278479366348619e-05,9.553651649100357e-06
14,40785,3.7197672872935074e-05,9.553430586799382e-06
14,40795,3.858281538668962e-05,9.553209472328236e-06
14,40805,4.3358293169148965e-05,9.552988305689456e-06
14,40815,3.930209588816069e-05,9.552767086885573e-06
14,40825,4.4431245214582304e-05,9.552545815919118e-06
14,40835,4.405418339956668e-05,9.552324492792633e-06
14,40845,3.878154234371323e-05,9.552103117508646e-06
14,40855,4.184600602457067e-05,9.551881690069698e-06
14,40865,3.951937087549595e-05,9.551660210478329e-06
14,40875,4.0280273765347374e-05,9.55143867873707e-06
14,40885,3.910624320724309e-05,9.55121709484847e-06
14,40895,3.835039560726727e-05,9.550995458815056e-06
14,40905,3.49117087353079e-05,9.550773770639374e-06
14,40915,3.6019103299622655e-05,9.55055203032396e-06
14,40925,3.880278040924168e-05,9.550330237871359e-06
14,40935,3.9686498689661674e-05,9.550108393284106e-06
14,40945,3.688159172270389e-05,9.549886496564747e-06
14,40955,4.454231852832891e-05,9.549664547715823e-06
14,40965,3.852726583772892e-05,9.54944254673988e-06
14,40975,4.3760849280261034e-05,9.549220493639456e-06
14,40985,3.615232692482096e-05,9.5489983884171e-06
14,40995,3.518454766435753e-05,9.548776231075355e-06
14,41005,3.688179356231558e-05,9.548554021616763e-06
14,41015,3.906318729605118e-05,9.548331760043874e-06
14,41025,3.9183286685329224e-05,9.548109446359237e-06
14,41035,3.767789287394407e-05,9.547887080565391e-06
14,41045,3.628039596605959e-05,9.547664662664893e-06
14,41055,4.094752430319204e-05,9.547442192660283e-06
14,41065,3.557797135727014e-05,9.547219670554118e-06
14,41075,3.661712053144583e-05,9.546997096348944e-06
14,41085,3.7195299228187644e-05,9.546774470047306e-06
14,41095,3.3343361042170724e-05,9.54655179165176e-06
14,41105,4.491519121074817e-05,9.546329061164855e-06
14,41115,3.905901894540875e-05,9.546106278589146e-06
14,41125,4.321519281802466e-05,9.545883443927186e-06
14,41135,4.193102090539469e-05,9.545660557181523e-06
14,41145,3.805862177159724e-05,9.545437618354709e-06
14,41155,3.9664588962295964e-05,9.545214627449308e-06
14,41165,4.2035074920931946e-05,9.54499158446787e-06
14,41175,3.961799218359373e-05,9.544768489412948e-06
14,41185,4.181375159078016e-05,9.544545342287103e-06
14,41195,4.231023863212613e-05,9.544322143092887e-06
14,41205,3.709389311552514e-05,9.544098891832859e-06
14,41215,3.726474014911219e-05,9.543875588509576e-06
14,41225,4.00065297526453e-05,9.543652233125599e-06
14,41230,4.500414420363086e-05,9.54354053591165e-06
14,validation,2.730494179559173e-05,9.54354053591165e-06
15,41240,3.912438426141307e-05,9.543317102441429e-06
15,41250,4.274491168416717e-05,9.54309361691691e-06
15,41260,4.0339349266105276e-05,9.542870079340656e-06
15,41270,3.8234395628933274e-05,9.542646489715226e-06
15,41280,4.407989065384754e-05,9.542422848043185e-06
15,41290,4.4539104419527585e-05,9.542199154327091e-06
15,41300,4.650718592529302e-05,9.54197540856951e-06
15,41310,4.6107055277389014e-05,9.541751610773003e-06
15,41320,4.459393117031141e-05,9.541527760940135e-06
15,41330,4.051146920573956e-05,9.541303859073476e-06
15,41340,3.451341324307578e-05,9.541079905175583e-06
15,41350,3.8962717098911526e-05,9.540855899249024e-06
15,41360,4.550638989258005e-05,9.540631841296369e-06
15,41370,3.8260929295574896e-05,9.540407731320183e-06
15,41380,3.468773588792828e-05,9.540183569323035e-06
15,41390,3.898528759691544e-05,9.539959355307488e-06
15,41400,3.929680487999576e-05,9.539735089276118e-06
15,41410,4.347499084360606e-05,9.539510771231494e-06
15,41420,3.699595940815925e-05,9.53928640117618e-06
15,41430,4.125761224713642e-05,9.539061979112756e-06
15,41440,3.820500053279829e-05,9.538837505043787e-06
15,41450,4.050897571232781e-05,9.538612978971844e-06
15,41460,3.5514556520865875e-05,9.538388400899497e-06
15,41470,3.777774454647442e-05,9.538163770829325e-06
15,41480,4.311393620355374e-05,9.537939088763902e-06
15,41490,3.7660803877770376e-05,9.537714354705796e-06
15,41500,3.857564231566357e-05,9.537489568657586e-06
15,41510,3.8201864799702887e-05,9.53726473062185e-06
15,41520,3.785923513532907e-05,9.537039840601162e-06
15,41530,4.62108509054815e-05,9.536814898598097e-06
15,41540,4.185791312920628e-05,9.53658990461523e-06
15,41550,3.96469809629707e-05,9.536364858655144e-06
15,41560,4.172576916516846e-05,9.536139760720417e-06
15,41570,4.18663266373187e-05,9.535914610813622e-06
15,41580,4.191570537841471e-05,9.535689408937347e-06
15,41590,3.8932789539103394e-05,9.535464155094169e-06
15,41600,3.6798998144149665e-05,9.535238849286667e-06
15,41610,3.738625782716553e-05,9.535013491517425e-06
15,41620,3.785003543725907e-05,9.534788081789021e-06
15,41630,3.9285516754716804e-05,9.534562620104042e-06
15,41640,4.366627904346388e-05,9.534337106465066e-06
15,41650,4.4729155274581e-05,9.534111540874682e-06
15,41660,3.9205295365718484e-05,9.53388592333547e-06
15,41670,3.886673637225613e-05,9.533660253850022e-06
15,41680,3.613336880334828e-05,9.533434532420918e-06
15,41690,3.9925433907228576e-05,9.533208759050745e-06
15,41700,4.296686868201505e-05,9.53298293374209e-06
15,41710,3.81547052256792e-05,9.53275705649754e-06
15,41720,4.00420171672522e-05,9.532531127319683e-06
15,41730,3.8178235877239784e-05,9.53230514621111e-06
15,41740,3.950209743379673e-05,9.532079113174407e-06
15,41750,4.7117768599491686e-05,9.531853028212164e-06
15,41760,3.525167421685183e-05,9.531626891326971e-06
15,41770,3.9618596383661496e-05,9.531400702521418e-06
15,41780,4.215055955683056e-05,9.531174461798102e-06
15,41790,3.7566036326097674e-05,9.530948169159608e-06
15,41800,4.156282470830775e-05,9.530721824608532e-06
15,41810,4.312182247758755e-05,9.530495428147468e-06
15,41820,4.0794365372676114e-05,9.53026897977901e-06
15,41830,4.142999353007326e-05,9.530042479505756e-06
15,41840,3.905127578036627e-05,9.529815927330294e-06
15,41850,4.2448019894436587e-05,9.529589323255226e-06
15,41860,3.9128342450567295e-05,9.529362667283144e-06
15,41870,3.813720743437444e-05,9.529135959416642e-06
15,41880,3.74377692651251e-05,9.528909199658321e-06
15,41890,3.9121895179050624e-05,9.528682388010782e-06
15,41900,3.676246772101876e-05,9.528455524476623e-06
15,41910,3.591490142298425e-05,9.528228609058439e-06
15,41920,4.126412225105014e-05,9.528001641758831e-06
15,41930,3.935716088108165e-05,9.527774622580403e-06
15,41940,3.773744879254082e-05,9.527547551525753e-06
15,41950,3.7469351877916775e-05,9.527320428597483e-06
15,41960,4.067815248163242e-05,9.527093253798195e-06
15,41970,3.978838221883052e-05,9.52686602713049e-06
15,41980,3.60731574573947e-05,9.526638748596975e-06
15,41990,4.041680927002744e-05,9.526411418200254e-06
15,42000,4.224945023452165e-05,9.52618403594293e-06
15,42010,3.6787188355447144e-05,9.525956601827608e-06
15,42020,3.64803915772427e-05,9.525729115856896e-06
15,42030,3.9551535610371506e-05,9.525501578033398e-06
15,42040,3.803684414833697e-05,9.52527398835972e-06
15,42050,3.884650438976678e-05,9.525046346838472e-06
15,42060,3.4626538922566394e-05,9.524818653472261e-06
15,42070,3.595770313040702e-05,9.524590908263696e-06
15,42080,4.281095655187528e-05,9.524363111215386e-06
15,42090,4.3243131426606854e-05,9.524135262329942e-06
15,42100,4.003271737929026e-05,9.523907361609974e-06
15,42110,3.882872445046814e-05,9.523679409058096e-06
15,42120,3.998989639057981e-05,9.523451404676913e-06
15,42130,4.024359275263123e-05,9.523223348469045e-06
15,42140,3.93977064959472e-05,9.522995240437098e-06
15,42150,4.0096027760228026e-05,9.522767080583692e-06
15,42160,3.8996959483483805e-05,9.522538868911439e-06
15,42170,3.7348083765209594e-05,9.522310605422948e-06
15,42180,4.0136581128535914e-05,9.522082290120837e-06
15,42190,4.572026459754852e-05,9.521853923007728e-06
15,42200,3.7114927749826165e-05,9.52162550408623e-06
15,42210,4.081851247974555e-05,9.521397033358963e-06
15,42220,3.5231633296461945e-05,9.521168510828544e-06
15,42230,3.8319846476042584e-05,9.520939936497594e-06
15,42240,3.834741683022002e-05,9.520711310368729e-06
15,42250,4.290087799745379e-05,9.520482632444572e-06
15,42260,3.67313829201521e-05,9.520253902727738e-06
15,42270,3.8500459049828356e-05,9.520025121220852e-06
15,42280,3.550234580416145e-05,9.51979628792653e-06
15,42290,3.6750102708538186e-05,9.519567402847398e-06
15,42300,3.819034175194247e-05,9.519338465986082e-06
15,42310,3.620105403570051e-05,9.519109477345199e-06
15,42320,4.14626866358958e-05,9.51888043692737e-06
15,42330,4.119860066111869e-05,9.518651344735227e-06
15,42340,4.2215979010506996e-05,9.51842220077139e-06
15,42350,3.5403637093622825e-05,9.518193005038485e-06
15,42360,3.7178601382947817e-05,9.517963757539139e-06
15,42370,4.020276689971069e-05,9.517734458275977e-06
15,42380,3.936194596008136e-05,9.517505107251627e-06
15,42390,4.108269847620249e-05,9.517275704468721e-06
15,42400,3.83489377782098e-05,9.517046249929883e-06
15,42410,3.9870549449005915e-05,9.51681674363774e-06
15,42420,3.6518137267194104e-05,9.516587185594923e-06
15,42430,3.580503148441494e-05,9.516357575804058e-06
15,42440,3.628431959441514e-05,9.516127914267784e-06
15,42450,3.795833922595193e-05,9.515898200988729e-06
15,42460,3.7031938200016155e-05,9.515668435969525e-06
15,42470,3.6277173785492776e-05,9.515438619212805e-06
15,42480,4.04607567588755e-05,9.515208750721202e-06
15,42490,3.905843602751702e-05,9.514978830497349e-06
15,42500,3.674847746424348e-05,9.51474885854388e-06
15,42510,3.90424095257913e-05,9.514518834863431e-06
15,42520,3.701929911130719e-05,9.514288759458636e-06
15,42530,4.22205825088895e-05,9.51405863233213e-06
15,42540,3.478826240552735e-05,9.51382845348655e-06
15,42550,3.885496075781703e-05,9.51359822292454e-06
15,42560,3.984299423791526e-05,9.513367940648729e-06
15,42570,3.882668993355764e-05,9.513137606661758e-06
15,42580,4.027652555578243e-05,9.512907220966268e-06
15,42590,3.752101060854329e-05,9.512676783564898e-06
15,42600,3.9871274520919545e-05,9.512446294460289e-06
15,42610,3.839128601157427e-05,9.512215753655076e-06
15,42620,4.048084535952511e-05,9.511985161151906e-06
15,42630,3.59633716470853e-05,9.511754516953422e-06
15,42640,3.5063751579400555e-05,9.511523821062266e-06
15,42650,4.541654964214104e-05,9.511293073481073e-06
15,42660,4.04876634320317e-05,9.511062274212497e-06
15,42670,4.223468781674455e-05,9.510831423259181e-06
15,42680,3.978241695676843e-05,9.510600520623768e-06
15,42690,3.952939869122929e-05,9.510369566308898e-06
15,42700,3.583855811939429e-05,9.510138560317222e-06
15,42710,3.722406306678749e-05,9.509907502651392e-06
15,42720,3.5977840047962674e-05,9.50967639331405e-06
15,42730,4.0536921073908164e-05,9.509445232307841e-06
15,42740,4.200237096938508e-05,9.509214019635415e-06
15,42750,4.225185743962356e-05,9.508982755299427e-06
15,42760,4.240842827130109e-05,9.508751439302519e-06
15,42770,4.599854019033956e-05,9.508520071647344e-06
15,42780,4.034203814171633e-05,9.508288652336555e-06
15,42790,3.747995172034279e-05,9.508057181372804e-06
15,42800,3.84441681262615e-05,9.50782565875874e-06
15,42810,3.816159846792289e-05,9.507594084497019e-06
15,42820,3.9250044233085644e-05,9.507362458590284e-06
15,42830,3.911367975888424e-05,9.507130781041201e-06
15,42840,3.961483416787815e-05,9.506899051852417e-06
15,42850,3.876484020111093e-05,9.506667271026592e-06
15,42860,3.540596233051474e-05,9.50643543856638e-06
15,42870,3.770692517264251e-05,9.506203554474439e-06
15,42880,4.174904515821254e-05,9.505971618753422e-06
15,42890,4.098872993836267e-05,9.505739631405985e-06
15,42900,3.906429797098099e-05,9.50550759243479e-06
15,42910,3.979528394211229e-05,9.505275501842493e-06
15,42920,3.533945157414564e-05,9.505043359631757e-06
15,42930,3.6563093976837985e-05,9.504811165805237e-06
15,42940,4.050606517012057e-05,9.504578920365597e-06
15,42950,3.522260376485065e-05,9.504346623315497e-06
15,42960,3.956452401325805e-05,9.504114274657598e-06
15,42970,4.48911490593673e-05,9.503881874394565e-06
15,42980,4.076736597653508e-05,9.503649422529057e-06
15,42990,3.779030178066023e-05,9.50341691906374e-06
15,43000,3.615336624989141e-05,9.503184364001274e-06
15,43010,3.925515768514742e-05,9.502951757344323e-06
15,43020,3.501862677239842e-05,9.502719099095555e-06
15,43030,3.9437895884475446e-05,9.502486389257634e-06
15,43040,4.2381158573334686e-05,9.502253627833226e-06
15,43050,4.0638024370309725e-05,9.502020814825002e-06
15,43060,4.0706705135562515e-05,9.501787950235625e-06
15,43070,4.0360413345297267e-05,9.501555034067764e-06
15,43080,3.3472468726358787e-05,9.501322066324093e-06
15,43090,3.8748740712435394e-05,9.501089047007272e-06
15,43100,4.180646074019023e-05,9.500855976119975e-06
15,43110,3.617798149662121e-05,9.500622853664873e-06
15,43120,3.51974555542256e-05,9.50038967964464e-06
15,43130,3.803424453963089e-05,9.500156454061943e-06
15,43140,3.741140299098333e-05,9.499923176919451e-06
15,43150,3.706459797285788e-05,9.499689848219845e-06
15,43160,3.749235856957967e-05,9.499456467965795e-06
15,43170,3.721455157119635e-05,9.499223036159974e-06
15,43180,3.806212041581603e-05,9.498989552805058e-06
15,43190,3.664812204533518e-05,9.498756017903718e-06
15,43200,3.7248841590553634e-05,9.498522431458637e-06
15,43210,4.157422845310066e-05,9.498288793472481e-06
15,43220,3.759561022889102e-05,9.498055103947934e-06
15,43230,3.534525592385762e-05,9.49782136288767e-06
15,43240,3.7636808974639274e-05,9.49758757029437e-06
15,43250,3.7758070129711994e-05,9.49735372617071e-06
15,43260,3.553565993570374e-05,9.497119830519372e-06
15,43270,3.564126786841371e-05,9.496885883343033e-06
15,43280,3.937095789297018e-05,9.496651884644374e-06
15,43290,3.526347845763667e-05,9.496417834426079e-06
15,43300,4.064722663770226e-05,9.49618373269083e-06
15,43310,3.4751016346490364e-05,9.495949579441308e-06
15,43320,3.7743671668977186e-05,9.495715374680195e-06
15,43330,3.7401449412755027e-05,9.495481118410173e-06
15,43340,3.7078202808515925e-05,9.495246810633927e-06
15,43350,3.789502161453129e-05,9.49501245135414e-06
15,43360,3.578430792003928e-05,9.4947780405735e-06
15,43370,3.636811022715847e-05,9.494543578294692e-06
15,43380,3.729530299096951e-05,9.4943090645204e-06
15,43390,3.3753296315808255e-05,9.494074499253316e-06
15,43400,4.104082365756766e-05,9.493839882496122e-06
15,43410,4.0242878640128765e-05,9.493605214251507e-06
15,43420,3.802592602824006e-05,9.493370494522166e-06
15,43430,3.892786223786971e-05,9.49313572331078e-06
15,43440,3.9685476076556375e-05,9.492900900620041e-06
15,43450,3.79592252556904e-05,9.492666026452644e-06
15,43460,3.4110855426661144e-05,9.492431100811273e-06
15,43470,3.898781174029864e-05,9.492196123698626e-06
15,43480,3.566026966836944e-05,9.491961095117387e-06
15,43490,4.088499283625425e-05,9.491726015070255e-06
15,43500,3.8099479525044444e-05,9.491490883559923e-06
15,43510,3.7932397140139075e-05,9.491255700589086e-06
15,43520,3.6154609574623464e-05,9.491020466160436e-06
15,43530,3.304703643607354e-05,9.490785180276671e-06
15,43540,4.506475056587079e-05,9.490549842940483e-06
15,43550,4.088577561560669e-05,9.490314454154575e-06
15,43560,4.369253338154522e-05,9.490079013921635e-06
15,43570,3.641207829332416e-05,9.489843522244368e-06
15,43580,4.0134286859938587e-05,9.489607979125471e-06
15,43590,4.1390333421986725e-05,9.489372384567638e-06
15,43600,3.7633301258210845e-05,9.489136738573569e-06
15,43610,3.837925673906284e-05,9.488901041145965e-06
15,43620,3.727408181930514e-05,9.488665292287526e-06
15,43630,3.689994812248188e-05,9.488429492000957e-06
15,43640,3.680890613395605e-05,9.488193640288955e-06
15,43650,3.746728773421637e-05,9.48795773715423e-06
15,43660,3.55050838606985e-05,9.487721782599474e-06
15,43670,3.833711944025708e-05,9.487485776627395e-06
15,43680,3.607563642162859e-05,9.487249719240699e-06
15,43690,3.2490303556187425e-05,9.487013610442086e-06
15,43700,3.017308665675955e-05,9.486777450234265e-06
15,43710,3.646160998869163e-05,9.486541238619944e-06
15,43720,3.7824486321369476e-05,9.486304975601824e-06
15,43730,3.2911840844462854e-05,9.486068661182614e-06
15,43740,3.8396873151214095e-05,9.485832295365021e-06
15,43750,3.695994166719174e-05,9.485595878151758e-06
15,43760,4.210972626879084e-05,9.485359409545524e-06
15,43770,3.539817973887693e-05,9.48512288954904e-06
15,43780,3.8777475811002664e-05,9.484886318165006e-06
15,43790,3.8225889329623894e-05,9.48464969539614e-06
15,43800,4.4968377073928424e-05,9.484413021245147e-06
15,43810,3.671569952530263e-05,9.48417629571474e-06
15,43820,3.3344177154503996e-05,9.483939518807632e-06
15,43830,3.63674608479414e-05,9.483702690526533e-06
15,43840,3.890204268373055e-05,9.483465810874162e-06
15,43850,3.616873443661461e-05,9.483228879853232e-06
15,43860,3.893326229444938e-05,9.482991897466455e-06
15,43870,3.68164327028353e-05,9.482754863716555e-06
15,43880,3.7177982176217486e-05,9.48251777860623e-06
15,43890,4.0931185117187846e-05,9.48228064213821e-06
15,43900,3.730927639935544e-05,9.482043454315206e-06
15,43910,3.911776952918444e-05,9.481806215139936e-06
15,43920,3.7615009637193e-05,9.481568924615119e-06
15,43930,4.4554178134603714e-05,9.481331582743479e-06
15,43940,3.8424250647040026e-05,9.481094189527735e-06
15,43950,3.557933093816246e-05,9.480856744970596e-06
15,43960,3.718318666869891e-05,9.480619249074794e-06
15,43970,3.944848485843977e-05,9.480381701843041e-06
15,43980,3.4834870211852825e-05,9.480144103278068e-06
15,43990,3.9615749210497596e-05,9.479906453382588e-06
15,44000,3.753641769890237e-05,9.47966875215933e-06
15,44010,3.931826370262569e-05,9.479430999611016e-06
15,44020,3.871976737173099e-05,9.479193195740368e-06
15,44030,4.064109325554455e-05,9.478955340550109e-06
15,44040,3.7992048441992664e-05,9.478717434042972e-06
15,44050,3.920747508345813e-05,9.478479476221677e-06
15,44060,3.559093534022395e-05,9.478241467088952e-06
15,44070,4.06006314278784e-05,9.478003406647527e-06
15,44080,3.597772040393465e-05,9.477765294900125e-06
15,44090,3.84982307195969e-05,9.477527131849473e-06
15,44100,3.9864583868620684e-05,9.477288917498301e-06
15,44110,3.5162924109499724e-05,9.477050651849342e-06
15,44120,3.522980259731412e-05,9.476812334905323e-06
15,44130,3.568818499388726e-05,9.476573966668971e-06
15,44140,3.7909596017016156e-05,9.476335547143025e-06
15,44150,4.309391324568424e-05,9.476097076330207e-06
15,44160,3.9819593484935464e-05,9.475858554233258e-06
15,44170,3.7312727090466066e-05,9.47561998085491e-06
15,44175,4.1133374861601626e-05,9.475500674936064e-06
15,validation,3.2534175261389464e-05,9.475500674936064e-06
16,44185,4.095800675258943e-05,9.475262024640739e-06
16,44195,3.848929179639526e-05,9.475023323070844e-06
16,44205,3.841088632725587e-05,9.474784570229117e-06
16,44215,3.95167035776467e-05,9.474545766118292e-06
16,44225,3.578157095489587e-05,9.474306910741104e-06
16,44235,3.709425327542703e-05,9.4740680041003e-06
16,44245,3.757545186999777e-05,9.473829046198605e-06
16,44255,3.398123319584556e-05,9.473590037038756e-06
16,44265,3.7516875363508e-05,9.4733509766235e-06
16,44275,3.844856350951886e-05,9.473111864955572e-06
16,44285,3.875871279888088e-05,9.472872702037714e-06
16,44295,3.8844058985887385e-05,9.47263348787266e-06
16,44305,3.618400180585013e-05,9.472394222463157e-06
16,44315,3.7007287301094034e-05,9.472154905811945e-06
16,44325,3.591013435197965e-05,9.471915537921767e-06
16,44335,3.813130817889032e-05,9.471676118795365e-06
16,44345,3.744706812085496e-05,9.47143664843548e-06
16,44355,3.722628860032273e-05,9.471197126844853e-06
16,44365,3.8656849460494415e-05,9.470957554026228e-06
16,44375,3.5373094146962106e-05,9.470717929982359e-06
16,44385,3.6711053667204396e-05,9.47047825471599e-06
16,44395,3.607849048421485e-05,9.470238528229863e-06
16,44405,4.1938150206988216e-05,9.46999875052672e-06
16,44415,3.875423014960689e-05,9.469758921609315e-06
16,44425,3.730677699422813e-05,9.469519041480394e-06
16,44435,3.572720904685411e-05,9.469279110142708e-06
16,44445,3.432130238252285e-05,9.469039127599e-06
16,44455,3.8909199088266174e-05,9.468799093852024e-06
16,44465,3.85956527225062e-05,9.468559008904528e-06
16,44475,3.275939557170205e-05,9.468318872759264e-06
16,44485,3.243022874812596e-05,9.468078685418983e-06
16,44495,3.7996021069375276e-05,9.467838446886435e-06
16,44505,3.753427724859649e-05,9.467598157164377e-06
16,44515,3.833674106772378e-05,9.467357816255557e-06
16,44525,3.573340093225852e-05,9.467117424162732e-06
16,44535,3.914164617526694e-05,9.466876980888656e-06
16,44545,3.793083712935186e-05,9.466636486436085e-06
16,44555,3.598371752104868e-05,9.466395940807773e-06
16,44565,4.291317873139633e-05,9.466155344006475e-06
16,44575,3.826620643394563e-05,9.465914696034942e-06
16,44585,3.27141392745034e-05,9.465673996895941e-06
16,44595,3.981151785410475e-05,9.465433246592229e-06
16,44605,3.7184031339165816e-05,9.465192445126556e-06
16,44615,3.8236365094235224e-05,9.46495159250169e-06
16,44625,3.590251237710617e-05,9.464710688720389e-06
16,44635,3.635734128693002e-05,9.464469733785412e-06
16,44645,4.3106207795062804e-05,9.464228727699515e-06
16,44655,4.042872028549027e-05,9.463987670465464e-06
16,44665,3.9427176670869815e-05,9.46374656208602e-06
16,44675,4.391713305267331e-05,9.463505402563944e-06
16,44685,3.939984160297172e-05,9.463264191902e-06
16,44695,3.624841497185116e-05,9.463022930102952e-06
16,44705,3.5872297007699676e-05,9.462781617169567e-06
16,44715,3.844975756237545e-05,9.462540253104608e-06
16,44725,3.854890805996547e-05,9.462298837910836e-06
16,44735,3.9008103431115164e-05,9.462057371591022e-06
16,44745,3.9242290108632004e-05,9.461815854147935e-06
16,44755,3.47264066022035e-05,9.461574285584336e-06
16,44765,4.175520566604974e-05,9.461332665902993e-06
16,44775,3.811849428529967e-05,9.461090995106676e-06
16,44785,4.276203399058431e-05,9.460849273198156e-06
16,44795,4.077046467045875e-05,9.460607500180199e-06
16,44805,4.364193523542781e-05,9.460365676055579e-06
16,44815,3.5221717371314296e-05,9.460123800827064e-06
16,44825,3.6860851741948865e-05,9.459881874497423e-06
16,44835,3.9745661865708826e-05,9.459639897069432e-06
16,44845,3.875553652505914e-05,9.45939786854586e-06
16,44855,4.179338166068192e-05,9.459155788929487e-06
16,44865,3.602022331961052e-05,9.458913658223073e-06
16,44875,3.881623308643612e-05,9.458671476429404e-06
16,44885,3.4892457233581804e-05,9.458429243551258e-06
16,44895,3.503598545648856e-05,9.458186959591399e-06
16,44905,4.2161938267781813e-05,9.457944624552607e-06
16,44915,3.555806467829825e-05,9.457702238437657e-06
16,44925,3.678088614833542e-05,9.457459801249332e-06
16,44935,3.7837156583009346e-05,9.457217312990405e-06
16,44945,4.0240458747575755e-05,9.456974773663658e-06
16,44955,4.092950782705884e-05,9.456732183271865e-06
16,44965,3.829009679066076e-05,9.456489541817804e-06
16,44975,3.866057134018774e-05,9.45624684930426e-06
16,44985,4.155500955675961e-05,9.456004105734015e-06
16,44995,3.8122661203487956e-05,9.455761311109847e-06
16,45005,3.738381160474092e-05,9.455518465434535e-06
16,45015,3.6742701536240925e-05,9.455275568710864e-06
