epoch,step,recon_loss,lr
1,10,0.8026827841997147,1.9900000000000002e-07
1,20,0.8031954824924469,2.9799999999999994e-07
1,30,0.8030426204204559,3.969999999999998e-07
1,40,0.8026532262563706,4.959999999999999e-07
1,50,0.802333976328373,5.949999999999999e-07
1,60,0.8018946871161461,6.939999999999998e-07
1,70,0.8020630314946174,7.93e-07
1,80,0.8014584004878997,8.920000000000001e-07
1,90,0.8008356213569642,9.909999999999995e-07
1,100,0.8013306125998497,1.0899999999999997e-06
1,110,0.8002375885844231,1.1890000000000002e-06
1,120,0.7993300572037696,1.288e-06
1,130,0.7992209181189537,1.3869999999999996e-06
1,140,0.7970640823245048,1.4859999999999994e-06
1,150,0.7971242114901542,1.5849999999999994e-06
1,160,0.7951221123337746,1.6839999999999997e-06
1,170,0.7938544645905494,1.782999999999999e-06
1,180,0.7924555212259292,1.8819999999999987e-06
1,190,0.7899240210652351,1.9809999999999998e-06
1,200,0.7891453921794891,2.079999999999999e-06
1,210,0.7866165935993195,2.179e-06
1,220,0.7836876779794693,2.2779999999999988e-06
1,230,0.7820968970656396,2.3769999999999986e-06
1,240,0.7794311732053757,2.4759999999999984e-06
1,250,0.7769062057137489,2.574999999999998e-06
1,260,0.774905414879322,2.6739999999999976e-06
1,270,0.7717980787158012,2.772999999999997e-06
1,280,0.7695574313402176,2.871999999999997e-06
1,290,0.7668709591031075,2.9709999999999966e-06
1,300,0.763870683312416,3.069999999999996e-06
1,310,0.7603561297059059,3.168999999999996e-06
1,320,0.758165566623211,3.2679999999999952e-06
1,330,0.7546198293566704,3.366999999999995e-06
1,340,0.7521513149142265,3.465999999999996e-06
1,350,0.7490275338292123,3.5649999999999947e-06
1,360,0.7461315825581551,3.6639999999999953e-06
1,370,0.7426029816269875,3.7629999999999956e-06
1,380,0.7399722039699554,3.861999999999997e-06
1,390,0.7369418561458587,3.960999999999998e-06
1,400,0.7343920677900314,4.059999999999999e-06
1,410,0.7300655111670494,4.1589999999999995e-06
1,420,0.7273801088333129,4.258e-06
1,430,0.7239129811525344,4.356999999999998e-06
1,440,0.7211083471775055,4.4559999999999985e-06
1,450,0.7173027977347374,4.555e-06
1,460,0.714479985833168,4.654e-06
1,470,0.710361510515213,4.752999999999998e-06
1,480,0.7071305990219117,4.8519999999999995e-06
1,490,0.7029900863766669,4.950999999999998e-06
1,500,0.6992841154336928,5.049999999999999e-06
1,510,0.6951860293745995,5.1489999999999985e-06
1,520,0.6914010494947433,5.247999999999998e-06
1,530,0.6878262758255005,5.346999999999998e-06
1,540,0.683329351246357,5.446e-06
1,550,0.6790148645639419,5.545e-06
1,560,0.6748253718018532,5.644000000000001e-06
1,570,0.6710816264152527,5.743e-06
1,580,0.6671312496066093,5.842e-06
1,590,0.6621727243065834,5.941000000000001e-06
1,600,0.6572306916117668,6.040000000000001e-06
1,610,0.6522085085511208,6.138999999999999e-06
1,620,0.6475110441446305,6.237999999999999e-06
1,630,0.6423386484384537,6.3370000000000005e-06
1,640,0.6372291281819343,6.4360000000000016e-06
1,650,0.6321411952376366,6.535000000000001e-06
1,660,0.6274101123213768,6.633999999999999e-06
1,670,0.6212786987423897,6.732999999999999e-06
1,680,0.6157245248556138,6.831999999999998e-06
1,690,0.6107332915067673,6.930999999999996e-06
1,700,0.6045049667358399,7.029999999999995e-06
1,710,0.5989104107022285,7.128999999999995e-06
1,720,0.5926982641220093,7.227999999999993e-06
1,730,0.5868527069687843,7.326999999999996e-06
1,740,0.5815030723810195,7.426e-06
1,750,0.5744721814990044,7.525e-06
1,760,0.5683281153440476,7.6239999999999985e-06
1,770,0.5614378660917283,7.723e-06
1,780,0.5542978137731552,7.821999999999999e-06
1,790,0.5481206133961678,7.921e-06
1,800,0.5414490088820457,8.020000000000001e-06
1,810,0.5343465954065323,8.118999999999998e-06
1,820,0.5277104377746582,8.217999999999997e-06
1,830,0.5208726927638054,8.316999999999998e-06
1,840,0.5137869790196419,8.415999999999999e-06
1,850,0.5067134946584702,8.514999999999997e-06
1,860,0.5000305160880089,8.613999999999994e-06
1,870,0.4916414625942707,8.712999999999996e-06
1,880,0.4846270516514778,8.811999999999993e-06
1,890,0.47693848684430123,8.910999999999991e-06
1,900,0.47045680657029154,9.00999999999999e-06
1,910,0.46250072196125985,9.10899999999999e-06
1,920,0.4554740898311138,9.207999999999992e-06
1,930,0.44731885492801665,9.306999999999996e-06
1,940,0.44028348922729493,9.406e-06
1,950,0.43238396421074865,9.505000000000003e-06
1,960,0.4250341147184372,9.604000000000002e-06
1,970,0.4177431002259254,9.703000000000005e-06
1,980,0.410623749345541,9.802000000000005e-06
1,990,0.4025059349834919,9.901000000000007e-06
1,1000,0.39513990357518197,1e-05
1,1010,0.3877344876527786,9.999999992863501e-06
1,1020,0.3804801270365715,9.999999971454011e-06
1,1030,0.3728685893118382,9.999999935771527e-06
1,1040,0.3659591026604176,9.999999885816048e-06
1,1050,0.359256973862648,9.999999821587574e-06
1,1060,0.3523452840745449,9.999999743086107e-06
1,1070,0.3450639210641384,9.999999650311647e-06
1,1080,0.33871782049536703,9.999999543264196e-06
1,1090,0.3321356020867824,9.999999421943747e-06
1,1100,0.32578641921281815,9.999999286350306e-06
1,1110,0.3194252587854862,9.99999913648387e-06
1,1120,0.31299082785844806,9.999998972344449e-06
1,1130,0.30696925446391105,9.999998793932029e-06
1,1140,0.30110694468021393,9.999998601246622e-06
1,1150,0.29585447832942013,9.99999839428822e-06
1,1160,0.2902986444532871,9.999998173056834e-06
1,1170,0.28482206761837003,9.999997937552459e-06
1,1180,0.27932354137301446,9.999997687775092e-06
1,1190,0.27403446137905124,9.999997423724736e-06
1,1200,0.2690849520266056,9.999997145401392e-06
1,1210,0.2639867104589939,9.999996852805065e-06
1,1220,0.2596445530653,9.999996545935752e-06
1,1230,0.25452265366911886,9.999996224793452e-06
1,1240,0.24997693821787836,9.999995889378173e-06
1,1250,0.24540221951901914,9.99999553968991e-06
1,1260,0.2410823069512844,9.999995175728661e-06
1,1270,0.2369901515543461,9.999994797494435e-06
1,1280,0.23342014960944651,9.99999440498723e-06
1,1290,0.22907348461449145,9.999993998207046e-06
1,1300,0.2249018520116806,9.999993577153883e-06
1,1310,0.22133038975298402,9.999993141827742e-06
1,1320,0.21762582547962667,9.99999269222863e-06
1,1330,0.21410944834351542,9.999992228356541e-06
1,1340,0.21053436063230038,9.999991750211482e-06
1,1350,0.20719034112989904,9.999991257793452e-06
1,1360,0.20385941490530968,9.999990751102453e-06
1,1370,0.2005283512175083,9.999990230138484e-06
1,1380,0.19755827151238917,9.99998969490155e-06
1,1390,0.19457922205328942,9.99998914539165e-06
1,1400,0.19119613170623778,9.999988581608788e-06
1,1410,0.18897222839295863,9.999988003552966e-06
1,1420,0.18573061004281044,9.99998741122418e-06
1,1430,0.18308296911418437,9.999986804622434e-06
1,1440,0.1802283525466919,9.999986183747729e-06
1,1450,0.17795755825936796,9.999985548600075e-06
1,1460,0.17537580803036687,9.999984899179465e-06
1,1470,0.17258938141167163,9.999984235485903e-06
1,1480,0.17036961391568184,9.999983557519394e-06
1,1490,0.1677212193608284,9.999982865279938e-06
1,1500,0.16557676792144777,9.999982158767532e-06
1,1510,0.16351016536355018,9.999981437982186e-06
1,1520,0.16157941035926343,9.999980702923899e-06
1,1530,0.15906698815524578,9.99997995359267e-06
1,1540,0.15697050280869007,9.999979189988506e-06
1,1550,0.15518389418721198,9.99997841211141e-06
1,1560,0.153297521173954,9.999977619961376e-06
1,1570,0.1514176815748215,9.999976813538414e-06
1,1580,0.14947797805070878,9.999975992842523e-06
1,1590,0.1477464962750673,9.999975157873703e-06
1,1600,0.1459415856748819,9.999974308631967e-06
1,1610,0.14441070072352885,9.999973445117307e-06
1,1620,0.14255773536860944,9.999972567329725e-06
1,1630,0.1406114563345909,9.99997167526923e-06
1,1640,0.13943252712488174,9.999970768935817e-06
1,1650,0.13797534331679345,9.999969848329495e-06
1,1660,0.13637115545570852,9.999968913450266e-06
1,1670,0.135024343803525,9.99996796429813e-06
1,1680,0.13343029282987118,9.999967000873093e-06
1,1690,0.1319962851703167,9.999966023175155e-06
1,1700,0.13064572922885417,9.999965031204316e-06
1,1710,0.12924779392778873,9.999964024960588e-06
1,1720,0.12785205766558647,9.999963004443965e-06
1,1730,0.1268669579178095,9.999961969654452e-06
1,1740,0.1256577206775546,9.999960920592056e-06
1,1750,0.1244589639827609,9.999959857256772e-06
1,1760,0.12337245885282755,9.999958779648613e-06
1,1770,0.12212529294192791,9.999957687767576e-06
1,1780,0.12117942739278079,9.999956581613668e-06
1,1790,0.1201315836980939,9.99995546118689e-06
1,1800,0.11876695472747087,9.99995432648724e-06
1,1810,0.11782811023294926,9.999953177514728e-06
1,1820,0.1169899282976985,9.999952014269354e-06
1,1830,0.11581762917339802,9.999950836751122e-06
1,1840,0.11470310129225256,9.999949644960039e-06
1,1850,0.11412411276251078,9.999948438896104e-06
1,1860,0.11313336323946714,9.999947218559318e-06
1,1870,0.11232641171663998,9.999945983949693e-06
1,1880,0.11146624237298966,9.999944735067226e-06
1,1890,0.11041824985295533,9.999943471911918e-06
1,1900,0.10974269658327102,9.99994219448378e-06
1,1910,0.10876468494534491,9.999940902782814e-06
1,1920,0.10793397799134255,9.999939596809024e-06
1,1930,0.10726634394377471,9.999938276562408e-06
1,1940,0.10629083048552275,9.999936942042974e-06
1,1950,0.10585582237690687,9.999935593250726e-06
1,1960,0.10515053644776345,9.999934230185666e-06
1,1970,0.10429391767829656,9.999932852847801e-06
1,1980,0.10341391079127787,9.999931461237131e-06
1,1990,0.10283364858478308,9.999930055353665e-06
1,2000,0.10213707722723483,9.999928635197404e-06
1,2010,0.10153086706995965,9.999927200768353e-06
1,2020,0.10085903611034155,9.999925752066514e-06
1,2030,0.10011972989886998,9.999924289091896e-06
1,2040,0.09963702838867904,9.999922811844492e-06
1,2050,0.09910756703466177,9.999921320324318e-06
1,2060,0.09837072174996137,9.999919814531374e-06
1,2070,0.09802902098745109,9.999918294465664e-06
1,2080,0.09752715043723584,9.999916760127193e-06
1,2090,0.09681954570114612,9.99991521151597e-06
1,2100,0.09624256752431393,9.99991364863199e-06
1,2110,0.09575010538101196,9.999912071475261e-06
1,2120,0.09513589851558207,9.999910480045792e-06
1,2130,0.09466261845082044,9.999908874343584e-06
1,2140,0.09410795830190183,9.99990725436864e-06
1,2150,0.0936201335862279,9.999905620120967e-06
1,2160,0.09318957775831223,9.99990397160057e-06
1,2170,0.09279617797583342,9.999902308807451e-06
1,2180,0.09228584207594395,9.99990063174162e-06
1,2190,0.091928468644619,9.999898940403076e-06
1,2200,0.09122586119920016,9.999897234791828e-06
1,2210,0.09112318679690361,9.999895514907875e-06
1,2220,0.09052631054073573,9.999893780751225e-06
1,2230,0.0900951450690627,9.999892032321881e-06
1,2240,0.08934549111872911,9.999890269619854e-06
1,2250,0.08926642537117005,9.99988849264515e-06
1,2260,0.08878019172698261,9.999886701397764e-06
1,2270,0.08857313804328443,9.999884895877709e-06
1,2280,0.08810708913952112,9.999883076084991e-06
1,2290,0.08754317909479142,9.999881242019609e-06
1,2300,0.08730266392230988,9.999879393681574e-06
1,2310,0.08691275287419559,9.999877531070887e-06
1,2320,0.08654045034199953,9.999875654187557e-06
1,2330,0.08612990137189627,9.999873763031584e-06
1,2340,0.08588878437876701,9.999871857602978e-06
1,2350,0.08545903619378806,9.999869937901745e-06
1,2360,0.08516461867839098,9.99986800392789e-06
1,2370,0.08493716809898616,9.999866055681416e-06
1,2380,0.08444761410355567,9.999864093162327e-06
1,2390,0.08421693667769432,9.999862116370634e-06
1,2400,0.08381691668182611,9.999860125306339e-06
1,2410,0.08353485669940709,9.999858119969448e-06
1,2420,0.08316817954182625,9.999856100359969e-06
1,2430,0.08288150560110807,9.999854066477905e-06
1,2440,0.08261103928089142,9.999852018323265e-06
1,2450,0.08244642969220876,9.999849955896055e-06
1,2460,0.08187172301113606,9.999847879196275e-06
1,2470,0.0817881964147091,9.999845788223938e-06
1,2480,0.08155869357287884,9.999843682979045e-06
1,2490,0.08122533783316613,9.999841563461605e-06
1,2500,0.08091430719941854,9.999839429671622e-06
1,2510,0.08066927213221789,9.999837281609103e-06
1,2520,0.08050653394311666,9.999835119274055e-06
1,2530,0.08011089619249105,9.99983294266648e-06
1,2540,0.07976551465690136,9.999830751786392e-06
1,2550,0.07983637489378452,9.99982854663379e-06
1,2560,0.07942473143339157,9.999826327208682e-06
1,2570,0.07930419314652681,9.999824093511076e-06
1,2580,0.07888152468949557,9.999821845540978e-06
1,2590,0.07889015823602676,9.999819583298394e-06
1,2600,0.07850972823798658,9.999817306783333e-06
1,2610,0.07819408178329468,9.999815015995797e-06
1,2620,0.0779463915154338,9.999812710935791e-06
1,2630,0.07775817923247814,9.999810391603328e-06
1,2640,0.07768529262393713,9.99980805799841e-06
1,2650,0.07745303306728601,9.999805710121045e-06
1,2660,0.0772099269554019,9.999803347971243e-06
1,2670,0.07682302072644234,9.99980097154901e-06
1,2680,0.07670930456370115,9.999798580854346e-06
1,2690,0.07655565552413462,9.999796175887262e-06
1,2700,0.07632602695375681,9.999793756647767e-06
1,2710,0.0760577091947198,9.999791323135862e-06
1,2720,0.07588142827153206,9.999788875351562e-06
1,2730,0.07573191747069359,9.999786413294873e-06
1,2740,0.0756361460313201,9.9997839369658e-06
1,2750,0.07532051373273134,9.999781446364349e-06
1,2760,0.07508829087018967,9.999778941490523e-06
1,2770,0.07487566489726305,9.999776422344336e-06
1,2780,0.07478456683456897,9.999773888925792e-06
1,2790,0.07456390950828791,9.999771341234898e-06
1,2800,0.07455967552959919,9.999768779271666e-06
1,2810,0.07428587488830089,9.999766203036099e-06
1,2820,0.07411370016634464,9.999763612528202e-06
1,2830,0.07384392879903316,9.999761007747985e-06
1,2840,0.07370436005294323,9.999758388695454e-06
1,2850,0.07354958076030016,9.999755755370622e-06
1,2860,0.07341247480362653,9.999753107773494e-06
1,2870,0.07335486579686404,9.999750445904076e-06
1,2880,0.0729796428233385,9.999747769762376e-06
1,2890,0.07280961778014898,9.999745079348403e-06
1,2900,0.07289114631712437,9.999742374662161e-06
1,2910,0.07255948558449746,9.999739655703661e-06
1,2920,0.07232253607362508,9.999736922472907e-06
1,2930,0.07229600977152585,9.999734174969912e-06
1,2940,0.07202582228928804,9.999731413194681e-06
1,2950,0.07211463581770658,9.999728637147223e-06
1,2960,0.07173937745392323,9.999725846827542e-06
1,2970,0.07167485393583775,9.999723042235654e-06
1,2980,0.07144829183816909,9.999720223371558e-06
1,2990,0.07139591220766306,9.999717390235267e-06
1,3000,0.07115390058606863,9.999714542826784e-06
1,3010,0.0710320333018899,9.999711681146124e-06
1,3020,0.07090111393481494,9.999708805193296e-06
1,3030,0.07086096834391356,9.999705914968305e-06
1,3040,0.07054530717432499,9.999703010471155e-06
1,3050,0.07051177769899368,9.99970009170186e-06
1,3060,0.07034586891531944,9.999697158660428e-06
1,3070,0.07025993932038546,9.999694211346864e-06
1,3080,0.07002215273678303,9.999691249761177e-06
1,3090,0.06993973907083273,9.999688273903378e-06
1,3100,0.0698580427095294,9.999685283773479e-06
1,3110,0.06981155201792717,9.99968227937148e-06
1,3120,0.0695890124887228,9.999679260697396e-06
1,3130,0.06937249973416329,9.999676227751231e-06
1,3140,0.06925383117049932,9.999673180532994e-06
1,3150,0.0691386427730322,9.999670119042696e-06
1,3160,0.069040091894567,9.999667043280348e-06
1,3170,0.0689680004492402,9.999663953245958e-06
1,3180,0.0687966763973236,9.999660848939533e-06
1,3190,0.06880156006664037,9.999657730361078e-06
1,3200,0.0685533657670021,9.999654597510605e-06
1,3210,0.06845147553831339,9.999651450388126e-06
1,3220,0.06832068208605051,9.999648288993646e-06
1,3230,0.06807379145175219,9.999645113327177e-06
1,3240,0.06825976576656102,9.999641923388724e-06
1,3250,0.06793194618076087,9.999638719178298e-06
1,3260,0.06786934398114682,9.999635500695909e-06
1,3270,0.06761583480983974,9.999632267941567e-06
1,3280,0.06770367473363877,9.99962902091528e-06
1,3290,0.06758873611688614,9.99962575961706e-06
1,3300,0.06738609317690133,9.999622484046912e-06
1,3310,0.0672895921394229,9.999619194204848e-06
1,3320,0.0671951150521636,9.999615890090877e-06
1,3330,0.06699789166450501,9.999612571705007e-06
1,3340,0.0669222692027688,9.999609239047246e-06
1,3350,0.06682970710098743,9.99960589211761e-06
1,3360,0.06660061068832873,9.999602530916101e-06
1,3370,0.0665635671466589,9.999599155442733e-06
1,3380,0.06650662925094367,9.999595765697518e-06
1,3390,0.06646384205669165,9.999592361680463e-06
1,3400,0.0662229446694255,9.999588943391572e-06
1,3410,0.06612801682204009,9.99958551083086e-06
1,3420,0.06599167715758085,9.999582063998342e-06
1,3430,0.06601729076355695,9.99957860289402e-06
1,3440,0.06591450255364179,9.999575127517906e-06
1,3450,0.06577291898429394,9.99957163787001e-06
1,3460,0.06558219995349646,9.999568133950343e-06
1,3470,0.06558453030884266,9.999564615758917e-06
1,3480,0.06533186696469784,9.999561083295736e-06
1,3490,0.06532995011657476,9.999557536560812e-06
1,3500,0.06529279258102179,9.99955397555416e-06
1,3510,0.0652481008321047,9.999550400275787e-06
1,3520,0.06513141188770533,9.999546810725702e-06
1,3530,0.06494466010481119,9.999543206903915e-06
1,3540,0.06484591718763114,9.99953958881044e-06
1,3550,0.0646604061126709,9.999535956445283e-06
1,3560,0.06461973153054715,9.999532309808454e-06
1,3570,0.06448863726109266,9.999528648899965e-06
1,3580,0.06442498229444027,9.999524973719829e-06
1,3590,0.06445788815617562,9.999521284268057e-06
1,3600,0.06426156535744668,9.999517580544655e-06
1,3610,0.06410273853689431,9.999513862549637e-06
1,3620,0.0640028465539217,9.99951013028301e-06
1,3630,0.06392988990992307,9.999506383744792e-06
1,3640,0.06392403803765774,9.999502622934982e-06
1,3650,0.06378904655575753,9.9994988478536e-06
1,3660,0.06374174859374762,9.999495058500653e-06
1,3670,0.06344433147460221,9.999491254876154e-06
1,3680,0.06340475901961326,9.999487436980114e-06
1,3690,0.06342985574156046,9.999483604812543e-06
1,3700,0.06325019439682365,9.999479758373447e-06
1,3710,0.06316820336505771,9.999475897662844e-06
1,3720,0.06300440263003111,9.999472022680745e-06
1,3730,0.06294734356924891,9.999468133427155e-06
1,3740,0.06297622742131352,9.999464229902089e-06
1,3750,0.06270621391013265,9.99946031210556e-06
1,3760,0.06271475944668055,9.999456380037577e-06
1,3770,0.06257063960656524,9.999452433698147e-06
1,3780,0.062464853096753356,9.999448473087289e-06
1,3790,0.06236828528344631,9.999444498205011e-06
1,3800,0.0623559451662004,9.999440509051323e-06
1,3810,0.06221029832959175,9.99943650562624e-06
1,3820,0.06213901396840811,9.999432487929772e-06
1,3830,0.06204663179814816,9.999428455961931e-06
1,3840,0.06195397693663836,9.999424409722727e-06
1,3850,0.061902460735291244,9.999420349212166e-06
1,3860,0.061739055719226596,9.999416274430267e-06
1,3870,0.06175969801843166,9.999412185377044e-06
1,3880,0.061524567939341065,9.999408082052501e-06
1,3890,0.06158436136320233,9.999403964456658e-06
1,3900,0.061350191384553915,9.99939983258952e-06
1,3910,0.06140855690464377,9.999395686451102e-06
1,3920,0.061180013418197635,9.99939152604141e-06
1,3930,0.0610709436237812,9.99938735136046e-06
1,3940,0.061147303134202954,9.999383162408269e-06
1,3950,0.06104903351515531,9.99937895918484e-06
1,3960,0.060937301721423864,9.99937474169019e-06
1,3970,0.06078651454299688,9.999370509924335e-06
1,3980,0.06072683967649937,9.999366263887282e-06
1,3990,0.06061653234064579,9.999362003579042e-06
1,4000,0.06061060326173902,9.99935772899963e-06
1,4010,0.06045596608892083,9.999353440149056e-06
1,4020,0.06039786534383893,9.999349137027335e-06
1,4030,0.060196658503264194,9.999344819634474e-06
1,4040,0.06025035306811333,9.999340487970489e-06
1,4050,0.06005851412191988,9.999336142035395e-06
1,4060,0.06010304288938642,9.9993317818292e-06
1,4070,0.059970583952963355,9.999327407351919e-06
1,4080,0.05979889500886202,9.999323018603556e-06
1,4090,0.05962472455576062,9.999318615584136e-06
1,4100,0.0596483463421464,9.999314198293663e-06
1,4110,0.05955114718526602,9.999309766732153e-06
1,4120,0.059504032321274276,9.999305320899623e-06
1,4130,0.059401594940572976,9.99930086079608e-06
1,4140,0.05922627039253712,9.99929638642154e-06
1,4150,0.05906221689656377,9.999291897776018e-06
1,4160,0.05908295270055532,9.99928739485952e-06
1,4170,0.05906491419300437,9.999282877672062e-06
1,4180,0.058889320306479934,9.999278346213652e-06
1,4190,0.05889773899689316,9.999273800484311e-06
1,4200,0.058687268570065496,9.99926924048405e-06
1,4210,0.058764533884823326,9.999264666212876e-06
1,4220,0.05854047359898687,9.999260077670809e-06
1,4230,0.05844472534954548,9.99925547485786e-06
1,4240,0.05835287496447563,9.999250857774042e-06
1,4250,0.058267450984567405,9.999246226419364e-06
1,4260,0.05815772479400039,9.999241580793847e-06
1,4270,0.05806181281805038,9.999236920897504e-06
1,4280,0.058168557845056056,9.999232246730342e-06
1,4290,0.05796309243887663,9.999227558292375e-06
1,4300,0.05788111081346869,9.999222855583624e-06
1,4310,0.057812631502747534,9.999218138604096e-06
1,4320,0.05767315840348602,9.999213407353804e-06
1,4330,0.05766263650730252,9.999208661832762e-06
1,4340,0.05750935161486268,9.999203902040984e-06
1,4350,0.05747798588126898,9.999199127978482e-06
1,4360,0.057282537966966626,9.999194339645275e-06
1,4370,0.057226078491657964,9.999189537041371e-06
1,4380,0.05729342168197036,9.999184720166785e-06
1,4390,0.057084903679788114,9.999179889021531e-06
1,4400,0.05702406652271748,9.999175043605624e-06
1,4410,0.05694935182109475,9.99917018391908e-06
1,4420,0.05677844332531094,9.999165309961905e-06
1,4430,0.05677373977378011,9.999160421734125e-06
1,4440,0.05663310028612614,9.999155519235743e-06
1,4450,0.05652039619162679,9.99915060246678e-06
1,4460,0.05652921134606004,9.999145671427248e-06
1,4470,0.056425664201378824,9.99914072611716e-06
1,4480,0.05630463631823659,9.99913576653653e-06
1,4490,0.05618208423256874,9.999130792685371e-06
1,4500,0.05620531365275383,9.999125804563698e-06
1,4510,0.05603712210431695,9.99912080217153e-06
1,4520,0.05596799710765481,9.999115785508875e-06
1,4530,0.055805912334471935,9.999110754575752e-06
1,4540,0.05582838607951999,9.999105709372168e-06
1,4550,0.055749989207834014,9.999100649898144e-06
1,4560,0.05571568496525288,9.999095576153693e-06
1,4570,0.05555466338992118,9.99909048813883e-06
1,4580,0.05546189360320568,9.999085385853572e-06
1,4590,0.05533849522471428,9.999080269297928e-06
1,4600,0.05524455709382892,9.999075138471913e-06
1,4610,0.05513954740017653,9.999069993375545e-06
1,4620,0.055109620187431575,9.999064834008835e-06
1,4630,0.05507858507335186,9.999059660371802e-06
1,4640,0.05496545694768429,9.999054472464464e-06
1,4650,0.05491787502542138,9.999049270286825e-06
1,4660,0.05474115172401071,9.999044053838906e-06
1,4670,0.05469976160675287,9.999038823120722e-06
1,4680,0.054528952669352294,9.999033578132286e-06
1,4690,0.0544456516392529,9.999028318873614e-06
1,4700,0.054349062498658895,9.999023045344723e-06
1,4710,0.054360964056104424,9.999017757545628e-06
1,4720,0.05427868831902742,9.999012455476343e-06
1,4730,0.053992964979261156,9.99900713913688e-06
1,4740,0.05402941964566708,9.99900180852726e-06
1,4750,0.05397098446264863,9.998996463647491e-06
1,4760,0.05389065500348807,9.998991104497591e-06
1,4770,0.05381188364699483,9.998985731077577e-06
1,4780,0.05375856263563038,9.998980343387464e-06
1,4790,0.05352106159552932,9.998974941427269e-06
1,4800,0.05352970380336046,9.998969525197004e-06
1,4810,0.053476670850068325,9.99896409469669e-06
1,4820,0.05331551972776652,9.998958649926338e-06
1,4830,0.05316560445353388,9.998953190885961e-06
1,4840,0.05307954298332334,9.998947717575581e-06
1,4850,0.053114671446382995,9.998942229995207e-06
1,4860,0.0529879180714488,9.998936728144857e-06
1,4870,0.05286041647195816,9.998931212024546e-06
1,4880,0.0526822306215763,9.998925681634296e-06
1,4890,0.05268057947978377,9.998920136974114e-06
1,4900,0.05261458558961749,9.998914578044021e-06
1,4910,0.05253497902303934,9.998909004844035e-06
1,4920,0.052541300561279064,9.998903417374172e-06
1,4930,0.052417219337075945,9.998897815634442e-06
1,4940,0.05221125157549977,9.998892199624866e-06
1,4950,0.05217182245105505,9.998886569345456e-06
1,4960,0.0520360735245049,9.998880924796234e-06
1,4970,0.05199964735656977,9.998875265977207e-06
1,4980,0.05193083249032497,9.998869592888398e-06
1,4990,0.05175903663039208,9.99886390552982e-06
1,5000,0.05172272138297558,9.998858203901493e-06
1,5010,0.051654671970754865,9.99885248800343e-06
1,5020,0.05157472416758537,9.998846757835647e-06
1,5030,0.05139064332470297,9.998841013398163e-06
1,5040,0.051409550663083795,9.998835254690992e-06
1,5050,0.05122076906263828,9.998829481714153e-06
1,5060,0.0511700133793056,9.998823694467663e-06
1,5070,0.05111264176666737,9.998817892951531e-06
1,5080,0.05090896962210535,9.998812077165782e-06
1,5090,0.05083227595314384,9.998806247110427e-06
1,5100,0.05065527753904461,9.998800402785483e-06
1,5110,0.050693565886467694,9.998794544190972e-06
1,5120,0.05057508712634444,9.998788671326906e-06
1,5130,0.05063681025058031,9.998782784193305e-06
1,5140,0.05046339724212885,9.998776882790183e-06
1,5150,0.050381920859217645,9.998770967117558e-06
1,5160,0.050099605694413185,9.998765037175448e-06
1,5170,0.05013273833319545,9.998759092963868e-06
1,5180,0.050038795731961724,9.998753134482833e-06
1,5190,0.04994564522057772,9.998747161732366e-06
1,5200,0.04988140668720008,9.998741174712482e-06
1,5210,0.04976823423057794,9.998735173423201e-06
1,5220,0.04958991715684534,9.998729157864536e-06
1,5230,0.04956546863541007,9.998723128036502e-06
1,5240,0.049410031735897066,9.998717083939118e-06
1,5250,0.04944722093641758,9.998711025572397e-06
1,5260,0.04929337343201041,9.998704952936363e-06
1,5270,0.04917179709300399,9.998698866031031e-06
1,5280,0.04906942415982485,9.998692764856422e-06
1,5290,0.0489879360422492,9.998686649412549e-06
1,5300,0.04883551551029086,9.99868051969943e-06
1,5310,0.048854672536253925,9.998674375717088e-06
1,5320,0.048636979516595596,9.998668217465532e-06
1,5330,0.048575866408646105,9.998662044944785e-06
1,5340,0.04842128083109855,9.998655858154859e-06
1,5350,0.04837560914456844,9.998649657095775e-06
1,5360,0.04831741042435169,9.998643441767554e-06
1,5370,0.04812506595626473,9.99863721217021e-06
1,5380,0.04804822588339448,9.998630968303762e-06
1,5390,0.04799282690510154,9.998624710168225e-06
1,5400,0.0479713249951601,9.998618437763622e-06
1,5410,0.0477914004586637,9.998612151089968e-06
1,5420,0.04771774848923087,9.99860585014728e-06
1,5430,0.0475789375603199,9.99859953493558e-06
1,5440,0.04753592247143388,9.998593205454882e-06
1,5450,0.04740683967247605,9.998586861705206e-06
1,5460,0.047243358474224804,9.998580503686568e-06
1,5470,0.04714174354448914,9.99857413139899e-06
1,5480,0.04707385981455445,9.998567744842485e-06
1,5490,0.04695421746000647,9.998561344017076e-06
1,5500,0.04682516837492585,9.998554928922778e-06
1,5510,0.046750208735465995,9.998548499559607e-06
1,5520,0.0466281165368855,9.998542055927592e-06
1,5530,0.046505242586135864,9.99853559802674e-06
1,5540,0.04647911423817277,9.998529125857077e-06
1,5550,0.046391699276864526,9.998522639418614e-06
1,5560,0.04618885274976492,9.998516138711377e-06
1,5570,0.04620220521464944,9.998509623735381e-06
1,5580,0.045980917476117614,9.998503094490644e-06
1,5590,0.04593054810538888,9.998496550977189e-06
1,5600,0.04565884107723832,9.99848999319503e-06
1,5610,0.04574292683973909,9.998483421144186e-06
1,5620,0.045689586177468294,9.998476834824677e-06
1,5630,0.045502662751823665,9.99847023423652e-06
1,5640,0.04542439766228199,9.998463619379735e-06
1,5650,0.04526337841525674,9.998456990254342e-06
1,5660,0.04521989235654473,9.99845034686036e-06
1,5670,0.04507052442058921,9.998443689197804e-06
1,5680,0.04490829342976213,9.998437017266696e-06
1,5690,0.044874179828912016,9.998430331067057e-06
1,5700,0.0448756112717092,9.998423630598904e-06
1,5710,0.04462775224819779,9.99841691586226e-06
1,5720,0.044554319512099025,9.998410186857137e-06
1,5730,0.044487369060516355,9.99840344358356e-06
1,5740,0.04440652681514621,9.998396686041545e-06
1,5750,0.044230977352708575,9.998389914231112e-06
1,5760,0.0440713994204998,9.998383128152283e-06
1,5770,0.044088161550462246,9.998376327805073e-06
1,5780,0.043980651814490554,9.998369513189503e-06
1,5790,0.04382951026782393,9.998362684305592e-06
1,5800,0.04377792114391922,9.998355841153366e-06
1,5810,0.0435923371464014,9.998348983732837e-06
1,5820,0.04356531007215381,9.998342112044024e-06
1,5830,0.0433741289190948,9.998335226086949e-06
1,5840,0.04332356462255121,9.998328325861634e-06
1,5850,0.04322477467358112,9.998321411368098e-06
1,5860,0.04303421536460519,9.998314482606358e-06
1,5870,0.04297714903950692,9.998307539576435e-06
1,5880,0.04284319039434195,9.998300582278345e-06
1,5890,0.04278476908802986,9.998293610712113e-06
1,validation,0.043330151587724686,9.998293610712113e-06
2,5900,0.04259107345715165,9.998286624877761e-06
2,5910,0.04256626684218645,9.998279624775303e-06
2,5920,0.042391466442495584,9.998272610404761e-06
2,5930,0.04230264034122229,9.998265581766155e-06
2,5940,0.04225087547674775,9.998258538859505e-06
2,5950,0.0421165925450623,9.998251481684833e-06
2,5960,0.041939500439912084,9.99824441024216e-06
2,5970,0.04188841814175248,9.998237324531502e-06
2,5980,0.04175198934972286,9.99823022455288e-06
2,5990,0.04173179334029556,9.998223110306317e-06
2,6000,0.04154041372239589,9.998215981791833e-06
2,6010,0.04151474805548787,9.998208839009447e-06
2,6020,0.04137095548212528,9.998201681959178e-06
2,6030,0.04128991197794676,9.998194510641052e-06
2,6040,0.041137263644486666,9.99818732505508e-06
2,6050,0.04107729801908135,9.998180125201289e-06
2,6060,0.0409476762637496,9.9981729110797e-06
2,6070,0.040866476390510796,9.998165682690335e-06
2,6080,0.040774620696902276,9.998158440033208e-06
2,6090,0.04059455059468746,9.998151183108346e-06
2,6100,0.04051480507478118,9.998143911915765e-06
2,6110,0.04041845304891467,9.998136626455485e-06
2,6120,0.04034077003598213,9.998129326727531e-06
2,6130,0.04016237575560808,9.998122012731924e-06
2,6140,0.04010682571679353,9.998114684468681e-06
2,6150,0.040043250750750305,9.998107341937828e-06
2,6160,0.03990406366065145,9.998099985139381e-06
2,6170,0.039811928663402794,9.998092614073369e-06
2,6180,0.039734228234738114,9.998085228739805e-06
2,6190,0.03957024421542883,9.998077829138716e-06
2,6200,0.039458686113357545,9.998070415270115e-06
2,6210,0.03940010918304324,9.99806298713403e-06
2,6220,0.039300212636590004,9.998055544730478e-06
2,6230,0.03919208897277713,9.998048088059483e-06
2,6240,0.03913039779290557,9.99804061712106e-06
2,6250,0.03896938832476735,9.998033131915241e-06
2,6260,0.03886553887277842,9.998025632442037e-06
2,6270,0.03880199817940593,9.998018118701482e-06
2,6280,0.038746583927422765,9.998010590693588e-06
2,6290,0.03855303255841136,9.998003048418377e-06
2,6300,0.038504368532449006,9.997995491875874e-06
2,6310,0.038328249007463455,9.997987921066096e-06
2,6320,0.0382315224967897,9.997980335989066e-06
2,6330,0.03817533478140831,9.997972736644806e-06
2,6340,0.03804892124608159,9.99796512303334e-06
2,6350,0.03796880049631,9.997957495154692e-06
2,6360,0.03790958262979985,9.99794985300888e-06
2,6370,0.03775289515033364,9.997942196595925e-06
2,6380,0.037670802976936105,9.99793452591585e-06
2,6390,0.03750565964728594,9.997926840968678e-06
2,6400,0.03730431450530887,9.997919141754426e-06
2,6410,0.03733636308461428,9.99791142827312e-06
2,6420,0.03729048045352101,9.997903700524785e-06
2,6430,0.03719838010147214,9.997895958509437e-06
2,6440,0.037063208408653736,9.9978882022271e-06
2,6450,0.0369422709569335,9.997880431677797e-06
2,6460,0.036838292609900236,9.997872646861548e-06
2,6470,0.03674898920580745,9.997864847778378e-06
2,6480,0.03666310952976346,9.997857034428312e-06
2,6490,0.036495459638535975,9.997849206811366e-06
2,6500,0.03646710179746151,9.997841364927569e-06
2,6510,0.036463167332112786,9.997833508776938e-06
2,6520,0.03624852476641535,9.997825638359495e-06
2,6530,0.03620613478124142,9.997817753675262e-06
2,6540,0.036078054364770656,9.997809854724266e-06
2,6550,0.03601880576461553,9.997801941506529e-06
2,6560,0.035932719241827726,9.997794014022071e-06
2,6570,0.03579281615093351,9.997786072270919e-06
2,6580,0.03567698430269957,9.997778116253091e-06
2,6590,0.03561803800985217,9.997770145968609e-06
2,6600,0.035505758970975874,9.997762161417497e-06
2,6610,0.0354186468757689,9.997754162599782e-06
2,6620,0.03533823601901531,9.997746149515483e-06
2,6630,0.03526068879291415,9.99773812216462e-06
2,6640,0.03508489746600389,9.997730080547222e-06
2,6650,0.034971505310386425,9.997722024663308e-06
2,6660,0.03501593712717294,9.997713954512902e-06
2,6670,0.03491617608815432,9.99770587009603e-06
2,6680,0.0348225180990994,9.997697771412708e-06
2,6690,0.03467361275106669,9.997689658462965e-06
2,6700,0.03454634752124548,9.997681531246825e-06
2,6710,0.0345305067487061,9.997673389764308e-06
2,6720,0.03442072151228786,9.997665234015439e-06
2,6730,0.034325994458049534,9.997657064000239e-06
2,6740,0.03426379077136517,9.997648879718731e-06
2,6750,0.03406771291047335,9.997640681170943e-06
2,6760,0.03404183462262154,9.997632468356898e-06
2,6770,0.03386298324912786,9.997624241276616e-06
2,6780,0.033810356259346,9.997615999930116e-06
2,6790,0.033749169483780865,9.997607744317429e-06
2,6800,0.03366630710661411,9.99759947443858e-06
2,6810,0.03353188261389732,9.997591190293588e-06
2,6820,0.033482656627893445,9.997582891882469e-06
2,6830,0.033360916282981636,9.997574579205259e-06
2,6840,0.03328041555359959,9.99756625226198e-06
2,6850,0.03311903662979603,9.997557911052656e-06
2,6860,0.033028168976306914,9.997549555577304e-06
2,6870,0.03295609438791871,9.997541185835958e-06
2,6880,0.03285502297803759,9.997532801828637e-06
2,6890,0.03281174274161458,9.997524403555357e-06
2,6900,0.032726848311722276,9.997515991016156e-06
2,6910,0.03266264842823148,9.997507564211048e-06
2,6920,0.032554972823709255,9.997499123140062e-06
2,6930,0.03247779030352831,9.99749066780322e-06
2,6940,0.03230861807242036,9.997482198200546e-06
2,6950,0.03224299699068069,9.997473714332068e-06
2,6960,0.03213625634089112,9.997465216197806e-06
2,6970,0.03205923121422529,9.997456703797787e-06
2,6980,0.03196908412501216,9.997448177132031e-06
2,6990,0.031916985567659144,9.997439636200567e-06
2,7000,0.03184839291498065,9.997431081003418e-06
2,7010,0.03173087565228343,9.997422511540604e-06
2,7020,0.03162579773925245,9.997413927812156e-06
2,7030,0.03157332637347281,9.997405329818094e-06
2,7040,0.031481124181300404,9.997396717558445e-06
2,7050,0.03135389410890639,9.997388091033232e-06
2,7060,0.03128579249605537,9.997379450242482e-06
2,7070,0.03112857104279101,9.997370795186218e-06
2,7080,0.031064184987917545,9.997362125864462e-06
2,7090,0.031023648614063856,9.997353442277244e-06
2,7100,0.030973060289397836,9.997344744424586e-06
2,7110,0.03085579783655703,9.997336032306514e-06
2,7120,0.03076559314504266,9.997327305923053e-06
2,7130,0.03066987278871238,9.997318565274226e-06
2,7140,0.03056610804051161,9.99730981036006e-06
2,7150,0.03045171280391514,9.99730104118058e-06
2,7160,0.030388588039204478,9.997292257735807e-06
2,7170,0.030305623821914197,9.997283460025772e-06
2,7180,0.030196187505498528,9.997274648050494e-06
2,7190,0.030152431316673757,9.997265821810004e-06
2,7200,0.03001161296851933,9.997256981304318e-06
2,7210,0.02991298162378371,9.99724812653347e-06
2,7220,0.029852991318330167,9.997239257497489e-06
2,7230,0.029731324641034007,9.997230374196393e-06
2,7240,0.029643729235976933,9.997221476630202e-06
2,7250,0.02955261124297976,9.997212564798951e-06
2,7260,0.029483037116006017,9.997203638702663e-06
2,7270,0.029349594982340934,9.997194698341368e-06
2,7280,0.029342103004455566,9.997185743715084e-06
2,7290,0.029275521636009216,9.997176774823835e-06
2,7300,0.02913385145366192,9.997167791667653e-06
2,7310,0.02900064545683563,9.997158794246562e-06
2,7320,0.02892685434781015,9.997149782560587e-06
2,7330,0.02885381472297013,9.997140756609751e-06
2,7340,0.02877275194041431,9.997131716394081e-06
2,7350,0.028659294219687582,9.997122661913608e-06
2,7360,0.028583556413650513,9.997113593168354e-06
2,7370,0.0284764417912811,9.997104510158343e-06
2,7380,0.028437835583463307,9.997095412883604e-06
2,7390,0.028344703046604993,9.997086301344163e-06
2,7400,0.028224610816687347,9.997077175540041e-06
2,7410,0.0282284643035382,9.997068035471272e-06
2,7420,0.028053040290251376,9.997058881137881e-06
2,7430,0.027929133083671332,9.99704971253989e-06
2,7440,0.027862707013264296,9.997040529677324e-06
2,7450,0.02776778214611113,9.997031332550213e-06
2,7460,0.027681886777281763,9.997022121158583e-06
2,7470,0.02759864218533039,9.997012895502462e-06
2,7480,0.027551279170438647,9.997003655581869e-06
2,7490,0.027513623051345346,9.996994401396835e-06
2,7500,0.02737194546498358,9.996985132947388e-06
2,7510,0.027261589374393224,9.996975850233552e-06
2,7520,0.027169868955388664,9.996966553255351e-06
2,7530,0.027124059619382024,9.996957242012815e-06
2,7540,0.02698055990040302,9.996947916505972e-06
2,7550,0.026881300099194053,9.996938576734849e-06
2,7560,0.026840424444526435,9.996929222699468e-06
2,7570,0.026800945727154614,9.996919854399862e-06
2,7580,0.02668540636077523,9.996910471836047e-06
2,7590,0.02658626330085099,9.996901075008063e-06
2,7600,0.026514159562066195,9.996891663915928e-06
2,7610,0.02636406854726374,9.996882238559672e-06
2,7620,0.026350273378193376,9.996872798939322e-06
2,7630,0.026244834810495377,9.996863345054907e-06
2,7640,0.02610906003974378,9.996853876906448e-06
2,7650,0.026025576656684278,9.996844394493977e-06
2,7660,0.025927294930443167,9.99683489781752e-06
2,7670,0.025844985712319614,9.996825386877102e-06
2,7680,0.025755002116784456,9.996815861672751e-06
2,7690,0.025692765740677716,9.996806322204496e-06
2,7700,0.02555604754015803,9.996796768472362e-06
2,7710,0.025508166104555127,9.996787200476378e-06
2,7720,0.025389890698716045,9.996777618216569e-06
2,7730,0.025366787007078527,9.99676802169297e-06
2,7740,0.02531190272420645,9.996758410905595e-06
2,7750,0.02518400405533612,9.996748785854482e-06
2,7760,0.025095707876607774,9.996739146539656e-06
2,7770,0.024985139351338146,9.996729492961147e-06
2,7780,0.024901586631312964,9.996719825118979e-06
2,7790,0.024846388120204208,9.996710143013178e-06
2,7800,0.024758003000169993,9.99670044664377e-06
2,7810,0.024707442894577977,9.996690736010795e-06
2,7820,0.024627065937966108,9.996681011114267e-06
2,7830,0.02452695956453681,9.996671271954218e-06
2,7840,0.024400394735857846,9.996661518530679e-06
2,7850,0.024315729830414058,9.996651750843675e-06
2,7860,0.02423861511051655,9.996641968893233e-06
2,7870,0.024178374744951728,9.996632172679385e-06
2,7880,0.02409964450635016,9.996622362202156e-06
2,7890,0.024004568997770547,9.996612537461571e-06
2,7900,0.02397500295192003,9.996602698457663e-06
2,7910,0.02384657203219831,9.996592845190456e-06
2,7920,0.023763158405199648,9.996582977659986e-06
2,7930,0.023736364673823118,9.99657309586627e-06
2,7940,0.02362355743534863,9.996563199809349e-06
2,7950,0.02353608808480203,9.996553289489237e-06
2,7960,0.023383809812366964,9.996543364905972e-06
2,7970,0.02342310771346092,9.996533426059584e-06
2,7980,0.02327508688904345,9.996523472950097e-06
2,7990,0.023148323874920607,9.996513505577536e-06
2,8000,0.02317713554948568,9.996503523941935e-06
2,8010,0.02303080246783793,9.99649352804332e-06
2,8020,0.022977986512705686,9.996483517881719e-06
2,8030,0.022884483030065895,9.996473493457163e-06
2,8040,0.022813713783398273,9.996463454769679e-06
2,8050,0.022720691096037627,9.996453401819292e-06
2,8060,0.022640537237748504,9.996443334606036e-06
2,8070,0.022540259454399348,9.996433253129943e-06
2,8080,0.022466945135965945,9.996423157391035e-06
2,8090,0.022376347985118627,9.99641304738934e-06
2,8100,0.022330369241535662,9.996402923124892e-06
2,8110,0.02217718930914998,9.996392784597715e-06
2,8120,0.022131772339344026,9.996382631807842e-06
2,8130,0.022108282893896103,9.996372464755304e-06
2,8140,0.022042429959401488,9.996362283440125e-06
2,8150,0.02189859738573432,9.996352087862338e-06
2,8160,0.021803480386734013,9.996341878021968e-06
2,8170,0.021759249735623598,9.996331653919043e-06
2,8180,0.021663547586649654,9.9963214155536e-06
2,8190,0.021588152786716816,9.996311162925662e-06
2,8200,0.021506397379562257,9.996300896035258e-06
2,8210,0.02142129191197455,9.996290614882418e-06
2,8220,0.021350905764847994,9.996280319467177e-06
2,8230,0.021278318436816334,9.996270009789557e-06
2,8240,0.021245110780000687,9.99625968584959e-06
2,8250,0.021089514810591937,9.996249347647307e-06
2,8260,0.021022365521639587,9.996238995182737e-06
2,8270,0.020964338490739462,9.996228628455908e-06
2,8280,0.020886569097638127,9.99621824746685e-06
2,8290,0.02080578226596117,9.996207852215591e-06
2,8300,0.02078032325953245,9.996197442702162e-06
2,8310,0.0206301883328706,9.996187018926592e-06
2,8320,0.0206091012340039,9.996176580888916e-06
2,8330,0.0204646295402199,9.996166128589157e-06
2,8340,0.020458564162254333,9.99615566202735e-06
2,8350,0.020369698712602257,9.996145181203524e-06
2,8360,0.02028012168593705,9.996134686117703e-06
2,8370,0.02019780525006354,9.996124176769926e-06
2,8380,0.020156031101942064,9.996113653160217e-06
2,8390,0.020067894319072365,9.996103115288608e-06
2,8400,0.019958614744246005,9.996092563155129e-06
2,8410,0.01989425881765783,9.996081996759809e-06
2,8420,0.019834122294560073,9.996071416102679e-06
2,8430,0.019760873541235922,9.99606082118377e-06
2,8440,0.01969958017580211,9.99605021200311e-06
2,8450,0.019573723850771788,9.996039588560732e-06
2,8460,0.01954761161468923,9.996028950856668e-06
2,8470,0.019472753396257758,9.99601829889094e-06
2,8480,0.019336133357137443,9.996007632663584e-06
2,8490,0.01924005071632564,9.995996952174632e-06
2,8500,0.01918343608267605,9.99598625742411e-06
2,8510,0.01912610442377627,9.995975548412053e-06
2,8520,0.019083918631076814,9.99596482513849e-06
2,8530,0.019000158039852978,9.99595408760345e-06
2,8540,0.01891484335064888,9.995943335806969e-06
2,8550,0.01882171514444053,9.995932569749071e-06
2,8560,0.01876658988185227,9.99592178942979e-06
2,8570,0.01870643561705947,9.995910994849156e-06
2,8580,0.018592221662402153,9.995900186007199e-06
2,8590,0.018512458773329854,9.99588936290395e-06
2,8600,0.018437659321352842,9.995878525539444e-06
2,8610,0.018359406804665926,9.995867673913706e-06
2,8620,0.018298121634870768,9.99585680802677e-06
2,8630,0.018241667421534657,9.995845927878664e-06
2,8640,0.01819488611072302,9.995835033469425e-06
2,8650,0.018073724349960685,9.99582412479908e-06
2,8660,0.017996558034792543,9.995813201867662e-06
2,8670,0.017894173925742506,9.9958022646752e-06
2,8680,0.017849073419347404,9.995791313221725e-06
2,8690,0.017774766962975263,9.995780347507275e-06
2,8700,0.01770493988879025,9.995769367531872e-06
2,8710,0.017647822061553596,9.995758373295553e-06
2,8720,0.017522548697888853,9.995747364798347e-06
2,8730,0.017500862712040544,9.99573634204029e-06
2,8740,0.017393571650609375,9.995725305021402e-06
2,8750,0.01735873292200267,9.995714253741726e-06
2,8760,0.017271860875189306,9.995703188201286e-06
2,8770,0.017183276033028962,9.99569210840012e-06
2,8780,0.017160445731133223,9.995681014338256e-06
2,8790,0.01707663298584521,9.995669906015726e-06
2,8800,0.0169768197927624,9.995658783432562e-06
2,8810,0.01691164500080049,9.995647646588797e-06
2,8820,0.016822012420743705,9.995636495484463e-06
2,8830,0.01676224679686129,9.99562533011959e-06
2,8840,0.016687741177156566,9.995614150494212e-06
2,8850,0.01662174449302256,9.995602956608358e-06
2,8860,0.01651234505698085,9.995591748462061e-06
2,8870,0.016461161198094487,9.995580526055351e-06
2,8880,0.016382765723392367,9.995569289388266e-06
2,8890,0.016309935878962276,9.995558038460833e-06
2,8900,0.01626478652469814,9.995546773273088e-06
2,8910,0.016214161878451705,9.995535493825055e-06
2,8920,0.016108230547979472,9.995524200116775e-06
2,8930,0.016026885015890002,9.995512892148279e-06
2,8940,0.015963949915021657,9.995501569919594e-06
2,8950,0.01590376584790647,9.99549023343076e-06
2,8960,0.015862990356981754,9.995478882681802e-06
2,8970,0.015766441775485873,9.995467517672757e-06
2,8980,0.0156957394676283,9.995456138403651e-06
2,8990,0.015627397689968348,9.995444744874526e-06
2,9000,0.015548110427334904,9.995433337085406e-06
2,9010,0.015472661913372576,9.995421915036327e-06
2,9020,0.015387418796308339,9.99541047872733e-06
2,9030,0.015351383783854545,9.995399028158433e-06
2,9040,0.01526031296234578,9.99538756332968e-06
2,9050,0.015180926141329109,9.995376084241094e-06
2,9060,0.015119091281667352,9.995364590892717e-06
2,9070,0.015067918761633338,9.995353083284578e-06
2,9080,0.014962313487194477,9.995341561416712e-06
2,9090,0.014934076787903906,9.995330025289149e-06
2,9100,0.01486340134870261,9.995318474901919e-06
2,9110,0.014773113350383936,9.99530691025506e-06
2,9120,0.014718518801964819,9.995295331348603e-06
2,9130,0.014670127327553928,9.995283738182582e-06
2,9140,0.014521517581306397,9.995272130757029e-06
2,9150,0.014485620753839613,9.995260509071976e-06
2,9160,0.014418895984999836,9.995248873127461e-06
2,9170,0.014360637823119759,9.99523722292351e-06
2,9180,0.014298990345560016,9.995225558460166e-06
2,9190,0.014217723486945034,9.995213879737453e-06
2,9200,0.014145850273780524,9.995202186755407e-06
2,9210,0.014080548449419437,9.995190479514065e-06
2,9220,0.014018356683664024,9.995178758013456e-06
2,9230,0.013926922017708421,9.995167022253614e-06
2,9240,0.013870511390268802,9.995155272234577e-06
2,9250,0.013802741258405148,9.995143507956375e-06
2,9260,0.013752908236347137,9.995131729419041e-06
2,9270,0.013656751322560012,9.995119936622608e-06
2,9280,0.013606987148523332,9.995108129567112e-06
2,9290,0.01347959574777633,9.995096308252584e-06
2,9300,0.013434656336903572,9.995084472679062e-06
2,9310,0.013385707279667258,9.995072622846577e-06
2,9320,0.013321599084883928,9.995060758755168e-06
2,9330,0.013264745334163308,9.995048880404861e-06
2,9340,0.013195226038806141,9.995036987795691e-06
2,9350,0.01310062480624765,9.995025080927693e-06
2,9360,0.013078568014316262,9.995013159800904e-06
2,9370,0.012976492289453745,9.995001224415353e-06
2,9380,0.012933978671208025,9.994989274771078e-06
2,9390,0.012862511933781209,9.994977310868109e-06
2,9400,0.012769819190725685,9.994965332706484e-06
2,9410,0.012697295914404095,9.99495334028624e-06
2,9420,0.012643361371010542,9.994941333607403e-06
2,9430,0.012557309330441057,9.994929312670018e-06
2,9440,0.012506636208854616,9.994917277474112e-06
2,9450,0.0124739600578323,9.994905228019723e-06
2,9460,0.012368795392103492,9.99489316430688e-06
2,9470,0.01226479052565992,9.99488108633562e-06
2,9480,0.012209903658367695,9.994868994105977e-06
2,9490,0.012136258324608205,9.994856887617992e-06
2,9500,0.012097219564020633,9.99484476687169e-06
2,9510,0.011986105609685183,9.99483263186711e-06
2,9520,0.011933858483098447,9.994820482604289e-06
2,9530,0.011877525062300264,9.994808319083259e-06
2,9540,0.01179093208629638,9.99479614130405e-06
2,9550,0.011750617227517067,9.994783949266702e-06
2,9560,0.011678484710864722,9.994771742971253e-06
2,9570,0.011591195338405668,9.994759522417732e-06
2,9580,0.011479726689867676,9.994747287606178e-06
2,9590,0.011460556415840983,9.994735038536621e-06
2,9600,0.011361206881701946,9.994722775209101e-06
2,9610,0.011326976539567112,9.99471049762365e-06
2,9620,0.011254833871498705,9.994698205780306e-06
2,9630,0.011170540330931544,9.994685899679101e-06
2,9640,0.011099763680249453,9.994673579320072e-06
2,9650,0.011069506546482444,9.994661244703252e-06
2,9660,0.010975300706923008,9.994648895828676e-06
2,9670,0.010879026958718896,9.99463653269638e-06
2,9680,0.010795823531225324,9.994624155306403e-06
2,9690,0.01076136219780892,9.994611763658777e-06
2,9700,0.010707394964993,9.994599357753535e-06
2,9710,0.010637638554908336,9.994586937590716e-06
2,9720,0.010551201924681664,9.994574503170359e-06
2,9730,0.010489942692220212,9.994562054492493e-06
2,9740,0.010387542308308184,9.994549591557156e-06
2,9750,0.010340240341611205,9.99453711436438e-06
2,9760,0.010265350528061391,9.994524622914207e-06
2,9770,0.010234042094089091,9.99451211720667e-06
2,9780,0.010125310462899505,9.994499597241807e-06
2,9790,0.010077316220849753,9.994487063019648e-06
2,9800,0.009992599464021625,9.994474514540224e-06
2,9810,0.009919997351244093,9.994461951803588e-06
2,9820,0.009867146285250783,9.994449374809761e-06
2,9830,0.009750081738457084,9.994436783558786e-06
2,9840,0.009731806884519757,9.994424178050697e-06
2,9850,0.009664412075653672,9.994411558285532e-06
2,9860,0.009591825190000236,9.994398924263323e-06
2,9870,0.009492512512952089,9.994386275984109e-06
2,9880,0.009465670003555715,9.994373613447923e-06
2,9890,0.00936470499727875,9.994360936654804e-06
2,9900,0.009307587333023549,9.994348245604792e-06
2,9910,0.009217746532522142,9.994335540297918e-06
2,9920,0.00914485896937549,9.994322820734216e-06
2,9930,0.009110560338012875,9.994310086913728e-06
2,9940,0.009000083105638624,9.994297338836488e-06
2,9950,0.008931367984041571,9.994284576502531e-06
2,9960,0.008878767886199058,9.994271799911895e-06
2,9970,0.00882656874600798,9.994259009064621e-06
2,9980,0.008741750195622445,9.994246203960739e-06
2,9990,0.008676777500659228,9.994233384600287e-06
2,10000,0.008601033012382686,9.994220550983302e-06
2,10010,0.008533759764395655,9.99420770310982e-06
2,10020,0.008477229950949551,9.994194840979879e-06
2,10030,0.00843033955898136,9.994181964593515e-06
2,10040,0.008342170482501387,9.99416907395076e-06
2,10050,0.008280317415483296,9.994156169051659e-06
2,10060,0.008242312725633383,9.994143249896243e-06
2,10070,0.008163960091769696,9.994130316484554e-06
2,10080,0.008071120083332061,9.994117368816627e-06
2,10090,0.008002743008546531,9.994104406892497e-06
2,10100,0.007968839048407972,9.994091430712203e-06
2,10110,0.007893817988224328,9.994078440275782e-06
2,10120,0.007816029235254974,9.994065435583265e-06
2,10130,0.00776414965512231,9.994052416634699e-06
2,10140,0.007681332458741963,9.994039383430114e-06
2,10150,0.007660870673134923,9.994026335969551e-06
2,10160,0.007584256120026112,9.994013274253048e-06
2,10170,0.0075218618265353145,9.994000198280638e-06
2,10180,0.007449027604889124,9.993987108052358e-06
2,10190,0.007376820896752179,9.993974003568253e-06
2,10200,0.007359486457426101,9.993960884828354e-06
2,10210,0.007273923640605062,9.993947751832698e-06
2,10220,0.00721787401707843,9.99393460458133e-06
2,10230,0.0071819617762230335,9.993921443074278e-06
2,10240,0.007076980918645859,9.99390826731158e-06
2,10250,0.007030051480978727,9.993895077293278e-06
2,10260,0.006978013832122087,9.993881873019409e-06
2,10270,0.006945812737103552,9.993868654490014e-06
2,10280,0.0068658769945614045,9.993855421705122e-06
2,10290,0.006827103567775338,9.993842174664778e-06
2,10300,0.006772109947632998,9.993828913369016e-06
2,10310,0.006726103893015534,9.993815637817878e-06
2,10320,0.006627550220582634,9.9938023480114e-06
2,10330,0.006613236223347485,9.99378904394962e-06
2,10340,0.006549971515778453,9.993775725632576e-06
2,10350,0.0065011999802663915,9.993762393060303e-06
2,10360,0.00644304360030219,9.993749046232842e-06
2,10370,0.006410565762780606,9.99373568515023e-06
2,10380,0.006337800563778728,9.993722309812503e-06
2,10390,0.006312901817727834,9.993708920219703e-06
2,10400,0.006248833960853517,9.993695516371871e-06
2,10410,0.00618278238689527,9.993682098269037e-06
2,10420,0.006186630786396564,9.993668665911246e-06
2,10430,0.006124617636669426,9.993655219298532e-06
2,10440,0.006067514675669372,9.993641758430939e-06
2,10450,0.006020996160805225,9.993628283308496e-06
2,10460,0.005958817957434803,9.99361479393125e-06
2,10470,0.005923398665618152,9.993601290299233e-06
2,10480,0.0058878382435068495,9.993587772412492e-06
2,10490,0.005844702257309109,9.99357424027106e-06
2,10500,0.005796487699262798,9.993560693874977e-06
2,10510,0.0057249078294262295,9.993547133224282e-06
2,10520,0.005700545315630734,9.993533558319011e-06
2,10530,0.005660568526946008,9.993519969159205e-06
2,10540,0.005607811757363379,9.993506365744901e-06
2,10550,0.005596611392684281,9.993492748076141e-06
2,10560,0.005538035265635699,9.993479116152962e-06
2,10570,0.005502188508398831,9.993465469975405e-06
2,10580,0.005468528764322399,9.993451809543509e-06
2,10590,0.005429943208582698,9.993438134857307e-06
2,10600,0.005372737755533307,9.993424445916843e-06
2,10610,0.005336555384565145,9.993410742722157e-06
2,10620,0.005314925161655992,9.99339702527328e-06
2,10630,0.005268978048115968,9.99338329357026e-06
2,10640,0.005225116154178977,9.993369547613135e-06
2,10650,0.005193893692921847,9.993355787401943e-06
2,10660,0.005172453343402594,9.993342012936722e-06
2,10670,0.005093995109200477,9.993328224217513e-06
2,10680,0.005080500757321716,9.993314421244355e-06
2,10690,0.005029827682301403,9.993300604017285e-06
2,10700,0.005018126650247723,9.993286772536343e-06
2,10710,0.004997112113051117,9.99327292680157e-06
2,10720,0.004938929050695151,9.99325906681301e-06
2,10730,0.004915385041385889,9.993245192570697e-06
2,10740,0.004903760366141797,9.993231304074671e-06
2,10750,0.00483791675651446,9.993217401324974e-06
2,10760,0.004810320201795548,9.993203484321643e-06
2,10770,0.00477131645893678,9.993189553064718e-06
2,10780,0.004746963432990014,9.99317560755424e-06
2,10790,0.004714832012541592,9.99316164779025e-06
2,10800,0.004671700322069228,9.993147673772783e-06
2,10810,0.004648047289811075,9.993133685501885e-06
2,10820,0.004602087358944118,9.993119682977591e-06
2,10830,0.004584780696313828,9.993105666199947e-06
2,10840,0.004546000936534256,9.993091635168985e-06
2,10850,0.004505651153158397,9.993077589884747e-06
2,10860,0.0044840713497251265,9.993063530347276e-06
2,10870,0.0044434909941628575,9.993049456556615e-06
2,10880,0.004402927192859352,9.9930353685128e-06
2,10890,0.004394328431226313,9.99302126621587e-06
2,10900,0.0043635813286527995,9.99300714966587e-06
2,10910,0.004347733780741691,9.992993018862832e-06
2,10920,0.004309006175026298,9.992978873806807e-06
2,10930,0.004285889491438866,9.992964714497828e-06
2,10940,0.004269851394928992,9.99295054093594e-06
2,10950,0.00423212080495432,9.992936353121177e-06
2,10960,0.004195772798266262,9.992922151053585e-06
2,10970,0.0041647570906206965,9.992907934733203e-06
2,10980,0.004131642542779446,9.992893704160075e-06
2,10990,0.00409511779434979,9.992879459334236e-06
2,11000,0.004068048507906497,9.99286520025573e-06
2,11010,0.004045387124642729,9.992850926924595e-06
2,11020,0.004042944451794029,9.992836639340872e-06
2,11030,0.0040088992158416655,9.992822337504603e-06
2,11040,0.003977219201624393,9.992808021415833e-06
2,11050,0.003949812625069171,9.992793691074593e-06
2,11060,0.003907978063216433,9.99277934648093e-06
2,11070,0.003893491352209821,9.992764987634889e-06
2,11080,0.003887218330055475,9.992750614536505e-06
2,11090,0.0038416126742959024,9.992736227185822e-06
2,11100,0.0038376856944523753,9.992721825582879e-06
2,11110,0.0038006520306225868,9.992707409727713e-06
2,11120,0.0037889691826421767,9.992692979620375e-06
2,11130,0.00375053338939324,9.992678535260895e-06
2,11140,0.003727170143974945,9.992664076649326e-06
2,11150,0.0037121848086826502,9.992649603785702e-06
2,11160,0.00368093047873117,9.992635116670065e-06
2,11170,0.003645693795988336,9.992620615302464e-06
2,11180,0.003623884997796267,9.992606099682933e-06
2,11190,0.0036275578604545444,9.99259156981151e-06
2,11200,0.0035797077987808736,9.992577025688241e-06
2,11210,0.0035637614666484295,9.992562467313169e-06
2,11220,0.003537966043222696,9.992547894686335e-06
2,11230,0.0035192569310311225,9.992533307807773e-06
2,11240,0.0035056746215559546,9.992518706677532e-06
2,11250,0.003494386305101216,9.99250409129565e-06
2,11260,0.0034684892918448893,9.992489461662177e-06
2,11270,0.003424123948207125,9.992474817777148e-06
2,11280,0.003413163957884535,9.992460159640608e-06
2,11290,0.0034087940468452873,9.992445487252592e-06
2,11300,0.003363598452415317,9.992430800613148e-06
2,11310,0.003339888795744628,9.992416099722317e-06
2,11320,0.0033322446513921024,9.99240138458014e-06
2,11330,0.003288734389934689,9.992386655186662e-06
2,11340,0.0032747519260738047,9.992371911541923e-06
2,11350,0.003246382542420179,9.992357153645963e-06
2,11360,0.003228212875546888,9.992342381498827e-06
2,11370,0.0032012340263463555,9.992327595100556e-06
2,11380,0.0032157558482140305,9.992312794451187e-06
2,11390,0.0031692619144450874,9.99229797955077e-06
2,11400,0.003185764391673729,9.992283150399346e-06
2,11410,0.0031266784120816734,9.992268306996958e-06
2,11420,0.0031131490890402348,9.992253449343644e-06
2,11430,0.003103286598343402,9.992238577439446e-06
2,11440,0.003101972723379731,9.992223691284412e-06
2,11450,0.0030732680868823083,9.99220879087858e-06
2,11460,0.003055561758810654,9.992193876221997e-06
2,11470,0.00303772296756506,9.992178947314701e-06
2,11480,0.0030005047388840466,9.992164004156737e-06
2,11490,0.0029990870214533063,9.992149046748148e-06
2,11500,0.002975540678016842,9.992134075088976e-06
2,11510,0.0029683660715818408,9.992119089179258e-06
2,11520,0.002950333303306252,9.992104089019048e-06
2,11530,0.002923734579235315,9.99208907460838e-06
2,11540,0.0029018752102274448,9.992074045947305e-06
2,11550,0.002909111644839868,9.992059003035863e-06
2,11560,0.0028873790288344026,9.992043945874089e-06
2,11570,0.0028390473686158656,9.992028874462036e-06
2,11580,0.0028148768353275953,9.992013788799743e-06
2,11590,0.002819105429807678,9.991998688887246e-06
2,11600,0.0027788562176283447,9.991983574724598e-06
2,11610,0.002763830724870786,9.99196844631184e-06
2,11620,0.0027603868336882444,9.991953303649013e-06
2,11630,0.002740692225052044,9.991938146736165e-06
2,11640,0.002725739195011556,9.991922975573335e-06
2,11650,0.002733759972034022,9.991907790160566e-06
2,11660,0.002699396561365575,9.991892590497902e-06
2,11670,0.002677806525025517,9.991877376585394e-06
2,11680,0.0026659561379346994,9.991862148423072e-06
2,11690,0.0026601759425830098,9.991846906010988e-06
2,11700,0.0026383937802165747,9.991831649349182e-06
2,11710,0.002626166184199974,9.9918163784377e-06
2,11720,0.0026034893526230007,9.991801093276585e-06
2,11730,0.002598171657882631,9.99178579386588e-06
2,11740,0.0025494524743407965,9.99177048020563e-06
2,11750,0.002553463476942852,9.991755152295873e-06
2,11760,0.0025362876243889333,9.99173981013666e-06
2,11770,0.002518518950091675,9.991724453728028e-06
2,11780,0.0025236527493689206,9.991709083070023e-06
2,validation,0.002503502066247165,9.991709083070023e-06
3,11790,0.0025131954404059797,9.991693698162697e-06
3,11800,0.0024726526229642332,9.991678299006086e-06
3,11810,0.0024551287002395838,9.991662885600235e-06
3,11820,0.0024520993465557694,9.991647457945188e-06
3,11830,0.0024503752938471735,9.991632016040992e-06
3,11840,0.0024233986972831186,9.991616559887685e-06
3,11850,0.002401269832625985,9.99160108948532e-06
3,11860,0.002391969197196886,9.991585604833935e-06
3,11870,0.0023646536574233323,9.991570105933578e-06
3,11880,0.0023702832986600697,9.991554592784285e-06
3,11890,0.0023629988718312234,9.991539065386106e-06
3,11900,0.0023371561430394648,9.991523523739086e-06
3,11910,0.0023334467085078356,9.991507967843271e-06
3,11920,0.0023195289191789924,9.991492397698698e-06
3,11930,0.0023067117435857654,9.991476813305422e-06
3,11940,0.002264449867652729,9.991461214663483e-06
3,11950,0.0022600082796998323,9.99144560177292e-06
3,11960,0.002257853717310354,9.991429974633783e-06
3,11970,0.002244045032421127,9.991414333246113e-06
3,11980,0.0022448597359471024,9.991398677609961e-06
3,11990,0.0022180891712196174,9.991383007725366e-06
3,12000,0.0022117002110462634,9.991367323592375e-06
3,12010,0.0021923756808973852,9.991351625211032e-06
3,12020,0.0021744338155258447,9.991335912581384e-06
3,12030,0.002156082494184375,9.991320185703471e-06
3,12040,0.0021533018036279826,9.991304444577344e-06
3,12050,0.0021550773992203174,9.991288689203046e-06
3,12060,0.002150640677427873,9.991272919580617e-06
3,12070,0.0021242557151708755,9.991257135710109e-06
3,12080,0.002104294666787609,9.991241337591563e-06
3,12090,0.002088663476752117,9.991225525225027e-06
3,12100,0.002085341978818178,9.99120969861054e-06
3,12110,0.002082036947831512,9.991193857748152e-06
3,12120,0.0020439881540369243,9.99117800263791e-06
3,12130,0.0020346800447441638,9.991162133279855e-06
3,12140,0.0020225488347932695,9.991146249674031e-06
3,12150,0.0020169785828329624,9.99113035182049e-06
3,12160,0.0020082365837879477,9.991114439719274e-06
3,12170,0.0019953343173256142,9.991098513370428e-06
3,12180,0.001971985428826883,9.991082572774002e-06
3,12190,0.0019708854233613238,9.991066617930034e-06
3,12200,0.0019562689500162377,9.991050648838567e-06
3,12210,0.00193924444320146,9.991034665499658e-06
3,12220,0.001946264793514274,9.991018667913344e-06
3,12230,0.0019392783287912607,9.991002656079678e-06
3,12240,0.001929714239668101,9.990986629998698e-06
3,12250,0.0019152945489622653,9.990970589670456e-06
3,12260,0.0019059078360442073,9.990954535094991e-06
3,12270,0.001887254510074854,9.990938466272354e-06
3,12280,0.0018847633677069099,9.99092238320259e-06
3,12290,0.001878250777372159,9.990906285885743e-06
3,12300,0.0018738031620159745,9.990890174321858e-06
3,12310,0.0018628625257406384,9.990874048510986e-06
3,12320,0.001838852631044574,9.990857908453172e-06
3,12330,0.0018226265528937802,9.990841754148456e-06
3,12340,0.001830291090300307,9.990825585596891e-06
3,12350,0.0017926220636582,9.990809402798523e-06
3,12360,0.0017934477858943863,9.990793205753393e-06
3,12370,0.0017822775698732585,9.990776994461553e-06
3,12380,0.0017846382688730955,9.990760768923043e-06
3,12390,0.001763531778124161,9.990744529137917e-06
3,12400,0.0017530003562569619,9.990728275106215e-06
3,12410,0.0017276310594752432,9.990712006827985e-06
3,12420,0.0017302162596024573,9.990695724303276e-06
3,12430,0.0017164330900413915,9.990679427532131e-06
3,12440,0.0017114331101765858,9.9906631165146e-06
3,12450,0.0017123412020737304,9.990646791250728e-06
3,12460,0.0017049143178155647,9.990630451740563e-06
3,12470,0.0016789814544608817,9.990614097984143e-06
3,12480,0.0016664714028593154,9.990597729981526e-06
3,12490,0.0016887881851289422,9.990581347732751e-06
3,12500,0.001700506411725655,9.990564951237872e-06
3,12510,0.0016639923094771804,9.990548540496931e-06
3,12520,0.0016442386782728135,9.990532115509979e-06
3,12530,0.0016279862786177546,9.990515676277053e-06
3,12540,0.001622723540640436,9.990499222798206e-06
3,12550,0.0016426381946075708,9.990482755073485e-06
3,12560,0.001617399835959077,9.990466273102942e-06
3,12570,0.0016001311101717874,9.990449776886614e-06
3,12580,0.0015876453951932492,9.990433266424561e-06
3,12590,0.0015814483718713745,9.990416741716818e-06
3,12600,0.0015710375359049066,9.990400202763436e-06
3,12610,0.0015516296960413458,9.990383649564461e-06
3,12620,0.0015652500180294738,9.990367082119947e-06
3,12630,0.0015433198190294207,9.990350500429938e-06
3,12640,0.0015567382390145215,9.990333904494477e-06
3,12650,0.0015448636113433167,9.990317294313613e-06
3,12660,0.0015391924796858804,9.990300669887397e-06
3,12670,0.001514152076561004,9.990284031215876e-06
3,12680,0.0015186165634077041,9.990267378299093e-06
3,12690,0.0015025532193249092,9.9902507111371e-06
3,12700,0.0014819675823673608,9.990234029729943e-06
3,12710,0.0014861423405818641,9.990217334077668e-06
3,12720,0.0014771257643587889,9.990200624180325e-06
3,12730,0.0014711150055518375,9.990183900037963e-06
3,12740,0.0014632290723966435,9.990167161650628e-06
3,12750,0.0014594808511901648,9.990150409018366e-06
3,12760,0.0014558976370608436,9.990133642141227e-06
3,12770,0.0014676822174806148,9.990116861019255e-06
3,12780,0.001439930812921375,9.990100065652503e-06
3,12790,0.001427585748024285,9.990083256041016e-06
3,12800,0.0014271529915276914,9.990066432184843e-06
3,12810,0.001425269403262064,9.990049594084032e-06
3,12820,0.0014084071415709331,9.990032741738627e-06
3,12830,0.0014088502124650405,9.990015875148683e-06
3,12840,0.0014014361397130415,9.989998994314245e-06
3,12850,0.0013863990636309607,9.989982099235363e-06
3,12860,0.0013818148901918903,9.989965189912088e-06
3,12870,0.001371745960204862,9.989948266344459e-06
3,12880,0.001365664231707342,9.98993132853253e-06
3,12890,0.0013678391696885228,9.989914376476345e-06
3,12900,0.0013602364255348221,9.989897410175961e-06
3,12910,0.0013634376577101649,9.989880429631419e-06
3,12920,0.001361205117427744,9.989863434842769e-06
3,12930,0.001323147537186742,9.98984642581006e-06
3,12940,0.0013279669597977771,9.989829402533345e-06
3,12950,0.0013218522974057123,9.989812365012663e-06
3,12960,0.001297871401766315,9.989795313248075e-06
3,12970,0.0012960087275132536,9.989778247239619e-06
3,12980,0.0012895292427856477,9.989761166987349e-06
3,12990,0.0012991986091947182,9.989744072491313e-06
3,13000,0.0012762484228005632,9.989726963751556e-06
3,13010,0.001268797312513925,9.989709840768132e-06
3,13020,0.0012584637908730656,9.989692703541089e-06
3,13030,0.0012587563280249013,9.989675552070471e-06
3,13040,0.0012413631920935586,9.98965838635633e-06
3,13050,0.0012605557072674855,9.989641206398718e-06
3,13060,0.0012427939916960895,9.989624012197683e-06
3,13070,0.0012559783674078063,9.989606803753273e-06
3,13080,0.001223204715643078,9.989589581065539e-06
3,13090,0.0012240807234775277,9.989572344134525e-06
3,13100,0.0012239330826560035,9.989555092960282e-06
3,13110,0.001214468025136739,9.989537827542862e-06
3,13120,0.0012044119968777523,9.98952054788231e-06
3,13130,0.001222959897131659,9.989503253978678e-06
3,13140,0.0012176334683317693,9.98948594583202e-06
3,13150,0.0012055517843691634,9.989468623442376e-06
3,13160,0.0011840462626423686,9.989451286809804e-06
3,13170,0.0011846754117868842,9.989433935934346e-06
3,13180,0.0011855107499286533,9.989416570816057e-06
3,13190,0.0011699884897097945,9.989399191454988e-06
3,13200,0.0011544168868567795,9.989381797851183e-06
3,13210,0.0011500849999720232,9.989364390004694e-06
3,13220,0.0011481397988973184,9.98934696791557e-06
3,13230,0.001146891276584938,9.989329531583866e-06
3,13240,0.0011386912956368178,9.989312081009625e-06
3,13250,0.001140790432691574,9.989294616192903e-06
3,13260,0.0011296200071228668,9.989277137133741e-06
3,13270,0.0011395042471121996,9.989259643832195e-06
3,13280,0.0011118286493001506,9.989242136288313e-06
3,13290,0.0011091029853560032,9.989224614502147e-06
3,13300,0.0011244967521633954,9.989207078473745e-06
3,13310,0.0011032595008146017,9.98918952820316e-06
3,13320,0.0010973482654662804,9.98917196369044e-06
3,13330,0.0010876581945922226,9.989154384935634e-06
3,13340,0.0010838427493581547,9.989136791938793e-06
3,13350,0.0010724783729529007,9.989119184699968e-06
3,13360,0.0010664118250133469,9.98910156321921e-06
3,13370,0.0010713576164562257,9.989083927496568e-06
3,13380,0.0010648785770172252,9.989066277532091e-06
3,13390,0.0010709542111726478,9.989048613325834e-06
3,13400,0.001058299804572016,9.989030934877839e-06
3,13410,0.0010598268563626334,9.989013242188167e-06
3,13420,0.0010454278846736996,9.988995535256865e-06
3,13430,0.0010317525011487305,9.988977814083981e-06
3,13440,0.0010327002091798931,9.988960078669567e-06
3,13450,0.001024145087285433,9.988942329013665e-06
3,13460,0.00102626062289346,9.988924565116338e-06
3,13470,0.0010283331444952636,9.988906786977632e-06
3,13480,0.0010097205973579547,9.988888994597602e-06
3,13490,0.0010209781117737292,9.988871187976292e-06
3,13500,0.001011222487431951,9.988853367113754e-06
3,13510,0.0010149138572160155,9.988835532010043e-06
3,13520,0.0010040901121101341,9.98881768266521e-06
3,13530,0.0010041015237220563,9.9887998190793e-06
3,13540,0.000988821851206012,9.988781941252369e-06
3,13550,0.000983300343796145,9.988764049184465e-06
3,13560,0.0009741085072164422,9.988746142875643e-06
3,13570,0.0009796954022021965,9.988728222325952e-06
3,13580,0.0009821833285968752,9.98871028753544e-06
3,13590,0.0009555015160003676,9.988692338504159e-06
3,13600,0.0009600630626664497,9.988674375232164e-06
3,13610,0.0009464309579925612,9.988656397719507e-06
3,13620,0.0009400109353009612,9.988638405966236e-06
3,13630,0.0009523582528345286,9.988620399972406e-06
3,13640,0.000941736888489686,9.98860237973806e-06
3,13650,0.0009327410705736839,9.98858434526326e-06
3,13660,0.0009343699421151541,9.988566296548047e-06
3,13670,0.0009228718728991226,9.988548233592484e-06
3,13680,0.0009164536066236905,9.988530156396615e-06
3,13690,0.0009211178330588154,9.988512064960495e-06
3,13700,0.0009130401056609116,9.988493959284174e-06
3,13710,0.000919559711473994,9.9884758393677e-06
3,13720,0.0009098669252125546,9.988457705211131e-06
3,13730,0.0009027922118548304,9.988439556814515e-06
3,13740,0.0008991817114292643,9.988421394177905e-06
3,13750,0.0009140832917182706,9.988403217301355e-06
3,13760,0.0008976285273092799,9.988385026184914e-06
3,13770,0.0008929490053560585,9.988366820828634e-06
3,13780,0.0008836719614919275,9.988348601232565e-06
3,13790,0.0008748880209168419,9.988330367396767e-06
3,13800,0.0008820837814710104,9.988312119321284e-06
3,13810,0.0008756600655033253,9.98829385700617e-06
3,13820,0.0008638633851660415,9.98827558045148e-06
3,13830,0.0008752203531912528,9.988257289657263e-06
3,13840,0.0008653076452901586,9.988238984623572e-06
3,13850,0.0008711751957889647,9.988220665350455e-06
3,13860,0.0008615575265139342,9.988202331837974e-06
3,13870,0.000864189963613171,9.988183984086172e-06
3,13880,0.0008734567963983863,9.988165622095108e-06
3,13890,0.0008551433187676593,9.988147245864834e-06
3,13900,0.0008405774075072258,9.988128855395397e-06
3,13910,0.0008431761962128803,9.988110450686855e-06
3,13920,0.0008390445887926034,9.98809203173926e-06
3,13930,0.0008325145710841753,9.98807359855266e-06
3,13940,0.0008210908141336404,9.988055151127112e-06
3,13950,0.0008526494697434829,9.988036689462668e-06
3,13960,0.0008299080713186413,9.988018213559382e-06
3,13970,0.0008515615860233082,9.987999723417303e-06
3,13980,0.0008422620434430429,9.987981219036484e-06
3,13990,0.0008373284494155087,9.987962700416983e-06
3,14000,0.0008188185092876665,9.987944167558846e-06
3,14010,0.0008270070276921615,9.98792562046213e-06
3,14020,0.000806659240333829,9.987907059126885e-06
3,14030,0.0008055371537921019,9.987888483553168e-06
3,14040,0.0008048959134612232,9.987869893741029e-06
3,14050,0.000802614475833252,9.987851289690524e-06
3,14060,0.0007964199554407969,9.9878326714017e-06
3,14070,0.0008016252220841124,9.987814038874616e-06
3,14080,0.0007767278279061429,9.987795392109325e-06
3,14090,0.0007866455198382027,9.987776731105879e-06
3,14100,0.0007794106830260716,9.98775805586433e-06
3,14110,0.0007866947096772493,9.98773936638473e-06
3,14120,0.0007909046224085614,9.987720662667138e-06
3,14130,0.000783080623659771,9.987701944711606e-06
3,14140,0.0007662380303372629,9.987683212518186e-06
3,14150,0.0007629766929312609,9.987664466086927e-06
3,14160,0.0007623146346304566,9.987645705417885e-06
3,14170,0.0007702273549512028,9.987626930511116e-06
3,14180,0.0007544346211943775,9.987608141366678e-06
3,14190,0.0007308953412575646,9.987589337984617e-06
3,14200,0.0007393234991468489,9.987570520364986e-06
3,14210,0.0007337352391914464,9.987551688507845e-06
3,14220,0.0007388764643110335,9.987532842413243e-06
3,14230,0.0007334000678383745,9.987513982081235e-06
3,14240,0.0007401239170576445,9.987495107511875e-06
3,14250,0.0007212099197204224,9.987476218705216e-06
3,14260,0.0007438318862114102,9.987457315661313e-06
3,14270,0.0007196935577667319,9.987438398380223e-06
3,14280,0.0007202483975561336,9.987419466861994e-06
3,14290,0.0007096296380041167,9.987400521106684e-06
3,14300,0.0007084586250130087,9.987381561114348e-06
3,14310,0.0007129315883503296,9.987362586885034e-06
3,14320,0.0007103881143848412,9.987343598418804e-06
3,14330,0.000715011880674865,9.98732459571571e-06
3,14340,0.0006905951144290156,9.987305578775804e-06
3,14350,0.0007059090785332955,9.987286547599137e-06
3,14360,0.0007000129771768115,9.987267502185768e-06
3,14370,0.0007117925415514037,9.987248442535753e-06
3,14380,0.0007084031982230953,9.987229368649143e-06
3,14390,0.0007129945457563736,9.987210280525993e-06
3,14400,0.000713507502223365,9.987191178166359e-06
3,14410,0.000677305216959212,9.98717206157029e-06
3,14420,0.0006838198838522658,9.98715293073785e-06
3,14430,0.0006944562352146022,9.987133785669088e-06
3,14440,0.0006759125244570896,9.987114626364062e-06
3,14450,0.0006755849608452991,9.98709545282282e-06
3,14460,0.0006812569859903306,9.987076265045422e-06
3,14470,0.0006754360074410215,9.987057063031923e-06
3,14480,0.0006658763944869862,9.987037846782375e-06
3,14490,0.0006667939742328599,9.987018616296836e-06
3,14500,0.0006542857416206971,9.98699937157536e-06
3,14510,0.0006620141983148643,9.986980112618e-06
3,14520,0.0006567256743437611,9.98696083942481e-06
3,14530,0.0006597672661882825,9.986941551995845e-06
3,14540,0.0006543065421283246,9.986922250331163e-06
3,14550,0.0006531507460749708,9.98690293443082e-06
3,14560,0.0006607091854675674,9.986883604294871e-06
3,14570,0.0006510183389764279,9.986864259923372e-06
3,14580,0.0006413605748093687,9.986844901316371e-06
3,14590,0.0006445122096920386,9.98682552847393e-06
3,14600,0.0006283306793193333,9.986806141396101e-06
3,14610,0.0006451867317082361,9.986786740082941e-06
3,14620,0.000643719854997471,9.986767324534504e-06
3,14630,0.0006283418959355913,9.986747894750849e-06
3,14640,0.0006315356222330593,9.986728450732025e-06
3,14650,0.0006248743113246747,9.986708992478093e-06
3,14660,0.0006225739707588218,9.986689519989109e-06
3,14670,0.0006363757493090816,9.986670033265129e-06
3,14680,0.0006249890531762504,9.986650532306201e-06
3,14690,0.000624874688219279,9.986631017112392e-06
3,14700,0.0006243624186026864,9.986611487683743e-06
3,14710,0.0006110654721851461,9.986591944020324e-06
3,14720,0.0006138775977888144,9.986572386122182e-06
3,14730,0.000602991011692211,9.986552813989376e-06
3,14740,0.0006074605538742617,9.986533227621963e-06
3,14750,0.0005927734135184437,9.98651362702e-06
3,14760,0.0005851161826285533,9.986494012183541e-06
3,14770,0.0005943336029304191,9.98647438311264e-06
3,14780,0.0005948382749920711,9.986454739807356e-06
3,14790,0.0006120730206021107,9.986435082267745e-06
3,14800,0.000612488506885711,9.98641541049386e-06
3,14810,0.0005959261994576081,9.986395724485761e-06
3,14820,0.0005931396255618892,9.986376024243503e-06
3,14830,0.0005985173978842796,9.986356309767138e-06
3,14840,0.0005854870265466161,9.986336581056724e-06
3,14850,0.0005814065298181958,9.986316838112325e-06
3,14860,0.0005882357057998888,9.986297080933991e-06
3,14870,0.0005889199121156708,9.986277309521773e-06
3,14880,0.000604303550790064,9.986257523875736e-06
3,14890,0.0005815453987452202,9.986237723995935e-06
3,14900,0.0005956340202828869,9.98621790988242e-06
3,14910,0.0006099966063629836,9.986198081535258e-06
3,14920,0.0005787514644907787,9.986178238954497e-06
3,14930,0.0005697193118976429,9.986158382140203e-06
3,14940,0.0005746399809140712,9.986138511092423e-06
3,14950,0.0005689595127478242,9.98611862581122e-06
3,14960,0.0005592326473561115,9.986098726296644e-06
3,14970,0.000554026395548135,9.98607881254876e-06
3,14980,0.000562213511148002,9.986058884567619e-06
3,14990,0.0005764401459600777,9.986038942353283e-06
3,15000,0.0005742754918173886,9.986018985905805e-06
3,15010,0.0005679382928065024,9.98599901522524e-06
3,15020,0.0005697003041859716,9.985979030311648e-06
3,15030,0.0005534440540941432,9.985959031165087e-06
3,15040,0.0005464564645080827,9.98593901778561e-06
3,15050,0.000535189408401493,9.985918990173277e-06
3,15060,0.0005434706021333113,9.985898948328143e-06
3,15070,0.0005336081827408634,9.985878892250268e-06
3,15080,0.0005457129649585113,9.98585882193971e-06
3,15090,0.0005426837917184458,9.985838737396525e-06
3,15100,0.0005429995369922835,9.985818638620773e-06
3,15110,0.0005265199957648292,9.985798525612509e-06
3,15120,0.0005405840784078464,9.985778398371789e-06
3,15130,0.0005376625660574064,9.985758256898673e-06
3,15140,0.0005425193419796414,9.985738101193218e-06
3,15150,0.0005442795474664309,9.985717931255481e-06
3,15160,0.000538849362055771,9.98569774708552e-06
3,15170,0.0005410298967035488,9.985677548683388e-06
3,15180,0.0005211585412325803,9.985657336049145e-06
3,15190,0.0005381325303460472,9.985637109182848e-06
3,15200,0.0005271536021609791,9.985616868084559e-06
3,15210,0.0005276775264064781,9.985596612754336e-06
3,15220,0.0005267630578600801,9.985576343192235e-06
3,15230,0.0005680645132088103,9.985556059398308e-06
3,15240,0.0005465850146720186,9.985535761372622e-06
3,15250,0.000548442013678141,9.985515449115231e-06
3,15260,0.0005182517372304573,9.985495122626196e-06
3,15270,0.0005319261959812138,9.98547478190557e-06
3,15280,0.0005162707653653342,9.98545442695341e-06
3,15290,0.0005104606403619983,9.98543405776978e-06
3,15300,0.0005273524831864051,9.985413674354735e-06
3,15310,0.0005100562360894401,9.985393276708335e-06
3,15320,0.0004954419731802773,9.985372864830635e-06
3,15330,0.0005126617732457816,9.985352438721696e-06
3,15340,0.0005062747281044721,9.985331998381574e-06
3,15350,0.0004979521472705528,9.98531154381033e-06
3,15360,0.000496509752701968,9.985291075008026e-06
3,15370,0.0005042525335738901,9.985270591974708e-06
3,15380,0.0005073399814136792,9.985250094710442e-06
3,15390,0.0004917574653518386,9.985229583215291e-06
3,15400,0.0004975142168405,9.985209057489305e-06
3,15410,0.0004957214398018551,9.985188517532548e-06
3,15420,0.000484157645405503,9.98516796334508e-06
3,15430,0.0004915623481792864,9.985147394926956e-06
3,15440,0.00049751611368265,9.985126812278237e-06
3,15450,0.00048302281211363155,9.985106215398976e-06
3,15460,0.00048551042054896244,9.98508560428924e-06
3,15470,0.0004880621301708743,9.985064978949081e-06
3,15480,0.000487398208497325,9.985044339378567e-06
3,15490,0.00048588734207442034,9.98502368557775e-06
3,15500,0.00047596864460501824,9.985003017546687e-06
3,15510,0.0004655287564673927,9.984982335285445e-06
3,15520,0.00046628516429336736,9.984961638794073e-06
3,15530,0.00047994701017159966,9.984940928072637e-06
3,15540,0.0004941581566527021,9.984920203121194e-06
3,15550,0.0004683686274802312,9.984899463939804e-06
3,15560,0.0004811586157302372,9.984878710528524e-06
3,15570,0.00047519625732093116,9.984857942887413e-06
3,15580,0.00045783504247083324,9.984837161016533e-06
3,15590,0.0004565018905850593,9.984816364915943e-06
3,15600,0.00045841650935471987,9.984795554585697e-06
3,15610,0.0004623448374331929,9.984774730025863e-06
3,15620,0.0004688932778663002,9.984753891236493e-06
3,15630,0.0004558203327178489,9.984733038217652e-06
3,15640,0.000457081197964726,9.984712170969401e-06
3,15650,0.00046641209482913834,9.984691289491792e-06
3,15660,0.0004582932328048628,9.98467039378489e-06
3,15670,0.0004749512903799769,9.984649483848755e-06
3,15680,0.00045356810078374106,9.984628559683441e-06
3,15690,0.0004600954656780232,9.98460762128902e-06
3,15700,0.00046886975687812085,9.98458666866554e-06
3,15710,0.000474033167847665,9.984565701813064e-06
3,15720,0.00044971434253966437,9.98454472073165e-06
3,15730,0.00045365450350800526,9.984523725421361e-06
3,15740,0.00046776939270785076,9.984502715882256e-06
3,15750,0.0004637755140720401,9.984481692114394e-06
3,15760,0.0004515562584856525,9.984460654117842e-06
3,15770,0.0004403787490446121,9.984439601892651e-06
3,15780,0.0004431263485457748,9.984418535438884e-06
3,15790,0.0004466882506676484,9.984397454756598e-06
3,15800,0.0004444607664481737,9.984376359845859e-06
3,15810,0.0004340159772254992,9.984355250706723e-06
3,15820,0.0004406383515743073,9.984334127339257e-06
3,15830,0.0004477558250073344,9.984312989743514e-06
3,15840,0.00044389003669493833,9.984291837919553e-06
3,15850,0.00044026139730704014,9.984270671867438e-06
3,15860,0.00043140701891388746,9.984249491587232e-06
3,15870,0.0004594754638674204,9.984228297078997e-06
3,15880,0.0004285542614525184,9.984207088342783e-06
3,15890,0.0004164188860158902,9.984185865378658e-06
3,15900,0.00042193192639388143,9.984164628186686e-06
3,15910,0.00042731820649350994,9.98414337676692e-06
3,15920,0.0004334476463554893,9.984122111119422e-06
3,15930,0.0004194395849481225,9.984100831244258e-06
3,15940,0.0004241302696755156,9.984079537141482e-06
3,15950,0.0004154830006882548,9.98405822881116e-06
3,15960,0.000434645482164342,9.98403690625335e-06
3,15970,0.0004451556451385841,9.984015569468117e-06
3,15980,0.00042687509194365696,9.98399421845552e-06
3,15990,0.00041477220729575494,9.983972853215612e-06
3,16000,0.0004165543330600485,9.983951473748464e-06
3,16010,0.00045766081675537864,9.983930080054132e-06
3,16020,0.0004346471912867855,9.983908672132678e-06
3,16030,0.00040899595041992147,9.983887249984165e-06
3,16040,0.00040289713215315717,9.983865813608655e-06
3,16050,0.0004087969406100456,9.983844363006205e-06
3,16060,0.0004049305629450828,9.983822898176879e-06
3,16070,0.00040427290659863504,9.983801419120739e-06
3,16080,0.0004066829838848207,9.983779925837847e-06
3,16090,0.0004102387749298942,9.983758418328259e-06
3,16100,0.0004000179178547114,9.983736896592041e-06
3,16110,0.000411457140580751,9.983715360629253e-06
3,16120,0.00042743861849885433,9.983693810439957e-06
3,16130,0.0004333991179009899,9.983672246024215e-06
3,16140,0.000427537188079441,9.983650667382086e-06
3,16150,0.0004144504309806507,9.983629074513636e-06
3,16160,0.000411274898215197,9.983607467418921e-06
3,16170,0.00042835274871322326,9.983585846098009e-06
3,16180,0.0004103394203411881,9.983564210550953e-06
3,16190,0.0004084434891410638,9.983542560777819e-06
3,16200,0.00041022534060175536,9.983520896778672e-06
3,16210,0.0004142494464758784,9.983499218553576e-06
3,16220,0.0003879905860230792,9.983477526102586e-06
3,16230,0.0003874740083119832,9.983455819425767e-06
3,16240,0.00038508860889123757,9.983434098523184e-06
3,16250,0.00040883328765630724,9.983412363394894e-06
3,16260,0.0003963310766266659,9.983390614040957e-06
3,16270,0.0003996137835201807,9.983368850461441e-06
3,16280,0.0003941548384318594,9.983347072656404e-06
3,16290,0.0004008339412393979,9.983325280625913e-06
3,16300,0.0003926989076717291,9.983303474370024e-06
3,16310,0.00037523778446484356,9.983281653888803e-06
3,16320,0.0003889118605002295,9.983259819182312e-06
3,16330,0.00037611778680002317,9.98323797025061e-06
3,16340,0.0003861820128804538,9.983216107093767e-06
3,16350,0.00038313965778797866,9.983194229711839e-06
3,16360,0.0003847379332000855,9.983172338104891e-06
3,16370,0.0003766566936974414,9.983150432272981e-06
3,16380,0.0003819248144282028,9.983128512216177e-06
3,16390,0.00039337360576610083,9.983106577934541e-06
3,16400,0.00039138271240517496,9.983084629428136e-06
3,16410,0.00040997981632244767,9.983062666697021e-06
3,16420,0.0004203691634756979,9.983040689741262e-06
3,16430,0.00039130144941736946,9.983018698560918e-06
3,16440,0.0003793724405113608,9.98299669315606e-06
3,16450,0.00036684979495476004,9.982974673526742e-06
3,16460,0.0003786059955018573,9.982952639673027e-06
3,16470,0.0003931435385311488,9.982930591594982e-06
3,16480,0.0003805506930802949,9.982908529292673e-06
3,16490,0.0003693787235533819,9.982886452766157e-06
3,16500,0.0003698952052218374,9.982864362015495e-06
3,16510,0.00036491110076894987,9.982842257040757e-06
3,16520,0.00036487739344011057,9.982820137842003e-06
3,16530,0.00036815650892094707,9.982798004419296e-06
3,16540,0.000380796837998787,9.9827758567727e-06
3,16550,0.0003664526993816253,9.982753694902278e-06
3,16560,0.00036427764352993115,9.98273151880809e-06
3,16570,0.0003523379418766126,9.982709328490202e-06
3,16580,0.000362915654113749,9.982687123948679e-06
3,16590,0.00037168614508118484,9.982664905183584e-06
3,16600,0.00037313492284738457,9.982642672194977e-06
3,16610,0.0003529005138261709,9.982620424982926e-06
3,16620,0.00035033483291044835,9.982598163547493e-06
3,16630,0.000377189253049437,9.982575887888744e-06
3,16640,0.0003738392049854155,9.982553598006738e-06
3,16650,0.0003627703306847252,9.982531293901538e-06
3,16660,0.000358353787305532,9.982508975573209e-06
3,16670,0.00035664910537889225,9.982486643021814e-06
3,16680,0.00037942374547128566,9.982464296247422e-06
3,16690,0.00036686481034848835,9.982441935250089e-06
3,16700,0.00038348690723069014,9.982419560029882e-06
3,16710,0.00035845438396790995,9.982397170586867e-06
3,16720,0.0003727097988303285,9.982374766921103e-06
3,16730,0.0003720571687154006,9.982352349032667e-06
3,16740,0.0003693528255098499,9.982329916921604e-06
3,16750,0.0003523807034071069,9.98230747058799e-06
3,16760,0.0003451400894846301,9.982285010031889e-06
3,16770,0.0003462308013695292,9.982262535253364e-06
3,16780,0.0003544878643879201,9.982240046252478e-06
3,16790,0.0003589153398934286,9.982217543029293e-06
3,16800,0.0003420984678086825,9.982195025583875e-06
3,16810,0.0003523899744322989,9.982172493916288e-06
3,16820,0.0003474709075817373,9.982149948026598e-06
3,16830,0.00034815891631296837,9.982127387914868e-06
3,16840,0.0003409269280382432,9.982104813581161e-06
3,16850,0.00034363090599072167,9.982082225025546e-06
3,16860,0.0003406273819564376,9.982059622248082e-06
3,16870,0.0003601873911975417,9.982037005248834e-06
3,16880,0.0003391445185116026,9.982014374027873e-06
3,16890,0.0003576095914468169,9.981991728585258e-06
3,16900,0.00036751213847310284,9.981969068921055e-06
3,16910,0.00035563814744818953,9.98194639503533e-06
3,16920,0.0003443199042521883,9.981923706928146e-06
3,16930,0.00033612892075325363,9.981901004599568e-06
3,16940,0.00035847992330673145,9.981878288049659e-06
3,16950,0.0003532014561642427,9.981855557278486e-06
3,16960,0.0003402895468752831,9.981832812286113e-06
3,16970,0.00035618506590253676,9.981810053072607e-06
3,16980,0.0003504096952383406,9.981787279638032e-06
3,16990,0.00035887836056645026,9.981764491982451e-06
3,17000,0.0003600208328862209,9.981741690105933e-06
3,17010,0.00034802119334926824,9.981718874008542e-06
3,17020,0.000346767721202923,9.981696043690341e-06
3,17030,0.0003380330781510566,9.981673199151389e-06
3,17040,0.0003288562278612517,9.981650340391767e-06
3,17050,0.00032673732639523225,9.981627467411527e-06
3,17060,0.0003348632424604147,9.981604580210739e-06
3,17070,0.0003611382308008615,9.98158167878947e-06
3,17080,0.00033710118805174716,9.981558763147783e-06
3,17090,0.0003237488934246357,9.981535833285743e-06
3,17100,0.0003259318807977252,9.981512889203416e-06
3,17110,0.0003334276225359645,9.98148993090087e-06
3,17120,0.00034201053640572356,9.981466958378165e-06
3,17130,0.0003303056822915096,9.98144397163537e-06
3,17140,0.00034066480875480923,9.98142097067255e-06
3,17150,0.0003294662237749435,9.981397955489774e-06
3,17160,0.00032576075609540566,9.981374926087104e-06
3,17170,0.00032324992571375333,9.98135188246461e-06
3,17180,0.0003206711626262404,9.981328824622348e-06
3,17190,0.00031482640479225666,9.981305752560394e-06
3,17200,0.00032257692801067605,9.981282666278808e-06
3,17210,0.00031732300194562416,9.981259565777661e-06
3,17220,0.0003216986493498553,9.98123645105702e-06
3,17230,0.0003147560310026165,9.981213322116942e-06
3,17240,0.00030917828262317927,9.981190178957495e-06
3,17250,0.00030972631575423295,9.981167021578747e-06
3,17260,0.0003141107015835587,9.98114384998077e-06
3,17270,0.0003160071973979939,9.981120664163626e-06
3,17280,0.0003148442752717528,9.981097464127379e-06
3,17290,0.00031283883581636476,9.981074249872094e-06
3,17300,0.0003015742157003842,9.981051021397842e-06
3,17310,0.000305665878840955,9.981027778704689e-06
3,17320,0.0003112186641374137,9.981004521792696e-06
3,17330,0.0003143405912851449,9.980981250661934e-06
3,17340,0.0003508910682285205,9.98095796531247e-06
3,17350,0.00033732787851477043,9.980934665744369e-06
3,17360,0.0003222456572984811,9.980911351957695e-06
3,17370,0.00030855804216116666,9.98088802395252e-06
3,17380,0.0003280509910837282,9.980864681728907e-06
3,17390,0.0003089747260673903,9.980841325286921e-06
3,17400,0.0003005151200341061,9.980817954626627e-06
3,17410,0.00030525257825502193,9.980794569748102e-06
3,17420,0.00030211993798729965,9.980771170651408e-06
3,17430,0.0003150905075017363,9.980747757336608e-06
3,17440,0.0002999855627422221,9.98072432980377e-06
3,17450,0.000305403936363291,9.98070088805296e-06
3,17460,0.00031569743077852763,9.98067743208425e-06
3,17470,0.0003130884404527023,9.980653961897705e-06
3,17480,0.00031820396980037914,9.980630477493388e-06
3,17490,0.00030445472220890223,9.98060697887137e-06
3,17500,0.00030696506510139446,9.980583466031713e-06
3,17510,0.000300130730465753,9.980559938974491e-06
3,17520,0.00031734094372950496,9.980536397699767e-06
3,17530,0.0003119390348729212,9.98051284220761e-06
3,17540,0.00033090400756918825,9.980489272498087e-06
3,17550,0.0003159390944347251,9.980465688571262e-06
3,17560,0.00029422333172988144,9.980442090427205e-06
3,17570,0.0002928829395386856,9.980418478065988e-06
3,17580,0.0002874217665521428,9.980394851487672e-06
3,17590,0.00030803497284068724,9.980371210692325e-06
3,17600,0.00029779791148030197,9.980347555680017e-06
3,17610,0.0002915870521974284,9.980323886450813e-06
3,17620,0.00029076313367113474,9.980300203004783e-06
3,17630,0.0002868996380129829,9.980276505341994e-06
3,17640,0.0002972426591441035,9.980252793462515e-06
3,17650,0.00029095822901581414,9.98022906736641e-06
3,17660,0.0003039425770111848,9.980205327053748e-06
3,17670,0.00029758311429759485,9.980181572524597e-06
3,validation,0.00029290476959431544,9.980181572524597e-06
4,17680,0.00030055399038246837,9.980157803779026e-06
4,17690,0.0002930408962129149,9.980134020817104e-06
4,17700,0.00029896265114075503,9.980110223638897e-06
4,17710,0.00031417169084306805,9.980086412244467e-06
4,17720,0.0002964058781799395,9.980062586633891e-06
4,17730,0.0002948219822428655,9.980038746807237e-06
4,17740,0.000293966660683509,9.980014892764567e-06
4,17750,0.0002913503725721966,9.979991024505955e-06
4,17760,0.00030050067653064616,9.979967142031464e-06
4,17770,0.00028823738466599025,9.979943245341165e-06
4,17780,0.00028843535692431034,9.979919334435123e-06
4,17790,0.0002765041026577819,9.97989540931341e-06
4,17800,0.00028779854401363993,9.979871469976095e-06
4,17810,0.0002799607013002969,9.979847516423246e-06
4,17820,0.0002866494745831005,9.979823548654928e-06
4,17830,0.00029027779964962974,9.979799566671208e-06
4,17840,0.00029306042997632174,9.979775570472157e-06
4,17850,0.0002850012737326324,9.979751560057846e-06
4,17860,0.00028069679974578325,9.979727535428338e-06
4,17870,0.0002839024688000791,9.97970349658371e-06
4,17880,0.00031195498449960725,9.979679443524023e-06
4,17890,0.0003012979475897737,9.979655376249352e-06
4,17900,0.00028236422658665104,9.97963129475976e-06
4,17910,0.00028183192698634225,9.97960719905532e-06
4,17920,0.00027892634243471544,9.9795830891361e-06
4,17930,0.00029629963755724016,9.979558965002165e-06
4,17940,0.000289272062946111,9.979534826653588e-06
4,17950,0.00028471819823607805,9.979510674090436e-06
4,17960,0.0002970454406749923,9.979486507312777e-06
4,17970,0.0002800912247039378,9.979462326320679e-06
4,17980,0.00027566837743506765,9.979438131114217e-06
4,17990,0.00029187788677518254,9.979413921693455e-06
4,18000,0.00027776644274126735,9.979389698058466e-06
4,18010,0.0002816813161189202,9.979365460209315e-06
4,18020,0.00027706717737601143,9.979341208146073e-06
4,18030,0.0002671050842764089,9.97931694186881e-06
4,18040,0.00026867527594731655,9.979292661377594e-06
4,18050,0.00028666647413047033,9.979268366672493e-06
4,18060,0.0002868837676942348,9.979244057753579e-06
4,18070,0.0002715036145673366,9.97921973462092e-06
4,18080,0.0002759101691481192,9.979195397274585e-06
4,18090,0.000272239727928536,9.979171045714646e-06
4,18100,0.0002907103174948134,9.979146679941167e-06
4,18110,0.00027458800905151294,9.979122299954224e-06
4,18120,0.00027251692081335936,9.979097905753878e-06
4,18130,0.0002678121159988223,9.979073497340213e-06
4,18140,0.00026575394440442324,9.979049074713291e-06
4,18150,0.0002609627536003245,9.97902463787318e-06
4,18160,0.00028896215335407757,9.979000186819948e-06
4,18170,0.0002809655401506461,9.978975721553668e-06
4,18180,0.00027189637839910576,9.978951242074408e-06
4,18190,0.00029388835100689907,9.978926748382245e-06
4,18200,0.0003081241135078017,9.978902240477244e-06
4,18210,0.00030400266114156694,9.978877718359468e-06
4,18220,0.0002756104899162892,9.978853182028998e-06
4,18230,0.0002686380048544379,9.978828631485898e-06
4,18240,0.00026355399713793307,9.97880406673024e-06
4,18250,0.000260189544496825,9.97877948776209e-06
4,18260,0.0002681835227122065,9.978754894581526e-06
4,18270,0.00026019588003691754,9.978730287188612e-06
4,18280,0.0002691160476388177,9.97870566558342e-06
4,18290,0.00027315083352732474,9.978681029766021e-06
4,18300,0.0002659156947629526,9.978656379736486e-06
4,18310,0.0002630886454426218,9.978631715494883e-06
4,18320,0.0002662561320903478,9.978607037041281e-06
4,18330,0.00027445633459137757,9.978582344375756e-06
4,18340,0.0002729711926804157,9.978557637498376e-06
4,18350,0.00026680152514018123,9.978532916409208e-06
4,18360,0.00026599679986247796,9.978508181108322e-06
4,18370,0.00029092623408359945,9.978483431595794e-06
4,18380,0.0002906207573687425,9.978458667871692e-06
4,18390,0.00026503766275709495,9.978433889936085e-06
4,18400,0.0002728835159359732,9.97840909778905e-06
4,18410,0.00026941551004711073,9.978384291430653e-06
4,18420,0.0002640260638145264,9.978359470860966e-06
4,18430,0.000254823967043194,9.978334636080058e-06
4,18440,0.00028037989286531226,9.978309787088004e-06
4,18450,0.00029399630075204185,9.978284923884875e-06
4,18460,0.0002914278382377233,9.978260046470738e-06
4,18470,0.00029609795528813266,9.978235154845664e-06
4,18480,0.00025569241224729925,9.978210249009724e-06
4,18490,0.00025695456279208886,9.97818532896299e-06
4,18500,0.0002708741878450382,9.978160394705538e-06
4,18510,0.00024790224233584013,9.978135446237435e-06
4,18520,0.0002595103251223918,9.978110483558752e-06
4,18530,0.0002594486486486858,9.978085506669558e-06
4,18540,0.00025541244613123124,9.978060515569926e-06
4,18550,0.0002411670360743301,9.978035510259933e-06
4,18560,0.00025681820734462234,9.97801049073964e-06
4,18570,0.0002541282883612439,9.977985457009124e-06
4,18580,0.00025517728827253446,9.977960409068459e-06
4,18590,0.0002505892931367271,9.977935346917711e-06
4,18600,0.0002555222548835445,9.977910270556954e-06
4,18610,0.0002466214824380586,9.97788517998626e-06
4,18620,0.00025208738225046545,9.977860075205701e-06
4,18630,0.0002554609149228781,9.97783495621535e-06
4,18640,0.0002579195010184776,9.977809823015276e-06
4,18650,0.00024410105506831312,9.977784675605553e-06
4,18660,0.0002593156987131806,9.977759513986249e-06
4,18670,0.0002617904803628335,9.977734338157437e-06
4,18680,0.00025115711650869343,9.977709148119195e-06
4,18690,0.00025478639581706376,9.977683943871586e-06
4,18700,0.00027603427952271886,9.977658725414687e-06
4,18710,0.0002749469116679393,9.977633492748572e-06
4,18720,0.0002524251820432255,9.977608245873308e-06
4,18730,0.00024173925557988694,9.977582984788965e-06
4,18740,0.000247566208417993,9.977557709495625e-06
4,18750,0.0002458378745359369,9.97753241999335e-06
4,18760,0.00025055938021978363,9.977507116282218e-06
4,18770,0.0002453123979648808,9.977481798362295e-06
4,18780,0.00025145525578409436,9.977456466233662e-06
4,18790,0.00027100210791104474,9.977431119896386e-06
4,18800,0.000271040078587248,9.97740575935054e-06
4,18810,0.00024048787199717483,9.977380384596203e-06
4,18820,0.00023626260554010514,9.977354995633436e-06
4,18830,0.0002467625912686344,9.977329592462319e-06
4,18840,0.0002385141564445803,9.97730417508292e-06
4,18850,0.0002525289004552178,9.977278743495314e-06
4,18860,0.00026205254762317053,9.977253297699577e-06
4,18870,0.00025835669912339655,9.977227837695777e-06
4,18880,0.00024476368162140716,9.977202363483986e-06
4,18890,0.0002380144265771378,9.97717687506428e-06
4,18900,0.0002569347841927083,9.977151372436732e-06
4,18910,0.0002609450992167694,9.97712585560141e-06
4,18920,0.00026812475480255673,9.977100324558393e-06
4,18930,0.00023230463593790774,9.977074779307747e-06
4,18940,0.00023501873547502326,9.977049219849555e-06
4,18950,0.0002417599684122251,9.977023646183879e-06
4,18960,0.00025883608650474345,9.976998058310796e-06
4,18970,0.0002559949851274723,9.976972456230385e-06
4,18980,0.00024263031664304436,9.976946839942709e-06
4,18990,0.00024096710112644362,9.97692120944785e-06
4,19000,0.0002452684198942734,9.976895564745876e-06
4,19010,0.00025131110269285275,9.976869905836859e-06
4,19020,0.0002510738358978415,9.976844232720877e-06
4,19030,0.0002416227351204725,9.976818545398001e-06
4,19040,0.00023649727299925873,9.976792843868304e-06
4,19050,0.00023920691419334616,9.976767128131855e-06
4,19060,0.00025187445207848215,9.97674139818874e-06
4,19070,0.0002501053455489455,9.976715654039018e-06
4,19080,0.00023675631236983464,9.976689895682775e-06
4,19090,0.0002547936976043275,9.976664123120073e-06
4,19100,0.00023718913071206772,9.976638336350992e-06
4,19110,0.00023337997808994262,9.976612535375607e-06
4,19120,0.00023856136540416627,9.976586720193987e-06
4,19130,0.00023496386311308015,9.97656089080621e-06
4,19140,0.0002493443844286958,9.976535047212345e-06
4,19150,0.00023614362107764463,9.97650918941247e-06
4,19160,0.00022724123191437682,9.97648331740666e-06
4,19170,0.00023168756451923402,9.976457431194984e-06
4,19180,0.00023184763886092697,9.976431530777518e-06
4,19190,0.00023364968510577455,9.976405616154336e-06
4,19200,0.00022521314895129763,9.976379687325514e-06
4,19210,0.00023079045022313948,9.976353744291125e-06
4,19220,0.0002531018413719721,9.97632778705124e-06
4,19230,0.00023510864120908083,9.976301815605932e-06
4,19240,0.00023396334836434107,9.976275829955282e-06
4,19250,0.00023985849402379246,9.976249830099361e-06
4,19260,0.00023252929750015028,9.97622381603824e-06
4,19270,0.00022647602236247621,9.976197787772e-06
4,19280,0.0002267444480821723,9.976171745300706e-06
4,19290,0.0002308469331183005,9.976145688624441e-06
4,19300,0.00024520359656889925,9.976119617743274e-06
4,19310,0.0002413456804788439,9.976093532657284e-06
4,19320,0.0002289842570462497,9.976067433366542e-06
4,19330,0.00022505621527670885,9.976041319871123e-06
4,19340,0.00024006228522921444,9.976015192171101e-06
4,19350,0.00023721997094980907,9.97598905026655e-06
4,19360,0.00023835178253648338,9.975962894157549e-06
4,19370,0.00023916977443150245,9.975936723844169e-06
4,19380,0.00022995846520643682,9.975910539326487e-06
4,19390,0.00022733772311767098,9.975884340604574e-06
4,19400,0.0002411486675555352,9.975858127678511e-06
4,19410,0.0002541644178563729,9.975831900548369e-06
4,19420,0.00022668019191769418,9.97580565921422e-06
4,19430,0.00022398495275410824,9.975779403676141e-06
4,19440,0.00024223233231168706,9.975753133934208e-06
4,19450,0.00023646027511858847,9.975726849988495e-06
4,19460,0.00022849617744213901,9.97570055183908e-06
4,19470,0.00022226954897632822,9.975674239486035e-06
4,19480,0.0002282801451656269,9.975647912929436e-06
4,19490,0.00023819334019208329,9.975621572169357e-06
4,19500,0.00023197935333882925,9.975595217205878e-06
4,19510,0.00023674071380810349,9.975568848039065e-06
4,19520,0.00021836794949194884,9.975542464669003e-06
4,19530,0.00021383087332651484,9.975516067095762e-06
4,19540,0.0002187715948821278,9.975489655319418e-06
4,19550,0.0002228572775493376,9.975463229340046e-06
4,19560,0.00022749432355340105,9.975436789157723e-06
4,19570,0.00021396536540123633,9.975410334772524e-06
4,19580,0.00021701082114304883,9.97538386618452e-06
4,19590,0.0002162148812203668,9.975357383393795e-06
4,19600,0.00022391332786355633,9.97533088640042e-06
4,19610,0.00021464907149493229,9.975304375204469e-06
4,19620,0.00023561286652693523,9.975277849806021e-06
4,19630,0.00022429629898397253,9.975251310205146e-06
4,19640,0.00022720611123077105,9.975224756401928e-06
4,19650,0.00021978246004437094,9.975198188396438e-06
4,19660,0.00021956257769488728,9.975171606188754e-06
4,19670,0.00021374336793087426,9.975145009778955e-06
4,19680,0.00021394189789134544,9.97511839916711e-06
4,19690,0.00021512132079806176,9.975091774353296e-06
4,19700,0.00021868702169740571,9.975065135337592e-06
4,19710,0.00022473163007816766,9.975038482120068e-06
4,19720,0.00023777744136168624,9.975011814700805e-06
4,19730,0.00021616810408886522,9.974985133079883e-06
4,19740,0.0002130417080479674,9.97495843725737e-06
4,19750,0.00021592437478830105,9.974931727233345e-06
4,19760,0.0002220807298726868,9.974905003007889e-06
4,19770,0.00022644263481197413,9.974878264581076e-06
4,19780,0.00022321087162708865,9.97485151195298e-06
4,19790,0.00023201474250527098,9.974824745123676e-06
4,19800,0.00021518026369449217,9.974797964093243e-06
4,19810,0.0002255539904581383,9.974771168861756e-06
4,19820,0.00021434080408653242,9.974744359429297e-06
4,19830,0.0002236348547739908,9.974717535795933e-06
4,19840,0.00023244059993885455,9.974690697961747e-06
4,19850,0.00023895919985079673,9.974663845926815e-06
4,19860,0.00021971750829834493,9.974636979691215e-06
4,19870,0.00021399324286903721,9.974610099255023e-06
4,19880,0.00021636079873132985,9.974583204618314e-06
4,19890,0.0002167298018321162,9.974556295781161e-06
4,19900,0.00022575521943508648,9.974529372743649e-06
4,19910,0.00022388369761756622,9.974502435505849e-06
4,19920,0.0002141942663001828,9.97447548406784e-06
4,19930,0.00021566764735325705,9.974448518429702e-06
4,19940,0.00021939074904366864,9.974421538591508e-06
4,19950,0.00021397867458290422,9.974394544553334e-06
4,19960,0.00020655046319006942,9.97436753631526e-06
4,19970,0.0002096144791721599,9.97434051387736e-06
4,19980,0.00021925840774201786,9.974313477239714e-06
4,19990,0.0002199393551563844,9.974286426402398e-06
4,20000,0.00022440086031565442,9.974259361365492e-06
4,20010,0.00023460974261979572,9.974232282129071e-06
4,20020,0.0002272286252264166,9.974205188693207e-06
4,20030,0.00021276317929732613,9.974178081057985e-06
4,20040,0.00021239031921140852,9.97415095922348e-06
4,20050,0.00021650817543559245,9.974123823189769e-06
4,20060,0.00020557571260724215,9.974096672956928e-06
4,20070,0.0002149882755475119,9.974069508525037e-06
4,20080,0.0002388711007370148,9.974042329894176e-06
4,20090,0.0002110446450387826,9.974015137064414e-06
4,20100,0.00022229663263715339,9.97398793003584e-06
4,20110,0.0001963742393854773,9.973960708808519e-06
4,20120,0.00020337314999778754,9.973933473382538e-06
4,20130,0.0002121640238328837,9.973906223757974e-06
4,20140,0.0002139188793080393,9.9738789599349e-06
4,20150,0.00020696028477686925,9.973851681913397e-06
4,20160,0.0002039752831478836,9.973824389693545e-06
4,20170,0.0002090382549795322,9.97379708327542e-06
4,20180,0.00020133219368290156,9.9737697626591e-06
4,20190,0.00021126207429915665,9.973742427844658e-06
4,20200,0.00021728566862293518,9.973715078832179e-06
4,20210,0.00021083384272060356,9.973687715621737e-06
4,20220,0.00020915282366331666,9.973660338213406e-06
4,20230,0.00022246693661145397,9.973632946607276e-06
4,20240,0.00021903224042034707,9.973605540803422e-06
4,20250,0.00020514633288257753,9.973578120801917e-06
4,20260,0.00020513521376415157,9.973550686602842e-06
4,20270,0.00020176138496026398,9.973523238206273e-06
4,20280,0.00020211691626172978,9.973495775612288e-06
4,20290,0.00022128747477836443,9.973468298820972e-06
4,20300,0.00022708891301590481,9.973440807832397e-06
4,20310,0.0002235740092146443,9.973413302646645e-06
4,20320,0.00020849260217801203,9.973385783263791e-06
4,20330,0.0002141518802091014,9.973358249683915e-06
4,20340,0.00020867652419838124,9.973330701907096e-06
4,20350,0.00020005934347864238,9.973303139933412e-06
4,20360,0.00019961463876825292,9.97327556376294e-06
4,20370,0.00020830913454119584,9.973247973395763e-06
4,20380,0.00021178063325351105,9.973220368831962e-06
4,20390,0.00021123327824170703,9.973192750071606e-06
4,20400,0.00020344817676232196,9.973165117114784e-06
4,20410,0.00021778565314889417,9.973137469961566e-06
4,20420,0.00023180785210570322,9.97310980861204e-06
4,20430,0.00022727935393049845,9.973082133066278e-06
4,20440,0.00021615982186631302,9.973054443324361e-06
4,20450,0.0002506750253814971,9.973026739386366e-06
4,20460,0.00025926603339030405,9.972999021252378e-06
4,20470,0.0002420056018308969,9.972971288922469e-06
4,20480,0.00023574065126013012,9.972943542396724e-06
4,20490,0.00022386017662938683,9.97291578167522e-06
4,20500,0.0002178568614908727,9.972888006758033e-06
4,20510,0.000215755069439183,9.972860217645248e-06
4,20520,0.00021110995185154026,9.972832414336943e-06
4,20530,0.00021424417827802243,9.972804596833192e-06
4,20540,0.00021077199126011694,9.972776765134082e-06
4,20550,0.00020794906158698722,9.97274891923969e-06
4,20560,0.00021007921059208458,9.972721059150094e-06
4,20570,0.00019942939943575768,9.972693184865374e-06
4,20580,0.00019401199388084932,9.972665296385608e-06
4,20590,0.0002058155176200671,9.97263739371088e-06
4,20600,0.00020667881908593698,9.972609476841265e-06
4,20610,0.00019761665244004688,9.972581545776843e-06
4,20620,0.00020177484111627564,9.972553600517697e-06
4,20630,0.00020058102018083446,9.972525641063904e-06
4,20640,0.00020181496038276236,9.972497667415547e-06
4,20650,0.0001880237006844254,9.9724696795727e-06
4,20660,0.00018801641344907695,9.972441677535448e-06
4,20670,0.00019293166478746572,9.972413661303867e-06
4,20680,0.0002028524406341603,9.972385630878044e-06
4,20690,0.00019002820954483468,9.972357586258054e-06
4,20700,0.00019547198462532833,9.972329527443978e-06
4,20710,0.00019226890071877278,9.972301454435892e-06
4,20720,0.00020535231051326265,9.972273367233883e-06
4,20730,0.00018949776531371751,9.972245265838027e-06
4,20740,0.00020911468600388615,9.972217150248406e-06
4,20750,0.00021567307485383935,9.972189020465101e-06
4,20760,0.00020706519353552724,9.972160876488184e-06
4,20770,0.00020424413633008952,9.972132718317744e-06
4,20780,0.000208233538796776,9.972104545953863e-06
4,20790,0.000202517285651993,9.97207635939662e-06
4,20800,0.00020251514106348623,9.972048158646091e-06
4,20810,0.00021311597083695233,9.972019943702357e-06
4,20820,0.0002069289297651267,9.971991714565501e-06
4,20830,0.00019664664650917985,9.9719634712356e-06
4,20840,0.0001984530830668518,9.971935213712737e-06
4,20850,0.00022009695676388218,9.971906941996997e-06
4,20860,0.0002195736309658969,9.971878656088461e-06
4,20870,0.0001996775001316564,9.971850355987204e-06
4,20880,0.00020209559297654776,9.971822041693305e-06
4,20890,0.0001989998148928862,9.97179371320685e-06
4,20900,0.00018863076365960296,9.971765370527918e-06
4,20910,0.00019368714420124887,9.97173701365659e-06
4,20920,0.00019884517023456284,9.971708642592945e-06
4,20930,0.00019403776750550605,9.97168025733707e-06
4,20940,0.00020977850836061409,9.971651857889037e-06
4,20950,0.0002156653059500968,9.971623444248936e-06
4,20960,0.00019751559011638165,9.971595016416844e-06
4,20970,0.00019290272939542771,9.971566574392843e-06
4,20980,0.0002077965869830223,9.971538118177014e-06
4,20990,0.00019693261056090707,9.971509647769431e-06
4,21000,0.00019466039957478644,9.971481163170186e-06
4,21010,0.00021863981928618159,9.971452664379355e-06
4,21020,0.0001939482695888728,9.971424151397024e-06
4,21030,0.00019025648180104326,9.971395624223269e-06
4,21040,0.0001990094460779801,9.971367082858173e-06
4,21050,0.00019419823656789957,9.97133852730182e-06
4,21060,0.00019192193030903584,9.971309957554291e-06
4,21070,0.00018489474059606436,9.971281373615664e-06
4,21080,0.00019401892714085987,9.971252775486023e-06
4,21090,0.00018559816453489475,9.971224163165443e-06
4,21100,0.0001918522575579118,9.97119553665402e-06
4,21110,0.0001926983895828016,9.971166895951823e-06
4,21120,0.00019812659229501148,9.971138241058942e-06
4,21130,0.00018608373138704335,9.97110957197545e-06
4,21140,0.00022402869835786988,9.97108088870144e-06
4,21150,0.00019316839752718805,9.971052191236984e-06
4,21160,0.00018869800369429867,9.971023479582168e-06
4,21170,0.00019091938847850542,9.970994753737076e-06
4,21180,0.00017998627627093813,9.97096601370179e-06
4,21190,0.00019177989997842817,9.970937259476388e-06
4,21200,0.0002009954270761227,9.970908491060951e-06
4,21210,0.0001901224437460769,9.970879708455564e-06
4,21220,0.00018753057447611353,9.97085091166031e-06
4,21230,0.00017735625442583114,9.970822100675271e-06
4,21240,0.00020097916894883382,9.97079327550053e-06
4,21250,0.0001969215249118861,9.97076443613617e-06
4,21260,0.00018856412862078287,9.97073558258227e-06
4,21270,0.00018199926453235096,9.970706714838911e-06
4,21280,0.000189490865523112,9.970677832906182e-06
4,21290,0.00019015028119611087,9.970648936784159e-06
4,21300,0.00018303547658433673,9.97062002647293e-06
4,21310,0.0001971997113287216,9.970591101972575e-06
4,21320,0.00020074107669643126,9.970562163283172e-06
4,21330,0.0002062216222839197,9.970533210404811e-06
4,21340,0.00022426102514145894,9.97050424333757e-06
4,21350,0.0001915124557854142,9.970475262081534e-06
4,21360,0.00018145396570616866,9.970446266636784e-06
4,21370,0.00017562450157129208,9.970417257003405e-06
4,21380,0.0001789077363355318,9.970388233181476e-06
4,21390,0.00018838064279407264,9.970359195171082e-06
4,21400,0.00018949550358229316,9.970330142972306e-06
4,21410,0.00019591218697314618,9.970301076585234e-06
4,21420,0.00019791847335000055,9.970271996009946e-06
4,21430,0.0001993483561818721,9.970242901246522e-06
4,21440,0.00018648143195605372,9.97021379229505e-06
4,21450,0.00018581019212433604,9.970184669155608e-06
4,21460,0.0001861219006968895,9.970155531828284e-06
4,21470,0.00018795268406393009,9.970126380313157e-06
4,21480,0.0002027607839409029,9.970097214610318e-06
4,21490,0.00018067007804347667,9.970068034719844e-06
4,21500,0.00017853838762675877,9.970038840641816e-06
4,21510,0.0001913752406835556,9.970009632376324e-06
4,21520,0.00019155629997840153,9.969980409923446e-06
4,21530,0.00021387666783994063,9.96995117328327e-06
4,21540,0.00020272087131161244,9.969921922455876e-06
4,21550,0.00018084481598634738,9.969892657441348e-06
4,21560,0.00017269491290790027,9.969863378239769e-06
4,21570,0.0001847160849138163,9.969834084851224e-06
4,21580,0.00018692916601139586,9.9698047772758e-06
4,21590,0.00018575992980913726,9.969775455513572e-06
4,21600,0.00017915954522322865,9.969746119564631e-06
4,21610,0.0001797821900254348,9.969716769429057e-06
4,21620,0.00017688670995994472,9.969687405106932e-06
4,21630,0.00017927982516994235,9.969658026598343e-06
4,21640,0.00017475540880695917,9.969628633903378e-06
4,21650,0.00017586598223715555,9.969599227022114e-06
4,21660,0.00017689889209577812,9.969569805954638e-06
4,21670,0.00017807196782086975,9.969540370701035e-06
4,21680,0.00017403436067979784,9.969510921261384e-06
4,21690,0.00017621248662180733,9.969481457635774e-06
4,21700,0.00018356150103500114,9.969451979824289e-06
4,21710,0.00018418085819575935,9.969422487827013e-06
4,21720,0.00019804979892796838,9.969392981644028e-06
4,21730,0.00017683239821053576,9.969363461275415e-06
4,21740,0.0001782391635060776,9.969333926721271e-06
4,21750,0.00018132548975700045,9.969304377981667e-06
4,21760,0.0001884147397504421,9.969274815056696e-06
4,21770,0.00018204473999503538,9.969245237946433e-06
4,21780,0.00018933363535325042,9.96921564665097e-06
4,21790,0.0001841108856751816,9.969186041170392e-06
4,21800,0.00020466287023737095,9.969156421504778e-06
4,21810,0.0001840006782003911,9.969126787654217e-06
4,21820,0.00018744223452813458,9.969097139618795e-06
4,21830,0.0001898365499073407,9.96906747739859e-06
4,21840,0.00018835007540474183,9.969037800993691e-06
4,21850,0.0001811804664612282,9.969008110404183e-06
4,21860,0.00017868808972707482,9.968978405630147e-06
4,21870,0.00016912816572585144,9.968948686671672e-06
4,21880,0.00017099984288506675,9.968918953528837e-06
4,21890,0.00017698565934551878,9.968889206201737e-06
4,21900,0.00018879165545513388,9.968859444690447e-06
4,21910,0.00019206491160730368,9.96882966899506e-06
4,21920,0.00017587370530236512,9.968799879115658e-06
4,21930,0.00016729693561501335,9.968770075052323e-06
4,21940,0.00017311352712567896,9.968740256805146e-06
4,21950,0.0001854607446148293,9.968710424374207e-06
4,21960,0.0001902904827147722,9.968680577759591e-06
4,21970,0.00016959362983470783,9.96865071696139e-06
4,21980,0.0001746024176100036,9.968620841979679e-06
4,21990,0.0001699350952549139,9.968590952814551e-06
4,22000,0.00018418228319205812,9.968561049466089e-06
4,22010,0.00018331255232624245,9.968531131934376e-06
4,22020,0.00018329861850361338,9.968501200219504e-06
4,22030,0.00020308985876908993,9.968471254321553e-06
4,22040,0.00018856826900446322,9.968441294240611e-06
4,22050,0.00018517016942496412,9.968411319976761e-06
4,22060,0.00019358589815965385,9.968381331530089e-06
4,22070,0.0001868105257017305,9.968351328900681e-06
4,22080,0.00018737177124421577,9.968321312088622e-06
4,22090,0.00018822012170858216,9.968291281093995e-06
4,22100,0.0001804373005143134,9.968261235916891e-06
4,22110,0.000183711789213703,9.968231176557396e-06
4,22120,0.0002261686036945321,9.96820110301559e-06
4,22130,0.0002058956499240594,9.968171015291562e-06
4,22140,0.00017649517685640602,9.968140913385402e-06
4,22150,0.00018208596702606883,9.968110797297191e-06
4,22160,0.00017438044742448258,9.968080667027017e-06
4,22170,0.00019422645746089984,9.968050522574964e-06
4,22180,0.0001883978122350527,9.96802036394112e-06
4,22190,0.00019661476544570176,9.967990191125572e-06
4,22200,0.00017947700071090366,9.967960004128404e-06
4,22210,0.00016877001035027207,9.967929802949701e-06
4,22220,0.00016431655676569788,9.967899587589553e-06
4,22230,0.00019278472791484091,9.967869358048044e-06
4,22240,0.00018495505864848385,9.967839114325261e-06
4,22250,0.00017894950942718427,9.967808856421291e-06
4,22260,0.00018380183100816794,9.967778584336215e-06
4,22270,0.00018293557222932578,9.967748298070128e-06
4,22280,0.0001648130259127356,9.967717997623109e-06
4,22290,0.00016506759129697457,9.967687682995248e-06
4,22300,0.0001660545378399547,9.96765735418663e-06
4,22310,0.00016776658012531697,9.967627011197347e-06
4,22320,0.00017241866153199227,9.967596654027483e-06
4,22330,0.00017206398442795037,9.967566282677122e-06
4,22340,0.00018254594251629897,9.967535897146352e-06
4,22350,0.00018608870377647693,9.967505497435258e-06
4,22360,0.0002004497029702179,9.967475083543931e-06
4,22370,0.0001801927686756244,9.967444655472454e-06
4,22380,0.0001722550401609624,9.967414213220912e-06
4,22390,0.00018255888462590523,9.967383756789397e-06
4,22400,0.00018993985468114262,9.967353286177996e-06
4,22410,0.00017441664276702796,9.967322801386788e-06
4,22420,0.00019073507573921233,9.967292302415872e-06
4,22430,0.00019234363971918354,9.967261789265326e-06
4,22440,0.00018406584567856043,9.967231261935244e-06
4,22450,0.00017732261221681256,9.967200720425706e-06
4,22460,0.0001638088644540403,9.967170164736798e-06
4,22470,0.00018183157735620625,9.967139594868616e-06
4,22480,0.00020808935551031027,9.967109010821245e-06
4,22490,0.00017881312414829155,9.967078412594768e-06
4,22500,0.000163285697271931,9.96704780018927e-06
4,22510,0.00017735188703227325,9.967017173604848e-06
4,22520,0.00016144955625350125,9.966986532841581e-06
4,22530,0.000169970888964599,9.966955877899561e-06
4,22540,0.0001620188613742357,9.966925208778874e-06
4,22550,0.00016293353401124476,9.96689452547961e-06
4,22560,0.0001617838530364679,9.966863828001852e-06
4,22570,0.00016145864865393377,9.96683311634569e-06
4,22580,0.00017663670041656587,9.966802390511208e-06
4,22590,0.0001725613921735203,9.966771650498505e-06
4,22600,0.00016720745152269957,9.96674089630766e-06
4,22610,0.00016981591434159782,9.966710127938758e-06
4,22620,0.00018145112408092247,9.96667934539189e-06
4,22630,0.00017270960815949366,9.966648548667147e-06
4,22640,0.0001663575014390517,9.966617737764613e-06
4,22650,0.000170575129595818,9.966586912684381e-06
4,22660,0.0001674691513471771,9.966556073426535e-06
4,22670,0.0001713461155304685,9.966525219991162e-06
4,22680,0.0001685911847744137,9.966494352378353e-06
4,22690,0.00016450150142190977,9.966463470588196e-06
4,22700,0.0001855697020801017,9.96643257462077e-06
4,22710,0.00017399693679180926,9.966401664476177e-06
4,22720,0.0001804265986720566,9.966370740154499e-06
4,22730,0.00016710196250642183,9.96633980165582e-06
4,22740,0.00016686567614669913,9.966308848980239e-06
4,22750,0.00017915549724420996,9.966277882127837e-06
4,22760,0.00017818914748204409,9.966246901098702e-06
4,22770,0.000161455939814914,9.966215905892923e-06
4,22780,0.00016940643508860375,9.966184896510592e-06
4,22790,0.00015668792293581645,9.966153872951794e-06
4,22800,0.00015549235504295212,9.96612283521662e-06
4,22810,0.00017595427780179305,9.966091783305161e-06
4,22820,0.00020244764018571005,9.966060717217501e-06
4,22830,0.00017147062135336455,9.966029636953725e-06
4,22840,0.00018098948858096263,9.965998542513929e-06
4,22850,0.00020578683433996047,9.965967433898198e-06
4,22860,0.00018938485009130092,9.96593631110662e-06
4,22870,0.0001808103363146074,9.965905174139287e-06
4,22880,0.0001773818068613764,9.965874022996292e-06
4,22890,0.00017324954278592484,9.96584285767771e-06
4,22900,0.00017110399312514346,9.965811678183645e-06
4,22910,0.0001609158945939271,9.965780484514173e-06
4,22920,0.00016958347805484664,9.96574927666939e-06
4,22930,0.00015449011079908813,9.965718054649388e-06
4,22940,0.00015484786599699872,9.96568681845425e-06
4,22950,0.0001606106416147668,9.965655568084071e-06
4,22960,0.00016805640916572884,9.965624303538933e-06
4,22970,0.00017075910800485873,9.965593024818934e-06
4,22980,0.00016338900932169053,9.965561731924156e-06
4,22990,0.00016832858855195807,9.965530424854693e-06
4,23000,0.0001654336716455873,9.96549910361063e-06
4,23010,0.00016974306781776248,9.96546776819206e-06
4,23020,0.00016311575200234074,9.965436418599073e-06
4,23030,0.00016758397869125473,9.965405054831758e-06
4,23040,0.00016208080378419255,9.965373676890199e-06
4,23050,0.00015981138058123178,9.965342284774492e-06
4,23060,0.00017470512502768543,9.965310878484722e-06
4,23070,0.00017373937298543752,9.96527945802098e-06
4,23080,0.0001653244653425645,9.965248023383358e-06
4,23090,0.00017012997523124795,9.965216574571948e-06
4,23100,0.00015964584854373244,9.965185111586834e-06
4,23110,0.00015971591892594006,9.965153634428112e-06
4,23120,0.0001561954089993378,9.965122143095865e-06
4,23130,0.0001589342733495869,9.965090637590187e-06
4,23140,0.0001681765999819618,9.965059117911166e-06
4,23150,0.00017156910325866193,9.96502758405889e-06
4,23160,0.0001752033240336459,9.96499603603345e-06
4,23170,0.0001684803737589391,9.964964473834944e-06
4,23180,0.00016339162466465494,9.964932897463454e-06
4,23190,0.00015872834774199873,9.964901306919073e-06
4,23200,0.000148584760245285,9.964869702201886e-06
4,23210,0.00016056073982326777,9.964838083311993e-06
4,23220,0.00015442435797012876,9.96480645024947e-06
4,23230,0.00016064239098341203,9.964774803014422e-06
4,23240,0.00016524265192856545,9.964743141606933e-06
4,23250,0.00016275297857646363,9.964711466027092e-06
4,23260,0.00016981963781290688,9.964679776274992e-06
4,23270,0.00016486472886754198,9.964648072350723e-06
4,23280,0.00018168912101828026,9.964616354254374e-06
4,23290,0.00015930066947476008,9.964584621986036e-06
4,23300,0.00015515930972469504,9.964552875545799e-06
4,23310,0.00016719491031835787,9.964521114933762e-06
4,23320,0.0001698963769740658,9.964489340150004e-06
4,23330,0.00016018459064071067,9.964457551194618e-06
4,23340,0.00016707434369891418,9.964425748067699e-06
4,23350,0.00018012647014984396,9.964393930769335e-06
4,23360,0.00017565278067195323,9.964362099299619e-06
4,23370,0.00019226885960961225,9.964330253658642e-06
4,23380,0.00019397450014366766,9.964298393846492e-06
4,23390,0.00020213032948959155,9.964266519863262e-06
4,23400,0.00017102280726248866,9.964234631709046e-06
4,23410,0.00016507538166479207,9.964202729383926e-06
4,23420,0.00016960373723122756,9.964170812888e-06
4,23430,0.0001640521390072536,9.96413888222136e-06
4,23440,0.00016423878332716413,9.964106937384091e-06
4,23450,0.0001644882617256371,9.96407497837629e-06
4,23460,0.000157493184087798,9.964043005198047e-06
4,23470,0.00015689724350522737,9.96401101784945e-06
4,23480,0.00015689066312916112,9.963979016330591e-06
4,23490,0.00018055504697258584,9.963947000641565e-06
4,23500,0.00018321745737921448,9.96391497078246e-06
4,23510,0.00017235881423403044,9.963882926753368e-06
4,23520,0.00015328873560065402,9.963850868554382e-06
4,23530,0.0001856839531683363,9.963818796185594e-06
4,23540,0.00017180216782435308,9.963786709647093e-06
4,23550,0.000167581605273881,9.963754608938972e-06
4,23560,0.00017142277029051913,9.963722494061322e-06
4,validation,0.00015582002743030898,9.963722494061322e-06
5,23570,0.00016733605370973238,9.963690365014234e-06
5,23580,0.00015147743033594452,9.9636582217978e-06
5,23590,0.00014665569942735602,9.963626064412119e-06
5,23600,0.00015582481391902548,9.963593892857277e-06
5,23610,0.00016320739741786382,9.963561707133361e-06
5,23620,0.00016042352181102617,9.96352950724047e-06
5,23630,0.00015482900780625642,9.963497293178693e-06
5,23640,0.0001511368729552487,9.96346506494812e-06
5,23650,0.000164363582371152,9.963432822548844e-06
5,23660,0.00017917351542564577,9.963400565980961e-06
5,23670,0.000169570113212103,9.963368295244561e-06
5,23680,0.0001873542230896419,9.963336010339733e-06
5,23690,0.00016416139114880935,9.963303711266574e-06
5,23700,0.0001669468289037468,9.963271398025172e-06
5,23710,0.00016251386878138874,9.96323907061562e-06
5,23720,0.00016690981065039522,9.963206729038013e-06
5,23730,0.00015012306612334213,9.963174373292441e-06
5,23740,0.00016245524129772094,9.963142003378995e-06
5,23750,0.00014605799533455864,9.963109619297773e-06
5,23760,0.00016229428038059266,9.963077221048862e-06
5,23770,0.0001769351238181116,9.963044808632354e-06
5,23780,0.00016446432055090555,9.963012382048346e-06
5,23790,0.00015309312184399462,9.96297994129693e-06
5,23800,0.00015823911198822315,9.962947486378196e-06
5,23810,0.00015925782481645003,9.962915017292235e-06
5,23820,0.00017006315210892352,9.962882534039145e-06
5,23830,0.00018630122176546137,9.962850036619014e-06
5,23840,0.0001767878457030747,9.962817525031934e-06
5,23850,0.00015957133000483737,9.962784999278004e-06
5,23860,0.00015809881588211284,9.96275245935731e-06
5,23870,0.00017614630560274235,9.962719905269951e-06
5,23880,0.00018292902277607936,9.962687337016019e-06
5,23890,0.00016788392313173972,9.962654754595601e-06
5,23900,0.0001496991819294635,9.962622158008796e-06
5,23910,0.0001585969261213904,9.962589547255695e-06
5,23920,0.00015838787840039004,9.96255692233639e-06
5,23930,0.00015494725375901907,9.96252428325098e-06
5,23940,0.00017410937070962972,9.962491629999554e-06
5,23950,0.00015505114060943015,9.9624589625822e-06
5,23960,0.00014715603792865296,9.96242628099902e-06
5,23970,0.00014737168603460305,9.962393585250104e-06
5,23980,0.0001423346118826885,9.962360875335544e-06
5,23990,0.00015001396404841217,9.962328151255437e-06
5,24000,0.00016933857696130872,9.962295413009873e-06
5,24010,0.00015825994923943654,9.962262660598946e-06
5,24020,0.0001529695797216846,9.962229894022746e-06
5,24030,0.0001767921272403328,9.962197113281373e-06
5,24040,0.00016666575756971725,9.96216431837492e-06
5,24050,0.00015797932792338543,9.962131509303471e-06
5,24060,0.00015984292658686175,9.962098686067126e-06
5,24070,0.0001621324452571571,9.962065848665983e-06
5,24080,0.00014252239343477411,9.962032997100133e-06
5,24090,0.00015564570712740534,9.962000131369669e-06
5,24100,0.00014646590425400064,9.961967251474685e-06
5,24110,0.00015967456856742502,9.961934357415273e-06
5,24120,0.00016638387824059462,9.96190144919153e-06
5,24130,0.00019551327059161847,9.96186852680355e-06
5,24140,0.00017707844817778097,9.961835590251425e-06
5,24150,0.00016211729816859586,9.961802639535251e-06
5,24160,0.0001547072322864551,9.961769674655116e-06
5,24170,0.00015806530391273554,9.961736695611124e-06
5,24180,0.00014151623672660208,9.96170370240336e-06
5,24190,0.00014649819695478072,9.961670695031925e-06
5,24200,0.00014908400480635465,9.961637673496907e-06
5,24210,0.00015829441581445282,9.961604637798407e-06
5,24220,0.00016018708047340623,9.961571587936513e-06
5,24230,0.00014284302706073503,9.961538523911325e-06
5,24240,0.00015194658117252403,9.961505445722935e-06
5,24250,0.0001531299618363846,9.961472353371435e-06
5,24260,0.0001590211904840544,9.961439246856925e-06
5,24270,0.00016877578673302196,9.96140612617949e-06
5,24280,0.00015736109417048284,9.961372991339234e-06
5,24290,0.00014622166636399923,9.961339842336245e-06
5,24300,0.00015019172242318745,9.961306679170625e-06
5,24310,0.00015220164896163625,9.961273501842459e-06
5,24320,0.00015251302338583627,9.961240310351852e-06
5,24330,0.00015757772562210448,9.961207104698891e-06
5,24340,0.00015640663223166485,9.961173884883675e-06
5,24350,0.00015861010579101275,9.961140650906302e-06
5,24360,0.0001541616064059781,9.96110740276686e-06
5,24370,0.00016289168452203738,9.961074140465446e-06
5,24380,0.00014653389043814966,9.961040864002154e-06
5,24390,0.00014674229914817262,9.96100757337708e-06
5,24400,0.00015207567830657353,9.960974268590321e-06
5,24410,0.00016358213579223955,9.96094094964197e-06
5,24420,0.0001573409328557318,9.960907616532122e-06
5,24430,0.00014950073727959534,9.960874269260871e-06
5,24440,0.0001564212128869258,9.960840907828318e-06
5,24450,0.0001571653232531389,9.960807532234549e-06
5,24460,0.0001525343701359816,9.960774142479665e-06
5,24470,0.00016365690862585325,9.96074073856376e-06
5,24480,0.00015907989672996336,9.960707320486932e-06
5,24490,0.0001360986087092897,9.960673888249275e-06
5,24500,0.0001517191290986375,9.960640441850883e-06
5,24510,0.0001474507169405115,9.960606981291851e-06
5,24520,0.00015967848121363205,9.96057350657228e-06
5,24530,0.000158280618416029,9.960540017692257e-06
5,24540,0.00015468014826183207,9.960506514651884e-06
5,24550,0.00015452195657417178,9.960472997451256e-06
5,24560,0.0001464050506911008,9.960439466090464e-06
5,24570,0.00014213685117283603,9.960405920569611e-06
5,24580,0.00013652230427396717,9.960372360888788e-06
5,24590,0.0001518699664302403,9.960338787048087e-06
5,24600,0.00015246999410010176,9.960305199047608e-06
5,24610,0.000156161203267402,9.960271596887447e-06
5,24620,0.00017010146111715586,9.960237980567704e-06
5,24630,0.00015144253156904597,9.960204350088469e-06
5,24640,0.00015160815983108477,9.960170705449843e-06
5,24650,0.00014760607464268103,9.96013704665192e-06
5,24660,0.0001393965738316183,9.960103373694793e-06
5,24670,0.00015015676253824495,9.960069686578561e-06
5,24680,0.0001541581001220038,9.960035985303322e-06
5,24690,0.0001594502795342123,9.960002269869166e-06
5,24700,0.00014725990022270707,9.959968540276193e-06
5,24710,0.00015077365587785608,9.959934796524499e-06
5,24720,0.00014832645956630586,9.959901038614181e-06
5,24730,0.00015110295371414392,9.959867266545333e-06
5,24740,0.00014293024341895943,9.959833480318057e-06
5,24750,0.0001429003576049581,9.959799679932442e-06
5,24760,0.0001466107476517209,9.95976586538859e-06
5,24770,0.00015526018032687718,9.959732036686598e-06
5,24780,0.00014937233790988103,9.959698193826561e-06
5,24790,0.00015096214610821335,9.959664336808572e-06
5,24800,0.0001688566508164513,9.959630465632731e-06
5,24810,0.00016947521253314336,9.959596580299136e-06
5,24820,0.00016856588699738496,9.959562680807878e-06
5,24830,0.00015398654250020627,9.959528767159062e-06
5,24840,0.00014367778712767176,9.959494839352778e-06
5,24850,0.000143961695539474,9.959460897389126e-06
5,24860,0.00014618541554227703,9.959426941268203e-06
5,24870,0.00015445308308699167,9.959392970990105e-06
5,24880,0.00015222465226543135,9.959358986554929e-06
5,24890,0.00019178379443474114,9.959324987962772e-06
5,24900,0.00016431325893790928,9.959290975213734e-06
5,24910,0.00015600426213495665,9.959256948307909e-06
5,24920,0.00014524051730404607,9.959222907245394e-06
5,24930,0.0001408499092576676,9.959188852026286e-06
5,24940,0.00014701840082125272,9.959154782650685e-06
5,24950,0.00014183888779371046,9.959120699118686e-06
5,24960,0.00013720238639507442,9.959086601430385e-06
5,24970,0.00014440768009080785,9.959052489585885e-06
5,24980,0.0001476842635383946,9.959018363585272e-06
5,24990,0.00014994157209002879,9.958984223428654e-06
5,25000,0.00015823499634279867,9.958950069116127e-06
5,25010,0.00014250893345888472,9.958915900647788e-06
5,25020,0.00016585406719968888,9.958881718023733e-06
5,25030,0.00015568140916002448,9.95884752124406e-06
5,25040,0.00016538503077754283,9.958813310308864e-06
5,25050,0.00018661793037608732,9.958779085218246e-06
5,25060,0.00016494170795340325,9.9587448459723e-06
5,25070,0.00015441716295754303,9.958710592571125e-06
5,25080,0.00015051804075483233,9.958676325014822e-06
5,25090,0.00016220649540628072,9.958642043303485e-06
5,25100,0.00015861594129091828,9.958607747437215e-06
5,25110,0.00014412311902560758,9.958573437416107e-06
5,25120,0.00013960410415165823,9.958539113240265e-06
5,25130,0.00013593139901786345,9.958504774909781e-06
5,25140,0.00013771014364465372,9.958470422424754e-06
5,25150,0.00015054758350743213,9.958436055785286e-06
5,25160,0.00013871093142370228,9.958401674991467e-06
5,25170,0.0001495284181146417,9.958367280043406e-06
5,25180,0.00014131160751276186,9.958332870941191e-06
5,25190,0.00013223183104855708,9.958298447684928e-06
5,25200,0.00014692715394630794,9.958264010274707e-06
5,25210,0.00018282228884345387,9.958229558710631e-06
5,25220,0.00015716376656200738,9.958195092992803e-06
5,25230,0.0001600371724634897,9.958160613121317e-06
5,25240,0.00014087990839470877,9.958126119096273e-06
5,25250,0.0001319604332820745,9.958091610917762e-06
5,25260,0.00014581149807781912,9.958057088585892e-06
5,25270,0.00013775123916275333,9.958022552100753e-06
5,25280,0.00014290506096585888,9.95798800146245e-06
5,25290,0.00013635144132422282,9.957953436671082e-06
5,25300,0.00013910936086176663,9.957918857726746e-06
5,25310,0.00014998470578575507,9.957884264629543e-06
5,25320,0.00014871974744892216,9.957849657379564e-06
5,25330,0.00015327449236792747,9.957815035976914e-06
5,25340,0.00013513593676179881,9.957780400421692e-06
5,25350,0.00013876447173970518,9.957745750713993e-06
5,25360,0.00015074710736371344,9.95771108685392e-06
5,25370,0.0001625149265237269,9.95767640884157e-06
5,25380,0.0001434427793356008,9.957641716677043e-06
5,25390,0.00014441870007431135,9.95760701036044e-06
5,25400,0.0001496599516030983,9.957572289891852e-06
5,25410,0.00016191659724427155,9.957537555271387e-06
5,25420,0.00013806868100800786,9.957502806499137e-06
5,25430,0.00015024691801954757,9.957468043575207e-06
5,25440,0.00013990360348543616,9.957433266499693e-06
5,25450,0.00013177804594306506,9.957398475272699e-06
5,25460,0.00014158608682919295,9.95736366989432e-06
5,25470,0.0001427529066859279,9.957328850364657e-06
5,25480,0.00013419692004390527,9.957294016683807e-06
5,25490,0.0001363667370242183,9.95725916885187e-06
5,25500,0.0001418898445990635,9.957224306868947e-06
5,25510,0.0001424140344170155,9.957189430735137e-06
5,25520,0.0001355302483716514,9.95715454045054e-06
5,25530,0.00014159138154354878,9.957119636015255e-06
5,25540,0.00015426295685756484,9.95708471742938e-06
5,25550,0.00013783495378447694,9.95704978469302e-06
5,25560,0.00013832198092131876,9.957014837806271e-06
5,25570,0.0001383004779199837,9.956979876769232e-06
5,25580,0.00015165789081947879,9.956944901582003e-06
5,25590,0.00015312779523810605,9.956909912244687e-06
5,25600,0.0001380446219627629,9.956874908757378e-06
5,25610,0.00014342415142891695,9.956839891120181e-06
5,25620,0.0001429984005881124,9.956804859333194e-06
5,25630,0.00013951067812740804,9.956769813396515e-06
5,25640,0.00013735702414123806,9.956734753310248e-06
5,25650,0.00013269924311316573,9.956699679074492e-06
5,25660,0.00014156101806293007,9.956664590689348e-06
5,25670,0.00015600164097122614,9.956629488154916e-06
5,25680,0.00015319928297685692,9.956594371471292e-06
5,25690,0.0001407963563906378,9.956559240638579e-06
5,25700,0.00014457985234912486,9.956524095656877e-06
5,25710,0.00013978866609249964,9.95648893652629e-06
5,25720,0.00014134037101030117,9.956453763246915e-06
5,25730,0.00013702337182621704,9.95641857581885e-06
5,25740,0.0001336227594947559,9.956383374242199e-06
5,25750,0.00014441613748203964,9.956348158517062e-06
5,25760,0.00015934873408696149,9.95631292864354e-06
5,25770,0.00013751057322224368,9.956277684621734e-06
5,25780,0.00014091131979512286,9.95624242645174e-06
5,25790,0.00015079796758072918,9.956207154133663e-06
5,25800,0.00013919157991040265,9.956171867667602e-06
5,25810,0.00014916947893652832,9.956136567053658e-06
5,25820,0.00014187641882017487,9.956101252291932e-06
5,25830,0.00014370816115842898,9.956065923382524e-06
5,25840,0.00014645797655248315,9.956030580325535e-06
5,25850,0.0001744546058034757,9.955995223121067e-06
5,25860,0.00015270983440132113,9.95595985176922e-06
5,25870,0.00014057497010071528,9.955924466270097e-06
5,25880,0.0001405901699399692,9.955889066623799e-06
5,25890,0.00015105294733075425,9.955853652830424e-06
5,25900,0.00013666092818311883,9.955818224890073e-06
5,25910,0.00014511632489302425,9.955782782802847e-06
5,25920,0.00013592614159279036,9.955747326568852e-06
5,25930,0.00013177690798329422,9.955711856188186e-06
5,25940,0.0001274354177439818,9.955676371660952e-06
5,25950,0.00014068521868466634,9.955640872987247e-06
5,25960,0.0001251929334102897,9.955605360167178e-06
5,25970,0.0001422465424184338,9.95556983320084e-06
5,25980,0.00012943637648277218,9.955534292088339e-06
5,25990,0.00014924712631909643,9.955498736829776e-06
5,26000,0.00015090682172740343,9.955463167425253e-06
5,26010,0.00013671684937435202,9.955427583874871e-06
5,26020,0.00013561309770011574,9.95539198617873e-06
5,26030,0.00013529087555070874,9.955356374336928e-06
5,26040,0.00013658589487022254,9.955320748349576e-06
5,26050,0.00014198222870618338,9.955285108216768e-06
5,26060,0.0001608198024769081,9.955249453938609e-06
5,26070,0.0001585683998200693,9.9552137855152e-06
5,26080,0.00013157769444660516,9.955178102946645e-06
5,26090,0.0001282590372284176,9.955142406233045e-06
5,26100,0.00014487665521301096,9.955106695374499e-06
5,26110,0.0001401558802172076,9.955070970371107e-06
5,26120,0.0001413620238963631,9.955035231222979e-06
5,26130,0.0001357285102130845,9.954999477930215e-06
5,26140,0.00013702285068575292,9.954963710492912e-06
5,26150,0.00014185589243425055,9.954927928911176e-06
5,26160,0.00014969507592468292,9.954892133185106e-06
5,26170,0.00016557553608436136,9.954856323314807e-06
5,26180,0.00017177761455968723,9.954820499300382e-06
5,26190,0.00015384329581138447,9.954784661141936e-06
5,26200,0.00014465162475971738,9.954748808839562e-06
5,26210,0.0001318224996794015,9.954712942393371e-06
5,26220,0.00013041694510320667,9.954677061803463e-06
5,26230,0.0001395211922499584,9.954641167069936e-06
5,26240,0.00013418344060482922,9.954605258192896e-06
5,26250,0.00014671732187707676,9.954569335172443e-06
5,26260,0.00014143669377517654,9.954533398008686e-06
5,26270,0.00015238379019137936,9.954497446701721e-06
5,26280,0.00014146622270345686,9.954461481251655e-06
5,26290,0.00014080171258683548,9.95442550165859e-06
5,26300,0.00016499178782396486,9.954389507922626e-06
5,26310,0.00017629705125727922,9.954353500043865e-06
5,26320,0.0001596192960278131,9.954317478022409e-06
5,26330,0.0001601700036189868,9.954281441858368e-06
5,26340,0.00015733331529190763,9.954245391551842e-06
5,26350,0.00014988294624345143,9.95420932710293e-06
5,26360,0.00013922084181103856,9.95417324851174e-06
5,26370,0.00012394839559419778,9.954137155778371e-06
5,26380,0.0001370230431348318,9.954101048902928e-06
5,26390,0.00013762354774371488,9.954064927885518e-06
5,26400,0.0001446351787308231,9.954028792726238e-06
5,26410,0.00013043887502135477,9.953992643425191e-06
5,26420,0.00015558258091914469,9.95395647998248e-06
5,26430,0.000140174567422946,9.953920302398212e-06
5,26440,0.00013291538271005266,9.953884110672489e-06
5,26450,0.00013075187653157627,9.953847904805414e-06
5,26460,0.00013716415251110447,9.953811684797088e-06
5,26470,0.0001344754275123705,9.953775450647614e-06
5,26480,0.00014385266294993925,9.953739202357104e-06
5,26490,0.00013841214604326524,9.953702939925653e-06
5,26500,0.0001336928906312096,9.953666663353366e-06
5,26510,0.00014023854746483269,9.953630372640352e-06
5,26520,0.0001321299689152511,9.953594067786706e-06
5,26530,0.00013748258643317968,9.953557748792536e-06
5,26540,0.0001391767824316048,9.953521415657945e-06
5,26550,0.00013579244277934778,9.953485068383041e-06
5,26560,0.00012701506293524292,9.953448706967925e-06
5,26570,0.0001345302252957481,9.953412331412698e-06
5,26580,0.0001439308911358239,9.953375941717462e-06
5,26590,0.00014458042132901028,9.953339537882327e-06
5,26600,0.00012657708903134334,9.953303119907397e-06
5,26610,0.0001295926394959679,9.953266687792771e-06
5,26620,0.00012764951134158764,9.953230241538555e-06
5,26630,0.00013361812616494715,9.953193781144854e-06
5,26640,0.0001322077019722201,9.953157306611772e-06
5,26650,0.0001338735659373924,9.953120817939411e-06
5,26660,0.00012182760237919864,9.953084315127879e-06
5,26670,0.00012854377164330799,9.953047798177277e-06
5,26680,0.00013117400721966986,9.95301126708771e-06
5,26690,0.00012168510111223441,9.952974721859286e-06
5,26700,0.00012850138355133823,9.952938162492098e-06
5,26710,0.0001387836809954024,9.952901588986264e-06
5,26720,0.00013275692090246592,9.952865001341878e-06
5,26730,0.0001278367586564855,9.952828399559052e-06
5,26740,0.0001269956703254138,9.952791783637885e-06
5,26750,0.0001276318102100049,9.952755153578489e-06
5,26760,0.0001387055986924679,9.952718509380959e-06
5,26770,0.00013094122023176168,9.952681851045407e-06
5,26780,0.0001438161176338326,9.952645178571935e-06
5,26790,0.00015529843803960828,9.952608491960646e-06
5,26800,0.0001377343804051634,9.952571791211649e-06
5,26810,0.0001231854015713907,9.952535076325042e-06
5,26820,0.00013645366598211692,9.952498347300938e-06
5,26830,0.00014266085418057628,9.952461604139436e-06
5,26840,0.0001295142674280214,9.952424846840642e-06
5,26850,0.0001337258874627878,9.95238807540466e-06
5,26860,0.00012927110383316177,9.952351289831599e-06
5,26870,0.0001310723988353857,9.95231449012156e-06
5,26880,0.00014603114232158987,9.952277676274652e-06
5,26890,0.00013287533329275902,9.952240848290978e-06
5,26900,0.00015361546193162212,9.95220400617064e-06
5,26910,0.00014983452347223648,9.952167149913746e-06
5,26920,0.0001298913291975623,9.952130279520403e-06
5,26930,0.00013220770724728934,9.952093394990711e-06
5,26940,0.00016508463322679746,9.95205649632478e-06
5,26950,0.00015589732502121478,9.952019583522714e-06
5,26960,0.00014306657230918064,9.951982656584619e-06
5,26970,0.00013370336764637612,9.9519457155106e-06
5,26980,0.00013187651693442605,9.95190876030076e-06
5,26990,0.00013136233865225223,9.951871790955207e-06
5,27000,0.00013020867863815512,9.951834807474047e-06
5,27010,0.00012760912413796178,9.951797809857386e-06
5,27020,0.00013918222048232566,9.951760798105333e-06
5,27030,0.00013420675004454098,9.951723772217984e-06
5,27040,0.0001314472614467377,9.951686732195453e-06
5,27050,0.00013911652276874518,9.951649678037835e-06
5,27060,0.00014458333662332732,9.951612609745248e-06
5,27070,0.0001577404249474057,9.951575527317794e-06
5,27080,0.00013787485677312363,9.951538430755576e-06
5,27090,0.00012853407042712206,9.951501320058706e-06
5,27100,0.0001315357521889382,9.951464195227282e-06
5,27110,0.00012689230770774885,9.951427056261414e-06
5,27120,0.00011742286642402178,9.951389903161205e-06
5,27130,0.00013435028631647583,9.951352735926768e-06
5,27140,0.00014549090792570496,9.951315554558205e-06
5,27150,0.0001319502624028246,9.951278359055622e-06
5,27160,0.00013630102603201522,9.951241149419127e-06
5,27170,0.00012433787687768927,9.95120392564882e-06
5,27180,0.00013395900659816107,9.951166687744813e-06
5,27190,0.00012380926273181103,9.951129435707212e-06
5,27200,0.00012091257449355907,9.951092169536121e-06
5,27210,0.00013398505961959017,9.951054889231652e-06
5,27220,0.00011958548366237666,9.951017594793906e-06
5,27230,0.0001409269192663487,9.950980286222992e-06
5,27240,0.00014454016145464265,9.950942963519012e-06
5,27250,0.0001471682751798653,9.950905626682078e-06
5,27260,0.00015162221006903565,9.950868275712293e-06
5,27270,0.00013195579886087215,9.950830910609765e-06
5,27280,0.00014945489365345563,9.950793531374604e-06
5,27290,0.00013921374611527426,9.950756138006911e-06
5,27300,0.0001249653521881555,9.950718730506794e-06
5,27310,0.00013966658680146792,9.950681308874361e-06
5,27320,0.00014068889831833078,9.95064387310972e-06
5,27330,0.00013128548980603227,9.950606423212974e-06
5,27340,0.00014449806749325942,9.950568959184231e-06
5,27350,0.00015377189265564084,9.950531481023604e-06
5,27360,0.0001440312022168655,9.95049398873119e-06
5,27370,0.00013387243870965904,9.950456482307106e-06
5,27380,0.00015587949619657592,9.950418961751454e-06
5,27390,0.00013271829848235937,9.950381427064337e-06
5,27400,0.00012697173733613453,9.950343878245869e-06
5,27410,0.00012829468687414192,9.950306315296156e-06
5,27420,0.00011619703091128032,9.950268738215307e-06
5,27430,0.00011555132405192126,9.950231147003422e-06
5,27440,0.00012341898927843432,9.950193541660608e-06
5,27450,0.00012807043331122258,9.950155922186983e-06
5,27460,0.00013067096751910866,9.95011828858265e-06
5,27470,0.00012858293921453877,9.950080640847713e-06
5,27480,0.00012245972884556978,9.950042978982282e-06
5,27490,0.00011202174209756777,9.95000530298646e-06
5,27500,0.00012601365924638233,9.949967612860361e-06
5,27510,0.0001250106237421278,9.94992990860409e-06
5,27520,0.00012683100321737585,9.949892190217753e-06
5,27530,0.0001270513697818387,9.949854457701458e-06
5,27540,0.0001275100747079705,9.949816711055316e-06
5,27550,0.00012699776580120669,9.949778950279434e-06
5,27560,0.0001234575744092581,9.949741175373919e-06
5,27570,0.0001296418971833191,9.949703386338878e-06
5,27580,0.00011655474099825369,9.949665583174418e-06
5,27590,0.00011771750760090071,9.94962776588065e-06
5,27600,0.0001246484016519389,9.94958993445768e-06
5,27610,0.00012297086032049266,9.949552088905616e-06
5,27620,0.00013291456871229458,9.949514229224565e-06
5,27630,0.00016145066219905858,9.949476355414636e-06
5,27640,0.00013677154001925373,9.949438467475936e-06
5,27650,0.00014358790485857753,9.949400565408573e-06
5,27660,0.00012782343892467905,9.949362649212659e-06
5,27670,0.00012122668122174218,9.949324718888304e-06
5,27680,0.00013054308456048603,9.949286774435608e-06
5,27690,0.0001435048920029658,9.949248815854683e-06
5,27700,0.00012493496487877564,9.949210843145639e-06
5,27710,0.00013817626240779645,9.949172856308583e-06
5,27720,0.00012916350588056957,9.949134855343622e-06
5,27730,0.00012747004420816664,9.949096840250868e-06
5,27740,0.00013467984226736007,9.949058811030426e-06
5,27750,0.00015721000308985822,9.949020767682405e-06
5,27760,0.00013216424467827893,9.948982710206916e-06
5,27770,0.0001264560918571078,9.948944638604068e-06
5,27780,0.00013607064138341227,9.948906552873967e-06
5,27790,0.0001205830540129682,9.948868453016723e-06
5,27800,0.00013047369830019307,9.948830339032446e-06
5,27810,0.00011494078171381261,9.948792210921236e-06
5,27820,0.00012914685867144727,9.948754068683213e-06
5,27830,0.00013861878505849745,9.948715912318482e-06
5,27840,0.00013562811127485475,9.948677741827155e-06
5,27850,0.0001299693394685164,9.948639557209337e-06
5,27860,0.00011866056993312667,9.948601358465137e-06
5,27870,0.00013022883285884745,9.948563145594671e-06
5,27880,0.00012346083894954063,9.948524918598031e-06
5,27890,0.00013056117659289155,9.948486677475349e-06
5,27900,0.00015299399128707592,9.948448422226716e-06
5,27910,0.00017286149668507277,9.948410152852247e-06
5,27920,0.0001627000006919843,9.948371869352052e-06
5,27930,0.00011870622020069276,9.948333571726243e-06
5,27940,0.00012939400221512187,9.948295259974924e-06
5,27950,0.00013036153723078314,9.948256934098207e-06
5,27960,0.00012636441988433944,9.948218594096202e-06
5,27970,0.00011528998893481913,9.948180239969017e-06
5,27980,0.00012782638095814035,9.948141871716766e-06
5,27990,0.0001272282261197688,9.948103489339555e-06
5,28000,0.00012574003067129526,9.948065092837489e-06
5,28010,0.00011455449384811799,9.948026682210685e-06
5,28020,0.00013185735224396922,9.947988257459246e-06
5,28030,0.0001230124094945495,9.947949818583285e-06
5,28040,0.00015323383140639635,9.947911365582915e-06
5,28050,0.00013344274593691808,9.947872898458244e-06
5,28060,0.0001399615666741738,9.947834417209378e-06
5,28070,0.00014261810993048129,9.947795921836432e-06
5,28080,0.00012566858840727945,9.947757412339512e-06
5,28090,0.00014522196870530023,9.94771888871873e-06
5,28100,0.00014505660146824084,9.947680350974193e-06
5,28110,0.00015051769532874458,9.947641799106012e-06
5,28120,0.00014730495913681808,9.9476032331143e-06
5,28130,0.0001283793320908444,9.947564652999164e-06
5,28140,0.00012827630598621909,9.947526058760712e-06
5,28150,0.00012231805558258202,9.947487450399062e-06
5,28160,0.00011889581437571905,9.947448827914318e-06
5,28170,0.00012122828920837491,9.947410191306595e-06
5,28180,0.00013877684668841538,9.947371540575998e-06
5,28190,0.00012804653524653987,9.94733287572264e-06
5,28200,0.0001260409922906547,9.94729419674663e-06
5,28210,0.0001307296455706819,9.94725550364808e-06
5,28220,0.00012371139109745855,9.9472167964271e-06
5,28230,0.00012860316692240304,9.9471780750838e-06
5,28240,0.00011990725342911901,9.947139339618292e-06
5,28250,0.00013310123940755148,9.947100590030684e-06
5,28260,0.00012511573713709366,9.947061826321094e-06
5,28270,0.00013994249202369246,9.947023048489625e-06
5,28280,0.00012693243588728363,9.946984256536387e-06
5,28290,0.0001218022094690241,9.946945450461492e-06
5,28300,0.00012307939141464885,9.946906630265054e-06
5,28310,0.00011615885759965749,9.946867795947177e-06
5,28320,0.00012439966503734466,9.946828947507981e-06
5,28330,0.0001236214124219259,9.946790084947574e-06
5,28340,0.00011471667858131696,9.946751208266061e-06
5,28350,0.00011411959294491681,9.946712317463558e-06
5,28360,0.00013293243700900347,9.946673412540177e-06
5,28370,0.00013891013786633267,9.946634493496027e-06
5,28380,0.00013009909744141624,9.946595560331221e-06
5,28390,0.00011879059347847942,9.946556613045868e-06
5,28400,0.00011284914617135656,9.946517651640078e-06
5,28410,0.00011841876057587796,9.946478676113967e-06
5,28420,0.00011670012299873632,9.946439686467644e-06
5,28430,0.00012107840757380472,9.946400682701222e-06
5,28440,0.00011978960719716268,9.946361664814808e-06
5,28450,0.00011246588983340188,9.946322632808515e-06
5,28460,0.00011274213866272475,9.946283586682455e-06
5,28470,0.0001156647915195208,9.946244526436738e-06
5,28480,0.00011983844542555744,9.946205452071477e-06
5,28490,0.00012844386001233942,9.946166363586782e-06
5,28500,0.00011898958437086548,9.946127260982767e-06
5,28510,0.00012087301874998956,9.946088144259545e-06
5,28520,0.00012580951970448951,9.946049013417224e-06
5,28530,0.00012787500982085475,9.946009868455917e-06
5,28540,0.00012171110192866763,9.945970709375735e-06
5,28550,0.00013700577364943455,9.945931536176791e-06
5,28560,0.00013909094432165147,9.945892348859197e-06
5,28570,0.00013015039694437293,9.945853147423061e-06
5,28580,0.00011831261435872874,9.945813931868499e-06
5,28590,0.00010912430498137836,9.945774702195625e-06
5,28600,0.00011672079563140869,9.945735458404544e-06
5,28610,0.0001298838322327356,9.945696200495373e-06
5,28620,0.00011507109375088475,9.945656928468226e-06
5,28630,0.0001225290681759361,9.945617642323212e-06
5,28640,0.0001196080322188209,9.94557834206044e-06
5,28650,0.00011809861825895496,9.94553902768003e-06
5,28660,0.00011771423614845845,9.945499699182085e-06
5,28670,0.0001251070611033356,9.94546035656672e-06
5,28680,0.00013195788760640427,9.945420999834055e-06
5,28690,0.00012664308287639868,9.945381628984193e-06
5,28700,0.00013413644137472147,9.945342244017256e-06
5,28710,0.00014194387586030643,9.945302844933349e-06
5,28720,0.00014077333271416136,9.945263431732583e-06
5,28730,0.0001271587152587017,9.945224004415074e-06
5,28740,0.00013157446555851491,9.945184562980937e-06
5,28750,0.00013277958478283836,9.94514510743028e-06
5,28760,0.0001354589159745956,9.945105637763216e-06
5,28770,0.00015412502816616327,9.94506615397986e-06
5,28780,0.00014625513595092343,9.945026656080325e-06
5,28790,0.00012676418300543448,9.94498714406472e-06
5,28800,0.00013097245700919303,9.944947617933161e-06
5,28810,0.00013513792800949885,9.944908077685763e-06
5,28820,0.0001318230153628974,9.944868523322631e-06
5,28830,0.00013018704903515753,9.944828954843885e-06
5,28840,0.0001223496703460114,9.944789372249637e-06
5,28850,0.00013548425922635943,9.944749775539996e-06
5,28860,0.0001346175913568004,9.944710164715078e-06
5,28870,0.00014264379715314134,9.944670539774996e-06
5,28880,0.00011815754587587434,9.944630900719862e-06
5,28890,0.00011952633103646803,9.94459124754979e-06
5,28900,0.00012117955066059949,9.944551580264892e-06
5,28910,0.0001265926379346638,9.944511898865283e-06
5,28920,0.0001351701424937346,9.944472203351077e-06
5,28930,0.00012088766143278918,9.944432493722388e-06
5,28940,0.0001282218327105511,9.944392769979326e-06
5,28950,0.00011884055056725629,9.944353032122007e-06
5,28960,0.00011685984864016063,9.944313280150545e-06
5,28970,0.00011747850894607836,9.94427351406505e-06
5,28980,0.00011864570187753997,9.944233733865636e-06
5,28990,0.00012121965810365509,9.944193939552418e-06
5,29000,0.00011427398712839931,9.944154131125506e-06
5,29010,0.00012491760298871668,9.944114308585023e-06
5,29020,0.00013433502481348112,9.944074471931077e-06
5,29030,0.0001285061602175119,9.94403462116378e-06
5,29040,0.00012196653442515526,9.943994756283245e-06
5,29050,0.00012470475758163957,9.943954877289592e-06
5,29060,0.00012159467278252122,9.943914984182928e-06
5,29070,0.00012601601792994188,9.943875076963368e-06
5,29080,0.00011267928603047038,9.943835155631032e-06
5,29090,0.00010672353400877909,9.943795220186024e-06
5,29100,0.00011034451617888407,9.943755270628468e-06
5,29110,0.00012903109818580561,9.943715306958474e-06
5,29120,0.00013853422533429693,9.943675329176154e-06
5,29130,0.0001374860943542444,9.943635337281625e-06
5,29140,0.0001241815158209647,9.943595331274996e-06
5,29150,0.00011983075710304548,9.943555311156385e-06
5,29160,0.00011889475536008831,9.94351527692591e-06
5,29170,0.0001199357169753057,9.943475228583681e-06
5,29180,0.0001100014194889809,9.943435166129817e-06
5,29190,0.00011398427359381457,9.943395089564427e-06
5,29200,0.0001135428801717353,9.943354998887628e-06
5,29210,0.0001249815462870174,9.94331489409953e-06
5,29220,0.00013313982726685935,9.943274775200251e-06
5,29230,0.0001350961691059638,9.943234642189909e-06
5,29240,0.00013538017210521503,9.943194495068608e-06
5,29250,0.00011880682068294847,9.943154333836477e-06
5,29260,0.00011784413036366458,9.943114158493622e-06
5,29270,0.00011121495244879043,9.943073969040158e-06
5,29280,0.0001057012636010768,9.943033765476195e-06
5,29290,0.00011044325347029372,9.94299354780186e-06
5,29300,0.00011886416250490583,9.942953316017257e-06
5,29310,0.00012324449489824475,9.942913070122505e-06
5,29320,0.00012019577370665503,9.94287281011772e-06
5,29330,0.0001468386008127709,9.942832536003013e-06
5,29340,0.0001474196093113278,9.942792247778501e-06
5,29350,0.00013345720635697943,9.942751945444301e-06
5,29360,0.00012460469915822613,9.942711629000531e-06
5,29370,0.00011179952471138677,9.942671298447295e-06
5,29380,0.00012628401436813873,9.94263095378472e-06
5,29390,0.00013163382645871026,9.942590595012917e-06
5,29400,0.00012142235227656784,9.942550222131999e-06
5,29410,0.00011691317813529167,9.942509835142085e-06
5,29420,0.0001254347169378889,9.942469434043284e-06
5,29430,0.0001114661656174576,9.942429018835715e-06
5,29440,0.00011133251027786172,9.942388589519495e-06
5,29450,0.00011199698947166324,9.94234814609474e-06
5,validation,9.477107232669368e-05,9.94234814609474e-06
6,29460,0.00010957086069538491,9.942307688561564e-06
6,29470,0.0001275541280847392,9.942267216920077e-06
6,29480,0.00012775293307640823,9.942226731170403e-06
6,29490,0.00011827170001197374,9.942186231312651e-06
6,29500,0.00011118997208541258,9.94214571734694e-06
6,29510,0.00010493503832549322,9.94210518927339e-06
6,29520,0.00012208353236928816,9.942064647092107e-06
6,29530,0.0001181789279144141,9.942024090803214e-06
6,29540,0.00011125095152237919,9.941983520406825e-06
6,29550,0.00011796477556345052,9.941942935903055e-06
6,29560,0.00012128606431360822,9.941902337292022e-06
6,29570,0.00012280589653528294,9.941861724573842e-06
6,29580,0.00011675974037643756,9.941821097748621e-06
6,29590,0.00011881855825777166,9.941780456816487e-06
6,29600,0.00010763258433144074,9.94173980177755e-06
6,29610,0.00010342778987251222,9.94169913263193e-06
6,29620,0.00010750416204245994,9.94165844937974e-06
6,29630,0.00011798508185165702,9.9416177520211e-06
6,29640,0.00012597420391102787,9.941577040556122e-06
6,29650,0.00011660261425276984,9.941536314984922e-06
6,29660,0.00011928597032238031,9.94149557530762e-06
6,29670,0.00015231887882691806,9.941454821524327e-06
6,29680,0.0001465582612581784,9.941414053635167e-06
6,29690,0.00012324845156399533,9.941373271640251e-06
6,29700,0.00011151818416692548,9.94133247553969e-06
6,29710,0.00011774180875363527,9.941291665333612e-06
6,29720,0.00012059917935403064,9.941250841022128e-06
6,29730,0.00011416536490287399,9.941210002605353e-06
6,29740,0.00012894916708319215,9.941169150083406e-06
6,29750,0.0001236401139976806,9.941128283456401e-06
6,29760,0.00011249624167248839,9.941087402724459e-06
6,29770,0.00010220909152849344,9.941046507887695e-06
6,29780,0.00012642510464502268,9.941005598946223e-06
6,29790,0.00010926462546194671,9.940964675900162e-06
6,29800,0.00011681496289384086,9.940923738749629e-06
6,29810,0.00010476788847881834,9.940882787494741e-06
6,29820,0.00010959846586047206,9.940841822135619e-06
6,29830,0.0001170490046206396,9.940800842672372e-06
6,29840,0.00012340667308308184,9.94075984910512e-06
6,29850,0.00010950685609714128,9.94071884143398e-06
6,29860,0.00011272582160017918,9.940677819659073e-06
6,29870,0.00011448953719082056,9.940636783780509e-06
6,29880,0.00010846609166037524,9.940595733798414e-06
6,29890,0.00011420716618886218,9.940554669712897e-06
6,29900,0.00010513159832044039,9.940513591524076e-06
6,29910,0.0001092719843654777,9.940472499232072e-06
6,29920,0.0001126306739024585,9.940431392837003e-06
6,29930,0.00011668637107504764,9.94039027233898e-06
6,29940,0.0001434080371836899,9.940349137738126e-06
6,29950,0.0001303818015003344,9.940307989034556e-06
6,29960,0.00011899882993020583,9.940266826228389e-06
6,29970,0.00013848287071596132,9.940225649319742e-06
6,29980,0.00014281568819569658,9.940184458308733e-06
6,29990,0.00011759793578676182,9.940143253195477e-06
6,30000,0.00011809128809545655,9.940102033980096e-06
6,30010,0.00011616700867307372,9.940060800662705e-06
6,30020,0.00011733696919691283,9.94001955324342e-06
6,30030,0.0001302608030528063,9.939978291722361e-06
6,30040,0.00013152927585906584,9.939937016099647e-06
6,30050,0.0001271984567210893,9.939895726375393e-06
6,30060,0.00011447459746705135,9.939854422549721e-06
6,30070,0.00011015055279131047,9.939813104622743e-06
6,30080,0.00010462412719789426,9.939771772594582e-06
6,30090,0.00011292001381661976,9.939730426465352e-06
6,30100,0.00010556380493653705,9.939689066235173e-06
6,30110,0.00012297671746637208,9.939647691904163e-06
6,30120,0.00012706404522759842,9.939606303472439e-06
6,30130,0.00012204206595924915,9.939564900940122e-06
6,30140,0.0001277557736102608,9.93952348430733e-06
6,30150,0.00011928171697945801,9.939482053574178e-06
6,30160,0.00011172815993631957,9.93944060874079e-06
6,30170,0.00010487888375791953,9.939399149807274e-06
6,30180,0.00010580391954135848,9.939357676773756e-06
6,30190,0.00011025600451830542,9.939316189640352e-06
6,30200,0.00011290688253211555,9.939274688407182e-06
6,30210,0.00010769647160486785,9.939233173074362e-06
6,30220,0.00011694863715092652,9.939191643642019e-06
6,30230,0.00012667508362937952,9.93915010011026e-06
6,30240,0.00012253192999196473,9.939108542479208e-06
6,30250,0.00011914146525668912,9.939066970748985e-06
6,30260,0.00011831905085273319,9.939025384919707e-06
6,30270,0.00011118965103378287,9.938983784991495e-06
6,30280,0.0001242157959495671,9.938942170964463e-06
6,30290,0.00011071720691688825,9.938900542838734e-06
6,30300,0.00010205313119513449,9.938858900614421e-06
6,30310,0.00012380101561575428,9.938817244291648e-06
6,30320,0.00012171746166131925,9.938775573870533e-06
6,30330,0.00012131937855883733,9.938733889351192e-06
6,30340,0.00010952096799883293,9.938692190733753e-06
6,30350,0.00011229063820792361,9.938650478018321e-06
6,30360,0.00012117291589675006,9.938608751205027e-06
6,30370,0.00012197001851745882,9.938567010293984e-06
6,30380,0.00012717929912469116,9.938525255285315e-06
6,30390,0.00012614621518878267,9.93848348617914e-06
6,30400,0.00012638228145078756,9.938441702975572e-06
6,30410,0.00010543641001277137,9.938399905674738e-06
6,30420,0.00011661242897389456,9.938358094276745e-06
6,30430,0.00010854862284759292,9.938316268781725e-06
6,30440,0.00011315182418911717,9.93827442918979e-06
6,30450,0.00010235927002213429,9.938232575501066e-06
6,30460,0.00012549130733532368,9.938190707715667e-06
6,30470,0.00011588112265599193,9.938148825833712e-06
6,30480,0.00010908807525993325,9.938106929855326e-06
6,30490,0.00010221440352324862,9.938065019780628e-06
6,30500,0.00012273901393200504,9.938023095609732e-06
6,30510,0.00010875626321649179,9.937981157342762e-06
6,30520,0.00011138781192130408,9.937939204979834e-06
6,30530,0.00011720987149601569,9.937897238521066e-06
6,30540,0.00011652857792796566,9.937855257966585e-06
6,30550,0.00012090337495465064,9.93781326331651e-06
6,30560,0.00011582112310861702,9.937771254570957e-06
6,30570,0.0001092802769562695,9.937729231730048e-06
6,30580,0.00012001471368421336,9.937687194793904e-06
6,30590,0.00011185126186319394,9.937645143762648e-06
6,30600,0.00011745167867047711,9.937603078636395e-06
6,30610,0.0001329183911366272,9.937560999415264e-06
6,30620,0.0001249702399945818,9.937518906099377e-06
6,30630,0.00011615575695032022,9.937476798688854e-06
6,30640,0.0001250964856808423,9.93743467718381e-06
6,30650,0.00012363715031824538,9.937392541584373e-06
6,30660,0.00011081841894338139,9.93735039189066e-06
6,30670,0.00012124251225031912,9.937308228102792e-06
6,30680,0.00015126342896110145,9.937266050220891e-06
6,30690,0.00014984439367253798,9.937223858245073e-06
6,30700,0.00012996191999263828,9.937181652175464e-06
6,30710,0.00013689226288988722,9.937139432012182e-06
6,30720,0.00011790881562774302,9.937097197755348e-06
6,30730,0.00010390081570221811,9.937054949405081e-06
6,30740,0.00010446470605529612,9.937012686961502e-06
6,30750,0.00010338764823245584,9.936970410424732e-06
6,30760,9.895159673760644e-05,9.936928119794892e-06
6,30770,0.00010328508833481464,9.9368858150721e-06
6,30780,0.00010064017405966296,9.936843496256482e-06
6,30790,0.00010335009301343234,9.936801163348153e-06
6,30800,0.00011396512745704969,9.936758816347237e-06
6,30810,0.00012457346256269374,9.93671645525386e-06
6,30820,0.00012458207747840787,9.936674080068135e-06
6,30830,0.00010994716321874876,9.936631690790185e-06
6,30840,0.00011129559006803902,9.936589287420131e-06
6,30850,0.00011825443561974681,9.936546869958097e-06
6,30860,0.00011731406302715187,9.9365044384042e-06
6,30870,0.00011359080508555053,9.936461992758566e-06
6,30880,0.00012203663227410289,9.93641953302131e-06
6,30890,0.00011872365939780138,9.936377059192557e-06
6,30900,0.00010281768409186043,9.936334571272431e-06
6,30910,0.00011574003783607623,9.936292069261044e-06
6,30920,0.00012613103426701856,9.936249553158524e-06
6,30930,0.00011796957023761934,9.936207022964993e-06
6,30940,0.00011265537159488304,9.936164478680571e-06
6,30950,0.00010725058600655757,9.936121920305377e-06
6,30960,0.00010318553668184905,9.936079347839539e-06
6,30970,9.44936988162226e-05,9.93603676128317e-06
6,30980,0.00010662730201147496,9.935994160636393e-06
6,30990,0.00010784825863083824,9.935951545899337e-06
6,31000,0.00011570293481781845,9.935908917072116e-06
6,31010,0.00012003773845208343,9.935866274154857e-06
6,31020,0.00011835036802949616,9.935823617147684e-06
6,31030,0.0001167610031188815,9.935780946050713e-06
6,31040,0.00012000886417808942,9.935738260864065e-06
6,31050,0.0001030900866680895,9.935695561587867e-06
6,31060,0.0001100166904507205,9.935652848222233e-06
6,31070,0.00012179477616882651,9.935610120767295e-06
6,31080,0.00011738542525563389,9.935567379223166e-06
6,31090,0.0001387931257340824,9.935524623589975e-06
6,31100,0.00014455083000939337,9.935481853867839e-06
6,31110,0.0001174779074062826,9.935439070056879e-06
6,31120,0.00012857090041507035,9.935396272157223e-06
6,31130,0.00012432590792741394,9.935353460168993e-06
6,31140,0.0001076777061825851,9.935310634092305e-06
6,31150,0.00010246615584037498,9.935267793927288e-06
6,31160,0.00010866410793823887,9.935224939674059e-06
6,31170,0.00010463603412063094,9.935182071332741e-06
6,31180,0.00011237344006076455,9.935139188903457e-06
6,31190,0.0001049287844580249,9.935096292386334e-06
6,31200,0.00010448976117913845,9.93505338178149e-06
6,31210,9.853900210146093e-05,9.935010457089044e-06
6,31220,0.00010269605554640293,9.934967518309127e-06
6,31230,0.00012775520426657752,9.934924565441856e-06
6,31240,0.0001245975126948906,9.934881598487355e-06
6,31250,0.00010980383121932391,9.934838617445747e-06
6,31260,0.00011300459500489523,9.934795622317148e-06
6,31270,0.00012025873365928418,9.934752613101694e-06
6,31280,0.00011575416010600748,9.9347095897995e-06
6,31290,0.00011030861460312736,9.93466655241069e-06
6,31300,0.00011769283773901406,9.934623500935381e-06
6,31310,0.00010369224291935097,9.9345804353737e-06
6,31320,9.963862630684162e-05,9.934537355725771e-06
6,31330,9.88068124570418e-05,9.934494261991722e-06
6,31340,0.00010765568604256259,9.93445115417167e-06
6,31350,0.00010308102864655666,9.934408032265743e-06
6,31360,0.00010744671344582458,9.934364896274058e-06
6,31370,0.00010022479236795334,9.93432174619674e-06
6,31380,0.00010619017884891946,9.934278582033911e-06
6,31390,0.00010188936612394172,9.934235403785696e-06
6,31400,0.00010123243046109564,9.934192211452221e-06
6,31410,0.00010328033749829045,9.934149005033604e-06
6,31420,0.00012107033526262967,9.934105784529972e-06
6,31430,0.00011880127167387399,9.934062549941447e-06
6,31440,0.00010618015967338579,9.93401930126815e-06
6,31450,9.960260522348107e-05,9.933976038510208e-06
6,31460,0.00010349233762099174,9.933932761667746e-06
6,31470,0.00010749171633506194,9.933889470740881e-06
6,31480,0.00010999495825672056,9.933846165729742e-06
6,31490,0.0001020839041302679,9.93380284663445e-06
6,31500,0.00010734620136645389,9.933759513455136e-06
6,31510,9.721535661810776e-05,9.933716166191911e-06
6,31520,9.85820757705369e-05,9.933672804844909e-06
6,31530,0.00010488091629667907,9.933629429414246e-06
6,31540,0.00011598975415836322,9.93358603990005e-06
6,31550,0.0001047537463819026,9.933542636302447e-06
6,31560,0.00011168770652147941,9.93349921862156e-06
6,31570,0.00011232381584704853,9.933455786857512e-06
6,31580,0.00011446739954408259,9.933412341010425e-06
6,31590,0.00010502771147002932,9.933368881080422e-06
6,31600,0.0001022681763060973,9.933325407067633e-06
6,31610,0.00010210082200501347,9.933281918972179e-06
6,31620,9.793534754862775e-05,9.933238416794182e-06
6,31630,0.00010865001440834021,9.933194900533764e-06
6,31640,0.00012164150284661447,9.933151370191056e-06
6,31650,0.00013100251308060252,9.933107825766182e-06
6,31660,0.00011532509270182346,9.933064267259264e-06
6,31670,0.00010363072869949974,9.933020694670429e-06
6,31680,0.00010216924783890136,9.932977107999794e-06
6,31690,0.00010397116220701718,9.932933507247491e-06
6,31700,0.00010896374042204116,9.932889892413638e-06
6,31710,0.0001335314842435764,9.932846263498362e-06
6,31720,0.00014690734824398535,9.932802620501788e-06
6,31730,0.0001232775537573616,9.932758963424045e-06
6,31740,0.00011236923546675825,9.932715292265252e-06
6,31750,0.00011502380530146184,9.93267160702554e-06
6,31760,0.0001136333545218804,9.932627907705025e-06
6,31770,0.00011441328806540695,9.932584194303839e-06
6,31780,0.00010469177195773227,9.932540466822102e-06
6,31790,0.00010115668683283729,9.932496725259943e-06
6,31800,9.999450048781001e-05,9.93245296961748e-06
6,31810,0.0001026944173645461,9.932409199894844e-06
6,31820,0.0001074684709237772,9.932365416092161e-06
6,31830,0.00010685901852411917,9.93232161820955e-06
6,31840,0.00010409596379759024,9.932277806247139e-06
6,31850,0.00012052904421580024,9.932233980205051e-06
6,31860,0.00011473148624645545,9.932190140083412e-06
6,31870,0.00012524676585599082,9.932146285882351e-06
6,31880,0.00013869473750673932,9.932102417601993e-06
6,31890,0.00012030184607283445,9.932058535242462e-06
6,31900,0.00010980953484249766,9.932014638803879e-06
6,31910,0.00010336621799069689,9.931970728286372e-06
6,31920,0.00011422880925238131,9.931926803690068e-06
6,31930,0.00010730667854659259,9.931882865015092e-06
6,31940,0.0001087721089788829,9.931838912261566e-06
6,31950,0.00010073000303236768,9.93179494542962e-06
6,31960,0.00011274475036771037,9.931750964519375e-06
6,31970,0.0001271972034373903,9.93170696953096e-06
6,31980,0.00012868615885963663,9.931662960464499e-06
6,31990,0.00011483507023513086,9.931618937320121e-06
6,32000,0.00011419698421377689,9.931574900097949e-06
6,32010,0.0001233339331520256,9.93153084879811e-06
6,32020,0.0001222853628860321,9.931486783420732e-06
6,32030,0.00010392586682428373,9.931442703965933e-06
6,32040,0.00010810485946421977,9.931398610433844e-06
6,32050,0.00012700618171948008,9.931354502824587e-06
6,32060,0.00015672931367589628,9.931310381138294e-06
6,32070,0.00011919994940399193,9.931266245375089e-06
6,32080,0.00011258992126386148,9.931222095535092e-06
6,32090,0.00010380835574324009,9.931177931618438e-06
6,32100,0.00010363590827182633,9.93113375362525e-06
6,32110,0.00011949099789489991,9.931089561555651e-06
6,32120,0.00010134274252777687,9.931045355409768e-06
6,32130,9.9552410938486e-05,9.931001135187725e-06
6,32140,0.00010271976098010782,9.930956900889657e-06
6,32150,0.00010284132895321818,9.930912652515683e-06
6,32160,0.00010731752499850699,9.930868390065927e-06
6,32170,0.00011188024127477547,9.930824113540523e-06
6,32180,0.00011919173502974444,9.930779822939596e-06
6,32190,0.00012592315979418345,9.930735518263267e-06
6,32200,0.0001112022668166901,9.93069119951167e-06
6,32210,9.846619577729143e-05,9.930646866684925e-06
6,32220,9.869991426967318e-05,9.930602519783164e-06
6,32230,0.00012131268158555031,9.930558158806505e-06
6,32240,0.00011186682186234976,9.930513783755081e-06
6,32250,0.00010004582163674059,9.93046939462902e-06
6,32260,9.963820684788516e-05,9.930424991428446e-06
6,32270,0.00010720600803324488,9.93038057415349e-06
6,32280,0.00010400218634458723,9.930336142804268e-06
6,32290,0.00010133445211977233,9.930291697380917e-06
6,32300,0.00010226393278571779,9.930247237883557e-06
6,32310,0.00010990075734298443,9.930202764312322e-06
6,32320,0.0001229861252795672,9.930158276667336e-06
6,32330,0.00010714558375184424,9.930113774948725e-06
6,32340,0.00013328946006367913,9.930069259156617e-06
6,32350,0.00012278031190362526,9.930024729291136e-06
6,32360,0.00012511783388617916,9.929980185352417e-06
6,32370,0.00013870098409825006,9.929935627340582e-06
6,32380,0.000107624608608603,9.929891055255756e-06
6,32390,0.00011010140551661606,9.929846469098068e-06
6,32400,0.00010987775440298719,9.929801868867646e-06
6,32410,0.00010635057660692837,9.929757254564619e-06
6,32420,0.00011155471238453173,9.92971262618911e-06
6,32430,0.00013200401390349724,9.929667983741248e-06
6,32440,0.00014391358436114385,9.929623327221162e-06
6,32450,0.00014014157077326674,9.929578656628982e-06
6,32460,0.0001291206219320884,9.929533971964829e-06
6,32470,0.00011883455008501186,9.929489273228834e-06
6,32480,0.0001164058105132426,9.929444560421127e-06
6,32490,0.000111185872083297,9.92939983354183e-06
6,32500,0.0001110373030314804,9.929355092591074e-06
6,32510,0.00010714315321820322,9.929310337568986e-06
6,32520,0.00011824428893305594,9.929265568475696e-06
6,32530,0.00011263761061854894,9.929220785311328e-06
6,32540,0.00010429436479171273,9.929175988076013e-06
6,32550,0.00010865453605219954,9.929131176769875e-06
6,32560,9.176844305329722e-05,9.929086351393048e-06
6,32570,0.00010860017900995444,9.929041511945653e-06
6,32580,9.793618864932795e-05,9.928996658427822e-06
6,32590,0.00010007823148043826,9.928951790839684e-06
6,32600,0.000113446151590324,9.92890690918137e-06
6,32610,0.00010476856114109977,9.928862013453e-06
6,32620,0.00010143125382455764,9.928817103654712e-06
6,32630,0.00010172008605877635,9.928772179786625e-06
6,32640,9.623799669498111e-05,9.928727241848868e-06
6,32650,0.0001036562847730238,9.928682289841574e-06
6,32660,0.00010266693388985004,9.928637323764866e-06
6,32670,0.00010110669918503846,9.928592343618874e-06
6,32680,8.976987592177466e-05,9.928547349403729e-06
6,32690,0.00010318542081222404,9.928502341119557e-06
6,32700,0.000104764165917004,9.928457318766491e-06
6,32710,0.00010074843103211606,9.928412282344653e-06
6,32720,0.00011268790331087075,9.928367231854176e-06
6,32730,0.00012320953283051495,9.928322167295187e-06
6,32740,0.0001089069111912977,9.928277088667815e-06
6,32750,0.00011546139248821418,9.92823199597219e-06
6,32760,0.00012191574314783792,9.92818688920844e-06
6,32770,0.00010146863951376872,9.92814176837669e-06
6,32780,9.924291334755253e-05,9.928096633477076e-06
6,32790,0.00010285467324138152,9.92805148450972e-06
6,32800,0.00011790772550739347,9.928006321474754e-06
6,32810,0.00010961919488181593,9.927961144372308e-06
6,32820,0.00010837105983227958,9.927915953202506e-06
6,32830,9.128862893703626e-05,9.927870747965483e-06
6,32840,9.589121018507285e-05,9.927825528661364e-06
6,32850,0.00010150331672775792,9.92778029529028e-06
6,32860,0.00011079109772254013,9.927735047852363e-06
6,32870,0.0001359115747618489,9.927689786347736e-06
6,32880,0.00012374020880088208,9.92764451077653e-06
6,32890,0.00010706564698921283,9.927599221138876e-06
6,32900,9.861552098300308e-05,9.927553917434907e-06
6,32910,9.71472820310737e-05,9.927508599664747e-06
6,32920,0.00010299183741153685,9.927463267828523e-06
6,32930,0.00010433255229145288,9.927417921926368e-06
6,32940,0.00010759700344351586,9.92737256195841e-06
6,32950,0.00012003889387415256,9.927327187924782e-06
6,32960,0.00013907328157074516,9.927281799825613e-06
6,32970,0.00010872972015931737,9.927236397661029e-06
6,32980,0.00010812341006385396,9.927190981431158e-06
6,32990,0.00012562539595819546,9.92714555113614e-06
6,33000,0.00011484012102300767,9.927100106776094e-06
6,33010,9.86772218311671e-05,9.927054648351155e-06
6,33020,9.111260660574772e-05,9.927009175861453e-06
6,33030,0.00010559359652688726,9.926963689307112e-06
6,33040,9.486554808972868e-05,9.926918188688269e-06
6,33050,9.316323103121249e-05,9.926872674005053e-06
6,33060,0.00010621751789585687,9.926827145257587e-06
6,33070,0.00011086275881098117,9.926781602446006e-06
6,33080,0.00012644757043744903,9.92673604557044e-06
6,33090,0.00011577480181585998,9.926690474631021e-06
6,33100,0.00011708176461979746,9.926644889627876e-06
6,33110,0.00010248692069581011,9.926599290561134e-06
6,33120,0.00010078257892018883,9.926553677430928e-06
6,33130,9.709152564028046e-05,9.926508050237386e-06
6,33140,0.00010807914386532503,9.926462408980641e-06
6,33150,0.00010727253538789228,9.926416753660822e-06
6,33160,0.00010989326965500368,9.926371084278058e-06
6,33170,0.00010358034560340456,9.92632540083248e-06
6,33180,9.474195012444399e-05,9.926279703324217e-06
6,33190,9.776609622349496e-05,9.926233991753407e-06
6,33200,0.00012063294070685514,9.926188266120175e-06
6,33210,0.00010678724847821286,9.926142526424647e-06
6,33220,0.00010798695166158723,9.92609677266696e-06
6,33230,0.00010718847133830422,9.926051004847243e-06
6,33240,0.00010055166258098324,9.926005222965626e-06
6,33250,0.00010073126941279044,9.925959427022239e-06
6,33260,9.922069766616916e-05,9.925913617017213e-06
6,33270,9.527150796202477e-05,9.925867792950684e-06
6,33280,9.982018436858198e-05,9.925821954822775e-06
6,33290,0.00010255267334287056,9.92577610263362e-06
6,33300,9.729216635605552e-05,9.92573023638335e-06
6,33310,9.652252392697847e-05,9.925684356072097e-06
6,33320,9.833681469899603e-05,9.92563846169999e-06
6,33330,0.00010401165945950198,9.925592553267159e-06
6,33340,0.00012099881969334094,9.925546630773743e-06
6,33350,0.00012261567771929547,9.925500694219865e-06
6,33360,0.00013812550696457038,9.925454743605656e-06
6,33370,0.00011844954769912874,9.925408778931251e-06
6,33380,0.00011246224057686048,9.92536280019678e-06
6,33390,0.00010683559212338878,9.925316807402375e-06
6,33400,9.561359674989944e-05,9.925270800548161e-06
6,33410,0.0001099396322388202,9.925224779634278e-06
6,33420,0.00010706315988500137,9.925178744660853e-06
6,33430,0.00010635360576998208,9.925132695628019e-06
6,33440,0.00011534823861438782,9.925086632535905e-06
6,33450,9.704365420475368e-05,9.925040555384648e-06
6,33460,0.00010570159683993552,9.924994464174371e-06
6,33470,0.00010513962115510367,9.924948358905212e-06
6,33480,0.00010422368231957079,9.9249022395773e-06
6,33490,9.327618809038541e-05,9.924856106190769e-06
6,33500,9.916713297570822e-05,9.924809958745746e-06
6,33510,0.00010785335398395546,9.924763797242368e-06
6,33520,9.82362271315651e-05,9.924717621680765e-06
6,33530,0.00011389644350856544,9.92467143206107e-06
6,33540,0.00011719313133653486,9.924625228383411e-06
6,33550,0.0001007345597827225,9.924579010647921e-06
6,33560,0.00011128549303975888,9.924532778854739e-06
6,33570,0.00010282173534506,9.92448653300399e-06
6,33580,9.763922917045421e-05,9.924440273095805e-06
6,33590,0.00010411095627205214,9.924393999130314e-06
6,33600,0.0001338342666713288,9.924347711107659e-06
6,33610,0.0001188162388643832,9.924301409027963e-06
6,33620,0.00011875174132001121,9.924255092891365e-06
6,33630,0.00011357501771271927,9.92420876269799e-06
6,33640,0.00011455732110334793,9.924162418447981e-06
6,33650,9.628649695514468e-05,9.924116060141456e-06
6,33660,9.979544465750224e-05,9.924069687778558e-06
6,33670,0.00010706786069931695,9.924023301359415e-06
6,33680,9.873852450255071e-05,9.923976900884157e-06
6,33690,9.082783344638301e-05,9.923930486352924e-06
6,33700,9.851917602645698e-05,9.923884057765842e-06
6,33710,0.00010520687028474642,9.923837615123049e-06
6,33720,0.0001008805911624222,9.923791158424672e-06
6,33730,9.229780134774047e-05,9.923744687670849e-06
6,33740,9.823795789998258e-05,9.923698202861713e-06
6,33750,9.809735929593444e-05,9.923651703997387e-06
6,33760,0.00010211967473878758,9.923605191078013e-06
6,33770,0.00010961112511722603,9.923558664103727e-06
6,33780,0.00010650517124304315,9.92351212307465e-06
6,33790,9.512088545307051e-05,9.923465567990921e-06
6,33800,9.2894059343962e-05,9.92341899885267e-06
6,33810,9.342803314211778e-05,9.923372415660035e-06
6,33820,9.605227896827273e-05,9.923325818413144e-06
6,33830,0.0001065831920641358,9.923279207112135e-06
6,33840,0.00012040125238854671,9.923232581757137e-06
6,33850,0.00010610081844788511,9.923185942348285e-06
6,33860,0.00010232970926153938,9.923139288885711e-06
6,33870,9.167168846033747e-05,9.923092621369551e-06
6,33880,0.00010975921559293057,9.923045939799936e-06
6,33890,0.00012180393987364369,9.922999244176998e-06
6,33900,0.00010459227523824665,9.922952534500877e-06
6,33910,9.736102510942146e-05,9.922905810771695e-06
6,33920,9.738450844452017e-05,9.922859072989595e-06
6,33930,9.960871266230243e-05,9.922812321154706e-06
6,33940,8.910575779736973e-05,9.922765555267163e-06
6,33950,0.00010694838401832386,9.922718775327102e-06
6,33960,0.0001075694815881434,9.92267198133465e-06
6,33970,0.00010004687410400947,9.922625173289945e-06
6,33980,9.78652607955155e-05,9.922578351193118e-06
6,33990,0.00010539712766330923,9.922531515044306e-06
6,34000,9.444146508030826e-05,9.92248466484364e-06
6,34010,0.00010873633982555475,9.922437800591254e-06
6,34020,0.00010600010045891395,9.92239092228728e-06
6,34030,0.00010390283023298252,9.922344029931858e-06
6,34040,0.0001073489735063049,9.922297123525114e-06
6,34050,0.00010736282674770336,9.922250203067187e-06
6,34060,0.00011605238360061775,9.922203268558214e-06
6,34070,9.243042986781803e-05,9.922156319998322e-06
6,34080,0.00010625316226651194,9.922109357387652e-06
6,34090,0.00010370001891715219,9.92206238072633e-06
6,34100,9.467826348554808e-05,9.922015390014495e-06
6,34110,0.000122614471547422,9.921968385252284e-06
6,34120,0.0001086853500964935,9.921921366439824e-06
6,34130,0.00011507920644362458,9.921874333577251e-06
6,34140,0.00012031752776238136,9.921827286664705e-06
6,34150,0.00010510201336728641,9.921780225702314e-06
6,34160,0.00010363947094447211,9.921733150690216e-06
6,34170,9.204211091855541e-05,9.921686061628544e-06
6,34180,9.57054349782993e-05,9.921638958517432e-06
6,34190,9.001572398119606e-05,9.921591841357017e-06
6,34200,9.197488834615796e-05,9.921544710147429e-06
6,34210,0.00010544714332354487,9.921497564888807e-06
6,34220,9.439176083105849e-05,9.92145040558128e-06
6,34230,0.00010380908352090045,9.921403232224988e-06
6,34240,0.00012491997931647346,9.921356044820063e-06
6,34250,0.00013133698757883394,9.921308843366643e-06
6,34260,0.00012533531444205436,9.921261627864859e-06
6,34270,0.00012001260092802115,9.921214398314845e-06
6,34280,9.328078067483148e-05,9.921167154716738e-06
6,34290,8.949785151344259e-05,9.921119897070672e-06
6,34300,9.311839603469706e-05,9.921072625376786e-06
6,34310,9.171041074296227e-05,9.921025339635208e-06
6,34320,9.336714756500441e-05,9.920978039846077e-06
6,34330,0.0001012196518786368,9.92093072600953e-06
6,34340,9.268435478588799e-05,9.920883398125699e-06
6,34350,0.00010295389820385025,9.920836056194717e-06
6,34360,9.979281021514906e-05,9.920788700216725e-06
6,34370,0.00011604429728322431,9.920741330191854e-06
6,34380,0.00012775582836184186,9.920693946120238e-06
6,34390,0.00010319467601220821,9.920646548002013e-06
6,34400,0.000101347533200169,9.92059913583732e-06
6,34410,0.00012042293456033805,9.920551709626289e-06
6,34420,0.00012163638784841168,9.920504269369058e-06
6,34430,0.00013452124803734478,9.920456815065757e-06
6,34440,0.00011758653472497827,9.920409346716527e-06
6,34450,9.759545300767059e-05,9.920361864321505e-06
6,34460,0.00010191744167968864,9.920314367880823e-06
6,34470,9.369931703986367e-05,9.92026685739462e-06
6,34480,9.948315455403644e-05,9.920219332863024e-06
6,34490,9.044724556588335e-05,9.920171794286175e-06
6,34500,9.268435496778693e-05,9.920124241664213e-06
6,34510,0.00010307411193934967,9.920076674997267e-06
6,34520,0.000110486929952458,9.920029094285478e-06
6,34530,9.544816821289716e-05,9.919981499528978e-06
6,34540,0.00010071696051454639,9.919933890727899e-06
6,34550,0.00011006227359757758,9.919886267882387e-06
6,34560,9.675832698121666e-05,9.919838630992573e-06
6,34570,9.971753715944942e-05,9.919790980058595e-06
6,34580,0.00010304139595973538,9.919743315080581e-06
6,34590,0.0001091243722839863,9.919695636058677e-06
6,34600,0.00010886323634622387,9.919647942993014e-06
6,34610,0.00010897018964897144,9.91960023588373e-06
6,34620,9.637989714974537e-05,9.91955251473096e-06
6,34630,9.767675455805148e-05,9.919504779534841e-06
6,34640,0.00010906227889790898,9.919457030295512e-06
6,34650,9.018697473948123e-05,9.919409267013105e-06
6,34660,9.037784166139319e-05,9.919361489687753e-06
6,34670,9.156829637504415e-05,9.919313698319602e-06
6,34680,0.00011059402713726739,9.919265892908781e-06
6,34690,0.00010828742560988757,9.919218073455431e-06
6,34700,9.476528630329995e-05,9.919170239959687e-06
6,34710,9.810564024519408e-05,9.919122392421684e-06
6,34720,0.00010191176752414321,9.91907453084156e-06
6,34730,0.00010330093355150893,9.919026655219452e-06
6,34740,9.489733529335354e-05,9.918978765555492e-06
6,34750,9.83418454779894e-05,9.918930861849823e-06
6,34760,0.00010395710232842249,9.918882944102579e-06
6,34770,0.00010344595939386635,9.918835012313899e-06
6,34780,0.00010683029686333611,9.918787066483914e-06
6,34790,0.00010757335621747188,9.918739106612771e-06
6,34800,0.00010750816800282338,9.918691132700599e-06
6,34810,9.162093883787747e-05,9.918643144747535e-06
6,34820,9.678586084191921e-05,9.918595142753713e-06
6,34830,8.953458491305357e-05,9.91854712671928e-06
6,34840,8.76987865922274e-05,9.918499096644371e-06
6,34850,0.00011199383516213857,9.918451052529112e-06
6,34860,0.00010226949216303182,9.918402994373653e-06
6,34870,0.00010840501054190099,9.918354922178126e-06
6,34880,9.593561499059433e-05,9.91830683594267e-06
6,34890,9.817603822739329e-05,9.918258735667422e-06
6,34900,0.00010008373919845326,9.918210621352516e-06
6,34910,0.00010778575069707584,9.918162492998089e-06
6,34920,0.0001027720309139113,9.91811435060428e-06
6,34930,8.845765059959377e-05,9.91806619417123e-06
6,34940,9.646034231991508e-05,9.918018023699074e-06
6,34950,8.618052434030687e-05,9.917969839187947e-06
6,34960,8.812103424133965e-05,9.917921640637994e-06
6,34970,9.776251026778483e-05,9.917873428049341e-06
6,34980,9.192265133606271e-05,9.917825201422135e-06
6,34990,0.00010071275482914643,9.91777696075651e-06
6,35000,9.603214293747443e-05,9.917728706052604e-06
6,35010,0.00012438671947165856,9.917680437310558e-06
6,35020,0.00011467823769635288,9.917632154530501e-06
6,35030,0.00010124165328306844,9.917583857712582e-06
6,35040,9.125691503868439e-05,9.917535546856933e-06
6,35050,0.00010408440284663812,9.917487221963694e-06
6,35060,0.00010097070608026116,9.917438883032994e-06
6,35070,8.942372223827988e-05,9.917390530064984e-06
6,35080,8.674267501191936e-05,9.917342163059796e-06
6,35090,0.00010536896115809213,9.917293782017566e-06
6,35100,0.0001023790648105205,9.917245386938437e-06
6,35110,0.00010140998256247258,9.917196977822545e-06
6,35120,9.508318689768203e-05,9.917148554670027e-06
6,35130,8.947960668592714e-05,9.917100117481022e-06
6,35140,0.00011201150045963003,9.91705166625567e-06
6,35150,0.00012139261816628278,9.917003200994107e-06
6,35160,0.00010656613685569027,9.916954721696472e-06
6,35170,0.0001014925761410268,9.916906228362903e-06
6,35180,0.00010250090999761597,9.916857720993537e-06
6,35190,9.22385836020112e-05,9.91680919958852e-06
6,35200,0.0001070277079634252,9.916760664147985e-06
6,35210,8.937952279666205e-05,9.91671211467207e-06
6,35220,9.59545644946047e-05,9.916663551160912e-06
6,35230,9.758516171132214e-05,9.91661497361465e-06
6,35240,8.905533086362993e-05,9.916566382033424e-06
6,35250,8.569814672227949e-05,9.916517776417375e-06
6,35260,8.2223034951312e-05,9.916469156766638e-06
6,35270,8.991674567369046e-05,9.916420523081356e-06
6,35280,9.217423703375971e-05,9.916371875361667e-06
6,35290,9.137611523328816e-05,9.916323213607708e-06
6,35300,8.424578663834835e-05,9.916274537819615e-06
6,35310,8.863475068210391e-05,9.91622584799753e-06
6,35320,9.907327403197997e-05,9.916177144141591e-06
6,35330,8.740220400795806e-05,9.91612842625194e-06
6,35340,8.969575355877168e-05,9.916079694328712e-06
6,validation,7.786814785504248e-05,9.916079694328712e-06
7,35350,0.00010579763420537347,9.91603094837205e-06
7,35360,0.00011640210832410957,9.915982188382095e-06
7,35370,0.00011032932070520474,9.91593341435898e-06
7,35380,9.695617045508699e-05,9.915884626302845e-06
7,35390,0.00010480665296199732,9.915835824213834e-06
7,35400,0.00010963363802147796,9.91578700809208e-06
7,35410,9.41837954087532e-05,9.915738177937732e-06
7,35420,0.00010343787926103687,9.915689333750916e-06
7,35430,0.00010610486606310587,9.915640475531784e-06
7,35440,0.0001165459432741045,9.915591603280466e-06
7,35450,0.00011266976216575132,9.915542716997108e-06
7,35460,0.00013532938337448285,9.915493816681847e-06
7,35470,0.00010103369186253985,9.915444902334822e-06
7,35480,9.918786399794044e-05,9.915395973956175e-06
7,35490,9.141132741206093e-05,9.915347031546045e-06
7,35500,0.00012331459092820296,9.915298075104568e-06
7,35510,0.00010644542962836567,9.915249104631891e-06
7,35520,9.773581950867082e-05,9.915200120128148e-06
7,35530,0.00011716863027686487,9.915151121593474e-06
7,35540,0.00010833142659976147,9.915102109028019e-06
7,35550,0.00012158732752141078,9.915053082431917e-06
7,35560,0.00011640677439572754,9.915004041805318e-06
7,35570,9.860809968813554e-05,9.914954987148346e-06
7,35580,8.815587279968895e-05,9.914905918461153e-06
7,35590,9.4351860388997e-05,9.914856835743879e-06
7,35600,9.838754740485456e-05,9.914807738996656e-06
7,35610,9.982677711377618e-05,9.914758628219624e-06
7,35620,9.159405326499837e-05,9.91470950341293e-06
7,35630,0.00010489879532542544,9.914660364576712e-06
7,35640,9.564204356138362e-05,9.91461121171111e-06
7,35650,0.00010465907580510249,9.914562044816262e-06
7,35660,9.393966720381287e-05,9.914512863892314e-06
7,35670,9.72731922956882e-05,9.914463668939401e-06
7,35680,9.31705084440182e-05,9.914414459957665e-06
7,35690,9.762374520505544e-05,9.914365236947252e-06
7,35700,9.720629368530352e-05,9.914315999908297e-06
7,35710,9.131134411290986e-05,9.914266748840937e-06
7,35720,9.911301240208558e-05,9.914217483745316e-06
7,35730,0.00010625784525473137,9.914168204621576e-06
7,35740,0.00010227137299807508,9.914118911469855e-06
7,35750,0.00013024264790146846,9.9140696042903e-06
7,35760,0.0001258454793060082,9.914020283083048e-06
7,35770,9.988840829464607e-05,9.913970947848233e-06
7,35780,8.946566849772352e-05,9.913921598586004e-06
7,35790,8.991063969006063e-05,9.913872235296505e-06
7,35800,8.791448617557763e-05,9.91382285797987e-06
7,35810,8.783829143794719e-05,9.913773466636237e-06
7,35820,8.531418934580869e-05,9.913724061265754e-06
7,35830,8.908252621040447e-05,9.913674641868559e-06
7,35840,0.00010765221850306261,9.913625208444794e-06
7,35850,0.00011351401644787984,9.913575760994601e-06
7,35860,0.00010227576349279844,9.91352629951812e-06
7,35870,8.817183115752415e-05,9.913476824015491e-06
7,35880,9.346259339508832e-05,9.913427334486858e-06
7,35890,9.66981202509487e-05,9.913377830932361e-06
7,35900,0.00010629754669935209,9.913328313352143e-06
7,35910,0.00010751148274721345,9.913278781746343e-06
7,35920,0.00010369898791395826,9.913229236115099e-06
7,35930,0.00010561106519162422,9.913179676458558e-06
7,35940,0.0001164127461379394,9.913130102776859e-06
7,35950,0.0001239113691553939,9.913080515070144e-06
7,35960,0.00012804662983398882,9.913030913338558e-06
7,35970,0.0001163628254289506,9.912981297582234e-06
7,35980,0.00011439663321652916,9.912931667801319e-06
7,35990,0.000130682732196874,9.912882023995952e-06
7,36000,0.00011015389300155221,9.912832366166285e-06
7,36010,0.00010605427323753246,9.912782694312453e-06
7,36020,0.00010410485556349157,9.912733008434598e-06
7,36030,9.726928001327906e-05,9.912683308532855e-06
7,36040,8.91892737854505e-05,9.912633594607379e-06
7,36050,8.622664045105922e-05,9.912583866658298e-06
7,36060,8.720898022147594e-05,9.91253412468576e-06
7,36070,9.433657742192737e-05,9.912484368689908e-06
7,36080,9.06381170352688e-05,9.912434598670883e-06
7,36090,8.864436149451649e-05,9.912384814628827e-06
7,36100,8.903063135221601e-05,9.912335016563884e-06
7,36110,0.0001054809750712593,9.912285204476197e-06
7,36120,9.358228508062893e-05,9.912235378365906e-06
7,36130,0.00010138040797755821,9.912185538233156e-06
7,36140,0.00010790220712806332,9.912135684078084e-06
7,36150,9.7688042842492e-05,9.912085815900834e-06
7,36160,0.00010010598562075755,9.912035933701548e-06
7,36170,9.244682551070582e-05,9.911986037480372e-06
7,36180,8.772024266363588e-05,9.911936127237443e-06
7,36190,9.108393187489127e-05,9.91188620297291e-06
7,36200,9.16758621315239e-05,9.91183626468691e-06
7,36210,0.00010033045400632545,9.911786312379589e-06
7,36220,0.00010027298503700877,9.911736346051086e-06
7,36230,9.681789688329444e-05,9.911686365701547e-06
7,36240,9.103347074415069e-05,9.911636371331111e-06
7,36250,9.406137323821894e-05,9.911586362939928e-06
7,36260,9.98668327156338e-05,9.911536340528134e-06
7,36270,9.313583777839085e-05,9.911486304095877e-06
7,36280,9.757502048159949e-05,9.911436253643293e-06
7,36290,0.00010664513574738522,9.911386189170526e-06
7,36300,9.536915931676048e-05,9.911336110677726e-06
7,36310,8.670175939187175e-05,9.91128601816503e-06
7,36320,9.59286859142594e-05,9.911235911632579e-06
7,36330,8.948438062361674e-05,9.911185791080522e-06
7,36340,8.47050801894511e-05,9.911135656509e-06
7,36350,9.874541028693785e-05,9.911085507918157e-06
7,36360,9.44993855227949e-05,9.911035345308134e-06
7,36370,9.54794591962127e-05,9.910985168679074e-06
7,36380,0.00011797429269790882,9.910934978031124e-06
7,36390,0.00012274208984308643,9.910884773364422e-06
7,36400,0.00010757660238596145,9.910834554679114e-06
7,36410,9.525094592390814e-05,9.910784321975341e-06
7,36420,0.00010184407237829873,9.91073407525325e-06
7,36430,0.00010223061417491408,9.91068381451298e-06
7,36440,9.690195838629734e-05,9.910633539754681e-06
7,36450,0.00010649466385075356,9.910583250978493e-06
7,36460,9.745155384734971e-05,9.910532948184557e-06
7,36470,9.942989872797625e-05,9.910482631373021e-06
7,36480,0.00010928536703431747,9.910432300544025e-06
7,36490,0.0001019038643789827,9.910381955697719e-06
7,36500,9.731948994158301e-05,9.910331596834238e-06
7,36510,9.224545665347249e-05,9.910281223953731e-06
7,36520,9.895484363369177e-05,9.91023083705634e-06
7,36530,8.867433116392931e-05,9.910180436142212e-06
7,36540,9.499693132966058e-05,9.910130021211488e-06
7,36550,8.98045213034493e-05,9.91007959226431e-06
7,36560,0.00011850203845824581,9.91002914930083e-06
7,36570,9.970850642275763e-05,9.90997869232118e-06
7,36580,0.00010786245493363822,9.909928221325514e-06
7,36590,8.483609217364575e-05,9.90987773631397e-06
7,36600,9.609936587366973e-05,9.909827237286699e-06
7,36610,0.00010154988140129716,9.909776724243833e-06
7,36620,0.00010811252250277902,9.909726197185525e-06
7,36630,9.560700018482749e-05,9.909675656111917e-06
7,36640,0.00011247904349147574,9.909625101023156e-06
7,36650,9.165547562588474e-05,9.909574531919389e-06
7,36660,8.407684454141416e-05,9.909523948800753e-06
7,36670,8.874106770235812e-05,9.909473351667395e-06
7,36680,0.00010041118566732621,9.909422740519461e-06
7,36690,8.864787632774097e-05,9.909372115357094e-06
7,36700,9.147890777967406e-05,9.909321476180438e-06
7,36710,0.00010827836231328548,9.909270822989639e-06
7,36720,0.00011013494622602593,9.909220155784839e-06
7,36730,0.0001046071556629613,9.909169474566189e-06
7,36740,0.00010174707058467901,9.909118779333828e-06
7,36750,9.713783292681911e-05,9.909068070087901e-06
7,36760,0.00012641165139939403,9.909017346828553e-06
7,36770,0.00011384467707102886,9.90896660955593e-06
7,36780,9.208747869706713e-05,9.908915858270176e-06
7,36790,0.00010730695867096074,9.908865092971433e-06
7,36800,8.607692798250354e-05,9.908814313659852e-06
7,36810,9.28364965147921e-05,9.908763520335575e-06
7,36820,0.00011027728651242797,9.908712712998747e-06
7,36830,0.00010434391406306532,9.908661891649512e-06
7,36840,9.174083897960373e-05,9.908611056288016e-06
7,36850,0.0001003657102046418,9.908560206914409e-06
7,36860,0.00011033819173462689,9.908509343528826e-06
7,36870,9.862092247203691e-05,9.90845846613142e-06
7,36880,8.460976987407777e-05,9.908407574722335e-06
7,36890,0.00011038740358344513,9.908356669301714e-06
7,36900,8.979578797152497e-05,9.908305749869703e-06
7,36910,0.00010387678503320785,9.908254816426447e-06
7,36920,0.00011809849547717023,9.908203868972094e-06
7,36930,0.00010403349187981803,9.908152907506786e-06
7,36940,9.281908642151393e-05,9.908101932030671e-06
7,36950,0.0001000609394395724,9.908050942543894e-06
7,36960,0.00010161340069316793,9.907999939046598e-06
7,36970,9.724439096316928e-05,9.907948921538936e-06
7,36980,0.00010877873573917895,9.907897890021046e-06
7,36990,9.920403626892949e-05,9.907846844493073e-06
7,37000,8.64504525452503e-05,9.907795784955166e-06
7,37010,8.191382785298629e-05,9.907744711407472e-06
7,37020,7.81864173404756e-05,9.907693623850138e-06
7,37030,7.85929047196987e-05,9.907642522283305e-06
7,37040,8.570747158955782e-05,9.907591406707122e-06
7,37050,9.80583150521852e-05,9.907540277121732e-06
7,37060,9.473169848206453e-05,9.907489133527283e-06
7,37070,9.093922781175934e-05,9.907437975923924e-06
7,37080,8.577571643400007e-05,9.907386804311795e-06
7,37090,9.923792986228365e-05,9.907335618691047e-06
7,37100,8.903825873858296e-05,9.907284419061821e-06
7,37110,8.926100854296237e-05,9.907233205424271e-06
7,37120,8.239268227043795e-05,9.907181977778536e-06
7,37130,8.690841186762555e-05,9.907130736124766e-06
7,37140,0.00010121296036231797,9.907079480463106e-06
7,37150,9.761318669916363e-05,9.907028210793702e-06
7,37160,0.00010607191197777865,9.9069769271167e-06
7,37170,9.390783179696883e-05,9.906925629432245e-06
7,37180,9.79112608547439e-05,9.906874317740485e-06
7,37190,8.599180837336461e-05,9.906822992041573e-06
7,37200,8.736435138416708e-05,9.906771652335647e-06
7,37210,9.645196678320644e-05,9.906720298622857e-06
7,37220,9.096619724004996e-05,9.906668930903348e-06
7,37230,9.161165471596177e-05,9.906617549177263e-06
7,37240,8.880868026608369e-05,9.906566153444758e-06
7,37250,8.270945399999619e-05,9.906514743705974e-06
7,37260,9.080353447643574e-05,9.906463319961058e-06
7,37270,9.49742508964846e-05,9.906411882210158e-06
7,37280,0.00010014160488935886,9.906360430453422e-06
7,37290,0.00010563265313976445,9.906308964690991e-06
7,37300,8.484756290272344e-05,9.906257484923018e-06
7,37310,8.676098750584061e-05,9.906205991149646e-06
7,37320,8.872447469912003e-05,9.906154483371024e-06
7,37330,8.555596359656193e-05,9.9061029615873e-06
7,37340,9.10768507310422e-05,9.906051425798622e-06
7,37350,9.941882108250867e-05,9.905999876005132e-06
7,37360,0.0001094355175155215,9.905948312206982e-06
7,37370,8.762660618231167e-05,9.905896734404318e-06
7,37380,9.237936810677639e-05,9.905845142597288e-06
7,37390,9.65157330938382e-05,9.905793536786038e-06
7,37400,0.00010372676370025146,9.905741916970709e-06
7,37410,9.904065227601676e-05,9.905690283151457e-06
7,37420,9.873575036181138e-05,9.905638635328429e-06
7,37430,9.247073612641543e-05,9.90558697350177e-06
7,37440,8.514522924087941e-05,9.905535297671626e-06
7,37450,8.875675066519762e-05,9.905483607838147e-06
7,37460,9.620573910069652e-05,9.905431904001481e-06
7,37470,0.0001003349472739501,9.905380186161776e-06
7,37480,8.46382814415847e-05,9.905328454319174e-06
7,37490,9.628738334868104e-05,9.905276708473825e-06
7,37500,0.00011036250052711694,9.905224948625878e-06
7,37510,0.00010384023207734571,9.905173174775483e-06
7,37520,9.569557278155116e-05,9.905121386922787e-06
7,37530,8.949963248596759e-05,9.90506958506794e-06
7,37540,9.072278535313672e-05,9.905017769211083e-06
7,37550,8.543260119040497e-05,9.904965939352371e-06
7,37560,0.00010043856509582838,9.904914095491947e-06
7,37570,9.483009307587054e-05,9.90486223762996e-06
7,37580,9.663843611633637e-05,9.90481036576656e-06
7,37590,9.328147134510801e-05,9.90475847990189e-06
7,37600,8.541774059267482e-05,9.904706580036109e-06
7,37610,8.133882547554095e-05,9.904654666169356e-06
7,37620,8.24164433652186e-05,9.904602738301785e-06
7,37630,9.520583280391293e-05,9.904550796433535e-06
7,37640,0.00010146065615117552,9.904498840564757e-06
7,37650,0.00010378561455581803,9.904446870695606e-06
7,37660,9.864552448561881e-05,9.904394886826225e-06
7,37670,0.00011154192043250077,9.904342888956761e-06
7,37680,9.259911785193253e-05,9.904290877087367e-06
7,37690,0.00010617070583975873,9.904238851218191e-06
7,37700,9.830228100327076e-05,9.904186811349383e-06
7,37710,8.165211329469457e-05,9.904134757481087e-06
7,37720,9.81527438852936e-05,9.904082689613451e-06
7,37730,0.00010616331474011531,9.904030607746627e-06
7,37740,8.924030444177334e-05,9.903978511880765e-06
7,37750,8.84507853697869e-05,9.903926402016004e-06
7,37760,9.571249065629673e-05,9.903874278152503e-06
