{"topcode/topx_ratio":0,"codebook/usage":0,"train/comit_loss":0.023192273452878,"codebook/max_entropy":0,"topcode/top5_ratio":0,"train/ortho_loss":0,"epoch":1,"_timestamp":1.7688879885480108e+09,"topcode/top9_ratio":0,"_wandb":{"runtime":349},"topcode/top3_ratio":0,"learning_rate":4.9999999896462e-05,"topcode/top1_ratio":0,"weights/comit":0.13002517819404602,"weights/recon":0.1667167842388153,"topcode/top7_ratio":0,"train/diver_loss":0,"codebook/entropy":0,"_runtime":349.617628791,"_step":2800,"train/total_loss":0.041566204745322466,"train/recon_loss":0.035768136382102966}