epoch,step,recon_loss,lr
1,10,0.9727137386798859,1.9900000000000002e-07
1,20,0.9680775955319405,2.9799999999999994e-07
1,30,0.9601500704884529,3.969999999999998e-07
1,40,0.9489409834146499,4.959999999999999e-07
1,50,0.9351801216602325,5.949999999999999e-07
1,60,0.9197058200836181,6.939999999999998e-07
1,70,0.9020819649100303,7.93e-07
1,80,0.8812885403633117,8.920000000000001e-07
1,90,0.8594611704349517,9.909999999999995e-07
1,100,0.8366943225264549,1.0899999999999997e-06
1,110,0.8106658667325973,1.1890000000000002e-06
1,120,0.7836027994751931,1.288e-06
1,130,0.7556291490793228,1.3869999999999996e-06
1,140,0.7257267102599144,1.4859999999999994e-06
1,150,0.6965302720665932,1.5849999999999994e-06
1,160,0.6651036798954011,1.6839999999999997e-06
1,170,0.6346427291631699,1.782999999999999e-06
1,180,0.6041869670152664,1.8819999999999987e-06
1,190,0.5724504470825196,1.9809999999999998e-06
1,200,0.5432014614343643,2.079999999999999e-06
1,210,0.5127306520938872,2.179e-06
1,220,0.48340195789933205,2.2779999999999988e-06
1,230,0.4551118299365044,2.3769999999999986e-06
1,240,0.4273943088948727,2.4759999999999984e-06
1,250,0.40062565356492996,2.574999999999998e-06
1,260,0.3763423413038254,2.6739999999999976e-06
1,270,0.3521164782345295,2.772999999999997e-06
1,280,0.3302394032478333,2.871999999999997e-06
1,290,0.30934378206729884,2.9709999999999966e-06
1,300,0.28984400555491446,3.069999999999996e-06
1,310,0.27132315263152124,3.168999999999996e-06
1,320,0.25478786826133726,3.2679999999999952e-06
1,330,0.23985484689474107,3.366999999999995e-06
1,340,0.2255163501948118,3.465999999999996e-06
1,350,0.21286860220134257,3.5649999999999947e-06
1,360,0.20072564743459226,3.6639999999999953e-06
1,370,0.19030472226440906,3.7629999999999956e-06
1,380,0.18056507781147957,3.861999999999997e-06
1,390,0.171860596165061,3.960999999999998e-06
1,400,0.16399840116500855,4.059999999999999e-06
1,410,0.1566133614629507,4.1589999999999995e-06
1,420,0.14955609552562238,4.258e-06
1,430,0.14372428581118585,4.356999999999998e-06
1,440,0.137695387750864,4.4559999999999985e-06
1,450,0.13240974955260754,4.555e-06
1,460,0.12728928942233322,4.654e-06
1,470,0.12279147803783418,4.752999999999998e-06
1,480,0.11843779701739549,4.8519999999999995e-06
1,490,0.11406541001051665,4.950999999999998e-06
1,500,0.1100846316665411,5.049999999999999e-06
1,510,0.1068124944344163,5.1489999999999985e-06
1,520,0.10275031775236129,5.247999999999998e-06
1,530,0.09952118024230003,5.346999999999998e-06
1,540,0.09635556060820819,5.446e-06
1,550,0.09311027023941279,5.545e-06
1,560,0.09029965940862894,5.644000000000001e-06
1,570,0.08762543294578792,5.743e-06
1,580,0.08508283887058497,5.842e-06
1,590,0.0825544076040387,5.941000000000001e-06
1,600,0.08008889202028513,6.040000000000001e-06
1,610,0.07790637407451867,6.138999999999999e-06
1,620,0.07559373099356889,6.237999999999999e-06
1,630,0.07360104452818632,6.3370000000000005e-06
1,640,0.07147048842161893,6.4360000000000016e-06
1,650,0.06972013972699642,6.535000000000001e-06
1,660,0.06789482478052378,6.633999999999999e-06
1,670,0.06606240030378104,6.732999999999999e-06
1,680,0.06449328139424323,6.831999999999998e-06
1,690,0.06276528723537922,6.930999999999996e-06
1,700,0.06141664460301399,7.029999999999995e-06
1,710,0.05975315310060978,7.128999999999995e-06
1,720,0.05836423235014081,7.227999999999993e-06
1,730,0.05713342847302556,7.326999999999996e-06
1,740,0.055824633967131373,7.426e-06
1,750,0.054548848792910574,7.525e-06
1,760,0.05345403403043747,7.6239999999999985e-06
1,770,0.0522921297699213,7.723e-06
1,780,0.051064305100589985,7.821999999999999e-06
1,790,0.05017533460631967,7.921e-06
1,800,0.049194149766117336,8.020000000000001e-06
1,810,0.04811846185475588,8.118999999999998e-06
1,820,0.04719548160210252,8.217999999999997e-06
1,830,0.04626860758289694,8.316999999999998e-06
1,840,0.04551817011088133,8.415999999999999e-06
1,850,0.04466370642185212,8.514999999999997e-06
1,860,0.043815096747130154,8.613999999999994e-06
1,870,0.0430199783295393,8.712999999999996e-06
1,880,0.04234982328489423,8.811999999999993e-06
1,890,0.04150817478075623,8.910999999999991e-06
1,900,0.040921149961650374,9.00999999999999e-06
1,910,0.04020402627065778,9.10899999999999e-06
1,920,0.03959453515708446,9.207999999999992e-06
1,930,0.03885434828698635,9.306999999999996e-06
1,940,0.03842324065044522,9.406e-06
1,950,0.03764371648430824,9.505000000000003e-06
1,960,0.03717603944242001,9.604000000000002e-06
1,970,0.036629549227654934,9.703000000000005e-06
1,980,0.036085870768874886,9.802000000000005e-06
1,990,0.035516278259456156,9.901000000000007e-06
1,1000,0.03498430391773581,1e-05
1,1010,0.03452686043456196,9.999999992863501e-06
1,1020,0.03400730164721608,9.999999971454011e-06
1,1030,0.03349631940945983,9.999999935771527e-06
1,1040,0.0330755908973515,9.999999885816048e-06
1,1050,0.03263663733378053,9.999999821587574e-06
1,1060,0.03219704786315561,9.999999743086107e-06
1,1070,0.03177937222644687,9.999999650311647e-06
1,1080,0.03141311048530042,9.999999543264196e-06
1,1090,0.030970597686246038,9.999999421943747e-06
1,1100,0.030616422509774564,9.999999286350306e-06
1,1110,0.03024676339700818,9.99999913648387e-06
1,1120,0.029821934923529626,9.999998972344449e-06
1,1130,0.02947792187333107,9.999998793932029e-06
1,1140,0.029141968861222268,9.999998601246622e-06
1,1150,0.028768705250695345,9.99999839428822e-06
1,1160,0.02849321933463216,9.999998173056834e-06
1,1170,0.028161790547892453,9.999997937552459e-06
1,1180,0.027815102273598312,9.999997687775092e-06
1,1190,0.027469151886180043,9.999997423724736e-06
1,1200,0.027187800128012897,9.999997145401392e-06
1,1210,0.026828573318198323,9.999996852805065e-06
1,1220,0.026642753463238474,9.999996545935752e-06
1,1230,0.026269161002710463,9.999996224793452e-06
1,1240,0.026040507107973097,9.999995889378173e-06
1,1250,0.025723549630492927,9.99999553968991e-06
1,1260,0.025445813592523337,9.999995175728661e-06
1,1270,0.025144655955955386,9.999994797494435e-06
1,1280,0.024954036017879842,9.99999440498723e-06
1,1290,0.024668928096070887,9.999993998207046e-06
1,1300,0.024349541263654826,9.999993577153883e-06
1,1310,0.024147907644510268,9.999993141827742e-06
1,1320,0.023897581733763218,9.99999269222863e-06
1,1330,0.023641614941880107,9.999992228356541e-06
1,1340,0.023377413675189015,9.999991750211482e-06
1,1350,0.023166066221892833,9.999991257793452e-06
1,1360,0.022903179004788398,9.999990751102453e-06
1,1370,0.022656316682696347,9.999990230138484e-06
1,1380,0.022452604863792656,9.99998969490155e-06
1,1390,0.022219497244805098,9.99998914539165e-06
1,1400,0.021950783766806127,9.999988581608788e-06
1,1410,0.021801490988582375,9.999988003552966e-06
1,1420,0.02151894932612777,9.99998741122418e-06
1,1430,0.021315961703658105,9.999986804622434e-06
1,1440,0.021071039140224457,9.999986183747729e-06
1,1450,0.020896595530211927,9.999985548600075e-06
1,1460,0.020711125107482076,9.999984899179465e-06
1,1470,0.020469714840874075,9.999984235485903e-06
1,1480,0.020256164530292154,9.999983557519394e-06
1,1490,0.02004851554520428,9.999982865279938e-06
1,1500,0.01987480032257736,9.999982158767532e-06
1,1510,0.019670796720311044,9.999981437982186e-06
1,1520,0.019453544123098254,9.999980702923899e-06
1,1530,0.0192311966791749,9.99997995359267e-06
1,1540,0.019049890199676157,9.999979189988506e-06
1,1550,0.018877248140051962,9.99997841211141e-06
1,1560,0.018701920844614507,9.999977619961376e-06
1,1570,0.018521671602502468,9.999976813538414e-06
1,1580,0.01831953008659184,9.999975992842523e-06
1,1590,0.018140838341787455,9.999975157873703e-06
1,1600,0.017951464746147394,9.999974308631967e-06
1,1610,0.017806503921747208,9.999973445117307e-06
1,1620,0.01761269923299551,9.999972567329725e-06
1,1630,0.017416611220687626,9.99997167526923e-06
1,1640,0.017271297471597793,9.999970768935817e-06
1,1650,0.017111987341195345,9.999969848329495e-06
1,1660,0.016930369613692164,9.999968913450266e-06
1,1670,0.016760917752981185,9.99996796429813e-06
1,1680,0.01660241079516709,9.999967000873093e-06
1,1690,0.016445571091026068,9.999966023175155e-06
1,1700,0.016257743630558253,9.999965031204316e-06
1,1710,0.016101219411939382,9.999964024960588e-06
1,1720,0.015950431767851117,9.999963004443965e-06
1,1730,0.01580715738236904,9.999961969654452e-06
1,1740,0.015630928403697907,9.999960920592056e-06
1,1750,0.015500365057960153,9.999959857256772e-06
1,1760,0.01535608267877251,9.999958779648613e-06
1,1770,0.015223628096282481,9.999957687767576e-06
1,1780,0.015085977269336581,9.999956581613668e-06
1,1790,0.014952900307253002,9.99995546118689e-06
1,1800,0.014758298918604851,9.99995432648724e-06
1,1810,0.014630915201269091,9.999953177514728e-06
1,1820,0.014508997835218907,9.999952014269354e-06
1,1830,0.014353092806413769,9.999950836751122e-06
1,1840,0.014213523245416582,9.999949644960039e-06
1,1850,0.014120890852063894,9.999948438896104e-06
1,1860,0.013973727286793292,9.999947218559318e-06
1,1870,0.013841480179689825,9.999945983949693e-06
1,1880,0.013722553453408181,9.999944735067226e-06
1,1890,0.013569336640648544,9.999943471911918e-06
1,1900,0.013461129553616046,9.99994219448378e-06
1,1910,0.013336472935043274,9.999940902782814e-06
1,1920,0.013213631324470043,9.999939596809024e-06
1,1930,0.01310551739297807,9.999938276562408e-06
1,1940,0.01296076225116849,9.999936942042974e-06
1,1950,0.012889427389018238,9.999935593250726e-06
1,1960,0.012767585366964339,9.999934230185666e-06
1,1970,0.01264387455303222,9.999932852847801e-06
1,1980,0.012502845283597706,9.999931461237131e-06
1,1990,0.012396130105480553,9.999930055353665e-06
1,2000,0.012316738814115522,9.999928635197404e-06
1,2010,0.012200421094894411,9.999927200768353e-06
1,2020,0.012075678142718971,9.999925752066514e-06
1,2030,0.011981354234740137,9.999924289091896e-06
1,2040,0.011894495878368615,9.999922811844492e-06
1,2050,0.011787777021527291,9.999921320324318e-06
1,2060,0.011674994067288936,9.999919814531374e-06
1,2070,0.011605696729384364,9.999918294465664e-06
1,2080,0.011500938865356148,9.999916760127193e-06
1,2090,0.011392874945886434,9.99991521151597e-06
1,2100,0.01130801618564874,9.99991364863199e-06
1,2110,0.01119902702048421,9.999912071475261e-06
1,2120,0.011095209396444261,9.999910480045792e-06
1,2130,0.011025979323312639,9.999908874343584e-06
1,2140,0.010931064537726343,9.99990725436864e-06
1,2150,0.010826868563890459,9.999905620120967e-06
1,2160,0.010738900490105154,9.99990397160057e-06
1,2170,0.010677456576377153,9.999902308807451e-06
1,2180,0.010584564693272114,9.99990063174162e-06
1,2190,0.010503507894463837,9.999898940403076e-06
1,2200,0.010396236600354315,9.999897234791828e-06
1,2210,0.010347304074093698,9.999895514907875e-06
1,2220,0.010252750548534095,9.999893780751225e-06
1,2230,0.010164596792310476,9.999892032321881e-06
1,2240,0.010064389603212476,9.999890269619854e-06
1,2250,0.010012829676270485,9.99988849264515e-06
1,2260,0.009929572883993388,9.999886701397764e-06
1,2270,0.009859350929036736,9.999884895877709e-06
1,2280,0.00977980827447027,9.999883076084991e-06
1,2290,0.009706185152754189,9.999881242019609e-06
1,2300,0.009631930384784937,9.999879393681574e-06
1,2310,0.009562923293560743,9.999877531070887e-06
1,2320,0.00947897545993328,9.999875654187557e-06
1,2330,0.009410091722384096,9.999873763031584e-06
1,2340,0.009344688872806726,9.999871857602978e-06
1,2350,0.009268432995304466,9.999869937901745e-06
1,2360,0.009206703514792025,9.99986800392789e-06
1,2370,0.009150721458718182,9.999866055681416e-06
1,2380,0.009065440436825157,9.999864093162327e-06
1,2390,0.008992826007306574,9.999862116370634e-06
1,2400,0.008928323211148382,9.999860125306339e-06
1,2410,0.008867720235139131,9.999858119969448e-06
1,2420,0.008798607252538204,9.999856100359969e-06
1,2430,0.008735551731660962,9.999854066477905e-06
1,2440,0.00867345449514687,9.999852018323265e-06
1,2450,0.008611945761367678,9.999849955896055e-06
1,2460,0.008539181575179099,9.999847879196275e-06
1,2470,0.008506263140588999,9.999845788223938e-06
1,2480,0.008437032322399318,9.999843682979045e-06
1,2490,0.008367702341638507,9.999841563461605e-06
1,2500,0.008311856654472649,9.999839429671622e-06
1,2510,0.008254427462816238,9.999837281609103e-06
1,2520,0.008211222756654023,9.999835119274055e-06
1,2530,0.008123840182088315,9.99983294266648e-06
1,2540,0.00809150799177587,9.999830751786392e-06
1,2550,0.008054199069738388,9.99982854663379e-06
1,2560,0.007974835112690926,9.999826327208682e-06
1,2570,0.007929594838060439,9.999824093511076e-06
1,2580,0.00787042594747618,9.999821845540978e-06
1,2590,0.007827186025679111,9.999819583298394e-06
1,2600,0.007765642192680389,9.999817306783333e-06
1,2610,0.007716237334534526,9.999815015995797e-06
1,2620,0.007661746011581272,9.999812710935791e-06
1,2630,0.007602999988012015,9.999810391603328e-06
1,2640,0.007566388789564371,9.99980805799841e-06
1,2650,0.0075202700681984425,9.999805710121045e-06
1,2660,0.007475025509484113,9.999803347971243e-06
1,2670,0.007407603680621833,9.99980097154901e-06
1,2680,0.007376765133813024,9.999798580854346e-06
1,2690,0.007316015439573675,9.999796175887262e-06
1,2700,0.00727483700029552,9.999793756647767e-06
1,2710,0.007224101154133677,9.999791323135862e-06
1,2720,0.007176720642019063,9.999788875351562e-06
1,2730,0.007131356140598654,9.999786413294873e-06
1,2740,0.007090196595527232,9.9997839369658e-06
1,2750,0.007035020971670747,9.999781446364349e-06
1,2760,0.00698785410495475,9.999778941490523e-06
1,2770,0.006949171691667289,9.999776422344336e-06
1,2780,0.0069018431589938705,9.999773888925792e-06
1,2790,0.006869484658818692,9.999771341234898e-06
1,2800,0.00683008898049593,9.999768779271666e-06
1,2810,0.006782941578421742,9.999766203036099e-06
1,2820,0.006725848477799445,9.999763612528202e-06
1,2830,0.006703027233015746,9.999761007747985e-06
1,2840,0.006645508750807494,9.999758388695454e-06
1,2850,0.006606244889553636,9.999755755370622e-06
1,2860,0.006579268735367805,9.999753107773494e-06
1,2870,0.006551786977797746,9.999750445904076e-06
1,2880,0.006487878225743771,9.999747769762376e-06
1,2890,0.006449026789050549,9.999745079348403e-06
1,2900,0.006423401541542262,9.999742374662161e-06
1,2910,0.006375261570792645,9.999739655703661e-06
1,2920,0.00632595649221912,9.999736922472907e-06
1,2930,0.006309054838493467,9.999734174969912e-06
1,2940,0.00625268571311608,9.999731413194681e-06
1,2950,0.0062308947904966775,9.999728637147223e-06
1,2960,0.006185088830534369,9.999725846827542e-06
1,2970,0.0061472014873288575,9.999723042235654e-06
1,2980,0.0060991751030087474,9.999720223371558e-06
1,2990,0.0060702752904035154,9.999717390235267e-06
1,3000,0.006026012683287263,9.999714542826784e-06
1,3010,0.006000137457158416,9.999711681146124e-06
1,3020,0.005967794451862574,9.999708805193296e-06
1,3030,0.005943136604037136,9.999705914968305e-06
1,3040,0.0058980784611776475,9.999703010471155e-06
1,3050,0.005883145274128764,9.99970009170186e-06
1,3060,0.0058367150719277556,9.999697158660428e-06
1,3070,0.005798761383630335,9.999694211346864e-06
1,3080,0.005765241442713886,9.999691249761177e-06
1,3090,0.005729142541531473,9.999688273903378e-06
1,3100,0.005704287602566183,9.999685283773479e-06
1,3110,0.005674766178708523,9.99968227937148e-06
1,3120,0.005642799625638873,9.999679260697396e-06
1,3130,0.005601822561584413,9.999676227751231e-06
1,3140,0.0055668078013695775,9.999673180532994e-06
1,3150,0.005538458121009171,9.999670119042696e-06
1,3160,0.00550885860575363,9.999667043280348e-06
1,3170,0.005489597411360592,9.999663953245958e-06
1,3180,0.005445702094584704,9.999660848939533e-06
1,3190,0.00542976395227015,9.999657730361078e-06
1,3200,0.005404541292227805,9.999654597510605e-06
1,3210,0.005356305348686874,9.999651450388126e-06
1,3220,0.005323147261515259,9.999648288993646e-06
1,3230,0.005287920881528407,9.999645113327177e-06
1,3240,0.005278818763326853,9.999641923388724e-06
1,3250,0.005243796634022147,9.999638719178298e-06
1,3260,0.005209675047080964,9.999635500695909e-06
1,3270,0.00517181174363941,9.999632267941567e-06
1,3280,0.005159437854308635,9.99962902091528e-06
1,3290,0.005128498701378703,9.99962575961706e-06
1,3300,0.005101041379384696,9.999622484046912e-06
1,3310,0.0050747420056723065,9.999619194204848e-06
1,3320,0.005038859113119542,9.999615890090877e-06
1,3330,0.005029585666488856,9.999612571705007e-06
1,3340,0.004988855682313442,9.999609239047246e-06
1,3350,0.004965730826370418,9.99960589211761e-06
1,3360,0.004934547375887633,9.999602530916101e-06
1,3370,0.004906917631160468,9.999599155442733e-06
1,3380,0.004895450349431485,9.999595765697518e-06
1,3390,0.004857237846590578,9.999592361680463e-06
1,3400,0.004830475838389248,9.999588943391572e-06
1,3410,0.004806290473788977,9.99958551083086e-06
1,3420,0.0047814311110414565,9.999582063998342e-06
1,3430,0.004763871827162802,9.99957860289402e-06
1,3440,0.004740736109670251,9.999575127517906e-06
1,3450,0.004707841842900962,9.99957163787001e-06
1,3460,0.004679726460017264,9.999568133950343e-06
1,3470,0.0046711854171007875,9.999564615758917e-06
1,3480,0.004635953437536955,9.999561083295736e-06
1,3490,0.004613821057137102,9.999557536560812e-06
1,3500,0.00461001330986619,9.99955397555416e-06
1,3510,0.004571006062906236,9.999550400275787e-06
1,3520,0.004551201360300183,9.999546810725702e-06
1,3530,0.00451834270497784,9.999543206903915e-06
1,3540,0.0044968158705160025,9.99953958881044e-06
1,3550,0.004473718313965947,9.999535956445283e-06
1,3560,0.004467496904544533,9.999532309808454e-06
1,3570,0.0044245951576158404,9.999528648899965e-06
1,3580,0.004417178779840469,9.999524973719829e-06
1,3590,0.004400746570900083,9.999521284268057e-06
1,3600,0.00436512113083154,9.999517580544655e-06
1,3610,0.0043390101287513975,9.999513862549637e-06
1,3620,0.00434650331735611,9.99951013028301e-06
1,3630,0.004311204957775772,9.999506383744792e-06
1,3640,0.004297333548311143,9.999502622934982e-06
1,3650,0.004262564238160849,9.9994988478536e-06
1,3660,0.004239302908536047,9.999495058500653e-06
1,3670,0.004215203749481589,9.999491254876154e-06
1,3680,0.004212114890106022,9.999487436980114e-06
1,3690,0.0041790273506194355,9.999483604812543e-06
1,3700,0.004160450061317534,9.999479758373447e-06
1,3710,0.004132769210264087,9.999475897662844e-06
1,3720,0.0041127865435555576,9.999472022680745e-06
1,3730,0.004110362858045846,9.999468133427155e-06
1,3740,0.004087413975503296,9.999464229902089e-06
1,3750,0.004067727061919868,9.99946031210556e-06
1,3760,0.004040894634090363,9.999456380037577e-06
1,3770,0.004006466583814472,9.999452433698147e-06
1,3780,0.003993947571143508,9.999448473087289e-06
1,3790,0.003982904175063595,9.999444498205011e-06
1,3800,0.003964894072851166,9.999440509051323e-06
1,3810,0.003940643067471683,9.99943650562624e-06
1,3820,0.00392933136317879,9.999432487929772e-06
1,3830,0.0039028096944093704,9.999428455961931e-06
1,3840,0.003896852949401364,9.999424409722727e-06
1,3850,0.003878377453656867,9.999420349212166e-06
1,3860,0.0038573493075091396,9.999416274430267e-06
1,3870,0.0038397734111640606,9.999412185377044e-06
1,3880,0.00382375696208328,9.999408082052501e-06
1,3890,0.0038119797711260615,9.999403964456658e-06
1,3900,0.003772617265349254,9.99939983258952e-06
1,3910,0.0037665915384422987,9.999395686451102e-06
1,3920,0.0037594470428302888,9.99939152604141e-06
1,3930,0.0037333108135499064,9.99938735136046e-06
1,3940,0.003720374201657251,9.999383162408269e-06
1,3950,0.0037006267346441743,9.99937895918484e-06
1,3960,0.0036867082351818682,9.99937474169019e-06
1,3970,0.0036663756240159274,9.999370509924335e-06
1,3980,0.003650064673274755,9.999366263887282e-06
1,3990,0.003646015038248152,9.999362003579042e-06
1,4000,0.0036308234150055794,9.99935772899963e-06
1,4010,0.0035960847104433927,9.999353440149056e-06
1,4020,0.0035804782994091513,9.999349137027335e-06
1,4030,0.0035560022166464477,9.999344819634474e-06
1,4040,0.0035657065978739414,9.999340487970489e-06
1,4050,0.0035421614709775897,9.999336142035395e-06
1,4060,0.0035458843689411875,9.9993317818292e-06
1,4070,0.0035146139038261023,9.999327407351919e-06
1,4080,0.0034829905722290277,9.999323018603556e-06
1,4090,0.0034666974446736277,9.999318615584136e-06
1,4100,0.003461541223805398,9.999314198293663e-06
1,4110,0.003458921652054414,9.999309766732153e-06
1,4120,0.0034251264121849087,9.999305320899623e-06
1,4130,0.003416456811828539,9.99930086079608e-06
1,4140,0.003394865896552801,9.99929638642154e-06
1,4150,0.0033771386661101133,9.999291897776018e-06
1,4160,0.0033607584016863254,9.99928739485952e-06
1,4170,0.003386104863602668,9.999282877672062e-06
1,4180,0.003331640618853271,9.999278346213652e-06
1,4190,0.0033286364923696965,9.999273800484311e-06
1,4200,0.003310457989573479,9.99926924048405e-06
1,4210,0.003299600083846599,9.999264666212876e-06
1,4220,0.0032883524836506695,9.999260077670809e-06
1,4230,0.0032784382521640508,9.99925547485786e-06
1,4240,0.0032529439718928187,9.999250857774042e-06
1,4250,0.003249179251724854,9.999246226419364e-06
1,4260,0.003221666568424553,9.999241580793847e-06
1,4270,0.003204652818385512,9.999236920897504e-06
1,4280,0.003200125781586394,9.999232246730342e-06
1,4290,0.003194299357710406,9.999227558292375e-06
1,4300,0.0031868655118159955,9.999222855583624e-06
1,4310,0.003161575394915417,9.999218138604096e-06
1,4320,0.003159013425465673,9.999213407353804e-06
1,4330,0.0031370448996312916,9.999208661832762e-06
1,4340,0.003113090398255736,9.999203902040984e-06
1,4350,0.003110794839449227,9.999199127978482e-06
1,4360,0.003102966852020472,9.999194339645275e-06
1,4370,0.0030811241245828572,9.999189537041371e-06
1,4380,0.0030807803093921395,9.999184720166785e-06
1,4390,0.003060347109567374,9.999179889021531e-06
1,4400,0.003065277973655611,9.999175043605624e-06
1,4410,0.00303522520698607,9.99917018391908e-06
1,4420,0.0030216195096727464,9.999165309961905e-06
1,4430,0.0030214811908081175,9.999160421734125e-06
1,4440,0.00300625350791961,9.999155519235743e-06
1,4450,0.002981530112447217,9.99915060246678e-06
1,4460,0.002982951578451321,9.999145671427248e-06
1,4470,0.0029519300733227283,9.99914072611716e-06
1,4480,0.0029533015564084057,9.99913576653653e-06
1,4490,0.0029370827425736932,9.999130792685371e-06
1,4500,0.0029389287577942015,9.999125804563698e-06
1,4510,0.0029202706005889926,9.99912080217153e-06
1,4520,0.002899172331672162,9.999115785508875e-06
1,4530,0.002888840704690665,9.999110754575752e-06
1,4540,0.0028804112924262883,9.999105709372168e-06
1,4550,0.0028760674234945324,9.999100649898144e-06
1,4560,0.002863463939866051,9.999095576153693e-06
1,4570,0.0028533820062875744,9.99909048813883e-06
1,4580,0.0028364192461594936,9.999085385853572e-06
1,4590,0.002829920855583623,9.999080269297928e-06
1,4600,0.002809331490425393,9.999075138471913e-06
1,4610,0.002811187808401883,9.999069993375545e-06
1,4620,0.0027934763813391326,9.999064834008835e-06
1,4630,0.0027903129404876384,9.999059660371802e-06
1,4640,0.002778915426461026,9.999054472464464e-06
1,4650,0.0027608309348579494,9.999049270286825e-06
1,4660,0.0027563691313844175,9.999044053838906e-06
1,4670,0.0027516472153365614,9.999038823120722e-06
1,4680,0.002722659282153472,9.999033578132286e-06
1,4690,0.002717530372319743,9.999028318873614e-06
1,4700,0.0027130607399158176,9.999023045344723e-06
1,4710,0.0026972223306074737,9.999017757545628e-06
1,4720,0.0026913064706604924,9.999012455476343e-06
1,4730,0.00267632469185628,9.99900713913688e-06
1,4740,0.0026687855832278726,9.99900180852726e-06
1,4750,0.0026578046323265884,9.998996463647491e-06
1,4760,0.002668778889346868,9.998991104497591e-06
1,4770,0.002641142642823979,9.998985731077577e-06
1,4780,0.0026349650637712326,9.998980343387464e-06
1,4790,0.0026211276825051756,9.998974941427269e-06
1,4800,0.0026015033887233584,9.998969525197004e-06
1,4810,0.0026055071735754613,9.99896409469669e-06
1,4820,0.0025862781156320127,9.998958649926338e-06
1,4830,0.002578127634478733,9.998953190885961e-06
1,4840,0.0025658488331828265,9.998947717575581e-06
1,4850,0.0025687575223855676,9.998942229995207e-06
1,4860,0.0025591574085410684,9.998936728144857e-06
1,4870,0.00255046178936027,9.998931212024546e-06
1,4880,0.0025418158737011256,9.998925681634296e-06
1,4890,0.0025421627564355728,9.998920136974114e-06
1,4900,0.0025282375572714955,9.998914578044021e-06
1,4910,0.0025143106584437193,9.998909004844035e-06
1,4920,0.0025098716956563293,9.998903417374172e-06
1,4930,0.002495170448673889,9.998897815634442e-06
1,4940,0.0024816114164423198,9.998892199624866e-06
1,4950,0.0024701163347344846,9.998886569345456e-06
1,4960,0.0024619022326078264,9.998880924796234e-06
1,4970,0.002451692131580785,9.998875265977207e-06
1,4980,0.0024529501562938097,9.998869592888398e-06
1,4990,0.0024299763317685574,9.99886390552982e-06
1,5000,0.0024393933126702905,9.998858203901493e-06
1,5010,0.0024316339287906883,9.99885248800343e-06
1,5020,0.00240998268709518,9.998846757835647e-06
1,5030,0.002385766076622531,9.998841013398163e-06
1,5040,0.002394579083193094,9.998835254690992e-06
1,5050,0.002386970579391345,9.998829481714153e-06
1,5060,0.0023728861298877744,9.998823694467663e-06
1,5070,0.002379418665077537,9.998817892951531e-06
1,5080,0.002362933987751603,9.998812077165782e-06
1,5090,0.0023543571820482615,9.998806247110427e-06
1,5100,0.002344394667306915,9.998800402785483e-06
1,5110,0.0023652772186324,9.998794544190972e-06
1,5120,0.002349132997915149,9.998788671326906e-06
1,5130,0.0023416751995682717,9.998782784193305e-06
1,5140,0.00232460061670281,9.998776882790183e-06
1,5150,0.0023122869781218467,9.998770967117558e-06
1,5160,0.0022941101400647313,9.998765037175448e-06
1,5170,0.0022976441483478992,9.998759092963868e-06
1,5180,0.0022788708563894035,9.998753134482833e-06
1,5190,0.0022805795539170507,9.998747161732366e-06
1,5200,0.002270750532625243,9.998741174712482e-06
1,5210,0.0022525905165821317,9.998735173423201e-06
1,5220,0.002247434278251603,9.998729157864536e-06
1,5230,0.0022549629735294733,9.998723128036502e-06
1,5240,0.002225594694027677,9.998717083939118e-06
1,5250,0.0022361306706443432,9.998711025572397e-06
1,5260,0.002227899292483926,9.998704952936363e-06
1,5270,0.0022177811479195952,9.998698866031031e-06
1,5280,0.002203621342778206,9.998692764856422e-06
1,5290,0.0022022751276381315,9.998686649412549e-06
1,5300,0.0022053101041819897,9.99868051969943e-06
1,5310,0.002195004280656576,9.998674375717088e-06
1,5320,0.00217856458039023,9.998668217465532e-06
1,5330,0.0021701843943446875,9.998662044944785e-06
1,5340,0.0021694763505365703,9.998655858154859e-06
1,5350,0.002167215466033667,9.998649657095775e-06
1,5360,0.002153041074052453,9.998643441767554e-06
1,5370,0.0021459667535964396,9.99863721217021e-06
1,5380,0.002146178181283176,9.998630968303762e-06
1,5390,0.00213659901637584,9.998624710168225e-06
1,5400,0.0021275766484905034,9.998618437763622e-06
1,5410,0.002122624294133857,9.998612151089968e-06
1,5420,0.0021162530581932517,9.99860585014728e-06
1,5430,0.0021054531331174075,9.99859953493558e-06
1,5440,0.002101843967102468,9.998593205454882e-06
1,5450,0.002088204288156703,9.998586861705206e-06
1,5460,0.002089836640516296,9.998580503686568e-06
1,5470,0.002095094497781247,9.99857413139899e-06
1,5480,0.0020784587017260493,9.998567744842485e-06
1,5490,0.0020719759282656013,9.998561344017076e-06
1,5500,0.002056388556957245,9.998554928922778e-06
1,5510,0.0020500147249549626,9.998548499559607e-06
1,5520,0.0020416006853338333,9.998542055927592e-06
1,5530,0.002048197976546362,9.99853559802674e-06
1,5540,0.0020444246591068806,9.998529125857077e-06
1,5550,0.0020238607859937472,9.998522639418614e-06
1,5560,0.002034818124957383,9.998516138711377e-06
1,5570,0.0020182283595204355,9.998509623735381e-06
1,5580,0.0020040934236021713,9.998503094490644e-06
1,5590,0.0019962439313530923,9.998496550977189e-06
1,5600,0.001986564917024225,9.99848999319503e-06
1,5610,0.0020003227109555155,9.998483421144186e-06
1,5620,0.001983127853600308,9.998476834824677e-06
1,5630,0.001981612789677456,9.99847023423652e-06
1,5640,0.001969324907986447,9.998463619379735e-06
1,5650,0.0019566515111364424,9.998456990254342e-06
1,5660,0.001967370416969061,9.99845034686036e-06
1,5670,0.0019542943104170264,9.998443689197804e-06
1,5680,0.0019459909322904422,9.998437017266696e-06
1,5690,0.0019473092223051937,9.998430331067057e-06
1,5700,0.0019287446193629876,9.998423630598904e-06
1,5710,0.0019252150639658793,9.99841691586226e-06
1,5720,0.0019427882129093633,9.998410186857137e-06
1,5730,0.0019222361413994806,9.99840344358356e-06
1,5740,0.001930176609312184,9.998396686041545e-06
1,5750,0.0019155708752805368,9.998389914231112e-06
1,5760,0.0019033016491448508,9.998383128152283e-06
1,5770,0.0019064347172388805,9.998376327805073e-06
1,5780,0.0018871158012188972,9.998369513189503e-06
1,5790,0.0018889295577537268,9.998362684305592e-06
1,5800,0.00189051094930619,9.998355841153366e-06
1,5810,0.0018742629443295302,9.998348983732837e-06
1,5820,0.0018768532783724366,9.998342112044024e-06
1,5830,0.001861897765775211,9.998335226086949e-06
1,5840,0.001865500703570433,9.998328325861634e-06
1,5850,0.0018601486954139546,9.998321411368098e-06
1,5860,0.0018592087493743748,9.998314482606358e-06
1,5870,0.0018437188904499636,9.998307539576435e-06
1,5880,0.0018329412909224628,9.998300582278345e-06
1,5890,0.001830426516244188,9.998293610712113e-06
1,validation,0.0018521750171203166,9.998293610712113e-06
2,5900,0.001826749971951358,9.998286624877761e-06
2,5910,0.0018268083920702338,9.998279624775303e-06
2,5920,0.0018285525264218451,9.998272610404761e-06
2,5930,0.0018069700687192382,9.998265581766155e-06
2,5940,0.0018054371379548685,9.998258538859505e-06
2,5950,0.0018103494192473592,9.998251481684833e-06
2,5960,0.0018029220373136923,9.99824441024216e-06
2,5970,0.0017925104941241441,9.998237324531502e-06
2,5980,0.0017964112281333656,9.99823022455288e-06
2,5990,0.0017931477952515705,9.998223110306317e-06
2,6000,0.0017839924257714301,9.998215981791833e-06
2,6010,0.0017803856200771407,9.998208839009447e-06
2,6020,0.0017806238814955578,9.998201681959178e-06
2,6030,0.0017653585353400558,9.998194510641052e-06
2,6040,0.001765264684217982,9.99818732505508e-06
2,6050,0.0017590155708603562,9.998180125201289e-06
2,6060,0.0017542154993861914,9.9981729110797e-06
2,6070,0.0017526013980386779,9.998165682690335e-06
2,6080,0.0017461308394558727,9.998158440033208e-06
2,6090,0.0017392187961377203,9.998151183108346e-06
2,6100,0.0017368746775900943,9.998143911915765e-06
2,6110,0.0017298745282460005,9.998136626455485e-06
2,6120,0.0017293760232860223,9.998129326727531e-06
2,6130,0.0017226497759111226,9.998122012731924e-06
2,6140,0.0017206017597345634,9.998114684468681e-06
2,6150,0.0017034017539117486,9.998107341937828e-06
2,6160,0.0016950054035987704,9.998099985139381e-06
2,6170,0.0016992228396702559,9.998092614073369e-06
2,6180,0.0017076142685255036,9.998085228739805e-06
2,6190,0.001702257714350708,9.998077829138716e-06
2,6200,0.0016910441307118162,9.998070415270115e-06
2,6210,0.0016819416341604665,9.99806298713403e-06
2,6220,0.0016880543698789552,9.998055544730478e-06
2,6230,0.0017055058182450012,9.998048088059483e-06
2,6240,0.0016733929514884949,9.99804061712106e-06
2,6250,0.0016714649536879733,9.998033131915241e-06
2,6260,0.0016667408839566634,9.998025632442037e-06
2,6270,0.0016682049725204708,9.998018118701482e-06
2,6280,0.0016557192167965696,9.998010590693588e-06
2,6290,0.0016576641326537358,9.998003048418377e-06
2,6300,0.0016519990836968647,9.997995491875874e-06
2,6310,0.001645034199464135,9.997987921066096e-06
2,6320,0.0016449755639769137,9.997980335989066e-06
2,6330,0.0016408500086981803,9.997972736644806e-06
2,6340,0.0016334859014023096,9.99796512303334e-06
2,6350,0.0016218877135543153,9.997957495154692e-06
2,6360,0.001630726785515435,9.99794985300888e-06
2,6370,0.0016193125484278426,9.997942196595925e-06
2,6380,0.0016078225657111032,9.99793452591585e-06
2,6390,0.0016089147567981855,9.997926840968678e-06
2,6400,0.001597061747452244,9.997919141754426e-06
2,6410,0.0016040640068240464,9.99791142827312e-06
2,6420,0.0016014373250072822,9.997903700524785e-06
2,6430,0.0015937184682115913,9.997895958509437e-06
2,6440,0.0015969690895872189,9.9978882022271e-06
2,6450,0.0015930562745779754,9.997880431677797e-06
2,6460,0.001579799212049693,9.997872646861548e-06
2,6470,0.0015759410220198334,9.997864847778378e-06
2,6480,0.0015749058045912536,9.997857034428312e-06
2,6490,0.001570755644934252,9.997849206811366e-06
2,6500,0.0015715227025793867,9.997841364927569e-06
2,6510,0.001574847658048384,9.997833508776938e-06
2,6520,0.0015627138956915588,9.997825638359495e-06
2,6530,0.0015607908309902994,9.997817753675262e-06
2,6540,0.0015505391434999182,9.997809854724266e-06
2,6550,0.0015462033043149859,9.997801941506529e-06
2,6560,0.0015607455454301087,9.997794014022071e-06
2,6570,0.0015424098382936793,9.997786072270919e-06
2,6580,0.001539571021567099,9.997778116253091e-06
2,6590,0.0015306847693864257,9.997770145968609e-06
2,6600,0.0015380057302536443,9.997762161417497e-06
2,6610,0.0015296985977329314,9.997754162599782e-06
2,6620,0.0015239449334330855,9.997746149515483e-06
2,6630,0.0015220971283270044,9.99773812216462e-06
2,6640,0.0015304520027711987,9.997730080547222e-06
2,6650,0.0015152432810282333,9.997722024663308e-06
2,6660,0.0015186991018708794,9.997713954512902e-06
2,6670,0.0015084149577887728,9.99770587009603e-06
2,6680,0.0015065818879520523,9.997697771412708e-06
2,6690,0.0015013646479928866,9.997689658462965e-06
2,6700,0.0015011177485575898,9.997681531246825e-06
2,6710,0.0014920797228114681,9.997673389764308e-06
2,6720,0.0014904866518918427,9.997665234015439e-06
2,6730,0.0014931427722331136,9.997657064000239e-06
2,6740,0.0014843316108454018,9.997648879718731e-06
2,6750,0.001477568072732538,9.997640681170943e-06
2,6760,0.001472700200974941,9.997632468356898e-06
2,6770,0.0014633619226515292,9.997624241276616e-06
2,6780,0.0014586541074095292,9.997615999930116e-06
2,6790,0.0014597315428545698,9.997607744317429e-06
2,6800,0.0014708080649143084,9.99759947443858e-06
2,6810,0.0014647102681919933,9.997591190293588e-06
2,6820,0.0014690670679556204,9.997582891882469e-06
2,6830,0.001454922600532882,9.997574579205259e-06
2,6840,0.0014455125958193094,9.99756625226198e-06
2,6850,0.0014622091723140327,9.997557911052656e-06
2,6860,0.0014497262629447503,9.997549555577304e-06
2,6870,0.0014436920842854305,9.997541185835958e-06
2,6880,0.0014374031045008451,9.997532801828637e-06
2,6890,0.0014474025898380204,9.997524403555357e-06
2,6900,0.0014366131072165444,9.997515991016156e-06
2,6910,0.0014284241391578688,9.997507564211048e-06
2,6920,0.0014307279663626105,9.997499123140062e-06
2,6930,0.0014204740757122636,9.99749066780322e-06
2,6940,0.001420873327879235,9.997482198200546e-06
2,6950,0.0014254837908083573,9.997473714332068e-06
2,6960,0.001417265980853699,9.997465216197806e-06
2,6970,0.0014215188304660842,9.997456703797787e-06
2,6980,0.00141597542387899,9.997448177132031e-06
2,6990,0.0014065936178667472,9.997439636200567e-06
2,7000,0.0014161336206598208,9.997431081003418e-06
2,7010,0.0014126561261946333,9.997422511540604e-06
2,7020,0.0014283009979408233,9.997413927812156e-06
2,7030,0.0014276015368523077,9.997405329818094e-06
2,7040,0.0014143858570605516,9.997396717558445e-06
2,7050,0.00139896594628226,9.997388091033232e-06
2,7060,0.0013919085235102103,9.997379450242482e-06
2,7070,0.0013879325764719398,9.997370795186218e-06
2,7080,0.0013871511007891967,9.997362125864462e-06
2,7090,0.0013906188803957777,9.997353442277244e-06
2,7100,0.0013875409611500801,9.997344744424586e-06
2,7110,0.0013835036166710778,9.997336032306514e-06
2,7120,0.0013785060524241998,9.997327305923053e-06
2,7130,0.0013727891753660517,9.997318565274226e-06
2,7140,0.0013764162198640407,9.99730981036006e-06
2,7150,0.0013648459629621358,9.99730104118058e-06
2,7160,0.001365737509331666,9.997292257735807e-06
2,7170,0.0013752187631325798,9.997283460025772e-06
2,7180,0.0013542704284191132,9.997274648050494e-06
2,7190,0.0013629349909024314,9.997265821810004e-06
2,7200,0.0013607542583486067,9.997256981304318e-06
2,7210,0.0013515896338503806,9.99724812653347e-06
2,7220,0.0013507950177881868,9.997239257497489e-06
2,7230,0.0013543473702156918,9.997230374196393e-06
2,7240,0.001350257682497613,9.997221476630202e-06
2,7250,0.0013437189802061765,9.997212564798951e-06
2,7260,0.001337691565277055,9.997203638702663e-06
2,7270,0.0013351418456295505,9.997194698341368e-06
2,7280,0.0013402608543401583,9.997185743715084e-06
2,7290,0.0013312081951880827,9.997176774823835e-06
2,7300,0.001330740447156131,9.997167791667653e-06
2,7310,0.0013335546798771247,9.997158794246562e-06
2,7320,0.001329796458594501,9.997149782560587e-06
2,7330,0.001329781365348026,9.997140756609751e-06
2,7340,0.0013394430541666224,9.997131716394081e-06
2,7350,0.0013141777599230409,9.997122661913608e-06
2,7360,0.0013240737724117934,9.997113593168354e-06
2,7370,0.001313636061968282,9.997104510158343e-06
2,7380,0.0013105012301821261,9.997095412883604e-06
2,7390,0.0013141263421857729,9.997086301344163e-06
2,7400,0.0013172977895010264,9.997077175540041e-06
2,7410,0.0013120711722876875,9.997068035471272e-06
2,7420,0.0013169518409995363,9.997058881137881e-06
2,7430,0.0013089148211292922,9.99704971253989e-06
2,7440,0.0012964514608029276,9.997040529677324e-06
2,7450,0.001301435471395962,9.997031332550213e-06
2,7460,0.0012963204877451061,9.997022121158583e-06
2,7470,0.0012986689602257685,9.997012895502462e-06
2,7480,0.0012913227546960115,9.997003655581869e-06
2,7490,0.0012959402607521041,9.996994401396835e-06
2,7500,0.0012988601316465064,9.996985132947388e-06
2,7510,0.0012929036893183365,9.996975850233552e-06
2,7520,0.0012816067232051865,9.996966553255351e-06
2,7530,0.001282889922731556,9.996957242012815e-06
2,7540,0.001277374749770388,9.996947916505972e-06
2,7550,0.0012933112942846493,9.996938576734849e-06
2,7560,0.001266404308262281,9.996929222699468e-06
2,7570,0.0012756083218846469,9.996919854399862e-06
2,7580,0.001272865867940709,9.996910471836047e-06
2,7590,0.0012772085261531173,9.996901075008063e-06
2,7600,0.0012714962096652014,9.996891663915928e-06
2,7610,0.0012636846426175908,9.996882238559672e-06
2,7620,0.0012660373758990318,9.996872798939322e-06
2,7630,0.0012543253978947178,9.996863345054907e-06
2,7640,0.0012771335168508813,9.996853876906448e-06
2,7650,0.00126094144070521,9.996844394493977e-06
2,7660,0.0012572229315992445,9.99683489781752e-06
2,7670,0.0012564550415845588,9.996825386877102e-06
2,7680,0.001250152720604092,9.996815861672751e-06
2,7690,0.001259829627815634,9.996806322204496e-06
2,7700,0.0012499509757617489,9.996796768472362e-06
2,7710,0.0012719360704068095,9.996787200476378e-06
2,7720,0.0012544598197564481,9.996777618216569e-06
2,7730,0.0012420028826454655,9.99676802169297e-06
2,7740,0.001261631411034614,9.996758410905595e-06
2,7750,0.0012412866693921388,9.996748785854482e-06
2,7760,0.0012457740085665137,9.996739146539656e-06
2,7770,0.0012310875201364977,9.996729492961147e-06
2,7780,0.0012319632165599614,9.996719825118979e-06
2,7790,0.0012345448572887107,9.996710143013178e-06
2,7800,0.0012328106735367327,9.99670044664377e-06
2,7810,0.001235698562231846,9.996690736010795e-06
2,7820,0.0012312072241911663,9.996681011114267e-06
2,7830,0.0012145237182267009,9.996671271954218e-06
2,7840,0.00122724270040635,9.996661518530679e-06
2,7850,0.0012278332404093816,9.996651750843675e-06
2,7860,0.001223642152035609,9.996641968893233e-06
2,7870,0.001209212400135584,9.996632172679385e-06
2,7880,0.0012184709630673751,9.996622362202156e-06
2,7890,0.001221473899204284,9.996612537461571e-06
2,7900,0.0012261925381608309,9.996602698457663e-06
2,7910,0.0012118035549065096,9.996592845190456e-06
2,7920,0.001208131609018892,9.996582977659986e-06
2,7930,0.0012056920269969851,9.99657309586627e-06
2,7940,0.0012060012260917575,9.996563199809349e-06
2,7950,0.0012120614293962715,9.996553289489237e-06
2,7960,0.0012145275482907893,9.996543364905972e-06
2,7970,0.0012034543469781056,9.996533426059584e-06
2,7980,0.001201257578213699,9.996523472950097e-06
2,7990,0.00118944548885338,9.996513505577536e-06
2,8000,0.001199159782845527,9.996503523941935e-06
2,8010,0.001190607892931439,9.99649352804332e-06
2,8020,0.0011912617337657139,9.996483517881719e-06
2,8030,0.0012057013693265615,9.996473493457163e-06
2,8040,0.0011905424820724876,9.996463454769679e-06
2,8050,0.0012029073375742884,9.996453401819292e-06
2,8060,0.0011827502719825133,9.996443334606036e-06
2,8070,0.0011877013341290877,9.996433253129943e-06
2,8080,0.0011774969956604765,9.996423157391035e-06
2,8090,0.0011756872176192702,9.99641304738934e-06
2,8100,0.0012044517119647936,9.996402923124892e-06
2,8110,0.0011825063964352013,9.996392784597715e-06
2,8120,0.0011794071091571824,9.996382631807842e-06
2,8130,0.001174386660568416,9.996372464755304e-06
2,8140,0.0011763892864109947,9.996362283440125e-06
2,8150,0.0011594595882343129,9.996352087862338e-06
2,8160,0.0011750403966289014,9.996341878021968e-06
2,8170,0.00118603439477738,9.996331653919043e-06
2,8180,0.0011733367340639234,9.9963214155536e-06
2,8190,0.0011772930592997,9.996311162925662e-06
2,8200,0.0011689084203680977,9.996300896035258e-06
2,8210,0.001152610281133093,9.996290614882418e-06
2,8220,0.0011625671060755847,9.996280319467177e-06
2,8230,0.001173558269510977,9.996270009789557e-06
2,8240,0.001163085424923338,9.99625968584959e-06
2,8250,0.0011553769203601406,9.996249347647307e-06
2,8260,0.0011612890200922265,9.996238995182737e-06
2,8270,0.0011666818318190053,9.996228628455908e-06
2,8280,0.00116419660334941,9.99621824746685e-06
2,8290,0.0011455153085989877,9.996207852215591e-06
2,8300,0.0011510443931911142,9.996197442702162e-06
2,8310,0.0011536305566551162,9.996187018926592e-06
2,8320,0.0011427820951212197,9.996176580888916e-06
2,8330,0.0011534411518368869,9.996166128589157e-06
2,8340,0.0011439562716986983,9.99615566202735e-06
2,8350,0.0011450598656665533,9.996145181203524e-06
2,8360,0.0011395473644370212,9.996134686117703e-06
2,8370,0.00115011602465529,9.996124176769926e-06
2,8380,0.0011425320815760642,9.996113653160217e-06
2,8390,0.0011361656885128467,9.996103115288608e-06
2,8400,0.0011277144862106069,9.996092563155129e-06
2,8410,0.001137501819175668,9.996081996759809e-06
2,8420,0.0011392095795599744,9.996071416102679e-06
2,8430,0.0011454701772890985,9.99606082118377e-06
2,8440,0.0011327098967740313,9.99605021200311e-06
2,8450,0.0011358382122125476,9.996039588560732e-06
2,8460,0.0011329147062497215,9.996028950856668e-06
2,8470,0.0011324702412821351,9.99601829889094e-06
2,8480,0.001135822176001966,9.996007632663584e-06
2,8490,0.001119512424338609,9.995996952174632e-06
2,8500,0.0011224276531720534,9.99598625742411e-06
2,8510,0.0011244842346059157,9.995975548412053e-06
2,8520,0.0011205767368664965,9.99596482513849e-06
2,8530,0.0011384860845282674,9.99595408760345e-06
2,8540,0.0011389383813366295,9.995943335806969e-06
2,8550,0.001122896929155104,9.995932569749071e-06
2,8560,0.0011219807114684953,9.99592178942979e-06
2,8570,0.0011264676199061797,9.995910994849156e-06
2,8580,0.0011298745492240414,9.995900186007199e-06
2,8590,0.0011207373900106177,9.99588936290395e-06
2,8600,0.0011127714940812438,9.995878525539444e-06
2,8610,0.0011124074633698912,9.995867673913706e-06
2,8620,0.0011161398666445167,9.99585680802677e-06
2,8630,0.0011087086779298263,9.995845927878664e-06
2,8640,0.0011072016786783934,9.995835033469425e-06
2,8650,0.0011190847377292813,9.99582412479908e-06
2,8660,0.0011243995133554563,9.995813201867662e-06
2,8670,0.0011014732823241501,9.9958022646752e-06
2,8680,0.001098437627661042,9.995791313221725e-06
2,8690,0.0011054882779717445,9.995780347507275e-06
2,8700,0.001109610457206145,9.995769367531872e-06
2,8710,0.0011078807496232913,9.995758373295553e-06
2,8720,0.001100576063618064,9.995747364798347e-06
2,8730,0.001112460406147875,9.99573634204029e-06
2,8740,0.0010938967345282436,9.995725305021402e-06
2,8750,0.0011042540951166301,9.995714253741726e-06
2,8760,0.0011074765759985896,9.995703188201286e-06
2,8770,0.0011044867773307488,9.99569210840012e-06
2,8780,0.0011053884372813627,9.995681014338256e-06
2,8790,0.0011187696014530958,9.995669906015726e-06
2,8800,0.0011014752817573026,9.995658783432562e-06
2,8810,0.0010946525930194185,9.995647646588797e-06
2,8820,0.0010948183422442525,9.995636495484463e-06
2,8830,0.001090019301045686,9.99562533011959e-06
2,8840,0.001098109732265584,9.995614150494212e-06
2,8850,0.0010856314067495985,9.995602956608358e-06
2,8860,0.0011209578806301579,9.995591748462061e-06
2,8870,0.001087844092398882,9.995580526055351e-06
2,8880,0.0010912910249317065,9.995569289388266e-06
2,8890,0.001080007292330265,9.995558038460833e-06
2,8900,0.0010858169931452723,9.995546773273088e-06
2,8910,0.001099579900619574,9.995535493825055e-06
2,8920,0.0010873105464270338,9.995524200116775e-06
2,8930,0.0010835689725354316,9.995512892148279e-06
2,8940,0.0010885833209613339,9.995501569919594e-06
2,8950,0.0011005796462995932,9.99549023343076e-06
2,8960,0.001081131972023286,9.995478882681802e-06
2,8970,0.001077931441250257,9.995467517672757e-06
2,8980,0.0010742522659711539,9.995456138403651e-06
2,8990,0.0010725382540840655,9.995444744874526e-06
2,9000,0.0010772499605081975,9.995433337085406e-06
2,9010,0.0010655777266947554,9.995421915036327e-06
2,9020,0.001066885978798382,9.99541047872733e-06
2,9030,0.0010690858151065187,9.995399028158433e-06
2,9040,0.0010720131802372634,9.99538756332968e-06
2,9050,0.0010604114911984652,9.995376084241094e-06
2,9060,0.0010763304017018527,9.995364590892717e-06
2,9070,0.0010815780202392488,9.995353083284578e-06
2,9080,0.0010708788584452122,9.995341561416712e-06
2,9090,0.0010794962552608922,9.995330025289149e-06
2,9100,0.001067706148023717,9.995318474901919e-06
2,9110,0.0010724774852860718,9.99530691025506e-06
2,9120,0.001058970796293579,9.995295331348603e-06
2,9130,0.001072229040437378,9.995283738182582e-06
2,9140,0.0010632106743287293,9.995272130757029e-06
2,9150,0.001062317960895598,9.995260509071976e-06
2,9160,0.0010606564348563552,9.995248873127461e-06
2,9170,0.0010584034112980588,9.99523722292351e-06
2,9180,0.0010622792673530058,9.995225558460166e-06
2,9190,0.0010575573949608951,9.995213879737453e-06
2,9200,0.0010626283998135479,9.995202186755407e-06
2,9210,0.0010588006087346002,9.995190479514065e-06
2,9220,0.0010563599644228816,9.995178758013456e-06
2,9230,0.0010519671137444676,9.995167022253614e-06
2,9240,0.001061467616818845,9.995155272234577e-06
2,9250,0.0010693444404751063,9.995143507956375e-06
2,9260,0.001054078567540273,9.995131729419041e-06
2,9270,0.0010441680322401227,9.995119936622608e-06
2,9280,0.0010490900065633468,9.995108129567112e-06
2,9290,0.0010479439690243453,9.995096308252584e-06
2,9300,0.0010454707604367285,9.995084472679062e-06
2,9310,0.0010506468097446486,9.995072622846577e-06
2,9320,0.0010547756537562236,9.995060758755168e-06
2,9330,0.0010433688701596113,9.995048880404861e-06
2,9340,0.0010552376130362972,9.995036987795691e-06
2,9350,0.0010472506983205676,9.995025080927693e-06
2,9360,0.0010569556790869681,9.995013159800904e-06
2,9370,0.0010452483140397815,9.995001224415353e-06
2,9380,0.0010497981769731267,9.994989274771078e-06
2,9390,0.0010506558202905579,9.994977310868109e-06
2,9400,0.0010437859513331206,9.994965332706484e-06
2,9410,0.0010467913845786825,9.99495334028624e-06
2,9420,0.0010485222446732223,9.994941333607403e-06
2,9430,0.0010342294990550727,9.994929312670018e-06
2,9440,0.001037977478699759,9.994917277474112e-06
2,9450,0.0010531168591114692,9.994905228019723e-06
2,9460,0.0010432190087158234,9.99489316430688e-06
2,9470,0.00103365495451726,9.99488108633562e-06
2,9480,0.0010384233915829099,9.994868994105977e-06
2,9490,0.0010320698755094781,9.994856887617992e-06
2,9500,0.0010254575507133267,9.99484476687169e-06
2,9510,0.0010241422045510263,9.99483263186711e-06
2,9520,0.0010300600028131156,9.994820482604289e-06
2,9530,0.0010248209786368535,9.994808319083259e-06
2,9540,0.001027726155007258,9.99479614130405e-06
2,9550,0.0010391794043243861,9.994783949266702e-06
2,9560,0.001023921054729726,9.994771742971253e-06
2,9570,0.0010216102498816326,9.994759522417732e-06
2,9580,0.001036232666228898,9.994747287606178e-06
2,9590,0.0010343624337110667,9.994735038536621e-06
2,9600,0.0010277451889123767,9.994722775209101e-06
2,9610,0.0010310913392459042,9.99471049762365e-06
2,9620,0.001024671792401932,9.994698205780306e-06
2,9630,0.0010225467893178574,9.994685899679101e-06
2,9640,0.0010225481411907822,9.994673579320072e-06
2,9650,0.0010278758403728715,9.994661244703252e-06
2,9660,0.0010191431865678169,9.994648895828676e-06
2,9670,0.001015983823162969,9.99463653269638e-06
2,9680,0.0010082116117700933,9.994624155306403e-06
2,9690,0.001011294776981231,9.994611763658777e-06
2,9700,0.0010188727639615536,9.994599357753535e-06
2,9710,0.0010154322488233447,9.994586937590716e-06
2,9720,0.0010182220561546274,9.994574503170359e-06
2,9730,0.0010129734408110382,9.994562054492493e-06
2,9740,0.0010151885711820797,9.994549591557156e-06
2,9750,0.0010223257035249845,9.99453711436438e-06
2,9760,0.0010050210854387841,9.994524622914207e-06
2,9770,0.0010105011897394434,9.99451211720667e-06
2,9780,0.0010141851555090398,9.994499597241807e-06
2,9790,0.0010194609058089554,9.994487063019648e-06
2,9800,0.001014122663764283,9.994474514540224e-06
2,9810,0.0010173475398914888,9.994461951803588e-06
2,9820,0.0010164445935515688,9.994449374809761e-06
2,9830,0.0010107828027685172,9.994436783558786e-06
2,9840,0.0010135428005014545,9.994424178050697e-06
2,9850,0.0010270749684423207,9.994411558285532e-06
2,9860,0.0010245664510875941,9.994398924263323e-06
2,9870,0.0010074848250951618,9.994386275984109e-06
2,9880,0.0010199140684562734,9.994373613447923e-06
2,9890,0.0010050632859929464,9.994360936654804e-06
2,9900,0.0010057684237835928,9.994348245604792e-06
2,9910,0.001009074109606445,9.994335540297918e-06
2,9920,0.0010043109432444908,9.994322820734216e-06
2,9930,0.0010175369650823995,9.994310086913728e-06
2,9940,0.0010133154937648214,9.994297338836488e-06
2,9950,0.001007381937233731,9.994284576502531e-06
2,9960,0.001017023908207193,9.994271799911895e-06
2,9970,0.0010163067912799305,9.994259009064621e-06
2,9980,0.0010043230387964286,9.994246203960739e-06
2,9990,0.0009985219992813654,9.994233384600287e-06
2,10000,0.0010033989965450019,9.994220550983302e-06
2,10010,0.001020800335390959,9.99420770310982e-06
2,10020,0.0010133061950909905,9.994194840979879e-06
2,10030,0.0010201150667853653,9.994181964593515e-06
2,10040,0.0010080866210046223,9.99416907395076e-06
2,10050,0.000994828408875037,9.994156169051659e-06
2,10060,0.0010013931736466476,9.994143249896243e-06
2,10070,0.001007116558321286,9.994130316484554e-06
2,10080,0.000995656345912721,9.994117368816627e-06
2,10090,0.0009962417054339312,9.994104406892497e-06
2,10100,0.00100420256057987,9.994091430712203e-06
2,10110,0.0009958617636584676,9.994078440275782e-06
2,10120,0.0009962090203771367,9.994065435583265e-06
2,10130,0.00099147461442044,9.994052416634699e-06
2,10140,0.0009954064531484618,9.994039383430114e-06
2,10150,0.0010011090213083661,9.994026335969551e-06
2,10160,0.0009936577800544908,9.994013274253048e-06
2,10170,0.000982897872745525,9.994000198280638e-06
2,10180,0.0010066418049973435,9.993987108052358e-06
2,10190,0.0009945742058334872,9.993974003568253e-06
2,10200,0.0010210413311142474,9.993960884828354e-06
2,10210,0.0009881538644549437,9.993947751832698e-06
2,10220,0.0009898697695462032,9.99393460458133e-06
2,10230,0.0009995980610256084,9.993921443074278e-06
2,10240,0.0009787946881260722,9.99390826731158e-06
2,10250,0.0009794141340535134,9.993895077293278e-06
2,10260,0.000983568477386143,9.993881873019409e-06
2,10270,0.0009916409457218834,9.993868654490014e-06
2,10280,0.0009945186058757827,9.993855421705122e-06
2,10290,0.0009918008028762413,9.993842174664778e-06
2,10300,0.0009887162741506472,9.993828913369016e-06
2,10310,0.0009849753783782943,9.993815637817878e-06
2,10320,0.0009761680601513945,9.9938023480114e-06
2,10330,0.0009832058218307794,9.99378904394962e-06
2,10340,0.0009808480870560745,9.993775725632576e-06
2,10350,0.0009720894362544642,9.993762393060303e-06
2,10360,0.000984359953145031,9.993749046232842e-06
2,10370,0.0009939829964423553,9.99373568515023e-06
2,10380,0.0009830006878473795,9.993722309812503e-06
2,10390,0.0009935255511663854,9.993708920219703e-06
2,10400,0.0009849907612078824,9.993695516371871e-06
2,10410,0.0009712407874758355,9.993682098269037e-06
2,10420,0.0009881169826257974,9.993668665911246e-06
2,10430,0.0009696926397737116,9.993655219298532e-06
2,10440,0.0009793290897505357,9.993641758430939e-06
2,10450,0.000981905628577806,9.993628283308496e-06
2,10460,0.0009798576749744825,9.99361479393125e-06
2,10470,0.0009755439910804853,9.993601290299233e-06
2,10480,0.0009855826821876688,9.993587772412492e-06
2,10490,0.0009815822093514725,9.99357424027106e-06
2,10500,0.0009893653099425136,9.993560693874977e-06
2,10510,0.0009684136515716092,9.993547133224282e-06
2,10520,0.0009770002332516014,9.993533558319011e-06
2,10530,0.0009721133013954386,9.993519969159205e-06
2,10540,0.0009695383923826739,9.993506365744901e-06
2,10550,0.0009788025810848922,9.993492748076141e-06
2,10560,0.0009789189454750158,9.993479116152962e-06
2,10570,0.0009725983283715322,9.993465469975405e-06
2,10580,0.0009776602091733366,9.993451809543509e-06
2,10590,0.0009765406823134982,9.993438134857307e-06
2,10600,0.0009592121714376844,9.993424445916843e-06
2,10610,0.0009580409692716785,9.993410742722157e-06
2,10620,0.000971561267215293,9.99339702527328e-06
2,10630,0.000977953037363477,9.99338329357026e-06
2,10640,0.0009684653705335222,9.993369547613135e-06
2,10650,0.0009786898037418724,9.993355787401943e-06
2,10660,0.0009766869989107363,9.993342012936722e-06
2,10670,0.0009652461070800201,9.993328224217513e-06
2,10680,0.0009657568560214713,9.993314421244355e-06
2,10690,0.000966811135003809,9.993300604017285e-06
2,10700,0.0009686726858490147,9.993286772536343e-06
2,10710,0.000963634297659155,9.99327292680157e-06
2,10720,0.000970818333735224,9.99325906681301e-06
2,10730,0.000974870215577539,9.993245192570697e-06
2,10740,0.0009620231241569855,9.993231304074671e-06
2,10750,0.00095227853016695,9.993217401324974e-06
2,10760,0.0009534861223073676,9.993203484321643e-06
2,10770,0.0009568827124894596,9.993189553064718e-06
2,10780,0.0009633891211706213,9.99317560755424e-06
2,10790,0.0009637327748350799,9.99316164779025e-06
2,10800,0.0009670998915680684,9.993147673772783e-06
2,10810,0.0009673966240370646,9.993133685501885e-06
2,10820,0.0009473857149714604,9.993119682977591e-06
2,10830,0.0009612939742510207,9.993105666199947e-06
2,10840,0.0009633593916078099,9.993091635168985e-06
2,10850,0.0009603380662156269,9.993077589884747e-06
2,10860,0.0009614603564841672,9.993063530347276e-06
2,10870,0.0009627211242332123,9.993049456556615e-06
2,10880,0.0009466858624364249,9.9930353685128e-06
2,10890,0.0009539188235066832,9.99302126621587e-06
2,10900,0.0009537360849208199,9.99300714966587e-06
2,10910,0.000954103100229986,9.992993018862832e-06
2,10920,0.0009526568945148029,9.992978873806807e-06
2,10930,0.0009517042883089744,9.992964714497828e-06
2,10940,0.0009573413772159256,9.99295054093594e-06
2,10950,0.0009678118105512113,9.992936353121177e-06
2,10960,0.0009574102630722336,9.992922151053585e-06
2,10970,0.0009543216030579061,9.992907934733203e-06
2,10980,0.0009589433611836285,9.992893704160075e-06
2,10990,0.0009474775259150192,9.992879459334236e-06
2,11000,0.0009493829697021283,9.99286520025573e-06
2,11010,0.0009543066887999884,9.992850926924595e-06
2,11020,0.0009608568449039012,9.992836639340872e-06
2,11030,0.0009496906131971627,9.992822337504603e-06
2,11040,0.0009544740460114554,9.992808021415833e-06
2,11050,0.0009657831833465025,9.992793691074593e-06
2,11060,0.000948723875626456,9.99277934648093e-06
2,11070,0.0009377515336382202,9.992764987634889e-06
2,11080,0.0009534880009596236,9.992750614536505e-06
2,11090,0.000953405280597508,9.992736227185822e-06
2,11100,0.0009582834216416813,9.992721825582879e-06
2,11110,0.0009416860339115373,9.992707409727713e-06
2,11120,0.0009644192847190425,9.992692979620375e-06
2,11130,0.0009538644895656035,9.992678535260895e-06
2,11140,0.0009401691044331528,9.992664076649326e-06
2,11150,0.0009476780964178034,9.992649603785702e-06
2,11160,0.0009474162681726739,9.992635116670065e-06
2,11170,0.0009495957376202569,9.992620615302464e-06
2,11180,0.0009457766718696803,9.992606099682933e-06
2,11190,0.0009487965944572352,9.99259156981151e-06
2,11200,0.0009533585267490706,9.992577025688241e-06
2,11210,0.0009448457509279251,9.992562467313169e-06
2,11220,0.0009367716455017217,9.992547894686335e-06
2,11230,0.000942551757907495,9.992533307807773e-06
2,11240,0.0009425061114598065,9.992518706677532e-06
2,11250,0.0009388264355948195,9.99250409129565e-06
2,11260,0.0009406415658304468,9.992489461662177e-06
2,11270,0.0009382122225360945,9.992474817777148e-06
2,11280,0.0009484552210778929,9.992460159640608e-06
2,11290,0.0009458052518311889,9.992445487252592e-06
2,11300,0.0009444553361390717,9.992430800613148e-06
2,11310,0.000949614096316509,9.992416099722317e-06
2,11320,0.0009440282126888632,9.99240138458014e-06
2,11330,0.0009396120338351466,9.992386655186662e-06
2,11340,0.0009379011054988951,9.992371911541923e-06
2,11350,0.000943508738419041,9.992357153645963e-06
2,11360,0.0009400795403053053,9.992342381498827e-06
2,11370,0.000934847243479453,9.992327595100556e-06
2,11380,0.0009368366765556857,9.992312794451187e-06
2,11390,0.0009355986927403137,9.99229797955077e-06
2,11400,0.0009429575642570854,9.992283150399346e-06
2,11410,0.0009372869768412785,9.992268306996958e-06
2,11420,0.0009319312259322033,9.992253449343644e-06
2,11430,0.0009398735157446936,9.992238577439446e-06
2,11440,0.0009362266515381634,9.992223691284412e-06
2,11450,0.0009274142270442098,9.99220879087858e-06
2,11460,0.0009291706373915076,9.992193876221997e-06
2,11470,0.0009334861882962286,9.992178947314701e-06
2,11480,0.0009382491247379221,9.992164004156737e-06
2,11490,0.0009382793796248734,9.992149046748148e-06
2,11500,0.0009279229328967631,9.992134075088976e-06
2,11510,0.0009359012517961673,9.992119089179258e-06
2,11520,0.0009321088349679485,9.992104089019048e-06
2,11530,0.0009335974129498937,9.99208907460838e-06
2,11540,0.0009370263127493672,9.992074045947305e-06
2,11550,0.0009316465060692281,9.992059003035863e-06
2,11560,0.0009330301458248869,9.992043945874089e-06
2,11570,0.0009423599520232528,9.992028874462036e-06
2,11580,0.0009318607539171354,9.992013788799743e-06
2,11590,0.0009271411137888208,9.991998688887246e-06
2,11600,0.0009277694014599546,9.991983574724598e-06
2,11610,0.0009365381643874571,9.99196844631184e-06
2,11620,0.000937959470320493,9.991953303649013e-06
2,11630,0.0009271497983718291,9.991938146736165e-06
2,11640,0.0009315459610661492,9.991922975573335e-06
2,11650,0.0009370112646138295,9.991907790160566e-06
2,11660,0.0009254353906726464,9.991892590497902e-06
2,11670,0.000924314302392304,9.991877376585394e-06
2,11680,0.0009302542166551575,9.991862148423072e-06
2,11690,0.0009374755783937871,9.991846906010988e-06
2,11700,0.0009380869902088307,9.991831649349182e-06
2,11710,0.0009230845273123123,9.9918163784377e-06
2,11720,0.0009291176946135237,9.991801093276585e-06
2,11730,0.0009340813689050264,9.99178579386588e-06
2,11740,0.0009248502494301647,9.99177048020563e-06
2,11750,0.000927342806244269,9.991755152295873e-06
2,11760,0.0009329976703156718,9.99173981013666e-06
2,11770,0.000927359277557116,9.991724453728028e-06
2,11780,0.0009296654447098262,9.991709083070023e-06
2,validation,0.0009278700017603114,9.991709083070023e-06
3,11790,0.0009452500074985437,9.991693698162697e-06
3,11800,0.0009296029267716222,9.991678299006086e-06
3,11810,0.0009214434612658806,9.991662885600235e-06
3,11820,0.0009354303212603555,9.991647457945188e-06
3,11830,0.0009201389024383389,9.991632016040992e-06
3,11840,0.000926011252158787,9.991616559887685e-06
3,11850,0.0009282754981541075,9.99160108948532e-06
3,11860,0.0009348643026896753,9.991585604833935e-06
3,11870,0.0009225694593624212,9.991570105933578e-06
3,11880,0.0009236553756636568,9.991554592784285e-06
3,11890,0.0009309400018537417,9.991539065386106e-06
3,11900,0.0009300307254306973,9.991523523739086e-06
3,11910,0.0009296506046666764,9.991507967843271e-06
3,11920,0.0009386839519720523,9.991492397698698e-06
3,11930,0.0009278592391638086,9.991476813305422e-06
3,11940,0.0009184846872813067,9.991461214663483e-06
3,11950,0.0009208630654029548,9.99144560177292e-06
3,11960,0.0009293039576732553,9.991429974633783e-06
3,11970,0.0009326396087999456,9.991414333246113e-06
3,11980,0.0009277552337152883,9.991398677609961e-06
3,11990,0.0009159355744486676,9.991383007725366e-06
3,12000,0.0009220573730999603,9.991367323592375e-06
3,12010,0.0009219640225637703,9.991351625211032e-06
3,12020,0.0009214516830979846,9.991335912581384e-06
3,12030,0.0009145157760940491,9.991320185703471e-06
3,12040,0.0009152895465376787,9.991304444577344e-06
3,12050,0.0009079695868422278,9.991288689203046e-06
3,12060,0.0009290525820688344,9.991272919580617e-06
3,12070,0.0009141817325144076,9.991257135710109e-06
3,12080,0.0009055441521923057,9.991241337591563e-06
3,12090,0.0009196159022394568,9.991225525225027e-06
3,12100,0.0009203167996020056,9.99120969861054e-06
3,12110,0.0009175339757348411,9.991193857748152e-06
3,12120,0.0009107355494052171,9.99117800263791e-06
3,12130,0.0009149468984105624,9.991162133279855e-06
3,12140,0.0009101221658056602,9.991146249674031e-06
3,12150,0.0009236924117431045,9.99113035182049e-06
3,12160,0.0009314621434896252,9.991114439719274e-06
3,12170,0.0009181650559185073,9.991098513370428e-06
3,12180,0.000906710684648715,9.991082572774002e-06
3,12190,0.0009095416433410719,9.991066617930034e-06
3,12200,0.0009090295381611214,9.991050648838567e-06
3,12210,0.000910283271514345,9.991034665499658e-06
3,12220,0.0009151516889687628,9.991018667913344e-06
3,12230,0.000913861308072228,9.991002656079678e-06
3,12240,0.0009138037552474998,9.990986629998698e-06
3,12250,0.0009179328873869963,9.990970589670456e-06
3,12260,0.0009105420394917019,9.990954535094991e-06
3,12270,0.000911179935792461,9.990938466272354e-06
3,12280,0.0009166871925117448,9.99092238320259e-06
3,12290,0.0009316950512584299,9.990906285885743e-06
3,12300,0.000918106298195198,9.990890174321858e-06
3,12310,0.0009110609636991285,9.990874048510986e-06
3,12320,0.0009164878414594568,9.990857908453172e-06
3,12330,0.0009146811396931298,9.990841754148456e-06
3,12340,0.0009529203671263531,9.990825585596891e-06
3,12350,0.0009193008911097423,9.990809402798523e-06
3,12360,0.0009110223516472616,9.990793205753393e-06
3,12370,0.00091369269794086,9.990776994461553e-06
3,12380,0.0009251255251001567,9.990760768923043e-06
3,12390,0.0009030576344230211,9.990744529137917e-06
3,12400,0.0009059889227501116,9.990728275106215e-06
3,12410,0.0009120252580032684,9.990712006827985e-06
3,12420,0.0009105630015255883,9.990695724303276e-06
3,12430,0.0009116669971263036,9.990679427532131e-06
3,12440,0.000898174439498689,9.9906631165146e-06
3,12450,0.000913477958238218,9.990646791250728e-06
3,12460,0.0009170946388621815,9.990630451740563e-06
3,12470,0.0008993005787488074,9.990614097984143e-06
3,12480,0.0009107951482292265,9.990597729981526e-06
3,12490,0.0009087633123272098,9.990581347732751e-06
3,12500,0.0009110887462156826,9.990564951237872e-06
3,12510,0.0009020652782055549,9.990548540496931e-06
3,12520,0.0009000545760500245,9.990532115509979e-06
3,12530,0.0009080354750039988,9.990515676277053e-06
3,12540,0.000904388313938398,9.990499222798206e-06
3,12550,0.0009176211315207183,9.990482755073485e-06
3,12560,0.0009058966767042874,9.990466273102942e-06
3,12570,0.0009018319266033358,9.990449776886614e-06
3,12580,0.000907928857486695,9.990433266424561e-06
3,12590,0.0009006601001601666,9.990416741716818e-06
3,12600,0.0009038567484822124,9.990400202763436e-06
3,12610,0.0008960946172010154,9.990383649564461e-06
3,12620,0.000922225868271198,9.990367082119947e-06
3,12630,0.0009038607517140918,9.990350500429938e-06
3,12640,0.0009156419822829776,9.990333904494477e-06
3,12650,0.0009086239762837068,9.990317294313613e-06
3,12660,0.0009163281414657831,9.990300669887397e-06
3,12670,0.000902899939683266,9.990284031215876e-06
3,12680,0.0009017550721182487,9.990267378299093e-06
3,12690,0.0008986034110421315,9.9902507111371e-06
3,12700,0.0009093261847738177,9.990234029729943e-06
3,12710,0.0009167613039608113,9.990217334077668e-06
3,12720,0.0009034423652337864,9.990200624180325e-06
3,12730,0.0009039604032295756,9.990183900037963e-06
3,12740,0.0008984176412923262,9.990167161650628e-06
3,12750,0.0009008287510368974,9.990150409018366e-06
3,12760,0.0009059734351467341,9.990133642141227e-06
3,12770,0.0009116455650655553,9.990116861019255e-06
3,12780,0.0008976108219940215,9.990100065652503e-06
3,12790,0.0009082658667466605,9.990083256041016e-06
3,12800,0.0009123696276219561,9.990066432184843e-06
3,12810,0.0009053204761585222,9.990049594084032e-06
3,12820,0.0008998998237075284,9.990032741738627e-06
3,12830,0.0009084495322895236,9.990015875148683e-06
3,12840,0.0009029498818563297,9.989998994314245e-06
3,12850,0.0008876845589838922,9.989982099235363e-06
3,12860,0.0008983653882751242,9.989965189912088e-06
3,12870,0.0009074849454918877,9.989948266344459e-06
3,12880,0.0008980139711638913,9.98993132853253e-06
3,12890,0.0009147813063464128,9.989914376476345e-06
3,12900,0.0009039698197739199,9.989897410175961e-06
3,12910,0.0008977524470537902,9.989880429631419e-06
3,12920,0.0009127755998633801,9.989863434842769e-06
3,12930,0.0009168314863927662,9.98984642581006e-06
3,12940,0.000914076501794625,9.989829402533345e-06
3,12950,0.0008921526416088455,9.989812365012663e-06
3,12960,0.0009024387472891249,9.989795313248075e-06
3,12970,0.0008906581904739141,9.989778247239619e-06
3,12980,0.0008984736545244232,9.989761166987349e-06
3,12990,0.0009046259510796517,9.989744072491313e-06
3,13000,0.0009027798078022897,9.989726963751556e-06
3,13010,0.0009057446717633866,9.989709840768132e-06
3,13020,0.0008950196381192654,9.989692703541089e-06
3,13030,0.0009046053673955612,9.989675552070471e-06
3,13040,0.000893240595178213,9.98965838635633e-06
3,13050,0.000909448874881491,9.989641206398718e-06
3,13060,0.0008969030081061646,9.989624012197683e-06
3,13070,0.0009078495015273801,9.989606803753273e-06
3,13080,0.0009037449694005773,9.989589581065539e-06
3,13090,0.0009076834132429213,9.989572344134525e-06
3,13100,0.0009126787161221727,9.989555092960282e-06
3,13110,0.0009019277189509012,9.989537827542862e-06
3,13120,0.0008942193089751527,9.98952054788231e-06
3,13130,0.0008985971609945408,9.989503253978678e-06
3,13140,0.0008905841605155728,9.98948594583202e-06
3,13150,0.0008969555448857135,9.989468623442376e-06
3,13160,0.0008949728580773808,9.989451286809804e-06
3,13170,0.0008925290647312067,9.989433935934346e-06
3,13180,0.0008938901606597938,9.989416570816057e-06
3,13190,0.0008949119393946603,9.989399191454988e-06
3,13200,0.0008870019417372532,9.989381797851183e-06
3,13210,0.0008952929667429999,9.989364390004694e-06
3,13220,0.0008871941943652927,9.98934696791557e-06
3,13230,0.0008995904005132616,9.989329531583866e-06
3,13240,0.0008865102281561121,9.989312081009625e-06
3,13250,0.0008954234348493629,9.989294616192903e-06
3,13260,0.0008907701325369999,9.989277137133741e-06
3,13270,0.0008961242347140796,9.989259643832195e-06
3,13280,0.0008973125237389469,9.989242136288313e-06
3,13290,0.0008860770729370415,9.989224614502147e-06
3,13300,0.0009051187618752011,9.989207078473745e-06
3,13310,0.0008914894468034617,9.98918952820316e-06
3,13320,0.0009015727220685222,9.98917196369044e-06
3,13330,0.0008950389601523057,9.989154384935634e-06
3,13340,0.0008956341378507204,9.989136791938793e-06
3,13350,0.0008978493046015501,9.989119184699968e-06
3,13360,0.0008938567421864718,9.98910156321921e-06
3,13370,0.0008977128032711335,9.989083927496568e-06
3,13380,0.000883818899455946,9.989066277532091e-06
3,13390,0.0008994697302114219,9.989048613325834e-06
3,13400,0.0008858234185026958,9.989030934877839e-06
3,13410,0.0009079830924747512,9.989013242188167e-06
3,13420,0.0009010087189381011,9.988995535256865e-06
3,13430,0.0008850935846567154,9.988977814083981e-06
3,13440,0.0008964312204625458,9.988960078669567e-06
3,13450,0.0008929562245612033,9.988942329013665e-06
3,13460,0.0008923091649194249,9.988924565116338e-06
3,13470,0.0008891489836969414,9.988906786977632e-06
3,13480,0.0008904247370082885,9.988888994597602e-06
3,13490,0.0008971497387392447,9.988871187976292e-06
3,13500,0.0008991573937237262,9.988853367113754e-06
3,13510,0.0008911285694921389,9.988835532010043e-06
3,13520,0.0008861825946951285,9.98881768266521e-06
3,13530,0.0008901992870960385,9.9887998190793e-06
3,13540,0.0008952453048550525,9.988781941252369e-06
3,13550,0.000881369860144332,9.988764049184465e-06
3,13560,0.0008865914845955557,9.988746142875643e-06
3,13570,0.0008870562567608432,9.988728222325952e-06
3,13580,0.0008837562098051422,9.98871028753544e-06
3,13590,0.000885697637568228,9.988692338504159e-06
3,13600,0.0008908552306820638,9.988674375232164e-06
3,13610,0.0008900903107132764,9.988656397719507e-06
3,13620,0.0008839253627229483,9.988638405966236e-06
3,13630,0.0008950084986281582,9.988620399972406e-06
3,13640,0.0008875579107552767,9.98860237973806e-06
3,13650,0.0008860432659275829,9.98858434526326e-06
3,13660,0.0008811181949567981,9.988566296548047e-06
3,13670,0.0008763569872826338,9.988548233592484e-06
3,13680,0.0008827417637803592,9.988530156396615e-06
3,13690,0.0008913099067285658,9.988512064960495e-06
3,13700,0.0008845249612932093,9.988493959284174e-06
3,13710,0.0008924449168262072,9.9884758393677e-06
3,13720,0.0008894053171388805,9.988457705211131e-06
3,13730,0.0008837606103043072,9.988439556814515e-06
3,13740,0.0008869420504197479,9.988421394177905e-06
3,13750,0.0008818195026833565,9.988403217301355e-06
3,13760,0.0008931797579862178,9.988385026184914e-06
3,13770,0.000894328449794557,9.988366820828634e-06
3,13780,0.0008947896014433355,9.988348601232565e-06
3,13790,0.0008810623476165347,9.988330367396767e-06
3,13800,0.0008966633773525246,9.988312119321284e-06
3,13810,0.0008872359016095288,9.98829385700617e-06
3,13820,0.0008786339298239909,9.98827558045148e-06
3,13830,0.0009000237143482082,9.988257289657263e-06
3,13840,0.0008814071814413182,9.988238984623572e-06
3,13850,0.0008876813648384996,9.988220665350455e-06
3,13860,0.0008901854933355934,9.988202331837974e-06
3,13870,0.0008849753387039527,9.988183984086172e-06
3,13880,0.0008832227511447854,9.988165622095108e-06
3,13890,0.0008861773138050922,9.988147245864834e-06
3,13900,0.0008831833518343047,9.988128855395397e-06
3,13910,0.0008951086740125902,9.988110450686855e-06
3,13920,0.0008892563710105604,9.98809203173926e-06
3,13930,0.0008799441609880887,9.98807359855266e-06
3,13940,0.0008909041353035717,9.988055151127112e-06
3,13950,0.000894368403533008,9.988036689462668e-06
3,13960,0.0008791490152361802,9.988018213559382e-06
3,13970,0.0008867279175319709,9.987999723417303e-06
3,13980,0.0008810184226604179,9.987981219036484e-06
3,13990,0.0008859125955495983,9.987962700416983e-06
3,14000,0.0008761963472352363,9.987944167558846e-06
3,14010,0.0008824986492982134,9.98792562046213e-06
3,14020,0.0008775602589594201,9.987907059126885e-06
3,14030,0.0008837803135975264,9.987888483553168e-06
3,14040,0.0008816441302769817,9.987869893741029e-06
3,14050,0.000893543622805737,9.987851289690524e-06
3,14060,0.0008820672650472262,9.9878326714017e-06
3,14070,0.0008844162846799009,9.987814038874616e-06
3,14080,0.0008738428354263307,9.987795392109325e-06
3,14090,0.0008910989592550323,9.987776731105879e-06
3,14100,0.0008979905382147991,9.98775805586433e-06
3,14110,0.0008803323624306358,9.98773936638473e-06
3,14120,0.0008762602534261531,9.987720662667138e-06
3,14130,0.0008886104958946817,9.987701944711606e-06
3,14140,0.0008850518526742235,9.987683212518186e-06
3,14150,0.0008951560273999348,9.987664466086927e-06
3,14160,0.00087679413263686,9.987645705417885e-06
3,14170,0.000875524728326127,9.987626930511116e-06
3,14180,0.0008969704693299718,9.987608141366678e-06
3,14190,0.0008726296480745078,9.987589337984617e-06
3,14200,0.0008744700593524612,9.987570520364986e-06
3,14210,0.0008739253811654635,9.987551688507845e-06
3,14220,0.0008831026018015109,9.987532842413243e-06
3,14230,0.000876846705796197,9.987513982081235e-06
3,14240,0.0008833104177028871,9.987495107511875e-06
3,14250,0.0008766900937189348,9.987476218705216e-06
3,14260,0.0008810279236058704,9.987457315661313e-06
3,14270,0.0008812244195723906,9.987438398380223e-06
3,14280,0.0008730888206628151,9.987419466861994e-06
3,14290,0.0008750072636757977,9.987400521106684e-06
3,14300,0.000869952880020719,9.987381561114348e-06
3,14310,0.0008807869526208378,9.987362586885034e-06
3,14320,0.0008740639255847782,9.987343598418804e-06
3,14330,0.0008758425683481619,9.98732459571571e-06
3,14340,0.0008650641902931966,9.987305578775804e-06
3,14350,0.0008794574692728929,9.987286547599137e-06
3,14360,0.0008685228851391003,9.987267502185768e-06
3,14370,0.0008819174516247585,9.987248442535753e-06
3,14380,0.0008848549288813957,9.987229368649143e-06
3,14390,0.0008820884715532884,9.987210280525993e-06
3,14400,0.0008673602293129079,9.987191178166359e-06
3,14410,0.0008715497184311971,9.98717206157029e-06
3,14420,0.0008751946341362781,9.98715293073785e-06
3,14430,0.0008782892546150833,9.987133785669088e-06
3,14440,0.0008784793826634996,9.987114626364062e-06
3,14450,0.00087065237457864,9.98709545282282e-06
3,14460,0.0008936489597545006,9.987076265045422e-06
3,14470,0.0008782250282820315,9.987057063031923e-06
3,14480,0.0008716979966266081,9.987037846782375e-06
3,14490,0.0008874567793100141,9.987018616296836e-06
3,14500,0.0008791615851805545,9.98699937157536e-06
3,14510,0.00088345609838143,9.986980112618e-06
3,14520,0.0008763525183894671,9.98696083942481e-06
3,14530,0.0008845053627737798,9.986941551995845e-06
3,14540,0.0008714743511518464,9.986922250331163e-06
3,14550,0.0008775645241257734,9.98690293443082e-06
3,14560,0.0008835600237944163,9.986883604294871e-06
3,14570,0.0008756291819736362,9.986864259923372e-06
3,14580,0.0008792058579274452,9.986844901316371e-06
3,14590,0.0008806516823824495,9.98682552847393e-06
3,14600,0.0008672519252286293,9.986806141396101e-06
3,14610,0.0008768002880970016,9.986786740082941e-06
3,14620,0.0008733193055377341,9.986767324534504e-06
3,14630,0.0008778001487371513,9.986747894750849e-06
3,14640,0.0008753584726946429,9.986728450732025e-06
3,14650,0.0008786678823526017,9.986708992478093e-06
3,14660,0.0008753086571232416,9.986689519989109e-06
3,14670,0.0008838231937261298,9.986670033265129e-06
3,14680,0.0008732662128750234,9.986650532306201e-06
3,14690,0.000887120708648581,9.986631017112392e-06
3,14700,0.0008844978568959051,9.986611487683743e-06
3,14710,0.0008658242266392336,9.986591944020324e-06
3,14720,0.0008771849839831703,9.986572386122182e-06
3,14730,0.0008720591562450864,9.986552813989376e-06
3,14740,0.0008828431804431603,9.986533227621963e-06
3,14750,0.0008632917146314867,9.98651362702e-06
3,14760,0.0008718598415725865,9.986494012183541e-06
3,14770,0.0008814160755719058,9.98647438311264e-06
3,14780,0.0008718807046534493,9.986454739807356e-06
3,14790,0.0008724443512619473,9.986435082267745e-06
3,14800,0.0008829092883388511,9.98641541049386e-06
3,14810,0.00088103248126572,9.986395724485761e-06
3,14820,0.0008739501499803737,9.986376024243503e-06
3,14830,0.0008787513535935432,9.986356309767138e-06
3,14840,0.000881293584825471,9.986336581056724e-06
3,14850,0.0008829412472550757,9.986316838112325e-06
3,14860,0.0008767026331042871,9.986297080933991e-06
3,14870,0.0008799080416793004,9.986277309521773e-06
3,14880,0.0008759039978031069,9.986257523875736e-06
3,14890,0.0008759592237765902,9.986237723995935e-06
3,14900,0.0008896711893612518,9.98621790988242e-06
3,14910,0.0008915253696613945,9.986198081535258e-06
3,14920,0.0008810994375380687,9.986178238954497e-06
3,14930,0.000870941711764317,9.986158382140203e-06
3,14940,0.0008677905076183379,9.986138511092423e-06
3,14950,0.0008692172181326896,9.98611862581122e-06
3,14960,0.0008826172561384737,9.986098726296644e-06
3,14970,0.0008794141962425783,9.98607881254876e-06
3,14980,0.0008781098615145311,9.986058884567619e-06
3,14990,0.0008846555690979585,9.986038942353283e-06
3,15000,0.0008762083481997252,9.986018985905805e-06
3,15010,0.0008773781024501658,9.98599901522524e-06
3,15020,0.0008718625002074986,9.985979030311648e-06
3,15030,0.000868523474491667,9.985959031165087e-06
3,15040,0.0008664834429509937,9.98593901778561e-06
3,15050,0.0008627762435935438,9.985918990173277e-06
3,15060,0.0008733405993552878,9.985898948328143e-06
3,15070,0.0008676989993546159,9.985878892250268e-06
3,15080,0.0008757906849496066,9.98585882193971e-06
3,15090,0.0008771100779995321,9.985838737396525e-06
3,15100,0.0008779064140981064,9.985818638620773e-06
3,15110,0.0008628941330243833,9.985798525612509e-06
3,15120,0.0008668250709888525,9.985778398371789e-06
3,15130,0.000865120202070102,9.985758256898673e-06
3,15140,0.0008785249083302916,9.985738101193218e-06
3,15150,0.0008633535137050786,9.985717931255481e-06
3,15160,0.0008685218810569495,9.98569774708552e-06
3,15170,0.0008626951137557626,9.985677548683388e-06
3,15180,0.0008570502599468455,9.985657336049145e-06
3,15190,0.0008701228245627135,9.985637109182848e-06
3,15200,0.0008611714438302442,9.985616868084559e-06
3,15210,0.000866065475565847,9.985596612754336e-06
3,15220,0.0008726503219804727,9.985576343192235e-06
3,15230,0.0008787927174125798,9.985556059398308e-06
3,15240,0.0008626606475445441,9.985535761372622e-06
3,15250,0.0008805525809293612,9.985515449115231e-06
3,15260,0.0008699697471456602,9.985495122626196e-06
3,15270,0.0008759768898016773,9.98547478190557e-06
3,15280,0.0008600630142609588,9.98545442695341e-06
3,15290,0.0008684359883773141,9.98543405776978e-06
3,15300,0.0008702373190317303,9.985413674354735e-06
3,15310,0.0008703840430825949,9.985393276708335e-06
3,15320,0.0008680505852680653,9.985372864830635e-06
3,15330,0.0008728175496798941,9.985352438721696e-06
3,15340,0.0008664411550853401,9.985331998381574e-06
3,15350,0.0008710427035111934,9.98531154381033e-06
3,15360,0.0008622808498330414,9.985291075008026e-06
3,15370,0.0008605066585005261,9.985270591974708e-06
3,15380,0.0008665122906677425,9.985250094710442e-06
3,15390,0.000867061568715144,9.985229583215291e-06
3,15400,0.0008685224296641536,9.985209057489305e-06
3,15410,0.0008607126452261582,9.985188517532548e-06
3,15420,0.0008642381100798957,9.98516796334508e-06
3,15430,0.000864211076986976,9.985147394926956e-06
3,15440,0.000874802355247084,9.985126812278237e-06
3,15450,0.0008677945676026866,9.985106215398976e-06
3,15460,0.0008669555405504069,9.98508560428924e-06
3,15470,0.0008733897397178225,9.985064978949081e-06
3,15480,0.0008551565682864749,9.985044339378567e-06
3,15490,0.0008674443568452261,9.98502368557775e-06
3,15500,0.000870726682478562,9.985003017546687e-06
3,15510,0.0008658991690026597,9.984982335285445e-06
3,15520,0.0008761104094446638,9.984961638794073e-06
3,15530,0.0008775419541052543,9.984940928072637e-06
3,15540,0.0008658099613967352,9.984920203121194e-06
3,15550,0.0008642900444101541,9.984899463939804e-06
3,15560,0.0008616022358182818,9.984878710528524e-06
3,15570,0.0008740069402847438,9.984857942887413e-06
3,15580,0.0008673835211084224,9.984837161016533e-06
3,15590,0.0008641975466161966,9.984816364915943e-06
3,15600,0.0008710593567229808,9.984795554585697e-06
3,15610,0.00086994963203324,9.984774730025863e-06
3,15620,0.0008775796028203332,9.984753891236493e-06
3,15630,0.0008669593400554732,9.984733038217652e-06
3,15640,0.0008734812639886514,9.984712170969401e-06
3,15650,0.0008712713082786649,9.984691289491792e-06
3,15660,0.0008586314244894311,9.98467039378489e-06
3,15670,0.0008730088287848049,9.984649483848755e-06
3,15680,0.0008617115367087535,9.984628559683441e-06
3,15690,0.0008621393077191897,9.98460762128902e-06
3,15700,0.0008807022299151867,9.98458666866554e-06
3,15710,0.0008639342253445649,9.984565701813064e-06
3,15720,0.0008642103930469601,9.98454472073165e-06
3,15730,0.0008871810146956705,9.984523725421361e-06
3,15740,0.0008701788596226834,9.984502715882256e-06
3,15750,0.0008636478378321045,9.984481692114394e-06
3,15760,0.0008634518308099359,9.984460654117842e-06
3,15770,0.000858052700641565,9.984439601892651e-06
3,15780,0.0008599731518188491,9.984418535438884e-06
3,15790,0.0008686069733812473,9.984397454756598e-06
3,15800,0.0008627580085885711,9.984376359845859e-06
3,15810,0.0008559399037039838,9.984355250706723e-06
3,15820,0.0008612274774350225,9.984334127339257e-06
3,15830,0.0008600709115853533,9.984312989743514e-06
3,15840,0.0008650158677482977,9.984291837919553e-06
3,15850,0.0008531877043424174,9.984270671867438e-06
3,15860,0.0008647363807540387,9.984249491587232e-06
3,15870,0.0008782027303823269,9.984228297078997e-06
3,15880,0.0008679848571773618,9.984207088342783e-06
3,15890,0.0008540079128579236,9.984185865378658e-06
3,15900,0.0008597215870395303,9.984164628186686e-06
3,15910,0.0008625330941868014,9.98414337676692e-06
3,15920,0.0008585523726651445,9.984122111119422e-06
3,15930,0.0008634414087282494,9.984100831244258e-06
3,15940,0.0008758824216783977,9.984079537141482e-06
3,15950,0.0008665349698276259,9.98405822881116e-06
3,15960,0.0008708570065209642,9.98403690625335e-06
3,15970,0.0008671855539432727,9.984015569468117e-06
3,15980,0.0008487336555845105,9.98399421845552e-06
3,15990,0.0008547629957320168,9.983972853215612e-06
3,16000,0.000861197808990255,9.983951473748464e-06
3,16010,0.0008808477010461502,9.983930080054132e-06
3,16020,0.0008701716767973266,9.983908672132678e-06
3,16030,0.0008632703335024416,9.983887249984165e-06
3,16040,0.0008520317409420386,9.983865813608655e-06
3,16050,0.0008653403987409548,9.983844363006205e-06
3,16060,0.0008596675426815636,9.983822898176879e-06
3,16070,0.0008643852997920476,9.983801419120739e-06
3,16080,0.0008684144835569895,9.983779925837847e-06
3,16090,0.0008642977743875236,9.983758418328259e-06
3,16100,0.0008566153861465864,9.983736896592041e-06
3,16110,0.0008528288279194385,9.983715360629253e-06
3,16120,0.0008531469793524593,9.983693810439957e-06
3,16130,0.0008576454827561974,9.983672246024215e-06
3,16140,0.0008749202374019661,9.983650667382086e-06
3,16150,0.0008692319621331989,9.983629074513636e-06
3,16160,0.0008565847587306053,9.983607467418921e-06
3,16170,0.000857131480006501,9.983585846098009e-06
3,16180,0.0008648180155432783,9.983564210550953e-06
3,16190,0.000866112248331774,9.983542560777819e-06
3,16200,0.0008620452252216637,9.983520896778672e-06
3,16210,0.000865895883180201,9.983499218553576e-06
3,16220,0.0008619818763691001,9.983477526102586e-06
3,16230,0.0008592831523856147,9.983455819425767e-06
3,16240,0.0008630356242065318,9.983434098523184e-06
3,16250,0.0008677574616740458,9.983412363394894e-06
3,16260,0.0008544054318917916,9.983390614040957e-06
3,16270,0.0008601176727097481,9.983368850461441e-06
3,16280,0.0008540768307284453,9.983347072656404e-06
3,16290,0.0008486204096698202,9.983325280625913e-06
3,16300,0.0008596511586802081,9.983303474370024e-06
3,16310,0.0008536571011063642,9.983281653888803e-06
3,16320,0.0008596095372922719,9.983259819182312e-06
3,16330,0.0008518914619344287,9.98323797025061e-06
3,16340,0.0008612623074441217,9.983216107093767e-06
3,16350,0.000867072693654336,9.983194229711839e-06
3,16360,0.0008547733392333612,9.983172338104891e-06
3,16370,0.0008678568599862046,9.983150432272981e-06
3,16380,0.0008556203203625045,9.983128512216177e-06
3,16390,0.0008539864953490905,9.983106577934541e-06
3,16400,0.0008443323647952638,9.983084629428136e-06
3,16410,0.0008610898235929199,9.983062666697021e-06
3,16420,0.0008669233720866032,9.983040689741262e-06
3,16430,0.000860048616596032,9.983018698560918e-06
3,16440,0.0008563638912164605,9.98299669315606e-06
3,16450,0.0008542118404875509,9.982974673526742e-06
3,16460,0.0008596528932685032,9.982952639673027e-06
3,16470,0.0008509608451277018,9.982930591594982e-06
3,16480,0.0008596219384344294,9.982908529292673e-06
3,16490,0.0008619816726422869,9.982886452766157e-06
3,16500,0.0008582657610531896,9.982864362015495e-06
3,16510,0.0008520053364918567,9.982842257040757e-06
3,16520,0.0008594891332904808,9.982820137842003e-06
3,16530,0.000856406262028031,9.982798004419296e-06
3,16540,0.0008548751327907667,9.9827758567727e-06
3,16550,0.0008561149385059253,9.982753694902278e-06
3,16560,0.0008564111034502274,9.98273151880809e-06
3,16570,0.0008578181194025091,9.982709328490202e-06
3,16580,0.0008526970297680237,9.982687123948679e-06
3,16590,0.0008657266182126478,9.982664905183584e-06
3,16600,0.0008636175392894074,9.982642672194977e-06
3,16610,0.0008513858541846274,9.982620424982926e-06
3,16620,0.0008514624030794948,9.982598163547493e-06
3,16630,0.000855998978659045,9.982575887888744e-06
3,16640,0.0008524136981577612,9.982553598006738e-06
3,16650,0.0008473638197756372,9.982531293901538e-06
3,16660,0.0008480675998725929,9.982508975573209e-06
3,16670,0.0008632692595710977,9.982486643021814e-06
3,16680,0.0008607374576968141,9.982464296247422e-06
3,16690,0.0008568860706873239,9.982441935250089e-06
3,16700,0.0008594795770477503,9.982419560029882e-06
3,16710,0.00085821200045757,9.982397170586867e-06
3,16720,0.0008726897547603584,9.982374766921103e-06
3,16730,0.0008631410688394682,9.982352349032667e-06
3,16740,0.0008526655292371288,9.982329916921604e-06
3,16750,0.0008530491599231028,9.98230747058799e-06
3,16760,0.0008526765159331262,9.982285010031889e-06
3,16770,0.0008490414576954209,9.982262535253364e-06
3,16780,0.0008661168772960082,9.982240046252478e-06
3,16790,0.0008616676699602977,9.982217543029293e-06
3,16800,0.0008506859609042293,9.982195025583875e-06
3,16810,0.0008523187701939604,9.982172493916288e-06
3,16820,0.0008617536281235517,9.982149948026598e-06
3,16830,0.0008623188317869789,9.982127387914868e-06
3,16840,0.0008566931632230989,9.982104813581161e-06
3,16850,0.0008647612645290792,9.982082225025546e-06
3,16860,0.0008502914628479631,9.982059622248082e-06
3,16870,0.0008565513518988155,9.982037005248834e-06
3,16880,0.0008574881387175993,9.982014374027873e-06
3,16890,0.0008549032019800507,9.981991728585258e-06
3,16900,0.000867468849173747,9.981969068921055e-06
3,16910,0.0008570452977437526,9.98194639503533e-06
3,16920,0.0008570892096031457,9.981923706928146e-06
3,16930,0.0008593870981712825,9.981901004599568e-06
3,16940,0.0008611884753918275,9.981878288049659e-06
3,16950,0.0008633241115603595,9.981855557278486e-06
3,16960,0.0008567701137508267,9.981832812286113e-06
3,16970,0.0008611532553914002,9.981810053072607e-06
3,16980,0.000858623105159495,9.981787279638032e-06
3,16990,0.0008522258780431003,9.981764491982451e-06
3,17000,0.0008757250470807776,9.981741690105933e-06
3,17010,0.0008532057792763226,9.981718874008542e-06
3,17020,0.0008506026322720572,9.981696043690341e-06
3,17030,0.0008529271071893163,9.981673199151389e-06
3,17040,0.0008481521377689205,9.981650340391767e-06
3,17050,0.0008543443502276205,9.981627467411527e-06
3,17060,0.0008575916450354271,9.981604580210739e-06
3,17070,0.0008522815624019131,9.98158167878947e-06
3,17080,0.0008572323233238422,9.981558763147783e-06
3,17090,0.0008600281260441988,9.981535833285743e-06
3,17100,0.000864079815801233,9.981512889203416e-06
3,17110,0.0008550430386094377,9.98148993090087e-06
3,17120,0.0008548786528990603,9.981466958378165e-06
3,17130,0.0008443356273346581,9.98144397163537e-06
3,17140,0.0008505382225848735,9.98142097067255e-06
3,17150,0.0008692250383319333,9.981397955489774e-06
3,17160,0.0008547773788450286,9.981374926087104e-06
3,17170,0.0008446257183095441,9.98135188246461e-06
3,17180,0.0008461122721200808,9.981328824622348e-06
3,17190,0.0008511472784448414,9.981305752560394e-06
3,17200,0.0008496103022480384,9.981282666278808e-06
3,17210,0.0008458858545054681,9.981259565777661e-06
3,17220,0.0008594438317231835,9.98123645105702e-06
3,17230,0.0008531740255421028,9.981213322116942e-06
3,17240,0.0008504713870934211,9.981190178957495e-06
3,17250,0.000847862966475077,9.981167021578747e-06
3,17260,0.0008489043917506935,9.98114384998077e-06
3,17270,0.0008541075236280448,9.981120664163626e-06
3,17280,0.0008541100731235928,9.981097464127379e-06
3,17290,0.0008545652250177227,9.981074249872094e-06
3,17300,0.0008431597831076943,9.981051021397842e-06
3,17310,0.0008480555901769547,9.981027778704689e-06
3,17320,0.0008554175539757126,9.981004521792696e-06
3,17330,0.0008573519517085515,9.980981250661934e-06
3,17340,0.0008551395905669778,9.98095796531247e-06
3,17350,0.0008470503496937453,9.980934665744369e-06
3,17360,0.0008446373671176844,9.980911351957695e-06
3,17370,0.0008445661631412804,9.98088802395252e-06
3,17380,0.000846413683029823,9.980864681728907e-06
3,17390,0.0008492193941492588,9.980841325286921e-06
3,17400,0.0008516477246303111,9.980817954626627e-06
3,17410,0.0008427304666838609,9.980794569748102e-06
3,17420,0.000848453160142526,9.980771170651408e-06
3,17430,0.0008574362800572999,9.980747757336608e-06
3,17440,0.0008450733439531177,9.98072432980377e-06
3,17450,0.0008430234156548977,9.98070088805296e-06
3,17460,0.000857666417141445,9.98067743208425e-06
3,17470,0.000846801720035728,9.980653961897705e-06
3,17480,0.0008582871640101076,9.980630477493388e-06
3,17490,0.0008417882985668258,9.98060697887137e-06
3,17500,0.0008455994000541977,9.980583466031713e-06
3,17510,0.0008535379776731133,9.980559938974491e-06
3,17520,0.000859136605868116,9.980536397699767e-06
3,17530,0.0008509800900355913,9.98051284220761e-06
3,17540,0.000859758970909752,9.980489272498087e-06
3,17550,0.0008538523179595359,9.980465688571262e-06
3,17560,0.0008428643413935788,9.980442090427205e-06
3,17570,0.0008457750416710041,9.980418478065988e-06
3,17580,0.0008470386470435187,9.980394851487672e-06
3,17590,0.0008545943710487336,9.980371210692325e-06
3,17600,0.0008402675623074174,9.980347555680017e-06
3,17610,0.0008421533362707122,9.980323886450813e-06
3,17620,0.0008369286020752043,9.980300203004783e-06
3,17630,0.0008384426531847567,9.980276505341994e-06
3,17640,0.0008445093466434626,9.980252793462515e-06
3,17650,0.0008513453489285894,9.98022906736641e-06
3,17660,0.0008719661316717975,9.980205327053748e-06
3,17670,0.0008391163661144673,9.980181572524597e-06
3,validation,0.000839158397866413,9.980181572524597e-06
4,17680,0.0008497320901369676,9.980157803779026e-06
4,17690,0.0008469951630104333,9.980134020817104e-06
4,17700,0.0008418034500209614,9.980110223638897e-06
4,17710,0.0008441402518656105,9.980086412244467e-06
4,17720,0.0008598308209911919,9.980062586633891e-06
4,17730,0.0008443235084996558,9.980038746807237e-06
4,17740,0.0008648204515338875,9.980014892764567e-06
4,17750,0.0008493158398778177,9.979991024505955e-06
4,17760,0.0008556564891478046,9.979967142031464e-06
4,17770,0.0008454750161035918,9.979943245341165e-06
4,17780,0.0008440899138804526,9.979919334435123e-06
4,17790,0.0008439733763225376,9.97989540931341e-06
4,17800,0.0008516727757523768,9.979871469976095e-06
4,17810,0.000839533589896746,9.979847516423246e-06
4,17820,0.0008640197920612991,9.979823548654928e-06
4,17830,0.0008471034409012646,9.979799566671208e-06
4,17840,0.000844922277610749,9.979775570472157e-06
4,17850,0.000853692289092578,9.979751560057846e-06
4,17860,0.0008520783841959201,9.979727535428338e-06
4,17870,0.0008326732422574423,9.97970349658371e-06
4,17880,0.000848645280348137,9.979679443524023e-06
4,17890,0.0008526885911123827,9.979655376249352e-06
4,17900,0.0008491772474371827,9.97963129475976e-06
4,17910,0.0008405542321270332,9.97960719905532e-06
4,17920,0.0008491241052979604,9.9795830891361e-06
4,17930,0.0008533405140042304,9.979558965002165e-06
4,17940,0.0008506766709615476,9.979534826653588e-06
4,17950,0.0008437854892690666,9.979510674090436e-06
4,17960,0.0008547621211619117,9.979486507312777e-06
4,17970,0.0008519017588696444,9.979462326320679e-06
4,17980,0.0008479309835820459,9.979438131114217e-06
4,17990,0.0008480112359393389,9.979413921693455e-06
4,18000,0.0008453275571810082,9.979389698058466e-06
4,18010,0.0008476638293359429,9.979365460209315e-06
4,18020,0.0008469635809888132,9.979341208146073e-06
4,18030,0.0008401526851230302,9.97931694186881e-06
4,18040,0.0008461264354991726,9.979292661377594e-06
4,18050,0.0008644513785839082,9.979268366672493e-06
4,18060,0.0008503845718223601,9.979244057753579e-06
4,18070,0.0008438138262135908,9.97921973462092e-06
4,18080,0.0008518040762282908,9.979195397274585e-06
4,18090,0.0008408713139942848,9.979171045714646e-06
4,18100,0.0008532261723303236,9.979146679941167e-06
4,18110,0.0008520032541127876,9.979122299954224e-06
4,18120,0.0008460538170766086,9.979097905753878e-06
4,18130,0.0008429952853475698,9.979073497340213e-06
4,18140,0.0008462174562737346,9.979049074713291e-06
4,18150,0.000842993390688207,9.97902463787318e-06
4,18160,0.0008546740107703954,9.979000186819948e-06
4,18170,0.0008512124521075747,9.978975721553668e-06
4,18180,0.0008370650888537057,9.978951242074408e-06
4,18190,0.0008510931860655547,9.978926748382245e-06
4,18200,0.0008541467133909464,9.978902240477244e-06
4,18210,0.0008429999943473376,9.978877718359468e-06
4,18220,0.0008462148165563121,9.978853182028998e-06
4,18230,0.0008504788725986146,9.978828631485898e-06
4,18240,0.0008445845684036612,9.97880406673024e-06
4,18250,0.0008369139817659744,9.97877948776209e-06
4,18260,0.0008391172290430405,9.978754894581526e-06
4,18270,0.0008407638742937706,9.978730287188612e-06
4,18280,0.0008455270872218535,9.97870566558342e-06
4,18290,0.0008442851234576666,9.978681029766021e-06
4,18300,0.0008421166814514436,9.978656379736486e-06
4,18310,0.0008445715924608521,9.978631715494883e-06
4,18320,0.0008443334867479279,9.978607037041281e-06
4,18330,0.000836889204219915,9.978582344375756e-06
4,18340,0.0008458820986561478,9.978557637498376e-06
4,18350,0.0008338113620993681,9.978532916409208e-06
4,18360,0.0008396737888688222,9.978508181108322e-06
4,18370,0.0008538501220755279,9.978483431595794e-06
4,18380,0.0008630442403955385,9.978458667871692e-06
4,18390,0.0008518613263731823,9.978433889936085e-06
4,18400,0.0008497223869198933,9.97840909778905e-06
4,18410,0.0008474895948893391,9.978384291430653e-06
4,18420,0.0008450258101220243,9.978359470860966e-06
4,18430,0.0008445912040770054,9.978334636080058e-06
4,18440,0.0008435075011220761,9.978309787088004e-06
4,18450,0.0008412257375312038,9.978284923884875e-06
4,18460,0.0008462678524665534,9.978260046470738e-06
4,18470,0.0008470084736472927,9.978235154845664e-06
4,18480,0.000826357326877769,9.978210249009724e-06
4,18490,0.0008465440347208642,9.97818532896299e-06
4,18500,0.0008407808854826726,9.978160394705538e-06
4,18510,0.0008372029653401114,9.978135446237435e-06
4,18520,0.000854823128611315,9.978110483558752e-06
4,18530,0.0008388204165385104,9.978085506669558e-06
4,18540,0.0008378029961022548,9.978060515569926e-06
4,18550,0.0008369809336727486,9.978035510259933e-06
4,18560,0.0008386034722207114,9.97801049073964e-06
4,18570,0.0008442124773864635,9.977985457009124e-06
4,18580,0.0008424714804277755,9.977960409068459e-06
4,18590,0.0008387399560888299,9.977935346917711e-06
4,18600,0.0008425146341323852,9.977910270556954e-06
4,18610,0.0008419244084507228,9.97788517998626e-06
4,18620,0.0008334286059834995,9.977860075205701e-06
4,18630,0.0008540502924006432,9.97783495621535e-06
4,18640,0.0008630326017737389,9.977809823015276e-06
4,18650,0.0008484189311275259,9.977784675605553e-06
4,18660,0.0008435840165475384,9.977759513986249e-06
4,18670,0.0008335204533068464,9.977734338157437e-06
4,18680,0.0008448072301689535,9.977709148119195e-06
4,18690,0.0008665017783641815,9.977683943871586e-06
4,18700,0.0008348941904841921,9.977658725414687e-06
4,18710,0.0008425497188000009,9.977633492748572e-06
4,18720,0.0008426362095633521,9.977608245873308e-06
4,18730,0.0008421327904216014,9.977582984788965e-06
4,18740,0.0008485028796712868,9.977557709495625e-06
4,18750,0.0008460143639240415,9.97753241999335e-06
4,18760,0.0008508572980645112,9.977507116282218e-06
4,18770,0.0008355697675142438,9.977481798362295e-06
4,18780,0.0008549251651857049,9.977456466233662e-06
4,18790,0.0008581289846915751,9.977431119896386e-06
4,18800,0.0008312878067954443,9.97740575935054e-06
4,18810,0.0008321748275193386,9.977380384596203e-06
4,18820,0.0008294004554045387,9.977354995633436e-06
4,18830,0.0008466372702969239,9.977329592462319e-06
4,18840,0.0008372489886824042,9.97730417508292e-06
4,18850,0.0008467665596981533,9.977278743495314e-06
4,18860,0.0008356757054571062,9.977253297699577e-06
4,18870,0.0008497629954945296,9.977227837695777e-06
4,18880,0.0008406267283135094,9.977202363483986e-06
4,18890,0.0008467898427625188,9.97717687506428e-06
4,18900,0.0008621871878858655,9.977151372436732e-06
4,18910,0.0008592220474383794,9.97712585560141e-06
4,18920,0.000843986684049014,9.977100324558393e-06
4,18930,0.0008417242279392667,9.977074779307747e-06
4,18940,0.0008432379778241739,9.977049219849555e-06
4,18950,0.0008531429033610039,9.977023646183879e-06
4,18960,0.0008472334258840419,9.976998058310796e-06
4,18970,0.0008468003565212713,9.976972456230385e-06
4,18980,0.000846093254222069,9.976946839942709e-06
4,18990,0.0008401671206229366,9.97692120944785e-06
4,19000,0.0008286463198601269,9.976895564745876e-06
4,19010,0.0008430258720181883,9.976869905836859e-06
4,19020,0.0008465788370813244,9.976844232720877e-06
4,19030,0.0008438470380497165,9.976818545398001e-06
4,19040,0.000840699829859659,9.976792843868304e-06
4,19050,0.0008471803943393752,9.976767128131855e-06
4,19060,0.0008439404788077809,9.97674139818874e-06
4,19070,0.0008447209518635645,9.976715654039018e-06
4,19080,0.0008380088169360533,9.976689895682775e-06
4,19090,0.0008610862889327109,9.976664123120073e-06
4,19100,0.0008399057434871793,9.976638336350992e-06
4,19110,0.0008481913682771847,9.976612535375607e-06
4,19120,0.0008406200911849737,9.976586720193987e-06
4,19130,0.0008388593749259599,9.97656089080621e-06
4,19140,0.0008416935175773688,9.976535047212345e-06
4,19150,0.0008488865918479861,9.97650918941247e-06
4,19160,0.0008343114939634689,9.97648331740666e-06
4,19170,0.0008397709258133545,9.976457431194984e-06
4,19180,0.000850473930768203,9.976431530777518e-06
4,19190,0.0008470984481391497,9.976405616154336e-06
4,19200,0.0008362174135982058,9.976379687325514e-06
4,19210,0.0008354473116924054,9.976353744291125e-06
4,19220,0.0008483702753437683,9.97632778705124e-06
4,19230,0.0008426210784818976,9.976301815605932e-06
4,19240,0.0008300818357383832,9.976275829955282e-06
4,19250,0.0008356079095392488,9.976249830099361e-06
4,19260,0.0008390254617552273,9.97622381603824e-06
4,19270,0.0008342428656760603,9.976197787772e-06
4,19280,0.0008350485644768922,9.976171745300706e-06
4,19290,0.0008472848785459064,9.976145688624441e-06
4,19300,0.0008468925530905834,9.976119617743274e-06
4,19310,0.0008370886105694808,9.976093532657284e-06
4,19320,0.0008294779967400246,9.976067433366542e-06
4,19330,0.0008394558622967453,9.976041319871123e-06
4,19340,0.000853889349673409,9.976015192171101e-06
4,19350,0.0008513425724231638,9.97598905026655e-06
4,19360,0.0008426597210927867,9.975962894157549e-06
4,19370,0.0008428511224337853,9.975936723844169e-06
4,19380,0.0008380953440791927,9.975910539326487e-06
4,19390,0.0008354081044672057,9.975884340604574e-06
4,19400,0.0008453399539575912,9.975858127678511e-06
4,19410,0.0008514907734934241,9.975831900548369e-06
4,19420,0.000848440479603596,9.97580565921422e-06
4,19430,0.0008415822783717885,9.975779403676141e-06
4,19440,0.0008440996331046336,9.975753133934208e-06
4,19450,0.0008406498993281275,9.975726849988495e-06
4,19460,0.0008432843576883897,9.97570055183908e-06
4,19470,0.0008370022056624294,9.975674239486035e-06
4,19480,0.0008403879037359729,9.975647912929436e-06
4,19490,0.0008390625487663783,9.975621572169357e-06
4,19500,0.0008340226573636756,9.975595217205878e-06
4,19510,0.0008450584704405627,9.975568848039065e-06
4,19520,0.0008390184011659585,9.975542464669003e-06
4,19530,0.0008367474409169517,9.975516067095762e-06
4,19540,0.0008358116130693816,9.975489655319418e-06
4,19550,0.0008451357833109797,9.975463229340046e-06
4,19560,0.0008327855641255156,9.975436789157723e-06
4,19570,0.000835056156211067,9.975410334772524e-06
4,19580,0.0008389271257328801,9.97538386618452e-06
4,19590,0.0008500053401803597,9.975357383393795e-06
4,19600,0.0008361735483049414,9.97533088640042e-06
4,19610,0.0008426275759120473,9.975304375204469e-06
4,19620,0.0008331698307301849,9.975277849806021e-06
4,19630,0.0008293101243907586,9.975251310205146e-06
4,19640,0.0008505127625539899,9.975224756401928e-06
4,19650,0.0008427553868386895,9.975198188396438e-06
4,19660,0.000836722923850175,9.975171606188754e-06
4,19670,0.0008423739447607659,9.975145009778955e-06
4,19680,0.0008390342656639405,9.97511839916711e-06
4,19690,0.0008327806688612328,9.975091774353296e-06
4,19700,0.0008309335666126571,9.975065135337592e-06
4,19710,0.0008416789161856287,9.975038482120068e-06
4,19720,0.0008463247169856914,9.975011814700805e-06
4,19730,0.0008278543973574415,9.974985133079883e-06
4,19740,0.0008420154059422202,9.97495843725737e-06
4,19750,0.0008381847146665677,9.974931727233345e-06
4,19760,0.0008415061209234409,9.974905003007889e-06
4,19770,0.0008369808827410452,9.974878264581076e-06
4,19780,0.0008337948645930737,9.97485151195298e-06
4,19790,0.0008377796242712066,9.974824745123676e-06
4,19800,0.0008339148582308553,9.974797964093243e-06
4,19810,0.0008357136277481914,9.974771168861756e-06
4,19820,0.0008313097932841629,9.974744359429297e-06
4,19830,0.0008395259399549104,9.974717535795933e-06
4,19840,0.0008345926937181503,9.974690697961747e-06
4,19850,0.0008406592402025125,9.974663845926815e-06
4,19860,0.0008448717868304811,9.974636979691215e-06
4,19870,0.000831645652942825,9.974610099255023e-06
4,19880,0.0008461895296932197,9.974583204618314e-06
4,19890,0.0008365997084183619,9.974556295781161e-06
4,19900,0.0008475469090626574,9.974529372743649e-06
4,19910,0.0008417632765485905,9.974502435505849e-06
4,19920,0.0008351591677637771,9.97447548406784e-06
4,19930,0.0008365032015717588,9.974448518429702e-06
4,19940,0.0008414796306169593,9.974421538591508e-06
4,19950,0.0008404644919210113,9.974394544553334e-06
4,19960,0.0008384963381104171,9.97436753631526e-06
4,19970,0.0008436273768893444,9.97434051387736e-06
4,19980,0.000850731151876971,9.974313477239714e-06
4,19990,0.0008423355495324359,9.974286426402398e-06
4,20000,0.0008348018294782379,9.974259361365492e-06
4,20010,0.0008452290217974224,9.974232282129071e-06
4,20020,0.0008455359653453344,9.974205188693207e-06
4,20030,0.0008402578023378737,9.974178081057985e-06
4,20040,0.000833187003445346,9.97415095922348e-06
4,20050,0.0008327267511049285,9.974123823189769e-06
4,20060,0.0008248400336015038,9.974096672956928e-06
4,20070,0.0008348318850039504,9.974069508525037e-06
4,20080,0.0008304330563987604,9.974042329894176e-06
4,20090,0.0008312217236380094,9.974015137064414e-06
4,20100,0.0008268657635198906,9.97398793003584e-06
4,20110,0.0008240104580181652,9.973960708808519e-06
4,20120,0.0008385836510569789,9.973933473382538e-06
4,20130,0.0008300502333440818,9.973906223757974e-06
4,20140,0.000832715340948198,9.9738789599349e-06
4,20150,0.000838535172806587,9.973851681913397e-06
4,20160,0.0008255296052084304,9.973824389693545e-06
4,20170,0.0008276638225652277,9.97379708327542e-06
4,20180,0.000826755550224334,9.9737697626591e-06
4,20190,0.0008309261946124024,9.973742427844658e-06
4,20200,0.0008410406313487329,9.973715078832179e-06
4,20210,0.0008441347963525914,9.973687715621737e-06
4,20220,0.0008361095329746604,9.973660338213406e-06
4,20230,0.0008462030775262975,9.973632946607276e-06
4,20240,0.0008408333698753268,9.973605540803422e-06
4,20250,0.0008349343232112005,9.973578120801917e-06
4,20260,0.0008384332977584563,9.973550686602842e-06
4,20270,0.000835419908980839,9.973523238206273e-06
4,20280,0.0008307712196256034,9.973495775612288e-06
4,20290,0.0008440817153314128,9.973468298820972e-06
4,20300,0.0008364095774595626,9.973440807832397e-06
4,20310,0.0008226729041780345,9.973413302646645e-06
4,20320,0.0008279711197246797,9.973385783263791e-06
4,20330,0.0008385181805351748,9.973358249683915e-06
4,20340,0.0008294631275930442,9.973330701907096e-06
4,20350,0.0008282670591142961,9.973303139933412e-06
4,20360,0.0008275511776446365,9.97327556376294e-06
4,20370,0.0008341831373400055,9.973247973395763e-06
4,20380,0.0008348253395524807,9.973220368831962e-06
4,20390,0.0008362762819160707,9.973192750071606e-06
4,20400,0.0008436973890638909,9.973165117114784e-06
4,20410,0.0008377016551094131,9.973137469961566e-06
4,20420,0.0008415742879151367,9.97310980861204e-06
4,20430,0.0008442570411716587,9.973082133066278e-06
4,20440,0.0008398853562539443,9.973054443324361e-06
4,20450,0.0008603355410741643,9.973026739386366e-06
4,20460,0.0008406822555116378,9.972999021252378e-06
4,20470,0.0008434710922301747,9.972971288922469e-06
4,20480,0.0008515058842021973,9.972943542396724e-06
4,20490,0.0008350011019501836,9.97291578167522e-06
4,20500,0.0008311480865813792,9.972888006758033e-06
4,20510,0.0008409745685639791,9.972860217645248e-06
4,20520,0.0008437208598479629,9.972832414336943e-06
4,20530,0.0008389357069972902,9.972804596833192e-06
4,20540,0.0008310812161653303,9.972776765134082e-06
4,20550,0.000830615907034371,9.97274891923969e-06
4,20560,0.0008422571365372278,9.972721059150094e-06
4,20570,0.000835285329958424,9.972693184865374e-06
4,20580,0.000832863972755149,9.972665296385608e-06
4,20590,0.0008337048522662372,9.97263739371088e-06
4,20600,0.0008303063950734213,9.972609476841265e-06
4,20610,0.000823920572292991,9.972581545776843e-06
4,20620,0.0008319739150465466,9.972553600517697e-06
4,20630,0.0008341012086020782,9.972525641063904e-06
4,20640,0.0008263665920821949,9.972497667415547e-06
4,20650,0.0008305338240461424,9.9724696795727e-06
4,20660,0.0008317759900819511,9.972441677535448e-06
4,20670,0.0008268834979389794,9.972413661303867e-06
4,20680,0.0008324719994561746,9.972385630878044e-06
4,20690,0.0008360372768947855,9.972357586258054e-06
4,20700,0.0008320922963321209,9.972329527443978e-06
4,20710,0.0008394436561502516,9.972301454435892e-06
4,20720,0.0008371115181944333,9.972273367233883e-06
4,20730,0.0008401086975936778,9.972245265838027e-06
4,20740,0.0008444511287962086,9.972217150248406e-06
4,20750,0.00083170130092185,9.972189020465101e-06
4,20760,0.0008396654069656507,9.972160876488184e-06
4,20770,0.0008391910421778447,9.972132718317744e-06
4,20780,0.0008440761957899667,9.972104545953863e-06
4,20790,0.0008342169894604012,9.97207635939662e-06
4,20800,0.0008334221405675635,9.972048158646091e-06
4,20810,0.0008357050013728441,9.972019943702357e-06
4,20820,0.0008443819999229162,9.971991714565501e-06
4,20830,0.0008275859523564577,9.9719634712356e-06
4,20840,0.0008407329602050595,9.971935213712737e-06
4,20850,0.0008332923258421943,9.971906941996997e-06
4,20860,0.0008291881764307617,9.971878656088461e-06
4,20870,0.0008253119827713818,9.971850355987204e-06
4,20880,0.0008419116682489403,9.971822041693305e-06
4,20890,0.0008327011208166369,9.97179371320685e-06
4,20900,0.0008245759672718123,9.971765370527918e-06
4,20910,0.0008338941901456563,9.97173701365659e-06
4,20920,0.0008347911018063315,9.971708642592945e-06
4,20930,0.0008283176415716298,9.97168025733707e-06
4,20940,0.0008311072160722688,9.971651857889037e-06
4,20950,0.0008311069934279657,9.971623444248936e-06
4,20960,0.000827890244545415,9.971595016416844e-06
4,20970,0.0008316856183228083,9.971566574392843e-06
4,20980,0.0008348593386472203,9.971538118177014e-06
4,20990,0.000832372871809639,9.971509647769431e-06
4,21000,0.0008266928969533182,9.971481163170186e-06
4,21010,0.0008491026252158918,9.971452664379355e-06
4,21020,0.0008320948603795842,9.971424151397024e-06
4,21030,0.000832462971447967,9.971395624223269e-06
4,21040,0.0008305002425913698,9.971367082858173e-06
4,21050,0.0008266810094937681,9.97133852730182e-06
4,21060,0.0008296260712086223,9.971309957554291e-06
4,21070,0.0008232702952227556,9.971281373615664e-06
4,21080,0.0008356813195860013,9.971252775486023e-06
4,21090,0.0008264038944616914,9.971224163165443e-06
4,21100,0.0008235710120061412,9.97119553665402e-06
4,21110,0.0008317656349390746,9.971166895951823e-06
4,21120,0.0008455206247163006,9.971138241058942e-06
4,21130,0.0008397942248848267,9.97110957197545e-06
4,21140,0.0008521450872649439,9.97108088870144e-06
4,21150,0.0008316763618495316,9.971052191236984e-06
4,21160,0.0008318107662489637,9.971023479582168e-06
4,21170,0.0008408505003899336,9.970994753737076e-06
4,21180,0.0008344008121639491,9.97096601370179e-06
4,21190,0.0008413393967202864,9.970937259476388e-06
4,21200,0.0008366657639271581,9.970908491060951e-06
4,21210,0.0008356612030183897,9.970879708455564e-06
4,21220,0.0008348326169652865,9.97085091166031e-06
4,21230,0.0008322502253577113,9.970822100675271e-06
4,21240,0.0008427924811257981,9.97079327550053e-06
4,21250,0.0008299697379698047,9.97076443613617e-06
4,21260,0.0008218013652367518,9.97073558258227e-06
4,21270,0.0008287026677862741,9.970706714838911e-06
4,21280,0.0008377006801310928,9.970677832906182e-06
4,21290,0.0008325517570483497,9.970648936784159e-06
4,21300,0.0008378225538763218,9.97062002647293e-06
4,21310,0.0008378308673854918,9.970591101972575e-06
4,21320,0.0008242006675573066,9.970562163283172e-06
4,21330,0.0008205234975321218,9.970533210404811e-06
4,21340,0.0008314546357723884,9.97050424333757e-06
4,21350,0.0008316372928675264,9.970475262081534e-06
4,21360,0.0008346877642907201,9.970446266636784e-06
4,21370,0.0008213363500544802,9.970417257003405e-06
4,21380,0.000830720090016257,9.970388233181476e-06
4,21390,0.0008337870705872775,9.970359195171082e-06
4,21400,0.0008232259744545445,9.970330142972306e-06
4,21410,0.0008297035717987455,9.970301076585234e-06
4,21420,0.0008286077398224733,9.970271996009946e-06
4,21430,0.000831153555191122,9.970242901246522e-06
4,21440,0.0008285710544441826,9.97021379229505e-06
4,21450,0.0008194675407139585,9.970184669155608e-06
4,21460,0.0008313293743412942,9.970155531828284e-06
4,21470,0.0008335323349456303,9.970126380313157e-06
4,21480,0.0008305792493047191,9.970097214610318e-06
4,21490,0.000833340514509473,9.970068034719844e-06
4,21500,0.0008330027631018311,9.970038840641816e-06
4,21510,0.0008303021502797491,9.970009632376324e-06
4,21520,0.0008277794579043985,9.969980409923446e-06
4,21530,0.0008422282902756707,9.96995117328327e-06
4,21540,0.0008279825968202203,9.969921922455876e-06
4,21550,0.0008322356035932899,9.969892657441348e-06
4,21560,0.0008269770740298554,9.969863378239769e-06
4,21570,0.0008222059957915917,9.969834084851224e-06
4,21580,0.0008319532193127088,9.9698047772758e-06
4,21590,0.0008313554295455105,9.969775455513572e-06
4,21600,0.0008218078321078793,9.969746119564631e-06
4,21610,0.0008240384107921272,9.969716769429057e-06
4,21620,0.000824379267578479,9.969687405106932e-06
4,21630,0.0008260541755589656,9.969658026598343e-06
4,21640,0.0008293631282867864,9.969628633903378e-06
4,21650,0.0008245537392213009,9.969599227022114e-06
4,21660,0.000827238554484211,9.969569805954638e-06
4,21670,0.0008376611658604817,9.969540370701035e-06
4,21680,0.0008218194663641042,9.969510921261384e-06
4,21690,0.0008297291220515035,9.969481457635774e-06
4,21700,0.0008250253173173405,9.969451979824289e-06
4,21710,0.0008314504768350161,9.969422487827013e-06
4,21720,0.000829567555047106,9.969392981644028e-06
4,21730,0.0008341813256265596,9.969363461275415e-06
4,21740,0.0008329564370797016,9.969333926721271e-06
4,21750,0.0008421697581070475,9.969304377981667e-06
4,21760,0.0008261541166575626,9.969274815056696e-06
4,21770,0.000823685247451067,9.969245237946433e-06
4,21780,0.0008228802733356133,9.96921564665097e-06
4,21790,0.0008376533747650683,9.969186041170392e-06
4,21800,0.0008369093964574858,9.969156421504778e-06
4,21810,0.0008296009138575754,9.969126787654217e-06
4,21820,0.0008360044477740303,9.969097139618795e-06
4,21830,0.000830065480840858,9.96906747739859e-06
4,21840,0.000828053716395516,9.969037800993691e-06
4,21850,0.0008287714881589636,9.969008110404183e-06
4,21860,0.0008323526242747902,9.968978405630147e-06
4,21870,0.0008284788142191245,9.968948686671672e-06
4,21880,0.0008360579711734317,9.968918953528837e-06
4,21890,0.0008448666558251716,9.968889206201737e-06
4,21900,0.0008343239125679246,9.968859444690447e-06
4,21910,0.0008307849551783874,9.96882966899506e-06
4,21920,0.00083044147468172,9.968799879115658e-06
4,21930,0.0008224921184591949,9.968770075052323e-06
4,21940,0.0008342989734956063,9.968740256805146e-06
4,21950,0.0008309993965667673,9.968710424374207e-06
4,21960,0.0008475361275486647,9.968680577759591e-06
4,21970,0.0008261508861323819,9.96865071696139e-06
4,21980,0.0008354045246960595,9.968620841979679e-06
4,21990,0.0008280546477180906,9.968590952814551e-06
4,22000,0.0008269448546343483,9.968561049466089e-06
4,22010,0.0008203188102925197,9.968531131934376e-06
4,22020,0.000819428192335181,9.968501200219504e-06
4,22030,0.0008343719571712426,9.968471254321553e-06
4,22040,0.0008352961376658641,9.968441294240611e-06
4,22050,0.00082903596048709,9.968411319976761e-06
4,22060,0.0008294709143228829,9.968381331530089e-06
4,22070,0.0008344677116838284,9.968351328900681e-06
4,22080,0.0008263233801699243,9.968321312088622e-06
4,22090,0.0008281443995656445,9.968291281093995e-06
4,22100,0.0008342478176928125,9.968261235916891e-06
4,22110,0.0008274174644611775,9.968231176557396e-06
4,22120,0.000842034634843003,9.96820110301559e-06
4,22130,0.0008341654960531742,9.968171015291562e-06
4,22140,0.0008258910311269574,9.968140913385402e-06
4,22150,0.0008260327813331969,9.968110797297191e-06
4,22160,0.0008294362283777445,9.968080667027017e-06
4,22170,0.0008420188809395768,9.968050522574964e-06
4,22180,0.0008202142678783275,9.96802036394112e-06
4,22190,0.0008404450898524373,9.967990191125572e-06
4,22200,0.000833174429135397,9.967960004128404e-06
4,22210,0.0008286248004878872,9.967929802949701e-06
4,22220,0.0008304813425638713,9.967899587589553e-06
4,22230,0.0008327385265147313,9.967869358048044e-06
4,22240,0.0008286988333566114,9.967839114325261e-06
4,22250,0.0008268843826954253,9.967808856421291e-06
4,22260,0.0008309856289997697,9.967778584336215e-06
4,22270,0.0008410973619902506,9.967748298070128e-06
4,22280,0.0008336694590980187,9.967717997623109e-06
4,22290,0.0008273069775896147,9.967687682995248e-06
4,22300,0.0008236819921876304,9.96765735418663e-06
4,22310,0.0008308683201903477,9.967627011197347e-06
4,22320,0.0008376689220312983,9.967596654027483e-06
4,22330,0.0008341937529621645,9.967566282677122e-06
4,22340,0.0008274541760329157,9.967535897146352e-06
4,22350,0.0008275130181573332,9.967505497435258e-06
4,22360,0.000829372598673217,9.967475083543931e-06
4,22370,0.0008321831337525509,9.967444655472454e-06
4,22380,0.0008299762004753575,9.967414213220912e-06
4,22390,0.0008202629294828512,9.967383756789397e-06
4,22400,0.0008308978372951969,9.967353286177996e-06
4,22410,0.0008209752268157899,9.967322801386788e-06
4,22420,0.0008349822877789848,9.967292302415872e-06
4,22430,0.0008332053301273845,9.967261789265326e-06
4,22440,0.0008398987789405509,9.967231261935244e-06
4,22450,0.0008325697242980822,9.967200720425706e-06
4,22460,0.0008281976435682737,9.967170164736798e-06
4,22470,0.0008277999237179755,9.967139594868616e-06
4,22480,0.000836194293515291,9.967109010821245e-06
4,22490,0.0008324023219756782,9.967078412594768e-06
4,22500,0.0008146518841385841,9.96704780018927e-06
4,22510,0.0008274555788375437,9.967017173604848e-06
4,22520,0.0008211967491661198,9.966986532841581e-06
4,22530,0.000832849758444354,9.966955877899561e-06
4,22540,0.0008301035224576481,9.966925208778874e-06
4,22550,0.000827802398998756,9.96689452547961e-06
4,22560,0.0008258358837338165,9.966863828001852e-06
4,22570,0.0008317680854815989,9.96683311634569e-06
4,22580,0.0008352599921636284,9.966802390511208e-06
4,22590,0.0008335079008247704,9.966771650498505e-06
4,22600,0.0008346929957042448,9.96674089630766e-06
4,22610,0.0008332565339514986,9.966710127938758e-06
4,22620,0.0008339596941368655,9.96667934539189e-06
4,22630,0.0008263986135716551,9.966648548667147e-06
4,22640,0.0008228591308579781,9.966617737764613e-06
4,22650,0.0008279483183287085,9.966586912684381e-06
4,22660,0.0008336831044289284,9.966556073426535e-06
4,22670,0.0008253809806774372,9.966525219991162e-06
4,22680,0.0008311177254654468,9.966494352378353e-06
4,22690,0.000832318740140181,9.966463470588196e-06
4,22700,0.0008311372759635561,9.96643257462077e-06
4,22710,0.0008290423851576635,9.966401664476177e-06
4,22720,0.0008210375599446706,9.966370740154499e-06
4,22730,0.0008192312408937142,9.96633980165582e-06
4,22740,0.0008293974591651931,9.966308848980239e-06
4,22750,0.0008324167079990729,9.966277882127837e-06
4,22760,0.0008230081177316606,9.966246901098702e-06
4,22770,0.0008368173366761767,9.966215905892923e-06
4,22780,0.0008301337802549824,9.966184896510592e-06
4,22790,0.000830911917728372,9.966153872951794e-06
4,22800,0.0008299611989059485,9.96612283521662e-06
4,22810,0.0008210226544179022,9.966091783305161e-06
4,22820,0.0008239239672548137,9.966060717217501e-06
4,22830,0.0008280702924821526,9.966029636953725e-06
4,22840,0.0008268189048976637,9.965998542513929e-06
4,22850,0.0008338164814631455,9.965967433898198e-06
4,22860,0.0008420429687248543,9.96593631110662e-06
4,22870,0.0008287093922263011,9.965905174139287e-06
4,22880,0.0008278005741885863,9.965874022996292e-06
4,22890,0.000824797221866902,9.96584285767771e-06
4,22900,0.0008267127734143287,9.965811678183645e-06
4,22910,0.0008268645644420758,9.965780484514173e-06
4,22920,0.0008357453203643672,9.96574927666939e-06
4,22930,0.0008157847827533261,9.965718054649388e-06
4,22940,0.000818188232369721,9.96568681845425e-06
4,22950,0.0008412996903643943,9.965655568084071e-06
4,22960,0.0008334552039741538,9.965624303538933e-06
4,22970,0.0008266770542832091,9.965593024818934e-06
4,22980,0.0008276941764052026,9.965561731924156e-06
4,22990,0.0008378431128221565,9.965530424854693e-06
4,23000,0.0008297513006255031,9.96549910361063e-06
4,23010,0.0008283141389256344,9.96546776819206e-06
4,23020,0.0008335734673892148,9.965436418599073e-06
4,23030,0.00082666185189737,9.965405054831758e-06
4,23040,0.0008295144856674598,9.965373676890199e-06
4,23050,0.0008279299130663276,9.965342284774492e-06
4,23060,0.0008319562970427797,9.965310878484722e-06
4,23070,0.0008279777655843645,9.96527945802098e-06
4,23080,0.0008248898404417559,9.965248023383358e-06
4,23090,0.0008430051660980099,9.965216574571948e-06
4,23100,0.0008300331261125392,9.965185111586834e-06
4,23110,0.0008358539882465266,9.965153634428112e-06
4,23120,0.0008228788981796243,9.965122143095865e-06
4,23130,0.0008223320168326609,9.965090637590187e-06
4,23140,0.0008280764741357416,9.965059117911166e-06
4,23150,0.0008355606507393532,9.96502758405889e-06
4,23160,0.000828213308705017,9.96499603603345e-06
4,23170,0.0008203286270145327,9.964964473834944e-06
4,23180,0.0008256796252680942,9.964932897463454e-06
4,23190,0.0008281627087853849,9.964901306919073e-06
4,23200,0.0008162068741512484,9.964869702201886e-06
4,23210,0.0008323448069859295,9.964838083311993e-06
4,23220,0.0008229642888181842,9.96480645024947e-06
4,23230,0.0008229101382312365,9.964774803014422e-06
4,23240,0.0008202971759601496,9.964743141606933e-06
4,23250,0.0008197548071620986,9.964711466027092e-06
4,23260,0.0008397099940339103,9.964679776274992e-06
4,23270,0.0008267385332146659,9.964648072350723e-06
4,23280,0.000825620928662829,9.964616354254374e-06
4,23290,0.0008185907470760867,9.964584621986036e-06
4,23300,0.0008238700698711908,9.964552875545799e-06
4,23310,0.0008277729750261642,9.964521114933762e-06
4,23320,0.000834714516531676,9.964489340150004e-06
4,23330,0.0008250309867435135,9.964457551194618e-06
4,23340,0.0008303119509946556,9.964425748067699e-06
4,23350,0.0008352193312020972,9.964393930769335e-06
4,23360,0.000821126856317278,9.964362099299619e-06
4,23370,0.0008287953212857246,9.964330253658642e-06
4,23380,0.0008304539092932827,9.964298393846492e-06
4,23390,0.0008330215569003485,9.964266519863262e-06
4,23400,0.0008256210057879798,9.964234631709046e-06
4,23410,0.00082928169722436,9.964202729383926e-06
4,23420,0.0008299445704324171,9.964170812888e-06
4,23430,0.0008242522220825776,9.96413888222136e-06
4,23440,0.0008234057226218283,9.964106937384091e-06
4,23450,0.0008317452258779668,9.96407497837629e-06
4,23460,0.0008278260778752155,9.964043005198047e-06
4,23470,0.0008208324958104639,9.96401101784945e-06
4,23480,0.0008279501154902392,9.963979016330591e-06
4,23490,0.000820330147689674,9.963947000641565e-06
4,23500,0.0008271981569123454,9.96391497078246e-06
4,23510,0.0008119907302898354,9.963882926753368e-06
4,23520,0.0008184726975741796,9.963850868554382e-06
4,23530,0.0008292706319480204,9.963818796185594e-06
4,23540,0.0008284594121505507,9.963786709647093e-06
4,23550,0.0008220763658755459,9.963754608938972e-06
4,23560,0.0008290270692668855,9.963722494061322e-06
4,validation,0.0008232627005781978,9.963722494061322e-06
5,23570,0.0008204754034522921,9.963690365014234e-06
5,23580,0.0008274368665297516,9.9636582217978e-06
5,23590,0.0008130612812237814,9.963626064412119e-06
5,23600,0.0008191497196094133,9.963593892857277e-06
5,23610,0.0008268009012681432,9.963561707133361e-06
5,23620,0.0008282341688754968,9.96352950724047e-06
5,23630,0.0008304493851028383,9.963497293178693e-06
5,23640,0.0008228771926951594,9.96346506494812e-06
5,23650,0.0008330992801347749,9.963432822548844e-06
5,23660,0.0008240746130468323,9.963400565980961e-06
5,23670,0.000826508591126185,9.963368295244561e-06
5,23680,0.0008344451256562024,9.963336010339733e-06
5,23690,0.0008288662909762933,9.963303711266574e-06
5,23700,0.0008160369121469556,9.963271398025172e-06
5,23710,0.000821094453567639,9.96323907061562e-06
5,23720,0.000819614515057765,9.963206729038013e-06
5,23730,0.0008213127744966187,9.963174373292441e-06
5,23740,0.0008300388071802445,9.963142003378995e-06
5,23750,0.0008183665180695242,9.963109619297773e-06
5,23760,0.0008226212608860805,9.963077221048862e-06
5,23770,0.0008186605584342033,9.963044808632354e-06
5,23780,0.0008212124521378428,9.963012382048346e-06
5,23790,0.0008172927162377163,9.96297994129693e-06
5,23800,0.0008283539733383805,9.962947486378196e-06
5,23810,0.0008293911902001128,9.962915017292235e-06
5,23820,0.0008202818120480516,9.962882534039145e-06
5,23830,0.0008267110199085436,9.962850036619014e-06
5,23840,0.0008219821291277185,9.962817525031934e-06
5,23850,0.000820637350261677,9.962784999278004e-06
5,23860,0.0008162196740158834,9.96275245935731e-06
5,23870,0.0008236880341428332,9.962719905269951e-06
5,23880,0.0008241211879067124,9.962687337016019e-06
5,23890,0.000827698603097815,9.962654754595601e-06
5,23900,0.0008319184635183774,9.962622158008796e-06
5,23910,0.0008285200819955207,9.962589547255695e-06
5,23920,0.000825265666935593,9.96255692233639e-06
5,23930,0.0008221118958317674,9.96252428325098e-06
5,23940,0.0008263427444035187,9.962491629999554e-06
5,23950,0.000816255713289138,9.9624589625822e-06
5,23960,0.0008183780839317478,9.96242628099902e-06
5,23970,0.0008229255865444429,9.962393585250104e-06
5,23980,0.0008089722483418882,9.962360875335544e-06
5,23990,0.0008286764947115443,9.962328151255437e-06
5,24000,0.000824734014167916,9.962295413009873e-06
5,24010,0.0008334255689987913,9.962262660598946e-06
5,24020,0.0008255747467046603,9.962229894022746e-06
5,24030,0.000831663960707374,9.962197113281373e-06
5,24040,0.0008193319707061164,9.96216431837492e-06
5,24050,0.0008243967560702004,9.962131509303471e-06
5,24060,0.0008183355850633234,9.962098686067126e-06
5,24070,0.0008347892915480771,9.962065848665983e-06
5,24080,0.0008177153475116938,9.962032997100133e-06
5,24090,0.0008261546667199582,9.962000131369669e-06
5,24100,0.0008232148189563304,9.961967251474685e-06
5,24110,0.0008247983147157355,9.961934357415273e-06
5,24120,0.0008199529998819345,9.96190144919153e-06
5,24130,0.0008255249689682388,9.96186852680355e-06
5,24140,0.000822213289211504,9.961835590251425e-06
5,24150,0.0008237779096816667,9.961802639535251e-06
5,24160,0.0008177256779163145,9.961769674655116e-06
5,24170,0.0008173058100510388,9.961736695611124e-06
5,24180,0.0008129678448312915,9.96170370240336e-06
5,24190,0.0008223742566769943,9.961670695031925e-06
5,24200,0.0008211950233089737,9.961637673496907e-06
5,24210,0.0008272238657809794,9.961604637798407e-06
5,24220,0.0008253089181380345,9.961571587936513e-06
5,24230,0.0008283970426418818,9.961538523911325e-06
5,24240,0.0008217371985665522,9.961505445722935e-06
5,24250,0.0008206207799958064,9.961472353371435e-06
5,24260,0.0008320705033838749,9.961439246856925e-06
5,24270,0.0008274615116533824,9.96140612617949e-06
5,24280,0.0008164390368619935,9.961372991339234e-06
5,24290,0.0008164286889950744,9.961339842336245e-06
5,24300,0.0008192425491870382,9.961306679170625e-06
5,24310,0.0008169297856511549,9.961273501842459e-06
5,24320,0.0008311894562211819,9.961240310351852e-06
5,24330,0.0008256546236225404,9.961207104698891e-06
5,24340,0.0008219349940191022,9.961173884883675e-06
5,24350,0.0008184858947061002,9.961140650906302e-06
5,24360,0.000820742771611549,9.96110740276686e-06
5,24370,0.0008220846284530126,9.961074140465446e-06
5,24380,0.000825677640386857,9.961040864002154e-06
5,24390,0.0008290800426038914,9.96100757337708e-06
5,24400,0.0008194791298592463,9.960974268590321e-06
5,24410,0.0008211586478864774,9.96094094964197e-06
5,24420,0.0008293889433844015,9.960907616532122e-06
5,24430,0.0008197438146453351,9.960874269260871e-06
5,24440,0.0008207035265513696,9.960840907828318e-06
5,24450,0.000819186883745715,9.960807532234549e-06
5,24460,0.0008172265792381948,9.960774142479665e-06
5,24470,0.000840646198776085,9.96074073856376e-06
5,24480,0.000819956987106707,9.960707320486932e-06
5,24490,0.0008100448001641781,9.960673888249275e-06
5,24500,0.0008319451095303521,9.960640441850883e-06
5,24510,0.0008307771451654844,9.960606981291851e-06
5,24520,0.0008308325792313554,9.96057350657228e-06
5,24530,0.0008351781463716178,9.960540017692257e-06
5,24540,0.0008242698124377057,9.960506514651884e-06
5,24550,0.0008241732779424637,9.960472997451256e-06
5,24560,0.0008234443390392699,9.960439466090464e-06
5,24570,0.000823392506572418,9.960405920569611e-06
5,24580,0.0008264415562734939,9.960372360888788e-06
5,24590,0.0008195384885766543,9.960338787048087e-06
5,24600,0.0008197627103072591,9.960305199047608e-06
5,24610,0.000826192696695216,9.960271596887447e-06
5,24620,0.0008285256539238616,9.960237980567704e-06
5,24630,0.0008160196637618355,9.960204350088469e-06
5,24640,0.0008246295546996407,9.960170705449843e-06
5,24650,0.0008208666244172491,9.96013704665192e-06
5,24660,0.0008068432114669121,9.960103373694793e-06
5,24670,0.0008214461180614308,9.960069686578561e-06
5,24680,0.0008193887144443579,9.960035985303322e-06
5,24690,0.0008340576721820981,9.960002269869166e-06
5,24700,0.0008231730869738385,9.959968540276193e-06
5,24710,0.000820843578549102,9.959934796524499e-06
5,24720,0.0008189298794604837,9.959901038614181e-06
5,24730,0.000825663453724701,9.959867266545333e-06
5,24740,0.0008149194763973355,9.959833480318057e-06
5,24750,0.0008187485567759723,9.959799679932442e-06
5,24760,0.0008265848446171731,9.95976586538859e-06
5,24770,0.0008275722328107804,9.959732036686598e-06
5,24780,0.000818875124969054,9.959698193826561e-06
5,24790,0.0008220429896027781,9.959664336808572e-06
5,24800,0.0008260572561994196,9.959630465632731e-06
5,24810,0.0008153465882060119,9.959596580299136e-06
5,24820,0.0008263930896646344,9.959562680807878e-06
5,24830,0.0008205587699194438,9.959528767159062e-06
5,24840,0.0008303852009703405,9.959494839352778e-06
5,24850,0.0008237122849095612,9.959460897389126e-06
5,24860,0.0008268162375316024,9.959426941268203e-06
5,24870,0.000824903347529471,9.959392970990105e-06
5,24880,0.0008280615846160799,9.959358986554929e-06
5,24890,0.0008278068664367311,9.959324987962772e-06
5,24900,0.000819442595820874,9.959290975213734e-06
5,24910,0.0008197064613341353,9.959256948307909e-06
5,24920,0.0008134144707582892,9.959222907245394e-06
5,24930,0.0008151284433552064,9.959188852026286e-06
5,24940,0.0008120165759464726,9.959154782650685e-06
5,24950,0.0008165463790646753,9.959120699118686e-06
5,24960,0.0008191096218070016,9.959086601430385e-06
5,24970,0.0008262967996415683,9.959052489585885e-06
5,24980,0.0008231633633840829,9.959018363585272e-06
5,24990,0.000820156349800527,9.958984223428654e-06
5,25000,0.000825419979810249,9.958950069116127e-06
5,25010,0.0008149245535605587,9.958915900647788e-06
5,25020,0.0008273149447632022,9.958881718023733e-06
5,25030,0.0008237231275415979,9.95884752124406e-06
5,25040,0.000810427732358221,9.958813310308864e-06
5,25050,0.0008156138079357333,9.958779085218246e-06
5,25060,0.000812134581792634,9.9587448459723e-06
5,25070,0.0008166687141056173,9.958710592571125e-06
5,25080,0.0008095058932667599,9.958676325014822e-06
5,25090,0.0008255043983808718,9.958642043303485e-06
5,25100,0.000816869105619844,9.958607747437215e-06
5,25110,0.0008162535697920248,9.958573437416107e-06
5,25120,0.0008234895722125657,9.958539113240265e-06
5,25130,0.0008175592185580172,9.958504774909781e-06
5,25140,0.0008200477430364118,9.958470422424754e-06
5,25150,0.0008224095072364435,9.958436055785286e-06
5,25160,0.0008087132475338877,9.958401674991467e-06
5,25170,0.0008196571638109163,9.958367280043406e-06
5,25180,0.0008186123624909669,9.958332870941191e-06
5,25190,0.0008166527419234626,9.958298447684928e-06
5,25200,0.0008268075835076161,9.958264010274707e-06
5,25210,0.0008313934929901734,9.958229558710631e-06
5,25220,0.0008199114527087659,9.958195092992803e-06
5,25230,0.00083117372560082,9.958160613121317e-06
5,25240,0.0008212393950088881,9.958126119096273e-06
5,25250,0.0008105455359327607,9.958091610917762e-06
5,25260,0.0008110494251013735,9.958057088585892e-06
5,25270,0.0008201928401831537,9.958022552100753e-06
5,25280,0.000824015829130076,9.95798800146245e-06
5,25290,0.0008196284732548521,9.957953436671082e-06
5,25300,0.0008232311534811742,9.957918857726746e-06
5,25310,0.0008346330942003988,9.957884264629543e-06
5,25320,0.0008209486142732202,9.957849657379564e-06
5,25330,0.0008230758539866656,9.957815035976914e-06
5,25340,0.0008155284434906207,9.957780400421692e-06
5,25350,0.0008172635833034291,9.957745750713993e-06
5,25360,0.0008135609299642964,9.95771108685392e-06
5,25370,0.0008291003308841027,9.95767640884157e-06
5,25380,0.0008249678270658478,9.957641716677043e-06
5,25390,0.0008271263795904816,9.95760701036044e-06
5,25400,0.0008285306699690408,9.957572289891852e-06
5,25410,0.000826783168304246,9.957537555271387e-06
5,25420,0.0008156898606102913,9.957502806499137e-06
5,25430,0.000818456283013802,9.957468043575207e-06
5,25440,0.0008102761101326905,9.957433266499693e-06
5,25450,0.0008216077403631061,9.957398475272699e-06
5,25460,0.0008227755228290334,9.95736366989432e-06
5,25470,0.0008244958458817563,9.957328850364657e-06
5,25480,0.000823241840407718,9.957294016683807e-06
5,25490,0.0008191281376639381,9.95725916885187e-06
5,25500,0.0008199346921173856,9.957224306868947e-06
5,25510,0.0008243560179835185,9.957189430735137e-06
5,25520,0.0008171401641448027,9.95715454045054e-06
5,25530,0.0008237498012022116,9.957119636015255e-06
5,25540,0.0008244339260272682,9.95708471742938e-06
5,25550,0.0008189888059860096,9.95704978469302e-06
5,25560,0.0008181871788110584,9.957014837806271e-06
5,25570,0.0008113526200759225,9.956979876769232e-06
5,25580,0.0008180840435670689,9.956944901582003e-06
5,25590,0.0008228711099945939,9.956909912244687e-06
5,25600,0.0008250484694144689,9.956874908757378e-06
5,25610,0.0008232929831137881,9.956839891120181e-06
5,25620,0.0008305181574542076,9.956804859333194e-06
5,25630,0.0008184052494470961,9.956769813396515e-06
5,25640,0.0008199075236916541,9.956734753310248e-06
5,25650,0.0008194091060431674,9.956699679074492e-06
5,25660,0.0008371282427106052,9.956664590689348e-06
5,25670,0.0008284109790110961,9.956629488154916e-06
5,25680,0.0008204492463846692,9.956594371471292e-06
5,25690,0.0008135575320920906,9.956559240638579e-06
5,25700,0.000830749022134114,9.956524095656877e-06
5,25710,0.0008298875647597014,9.95648893652629e-06
5,25720,0.0008151017755153589,9.956453763246915e-06
5,25730,0.0008145203988533466,9.95641857581885e-06
5,25740,0.0008191405489924364,9.956383374242199e-06
5,25750,0.0008310757955769077,9.956348158517062e-06
5,25760,0.0008166997882653959,9.95631292864354e-06
5,25770,0.0008229065177147276,9.956277684621734e-06
5,25780,0.0008144563995301723,9.95624242645174e-06
5,25790,0.0008349971496500075,9.956207154133663e-06
5,25800,0.0008224580422393046,9.956171867667602e-06
5,25810,0.0008261922383098864,9.956136567053658e-06
5,25820,0.0008163290811353363,9.956101252291932e-06
5,25830,0.0008209766237996519,9.956065923382524e-06
5,25840,0.0008138100325595588,9.956030580325535e-06
5,25850,0.0008238612121203914,9.955995223121067e-06
5,25860,0.0008191580738639459,9.95595985176922e-06
5,25870,0.0008199321760912426,9.955924466270097e-06
5,25880,0.0008219456911319866,9.955889066623799e-06
5,25890,0.0008166046274709516,9.955853652830424e-06
5,25900,0.000814799012732692,9.955818224890073e-06
5,25910,0.0008220023824833333,9.955782782802847e-06
5,25920,0.0008123553270706907,9.955747326568852e-06
5,25930,0.0008115704040392302,9.955711856188186e-06
5,25940,0.0008175246985047124,9.955676371660952e-06
5,25950,0.0008289501070976256,9.955640872987247e-06
5,25960,0.0008192839290131815,9.955605360167178e-06
5,25970,0.0008238005553721449,9.95556983320084e-06
5,25980,0.0008236547786509618,9.955534292088339e-06
5,25990,0.0008299347420688719,9.955498736829776e-06
5,26000,0.0008179322379874065,9.955463167425253e-06
5,26010,0.0008164136655977928,9.955427583874871e-06
5,26020,0.0008179861528333277,9.95539198617873e-06
5,26030,0.0008218488103011623,9.955356374336928e-06
5,26040,0.0008295645107864402,9.955320748349576e-06
5,26050,0.0008224185454309917,9.955285108216768e-06
5,26060,0.000809297413798049,9.955249453938609e-06
5,26070,0.0008106041306746193,9.9552137855152e-06
5,26080,0.000814553843520116,9.955178102946645e-06
5,26090,0.000819945044349879,9.955142406233045e-06
5,26100,0.0008254449217929505,9.955106695374499e-06
5,26110,0.000820364139508456,9.955070970371107e-06
5,26120,0.0008223333526984789,9.955035231222979e-06
5,26130,0.0008183889556676149,9.954999477930215e-06
5,26140,0.0008127397624775768,9.954963710492912e-06
5,26150,0.000830372588825412,9.954927928911176e-06
5,26160,0.0008225388155551627,9.954892133185106e-06
5,26170,0.0008217526963562704,9.954856323314807e-06
5,26180,0.0008226549383834937,9.954820499300382e-06
5,26190,0.0008271589118521662,9.954784661141936e-06
5,26200,0.0008247871373896487,9.954748808839562e-06
5,26210,0.0008146463558659888,9.954712942393371e-06
5,26220,0.0008129988666041755,9.954677061803463e-06
5,26230,0.0008178149510058574,9.954641167069936e-06
5,26240,0.0008123403196805157,9.954605258192896e-06
5,26250,0.0008272682593087667,9.954569335172443e-06
5,26260,0.000818412819353398,9.954533398008686e-06
5,26270,0.0008135233292705379,9.954497446701721e-06
5,26280,0.0008181039083865471,9.954461481251655e-06
5,26290,0.0008094020246062427,9.95442550165859e-06
5,26300,0.0008271401937236078,9.954389507922626e-06
5,26310,0.0008208236526115797,9.954353500043865e-06
5,26320,0.0008228132006479427,9.954317478022409e-06
5,26330,0.0008162476195138879,9.954281441858368e-06
5,26340,0.000812225767003838,9.954245391551842e-06
5,26350,0.0008056223319726996,9.95420932710293e-06
5,26360,0.0008262113871751352,9.95417324851174e-06
5,26370,0.0008109775924822315,9.954137155778371e-06
5,26380,0.0008219762341468595,9.954101048902928e-06
5,26390,0.0008199793301173486,9.954064927885518e-06
5,26400,0.000818793979124166,9.954028792726238e-06
5,26410,0.0008178084783139639,9.953992643425191e-06
5,26420,0.0008290567464428023,9.95395647998248e-06
5,26430,0.000824650029244367,9.953920302398212e-06
5,26440,0.0008155291667208076,9.953884110672489e-06
5,26450,0.0008149864355800673,9.953847904805414e-06
5,26460,0.0008166636602254585,9.953811684797088e-06
5,26470,0.0008148485445417464,9.953775450647614e-06
5,26480,0.0008110446797218174,9.953739202357104e-06
5,26490,0.0008164461716660299,9.953702939925653e-06
5,26500,0.0008216486981837079,9.953666663353366e-06
5,26510,0.0008122431565425359,9.953630372640352e-06
5,26520,0.0008224847901146859,9.953594067786706e-06
5,26530,0.0008241827745223418,9.953557748792536e-06
5,26540,0.0008231723375502042,9.953521415657945e-06
5,26550,0.0008197664588806219,9.953485068383041e-06
5,26560,0.0008123584862914868,9.953448706967925e-06
5,26570,0.0008287548334919848,9.953412331412698e-06
5,26580,0.0008313351427204907,9.953375941717462e-06
5,26590,0.0008214636400225572,9.953339537882327e-06
5,26600,0.0008205191537854263,9.953303119907397e-06
5,26610,0.0008188144798623398,9.953266687792771e-06
5,26620,0.0008177130264812149,9.953230241538555e-06
5,26630,0.0008090153118246234,9.953193781144854e-06
5,26640,0.000815481148310937,9.953157306611772e-06
5,26650,0.0008147663989802822,9.953120817939411e-06
5,26660,0.0008197658433346078,9.953084315127879e-06
5,26670,0.0008158898082911037,9.953047798177277e-06
5,26680,0.0008196283990400844,9.95301126708771e-06
5,26690,0.0008124383093672805,9.952974721859286e-06
5,26700,0.0008180279910448007,9.952938162492098e-06
5,26710,0.0008157358330208807,9.952901588986264e-06
5,26720,0.0008106716675683857,9.952865001341878e-06
5,26730,0.0008094188218819909,9.952828399559052e-06
5,26740,0.0008099351674900391,9.952791783637885e-06
5,26750,0.0008150182271492667,9.952755153578489e-06
5,26760,0.0008200844735256397,9.952718509380959e-06
5,26770,0.000820128375198692,9.952681851045407e-06
5,26780,0.0008100584193016402,9.952645178571935e-06
5,26790,0.0008297941443743185,9.952608491960646e-06
5,26800,0.0008129229478072374,9.952571791211649e-06
5,26810,0.000818608544068411,9.952535076325042e-06
5,26820,0.0008205617166822776,9.952498347300938e-06
5,26830,0.0008109426562441513,9.952461604139436e-06
5,26840,0.0008123753374093212,9.952424846840642e-06
5,26850,0.0008188160238205455,9.95238807540466e-06
5,26860,0.0008144425810314715,9.952351289831599e-06
5,26870,0.000816859575570561,9.95231449012156e-06
5,26880,0.0008100498394924215,9.952277676274652e-06
5,26890,0.0008187523446395062,9.952240848290978e-06
5,26900,0.0008287534685223363,9.95220400617064e-06
5,26910,0.0008176660820026883,9.952167149913746e-06
5,26920,0.0008122745377477259,9.952130279520403e-06
5,26930,0.0008133187322528102,9.952093394990711e-06
5,26940,0.0008300689121824689,9.95205649632478e-06
5,26950,0.0008194508933229372,9.952019583522714e-06
5,26960,0.0008195771210012025,9.951982656584619e-06
5,26970,0.0008068995724897833,9.9519457155106e-06
5,26980,0.0008095935176243075,9.95190876030076e-06
5,26990,0.0008211263542762026,9.951871790955207e-06
5,27000,0.0008215488662244752,9.951834807474047e-06
5,27010,0.0008176808260031976,9.951797809857386e-06
5,27020,0.0008352959150215611,9.951760798105333e-06
5,27030,0.0008357736602192745,9.951723772217984e-06
5,27040,0.0008188288295059465,9.951686732195453e-06
5,27050,0.0008246544239227661,9.951649678037835e-06
5,27060,0.0008187375904526561,9.951612609745248e-06
5,27070,0.0008230456107412464,9.951575527317794e-06
5,27080,0.0008112995026749558,9.951538430755576e-06
5,27090,0.0008204501558793708,9.951501320058706e-06
5,27100,0.0008199768330086955,9.951464195227282e-06
5,27110,0.0008132464834488928,9.951427056261414e-06
5,27120,0.000808072830841411,9.951389903161205e-06
5,27130,0.0008082831074716524,9.951352735926768e-06
5,27140,0.0008169088454451412,9.951315554558205e-06
5,27150,0.0008204303565435111,9.951278359055622e-06
5,27160,0.0008212937624193728,9.951241149419127e-06
5,27170,0.0008069014977081679,9.95120392564882e-06
5,27180,0.0008169874956365675,9.951166687744813e-06
5,27190,0.0008149856686941348,9.951129435707212e-06
5,27200,0.000807837645697873,9.951092169536121e-06
5,27210,0.0008159779128618539,9.951054889231652e-06
5,27220,0.000802531372755766,9.951017594793906e-06
5,27230,0.0008110340757411905,9.950980286222992e-06
5,27240,0.0008199420859455131,9.950942963519012e-06
5,27250,0.0008158841650583781,9.950905626682078e-06
5,27260,0.0008210070605855435,9.950868275712293e-06
5,27270,0.0008115445089060813,9.950830910609765e-06
5,27280,0.0008297565000248142,9.950793531374604e-06
5,27290,0.0008176529285265133,9.950756138006911e-06
5,27300,0.0008214020606828853,9.950718730506794e-06
5,27310,0.0008173219306627287,9.950681308874361e-06
5,27320,0.0008088504881015978,9.95064387310972e-06
5,27330,0.0008163620936102233,9.950606423212974e-06
5,27340,0.0008163531587342731,9.950568959184231e-06
5,27350,0.0008233812113758175,9.950531481023604e-06
5,27360,0.0008125391002977266,9.95049398873119e-06
5,27370,0.0008199202318792232,9.950456482307106e-06
5,27380,0.0008128255634801462,9.950418961751454e-06
5,27390,0.0008141015321598388,9.950381427064337e-06
5,27400,0.0008196430731914005,9.950343878245869e-06
5,27410,0.0008150673354975879,9.950306315296156e-06
5,27420,0.0007994931220309809,9.950268738215307e-06
5,27430,0.0008080640982370823,9.950231147003422e-06
5,27440,0.0008194806054234503,9.950193541660608e-06
5,27450,0.0008220327988965436,9.950155922186983e-06
5,27460,0.0008197100745746866,9.95011828858265e-06
5,27470,0.0008112210984108969,9.950080640847713e-06
5,27480,0.00081973934720736,9.950042978982282e-06
5,27490,0.0008110303489957005,9.95000530298646e-06
5,27500,0.0008320301290950737,9.949967612860361e-06
5,27510,0.0008160184763255528,9.94992990860409e-06
5,27520,0.000825115769112017,9.949892190217753e-06
5,27530,0.0008130086513119749,9.949854457701458e-06
5,27540,0.000819679192500189,9.949816711055316e-06
5,27550,0.0008219481285777874,9.949778950279434e-06
5,27560,0.000818756700027734,9.949741175373919e-06
5,27570,0.0008195143600460142,9.949703386338878e-06
5,27580,0.0008118443452985959,9.949665583174418e-06
5,27590,0.0008212436980102211,9.94962776588065e-06
5,27600,0.0007986266587977297,9.94958993445768e-06
5,27610,0.0008129488021950237,9.949552088905616e-06
5,27620,0.000822881847852841,9.949514229224565e-06
5,27630,0.0008273438186733983,9.949476355414636e-06
5,27640,0.0008191223023459316,9.949438467475936e-06
5,27650,0.0008202840923331677,9.949400565408573e-06
5,27660,0.0008094454140518792,9.949362649212659e-06
5,27670,0.0008168670276063495,9.949324718888304e-06
5,27680,0.0008282475144369527,9.949286774435608e-06
5,27690,0.0008136476142681203,9.949248815854683e-06
5,27700,0.0008081071588094346,9.949210843145639e-06
5,27710,0.0008206942002288997,9.949172856308583e-06
5,27720,0.0008149285320541821,9.949134855343622e-06
5,27730,0.0008113229196169414,9.949096840250868e-06
5,27740,0.0008146318039507605,9.949058811030426e-06
5,27750,0.0008206892380258068,9.949020767682405e-06
5,27760,0.0008140502002788707,9.948982710206916e-06
5,27770,0.0008228291058912872,9.948944638604068e-06
5,27780,0.00082703611406032,9.948906552873967e-06
5,27790,0.0008232560052420012,9.948868453016723e-06
5,27800,0.000820087527972646,9.948830339032446e-06
5,27810,0.0008151924528647214,9.948792210921236e-06
5,27820,0.0008202412936952896,9.948754068683213e-06
5,27830,0.0008164683415088802,9.948715912318482e-06
5,27840,0.0008170502871507779,9.948677741827155e-06
5,27850,0.0008163750113453715,9.948639557209337e-06
5,27860,0.0008096045319689438,9.948601358465137e-06
5,27870,0.0008217493334086612,9.948563145594671e-06
5,27880,0.0008131857670377941,9.948524918598031e-06
5,27890,0.0008099039274384267,9.948486677475349e-06
5,27900,0.0008115068456390873,9.948448422226716e-06
5,27910,0.0008110786569886841,9.948410152852247e-06
5,27920,0.0008338336148881353,9.948371869352052e-06
5,27930,0.0008166311119566672,9.948333571726243e-06
5,27940,0.0008237207162892446,9.948295259974924e-06
5,27950,0.0008169706328772009,9.948256934098207e-06
5,27960,0.0008240044757258148,9.948218594096202e-06
5,27970,0.0008142302889609709,9.948180239969017e-06
5,27980,0.0008097104742773808,9.948141871716766e-06
5,27990,0.000815233075991273,9.948103489339555e-06
5,28000,0.0008168630898580886,9.948065092837489e-06
5,28010,0.0008023346861591563,9.948026682210685e-06
5,28020,0.0008272397957625798,9.947988257459246e-06
5,28030,0.0008115066535538062,9.947949818583285e-06
5,28040,0.0008135843614581971,9.947911365582915e-06
5,28050,0.0008130998525302858,9.947872898458244e-06
5,28060,0.0008109951653750613,9.947834417209378e-06
5,28070,0.0008089526207186281,9.947795921836432e-06
5,28080,0.0008149589397362434,9.947757412339512e-06
5,28090,0.0008216063593863509,9.94771888871873e-06
5,28100,0.0008122981715132483,9.947680350974193e-06
5,28110,0.000817743565130513,9.947641799106012e-06
5,28120,0.0008109206333756447,9.9476032331143e-06
5,28130,0.0008071095042396336,9.947564652999164e-06
5,28140,0.0008167276246240363,9.947526058760712e-06
5,28150,0.0008134971518302338,9.947487450399062e-06
5,28160,0.0008152056252583861,9.947448827914318e-06
5,28170,0.0008150404421030543,9.947410191306595e-06
5,28180,0.0008259778478532098,9.947371540575998e-06
5,28190,0.0008055368889472447,9.94733287572264e-06
5,28200,0.0008118384866975248,9.94729419674663e-06
5,28210,0.0008110807684715836,9.94725550364808e-06
5,28220,0.0008017506857868283,9.9472167964271e-06
5,28230,0.0008186625418602489,9.9471780750838e-06
5,28240,0.0008090548362815753,9.947139339618292e-06
5,28250,0.0008232435706304387,9.947100590030684e-06
5,28260,0.0008106972018140368,9.947061826321094e-06
5,28270,0.0008179906842997297,9.947023048489625e-06
5,28280,0.0008206130674807354,9.946984256536387e-06
5,28290,0.0008112427181913517,9.946945450461492e-06
5,28300,0.0008062158609391189,9.946906630265054e-06
5,28310,0.0008166455329046585,9.946867795947177e-06
5,28320,0.0008278872221126222,9.946828947507981e-06
5,28330,0.0008151944450219162,9.946790084947574e-06
5,28340,0.0008130178917781451,9.946751208266061e-06
5,28350,0.0008074852143181488,9.946712317463558e-06
5,28360,0.0008248172496678307,9.946673412540177e-06
5,28370,0.0008188294581486843,9.946634493496027e-06
5,28380,0.0008219650640967302,9.946595560331221e-06
5,28390,0.0008110002483590506,9.946556613045868e-06
5,28400,0.0008144479521433824,9.946517651640078e-06
5,28410,0.0008163856953615322,9.946478676113967e-06
5,28420,0.0008114161857520231,9.946439686467644e-06
5,28430,0.0008173463123966941,9.946400682701222e-06
5,28440,0.0008346537288161925,9.946361664814808e-06
5,28450,0.0008144650986650958,9.946322632808515e-06
5,28460,0.0008071224001469091,9.946283586682455e-06
5,28470,0.0008216334041208029,9.946244526436738e-06
5,28480,0.0008141590296872891,9.946205452071477e-06
5,28490,0.0008125572800054214,9.946166363586782e-06
5,28500,0.0008065831483691,9.946127260982767e-06
5,28510,0.0008210573607357219,9.946088144259545e-06
5,28520,0.0008149078479618765,9.946049013417224e-06
5,28530,0.0008183947385987266,9.946009868455917e-06
5,28540,0.0008108100446406752,9.945970709375735e-06
5,28550,0.0008322840527398512,9.945931536176791e-06
5,28560,0.0008188175139366648,9.945892348859197e-06
5,28570,0.0008195082191377878,9.945853147423061e-06
5,28580,0.0008085089910309762,9.945813931868499e-06
5,28590,0.0008239063943619839,9.945774702195625e-06
5,28600,0.0008105312925181351,9.945735458404544e-06
5,28610,0.0008212446758989244,9.945696200495373e-06
5,28620,0.0008114277487038635,9.945656928468226e-06
5,28630,0.0008183335958165117,9.945617642323212e-06
5,28640,0.0008072937285760418,9.94557834206044e-06
5,28650,0.0008087214504485019,9.94553902768003e-06
5,28660,0.0008206357611925341,9.945499699182085e-06
5,28670,0.0008132956383633427,9.94546035656672e-06
5,28680,0.0008194090987672098,9.945420999834055e-06
5,28690,0.0008165235383785329,9.945381628984193e-06
5,28700,0.0008094650402199477,9.945342244017256e-06
5,28710,0.0008189450949430467,9.945302844933349e-06
5,28720,0.0008230628765886649,9.945263431732583e-06
5,28730,0.000822508080455009,9.945224004415074e-06
5,28740,0.0008286205440526829,9.945184562980937e-06
5,28750,0.0008212023007217794,9.94514510743028e-06
5,28760,0.0008171105859219097,9.945105637763216e-06
5,28770,0.0008155711213476025,9.94506615397986e-06
5,28780,0.0008241846735472791,9.945026656080325e-06
5,28790,0.0008176232935511508,9.94498714406472e-06
5,28800,0.0008090808885754086,9.944947617933161e-06
5,28810,0.0008108905618428252,9.944908077685763e-06
5,28820,0.0008131943613989278,9.944868523322631e-06
5,28830,0.0008116711062029936,9.944828954843885e-06
5,28840,0.0008112717885524035,9.944789372249637e-06
5,28850,0.0008254566040704958,9.944749775539996e-06
5,28860,0.0008119518301100471,9.944710164715078e-06
5,28870,0.0008106369874440135,9.944670539774996e-06
5,28880,0.0008114253359963186,9.944630900719862e-06
5,28890,0.0008135204770951532,9.94459124754979e-06
5,28900,0.000810242311854381,9.944551580264892e-06
5,28910,0.0008124066560412757,9.944511898865283e-06
5,28920,0.0008167148727807217,9.944472203351077e-06
5,28930,0.0008102975654765033,9.944432493722388e-06
5,28940,0.0008153446920914577,9.944392769979326e-06
5,28950,0.0008109337548376061,9.944353032122007e-06
5,28960,0.0008074022058281116,9.944313280150545e-06
5,28970,0.0008145480460370891,9.94427351406505e-06
5,28980,0.0008128865738399327,9.944233733865636e-06
5,28990,0.0008147501590428874,9.944193939552418e-06
5,29000,0.0008059777886956,9.944154131125506e-06
5,29010,0.0008101828978396952,9.944114308585023e-06
5,29020,0.000810164814174641,9.944074471931077e-06
5,29030,0.0008064835274126381,9.94403462116378e-06
5,29040,0.0008134457428241148,9.943994756283245e-06
5,29050,0.0008122045066556894,9.943954877289592e-06
5,29060,0.0008129199311952106,9.943914984182928e-06
5,29070,0.0008228599443100392,9.943875076963368e-06
5,29080,0.0008198117095162161,9.943835155631032e-06
5,29090,0.0008141200349200518,9.943795220186024e-06
5,29100,0.0008100010440102778,9.943755270628468e-06
5,29110,0.0008163770806277171,9.943715306958474e-06
5,29120,0.000816988036967814,9.943675329176154e-06
5,29130,0.0008188934327336028,9.943635337281625e-06
5,29140,0.0008119599136989563,9.943595331274996e-06
5,29150,0.0008099511644104496,9.943555311156385e-06
5,29160,0.0008130251851980574,9.94351527692591e-06
5,29170,0.0008138933451846242,9.943475228583681e-06
5,29180,0.0008048183284699917,9.943435166129817e-06
5,29190,0.0008129165245918556,9.943395089564427e-06
5,29200,0.0008062664259341545,9.943354998887628e-06
5,29210,0.0008153667426086031,9.94331489409953e-06
5,29220,0.000813729032233823,9.943274775200251e-06
5,29230,0.0008192226538085379,9.943234642189909e-06
5,29240,0.000811209018866066,9.943194495068608e-06
5,29250,0.0008071900883805938,9.943154333836477e-06
5,29260,0.0008210313098970801,9.943114158493622e-06
5,29270,0.0008171599853085353,9.943073969040158e-06
5,29280,0.000806446590286214,9.943033765476195e-06
5,29290,0.0008191189263015985,9.94299354780186e-06
5,29300,0.0008048090981901624,9.942953316017257e-06
5,29310,0.0008106938141281717,9.942913070122505e-06
5,29320,0.0008096386896795593,9.94287281011772e-06
5,29330,0.0008212924833060242,9.942832536003013e-06
5,29340,0.0008173536552931181,9.942792247778501e-06
5,29350,0.0008297001681057737,9.942751945444301e-06
5,29360,0.0008196261784178204,9.942711629000531e-06
5,29370,0.0008131726674037055,9.942671298447295e-06
5,29380,0.0008149216577294282,9.94263095378472e-06
5,29390,0.0008031214223592542,9.942590595012917e-06
5,29400,0.0008185147002222948,9.942550222131999e-06
5,29410,0.0008060298001510091,9.942509835142085e-06
5,29420,0.0008158188007655553,9.942469434043284e-06
5,29430,0.000804186228197068,9.942429018835715e-06
5,29440,0.0008088697300991044,9.942388589519495e-06
5,29450,0.0008125352876959368,9.94234814609474e-06
5,validation,0.0008022546680876985,9.94234814609474e-06
6,29460,0.0008083192558842711,9.942307688561564e-06
6,29470,0.0008171702269464731,9.942267216920077e-06
6,29480,0.0008150689725880512,9.942226731170403e-06
6,29490,0.0008112510447972454,9.942186231312651e-06
6,29500,0.000816434009175282,9.94214571734694e-06
6,29510,0.0008068977840594016,9.94210518927339e-06
6,29520,0.0008239395028795116,9.942064647092107e-06
6,29530,0.0008147734726662748,9.942024090803214e-06
6,29540,0.0008120323182083666,9.941983520406825e-06
6,29550,0.0008069214789429679,9.941942935903055e-06
6,29560,0.0008125666718115098,9.941902337292022e-06
6,29570,0.0008142556180246174,9.941861724573842e-06
6,29580,0.000819072853482794,9.941821097748621e-06
6,29590,0.0008057686180109158,9.941780456816487e-06
6,29600,0.0008122716259094887,9.94173980177755e-06
6,29610,0.00080646335700294,9.94169913263193e-06
6,29620,0.0008089693321380765,9.94165844937974e-06
6,29630,0.0008169520166120492,9.9416177520211e-06
6,29640,0.0008103313870378771,9.941577040556122e-06
6,29650,0.0008048309726291336,9.941536314984922e-06
6,29660,0.0008068396389717236,9.94149557530762e-06
6,29670,0.0008158792683389039,9.941454821524327e-06
6,29680,0.0008041514200158417,9.941414053635167e-06
6,29690,0.0008128631103318185,9.941373271640251e-06
6,29700,0.0008143348182784395,9.94133247553969e-06
6,29710,0.0008086804213235156,9.941291665333612e-06
6,29720,0.0008118057245155797,9.941250841022128e-06
6,29730,0.0008028306139749474,9.941210002605353e-06
6,29740,0.0008189181695342995,9.941169150083406e-06
6,29750,0.0008234313121647574,9.941128283456401e-06
6,29760,0.0008133896568324416,9.941087402724459e-06
6,29770,0.0008058038540184498,9.941046507887695e-06
6,29780,0.0008150387060595676,9.941005598946223e-06
6,29790,0.0008103391504846513,9.940964675900162e-06
6,29800,0.0008176475661457517,9.940923738749629e-06
6,29810,0.000809999875491485,9.940882787494741e-06
6,29820,0.0008145698215230369,9.940841822135619e-06
6,29830,0.0008237724425271154,9.940800842672372e-06
6,29840,0.0008092422154732049,9.94075984910512e-06
6,29850,0.0008035381615627557,9.94071884143398e-06
6,29860,0.0008088810951448976,9.940677819659073e-06
6,29870,0.0008127727676765061,9.940636783780509e-06
6,29880,0.0008152520458679646,9.940595733798414e-06
6,29890,0.0008118223893688991,9.940554669712897e-06
6,29900,0.0008079690072918311,9.940513591524076e-06
6,29910,0.0007993701539817266,9.940472499232072e-06
6,29920,0.0008091318464721553,9.940431392837003e-06
6,29930,0.0008191140092094429,9.94039027233898e-06
6,29940,0.0008188404666725547,9.940349137738126e-06
6,29950,0.000812524458160624,9.940307989034556e-06
6,29960,0.0008079540755716152,9.940266826228389e-06
6,29970,0.0008120676735416054,9.940225649319742e-06
6,29980,0.000828391793766059,9.940184458308733e-06
6,29990,0.0008098459598841145,9.940143253195477e-06
6,30000,0.0008109646107186564,9.940102033980096e-06
6,30010,0.0008059500833041966,9.940060800662705e-06
6,30020,0.0008071854972513393,9.94001955324342e-06
6,30030,0.0008162533864378928,9.939978291722361e-06
6,30040,0.0008142318474710919,9.939937016099647e-06
6,30050,0.0008045886497711763,9.939895726375393e-06
6,30060,0.0008099677826976404,9.939854422549721e-06
6,30070,0.0008022181762498803,9.939813104622743e-06
6,30080,0.0008166608778992668,9.939771772594582e-06
6,30090,0.0008121571343508549,9.939730426465352e-06
6,30100,0.0008063778252108023,9.939689066235173e-06
6,30110,0.0008182471210602671,9.939647691904163e-06
6,30120,0.0008170368324499576,9.939606303472439e-06
6,30130,0.0008132061047945172,9.939564900940122e-06
6,30140,0.0008172855785232969,9.93952348430733e-06
6,30150,0.0008127857639919966,9.939482053574178e-06
6,30160,0.0008113939155009575,9.93944060874079e-06
6,30170,0.0008108936279313638,9.939399149807274e-06
6,30180,0.0008015708343009464,9.939357676773756e-06
6,30190,0.0008170133092789911,9.939316189640352e-06
6,30200,0.000812502579356078,9.939274688407182e-06
6,30210,0.0008137137818266638,9.939233173074362e-06
6,30220,0.0008180605611414649,9.939191643642019e-06
6,30230,0.0008193407862563618,9.93915010011026e-06
6,30240,0.0008092864576610736,9.939108542479208e-06
6,30250,0.0008090471746982075,9.939066970748985e-06
6,30260,0.0008122680155793205,9.939025384919707e-06
6,30270,0.0008142777820467018,9.938983784991495e-06
6,30280,0.0008129341149469838,9.938942170964463e-06
6,30290,0.0008112635216093623,9.938900542838734e-06
6,30300,0.0008150538269546814,9.938858900614421e-06
6,30310,0.0008162050507962704,9.938817244291648e-06
6,30320,0.000808642475749366,9.938775573870533e-06
6,30330,0.0008165516337612644,9.938733889351192e-06
6,30340,0.0008109382790280505,9.938692190733753e-06
6,30350,0.0008128932196996175,9.938650478018321e-06
6,30360,0.0008129238776746207,9.938608751205027e-06
6,30370,0.0008252888568677007,9.938567010293984e-06
6,30380,0.0008131129172397778,9.938525255285315e-06
6,30390,0.0008075867954175919,9.93848348617914e-06
6,30400,0.0008255932698375545,9.938441702975572e-06
6,30410,0.0008142364458763042,9.938399905674738e-06
6,30420,0.0008120631930069066,9.938358094276745e-06
6,30430,0.0008106094319373369,9.938316268781725e-06
6,30440,0.0008114159689284861,9.93827442918979e-06
6,30450,0.0008129704991006292,9.938232575501066e-06
6,30460,0.0008136990320053883,9.938190707715667e-06
6,30470,0.0008194555644877255,9.938148825833712e-06
6,30480,0.000806392879167106,9.938106929855326e-06
6,30490,0.000810696194821503,9.938065019780628e-06
6,30500,0.0008100310922600328,9.938023095609732e-06
6,30510,0.0008029226068174466,9.937981157342762e-06
6,30520,0.0008161902835126967,9.937939204979834e-06
6,30530,0.0008049073032452724,9.937897238521066e-06
6,30540,0.0008043731984798797,9.937855257966585e-06
6,30550,0.0008045534937991761,9.93781326331651e-06
6,30560,0.0008121645587380045,9.937771254570957e-06
6,30570,0.0008204956495319494,9.937729231730048e-06
6,30580,0.0008262426665169187,9.937687194793904e-06
6,30590,0.0008134352989145554,9.937645143762648e-06
6,30600,0.000819808748201467,9.937603078636395e-06
6,30610,0.0008170754124876111,9.937560999415264e-06
6,30620,0.0008189675063476897,9.937518906099377e-06
6,30630,0.000809659510559868,9.937476798688854e-06
6,30640,0.0008110338763799517,9.93743467718381e-06
6,30650,0.0008139123354339973,9.937392541584373e-06
6,30660,0.0008091610070550814,9.93735039189066e-06
6,30670,0.0008090385410469025,9.937308228102792e-06
6,30680,0.0008078018305241129,9.937266050220891e-06
6,30690,0.0008122313156491145,9.937223858245073e-06
6,30700,0.0008077021891949698,9.937181652175464e-06
6,30710,0.000818146238452755,9.937139432012182e-06
6,30720,0.0008028309530345723,9.937097197755348e-06
6,30730,0.0008043928231927566,9.937054949405081e-06
6,30740,0.0008152215013979004,9.937012686961502e-06
6,30750,0.0008110209513688461,9.936970410424732e-06
6,30760,0.0008103315209154971,9.936928119794892e-06
6,30770,0.0008033582620555536,9.9368858150721e-06
6,30780,0.0007995783977094107,9.936843496256482e-06
6,30790,0.0008048577350564301,9.936801163348153e-06
6,30800,0.0008022844922379591,9.936758816347237e-06
6,30810,0.0008165884573827498,9.93671645525386e-06
6,30820,0.0008057932354859076,9.936674080068135e-06
6,30830,0.0008088753631454893,9.936631690790185e-06
6,30840,0.0008054500140133314,9.936589287420131e-06
6,30850,0.0008156025651260278,9.936546869958097e-06
6,30860,0.0008120270736981184,9.9365044384042e-06
6,30870,0.0008078164901235141,9.936461992758566e-06
6,30880,0.0008121159597067162,9.93641953302131e-06
6,30890,0.0008147591914166696,9.936377059192557e-06
6,30900,0.0008030869517824612,9.936334571272431e-06
6,30910,0.0008033240010263398,9.936292069261044e-06
6,30920,0.0008197060044039973,9.936249553158524e-06
6,30930,0.0008172030284185894,9.936207022964993e-06
6,30940,0.0008049955358728766,9.936164478680571e-06
6,30950,0.0008038976026000455,9.936121920305377e-06
6,30960,0.0008127581531880423,9.936079347839539e-06
6,30970,0.0007970397404278628,9.93603676128317e-06
6,30980,0.0008035363745875657,9.935994160636393e-06
6,30990,0.0008165924053173512,9.935951545899337e-06
6,31000,0.0008165920880855992,9.935908917072116e-06
6,31010,0.0008202974029700272,9.935866274154857e-06
6,31020,0.0008064078385359608,9.935823617147684e-06
6,31030,0.0008024133101571351,9.935780946050713e-06
6,31040,0.0008042872694204562,9.935738260864065e-06
6,31050,0.0008108936293865554,9.935695561587867e-06
6,31060,0.0008121908191242255,9.935652848222233e-06
6,31070,0.0008182151956134475,9.935610120767295e-06
6,31080,0.0008076353202341124,9.935567379223166e-06
6,31090,0.0008151205620379187,9.935524623589975e-06
6,31100,0.0008077722770394758,9.935481853867839e-06
6,31110,0.0008073301010881551,9.935439070056879e-06
6,31120,0.0008142342499922961,9.935396272157223e-06
6,31130,0.0008126627653837203,9.935353460168993e-06
6,31140,0.000811051286291331,9.935310634092305e-06
6,31150,0.0008121922262944281,9.935267793927288e-06
6,31160,0.0008149855406372808,9.935224939674059e-06
6,31170,0.0008033903111936525,9.935182071332741e-06
6,31180,0.0008136799529893325,9.935139188903457e-06
6,31190,0.000803804311726708,9.935096292386334e-06
6,31200,0.0008133768395055085,9.93505338178149e-06
6,31210,0.0008046222836128436,9.935010457089044e-06
6,31220,0.0008045014503295534,9.934967518309127e-06
6,31230,0.0008234643915784545,9.934924565441856e-06
6,31240,0.000824493523396086,9.934881598487355e-06
6,31250,0.0008058208957663737,9.934838617445747e-06
6,31260,0.0008101164465188048,9.934795622317148e-06
6,31270,0.000809733175265137,9.934752613101694e-06
6,31280,0.0008112683790386654,9.9347095897995e-06
6,31290,0.0008125079635647126,9.93466655241069e-06
6,31300,0.0008151451576850377,9.934623500935381e-06
6,31310,0.0008018024833290838,9.9345804353737e-06
6,31320,0.0008021016692509875,9.934537355725771e-06
6,31330,0.0008053849334828556,9.934494261991722e-06
6,31340,0.0008067654038313776,9.93445115417167e-06
6,31350,0.0008041604916797951,9.934408032265743e-06
6,31360,0.0008159006101777777,9.934364896274058e-06
6,31370,0.000810078669746872,9.93432174619674e-06
6,31380,0.0008189990432583727,9.934278582033911e-06
6,31390,0.000817869175807573,9.934235403785696e-06
6,31400,0.0008034621161641553,9.934192211452221e-06
6,31410,0.0008052105273236521,9.934149005033604e-06
6,31420,0.0008116181066725403,9.934105784529972e-06
6,31430,0.0008005179275642149,9.934062549941447e-06
6,31440,0.0008135138617944903,9.93401930126815e-06
6,31450,0.0008034305370529182,9.933976038510208e-06
6,31460,0.0008040633692871778,9.933932761667746e-06
6,31470,0.0008136161923175678,9.933889470740881e-06
6,31480,0.0008070147217949852,9.933846165729742e-06
6,31490,0.000811389580485411,9.93380284663445e-06
6,31500,0.0008213574954424984,9.933759513455136e-06
6,31510,0.0008057349041337147,9.933716166191911e-06
6,31520,0.0008076710801105946,9.933672804844909e-06
6,31530,0.0008065869260462932,9.933629429414246e-06
6,31540,0.0008047223309404217,9.93358603990005e-06
6,31550,0.0008136554068187251,9.933542636302447e-06
6,31560,0.0008119262434775009,9.93349921862156e-06
6,31570,0.0007939748422359117,9.933455786857512e-06
6,31580,0.0008099541446426883,9.933412341010425e-06
6,31590,0.0008005835930816829,9.933368881080422e-06
6,31600,0.0008026967887417413,9.933325407067633e-06
6,31610,0.0008077085876720957,9.933281918972179e-06
6,31620,0.000806845944316592,9.933238416794182e-06
6,31630,0.0008099571714410557,9.933194900533764e-06
6,31640,0.0008100218721665442,9.933151370191056e-06
6,31650,0.0008072631462709978,9.933107825766182e-06
6,31660,0.0008045251262956299,9.933064267259264e-06
6,31670,0.0008099094266071916,9.933020694670429e-06
6,31680,0.0008088518952718006,9.932977107999794e-06
6,31690,0.0008034986691200175,9.932933507247491e-06
6,31700,0.0008147919099428691,9.932889892413638e-06
6,31710,0.0008094253047602251,9.932846263498362e-06
6,31720,0.000804395871818997,9.932802620501788e-06
6,31730,0.0008048191084526479,9.932758963424045e-06
6,31740,0.0008085324880084954,9.932715292265252e-06
6,31750,0.0008102946027065627,9.93267160702554e-06
6,31760,0.0008067173432209529,9.932627907705025e-06
6,31770,0.0008113997348118574,9.932584194303839e-06
6,31780,0.0008099064478301444,9.932540466822102e-06
6,31790,0.0008062769527896307,9.932496725259943e-06
6,31800,0.000811585491464939,9.93245296961748e-06
6,31810,0.000808839853561949,9.932409199894844e-06
6,31820,0.000816996325738728,9.932365416092161e-06
6,31830,0.000820654461858794,9.93232161820955e-06
6,31840,0.0008131554917781615,9.932277806247139e-06
6,31850,0.0008078361031948588,9.932233980205051e-06
6,31860,0.0008158886732417159,9.932190140083412e-06
6,31870,0.00081054338515969,9.932146285882351e-06
6,31880,0.0008029572636587545,9.932102417601993e-06
6,31890,0.0008077147576841526,9.932058535242462e-06
6,31900,0.0008152143287588841,9.932014638803879e-06
6,31910,0.000802300000214018,9.931970728286372e-06
6,31920,0.0008042960645980201,9.931926803690068e-06
6,31930,0.0008074134995695204,9.931882865015092e-06
6,31940,0.0008006453819689341,9.931838912261566e-06
6,31950,0.0008035494320211001,9.93179494542962e-06
6,31960,0.0008079031264060177,9.931750964519375e-06
6,31970,0.0008138163553667255,9.93170696953096e-06
6,31980,0.0008216121379518882,9.931662960464499e-06
6,31990,0.0008138080695061944,9.931618937320121e-06
6,32000,0.0008095209515886382,9.931574900097949e-06
6,32010,0.0008084815184702164,9.93153084879811e-06
6,32020,0.0008012818929273636,9.931486783420732e-06
6,32030,0.0008008012795471587,9.931442703965933e-06
6,32040,0.0008152311871526762,9.931398610433844e-06
6,32050,0.0008074805242358706,9.931354502824587e-06
6,32060,0.0008051239550695754,9.931310381138294e-06
6,32070,0.0008118651821860112,9.931266245375089e-06
6,32080,0.0008208761733840219,9.931222095535092e-06
6,32090,0.0008062056949711405,9.931177931618438e-06
6,32100,0.0008084167246124707,9.93113375362525e-06
6,32110,0.0008077276754193008,9.931089561555651e-06
6,32120,0.0008090367235126905,9.931045355409768e-06
6,32130,0.0008014867533347569,9.931001135187725e-06
6,32140,0.0008069461007835343,9.930956900889657e-06
6,32150,0.0008112241834169255,9.930912652515683e-06
6,32160,0.0008092033764114603,9.930868390065927e-06
6,32170,0.0007998828863492235,9.930824113540523e-06
6,32180,0.0008138475022860803,9.930779822939596e-06
6,32190,0.0008100388717139141,9.930735518263267e-06
6,32200,0.0008239745584432966,9.93069119951167e-06
6,32210,0.0008089853523415512,9.930646866684925e-06
6,32220,0.0008029731514398008,9.930602519783164e-06
6,32230,0.0008135140989907086,9.930558158806505e-06
6,32240,0.000818429580249358,9.930513783755081e-06
6,32250,0.0007972796127432957,9.93046939462902e-06
6,32260,0.0008034427592065185,9.930424991428446e-06
6,32270,0.0008085784385912121,9.93038057415349e-06
6,32280,0.0008072024880675598,9.930336142804268e-06
6,32290,0.0008142602222505958,9.930291697380917e-06
6,32300,0.0008063569257501513,9.930247237883557e-06
6,32310,0.000819097900239285,9.930202764312322e-06
6,32320,0.0008103666390525177,9.930158276667336e-06
6,32330,0.0008084830042207614,9.930113774948725e-06
6,32340,0.0008069418661762028,9.930069259156617e-06
6,32350,0.0008114392243442125,9.930024729291136e-06
6,32360,0.0008045350594329648,9.929980185352417e-06
6,32370,0.0008130496978992596,9.929935627340582e-06
6,32380,0.0007992942526470869,9.929891055255756e-06
6,32390,0.0008101283689029514,9.929846469098068e-06
6,32400,0.0008087974434602076,9.929801868867646e-06
6,32410,0.0007975976492161862,9.929757254564619e-06
6,32420,0.0008052342833252623,9.92971262618911e-06
6,32430,0.0008131985669024289,9.929667983741248e-06
6,32440,0.0008158323034876958,9.929623327221162e-06
6,32450,0.0008170836284989491,9.929578656628982e-06
6,32460,0.0008157423930242659,9.929533971964829e-06
6,32470,0.0008049355979892424,9.929489273228834e-06
6,32480,0.0008091778290690854,9.929444560421127e-06
6,32490,0.0008027513729757629,9.92939983354183e-06
6,32500,0.0008095712983049452,9.929355092591074e-06
6,32510,0.0008144488354446367,9.929310337568986e-06
6,32520,0.0008118834361084737,9.929265568475696e-06
6,32530,0.0008047391078434884,9.929220785311328e-06
6,32540,0.0008089798764558509,9.929175988076013e-06
6,32550,0.0008158703451044858,9.929131176769875e-06
6,32560,0.0008018576321774162,9.929086351393048e-06
6,32570,0.0008200230353395455,9.929041511945653e-06
6,32580,0.0008015998697374015,9.928996658427822e-06
6,32590,0.0008085864479653539,9.928951790839684e-06
6,32600,0.0008043457768508234,9.92890690918137e-06
6,32610,0.0008071059666690416,9.928862013453e-06
6,32620,0.0008101613653707317,9.928817103654712e-06
6,32630,0.0008098672464257107,9.928772179786625e-06
6,32640,0.0007991435675648972,9.928727241848868e-06
6,32650,0.0007997121618245728,9.928682289841574e-06
6,32660,0.0008013226310140453,9.928637323764866e-06
6,32670,0.0008075721096247434,9.928592343618874e-06
6,32680,0.0008078513856162317,9.928547349403729e-06
6,32690,0.0008196015056455507,9.928502341119557e-06
6,32700,0.0008202584911487065,9.928457318766491e-06
6,32710,0.0008102255989797414,9.928412282344653e-06
6,32720,0.0008086434187134727,9.928367231854176e-06
6,32730,0.00080337514373241,9.928322167295187e-06
6,32740,0.0008050368211115712,9.928277088667815e-06
6,32750,0.0008071045172982848,9.92823199597219e-06
6,32760,0.0008060731590376236,9.92818688920844e-06
6,32770,0.0008070467214565724,9.92814176837669e-06
6,32780,0.0007956944362376817,9.928096633477076e-06
6,32790,0.0008148394874297083,9.92805148450972e-06
6,32800,0.000816173198109027,9.928006321474754e-06
6,32810,0.0008154618175467476,9.927961144372308e-06
6,32820,0.0008137826007441618,9.927915953202506e-06
6,32830,0.0008064708817983046,9.927870747965483e-06
6,32840,0.0008165205246768892,9.927825528661364e-06
6,32850,0.00081598779943306,9.92778029529028e-06
6,32860,0.0008138668330502696,9.927735047852363e-06
6,32870,0.000805665885854978,9.927689786347736e-06
6,32880,0.0008242679105023853,9.92764451077653e-06
6,32890,0.0008083819731837139,9.927599221138876e-06
6,32900,0.0008083441454800778,9.927553917434907e-06
6,32910,0.000805385858984664,9.927508599664747e-06
6,32920,0.0008045705762924626,9.927463267828523e-06
6,32930,0.0008116387543850578,9.927417921926368e-06
6,32940,0.0008056726030190475,9.92737256195841e-06
6,32950,0.00081086747959489,9.927327187924782e-06
6,32960,0.0008242891926784068,9.927281799825613e-06
6,32970,0.0008089632989140227,9.927236397661029e-06
6,32980,0.0008120698956190609,9.927190981431158e-06
6,32990,0.0008097652680589817,9.92714555113614e-06
6,33000,0.0007987404736923055,9.927100106776094e-06
6,33010,0.0007981641188962384,9.927054648351155e-06
6,33020,0.0007981234200997279,9.927009175861453e-06
6,33030,0.0008019572313060052,9.926963689307112e-06
6,33040,0.0008127516353852117,9.926918188688269e-06
6,33050,0.0008025813556741923,9.926872674005053e-06
6,33060,0.0008125294218189082,9.926827145257587e-06
6,33070,0.0008128487388603389,9.926781602446006e-06
6,33080,0.0008118635596474633,9.92673604557044e-06
6,33090,0.0007985341726453044,9.926690474631021e-06
6,33100,0.0008095353885437363,9.926644889627876e-06
6,33110,0.00080960890481947,9.926599290561134e-06
6,33120,0.0008089391369139776,9.926553677430928e-06
6,33130,0.0008094215620076283,9.926508050237386e-06
6,33140,0.0008049438140005805,9.926462408980641e-06
6,33150,0.0008013221435248852,9.926416753660822e-06
6,33160,0.0008089685652521439,9.926371084278058e-06
6,33170,0.0008060697626206092,9.92632540083248e-06
6,33180,0.0007960920367622748,9.926279703324217e-06
6,33190,0.0007942008509417064,9.926233991753407e-06
6,33200,0.0008002408256288618,9.926188266120175e-06
6,33210,0.0008070531563134864,9.926142526424647e-06
6,33220,0.0008155770527082495,9.92609677266696e-06
6,33230,0.0008146949432557449,9.926051004847243e-06
6,33240,0.0008089700932032429,9.926005222965626e-06
6,33250,0.0008102935957140289,9.925959427022239e-06
6,33260,0.0008068564406130464,9.925913617017213e-06
6,33270,0.0008089711438515224,9.925867792950684e-06
6,33280,0.0008074259691056796,9.925821954822775e-06
6,33290,0.0008167683248757385,9.92577610263362e-06
6,33300,0.0008065817833994514,9.92573023638335e-06
6,33310,0.0008105337823508306,9.925684356072097e-06
6,33320,0.0008162953454302624,9.92563846169999e-06
6,33330,0.0008146943131578156,9.925592553267159e-06
6,33340,0.0008159386241459287,9.925546630773743e-06
6,33350,0.000813025607203599,9.925500694219865e-06
6,33360,0.0008154260780429467,9.925454743605656e-06
6,33370,0.0008002423186553642,9.925408778931251e-06
6,33380,0.0008097482874291017,9.92536280019678e-06
6,33390,0.0008005511510418728,9.925316807402375e-06
6,33400,0.0008035698745516128,9.925270800548161e-06
6,33410,0.0008304817791213281,9.925224779634278e-06
6,33420,0.0008026498762774281,9.925178744660853e-06
6,33430,0.0008097955156699755,9.925132695628019e-06
6,33440,0.0008152173657435923,9.925086632535905e-06
6,33450,0.0008022070280276239,9.925040555384648e-06
6,33460,0.0008181693745427765,9.924994464174371e-06
6,33470,0.0008049808195210062,9.924948358905212e-06
6,33480,0.0008070636409684083,9.9249022395773e-06
6,33490,0.000813867685792502,9.924856106190769e-06
6,33500,0.0008052351040532812,9.924809958745746e-06
6,33510,0.0008196430862881243,9.924763797242368e-06
6,33520,0.000807217342662625,9.924717621680765e-06
6,33530,0.0008228233724366874,9.92467143206107e-06
6,33540,0.0008096870049485006,9.924625228383411e-06
6,33550,0.0008106591209070757,9.924579010647921e-06
6,33560,0.0007991436170414091,9.924532778854739e-06
6,33570,0.0008122563362121582,9.92448653300399e-06
6,33580,0.0008166224564774893,9.924440273095805e-06
6,33590,0.0008103474028757772,9.924393999130314e-06
6,33600,0.0008164213926647788,9.924347711107659e-06
6,33610,0.0008024562383070589,9.924301409027963e-06
6,33620,0.0008189291256712749,9.924255092891365e-06
6,33630,0.0007983613497344777,9.92420876269799e-06
6,33640,0.0008001385867828503,9.924162418447981e-06
6,33650,0.0008038331216084771,9.924116060141456e-06
6,33660,0.0008114700744044968,9.924069687778558e-06
6,33670,0.0008130438218358905,9.924023301359415e-06
6,33680,0.0008010532357729972,9.923976900884157e-06
6,33690,0.0008068139082752168,9.923930486352924e-06
6,33700,0.0008045077454880812,9.923884057765842e-06
6,33710,0.0008071173637290486,9.923837615123049e-06
6,33720,0.0008058389779762366,9.923791158424672e-06
6,33730,0.000807495301705785,9.923744687670849e-06
6,33740,0.0008086832531262189,9.923698202861713e-06
6,33750,0.0008018118489417248,9.923651703997387e-06
6,33760,0.0008114618787658401,9.923605191078013e-06
6,33770,0.0008082465574261731,9.923558664103727e-06
6,33780,0.0008022209804039448,9.92351212307465e-06
6,33790,0.0008047146067838185,9.923465567990921e-06
6,33800,0.0008030705372220837,9.92341899885267e-06
6,33810,0.0008004765870282426,9.923372415660035e-06
6,33820,0.0007973896266776137,9.923325818413144e-06
6,33830,0.0008001427821000106,9.923279207112135e-06
6,33840,0.0008068870767601766,9.923232581757137e-06
6,33850,0.0008036743121920154,9.923185942348285e-06
6,33860,0.0008015159313799814,9.923139288885711e-06
6,33870,0.0008038188578211702,9.923092621369551e-06
6,33880,0.0008048986390349456,9.923045939799936e-06
6,33890,0.0008067140675848349,9.922999244176998e-06
6,33900,0.000804438155319076,9.922952534500877e-06
6,33910,0.0008066151291131972,9.922905810771695e-06
6,33920,0.0008114637443213724,9.922859072989595e-06
6,33930,0.0008081346633844077,9.922812321154706e-06
6,33940,0.0008030272831092588,9.922765555267163e-06
6,33950,0.0008068682829616591,9.922718775327102e-06
6,33960,0.0007986715572769754,9.92267198133465e-06
6,33970,0.0008153371047228574,9.922625173289945e-06
6,33980,0.0008072113225352951,9.922578351193118e-06
6,33990,0.0008111548464512452,9.922531515044306e-06
6,34000,0.0008057804167037829,9.92248466484364e-06
6,34010,0.000804936996428296,9.922437800591254e-06
6,34020,0.0008060236039455049,9.92239092228728e-06
6,34030,0.0008159215125488118,9.922344029931858e-06
6,34040,0.0008138246877933853,9.922297123525114e-06
6,34050,0.0008105239976430312,9.922250203067187e-06
6,34060,0.0008112958705169149,9.922203268558214e-06
6,34070,0.0008023788090213203,9.922156319998322e-06
6,34080,0.0008146305437549018,9.922109357387652e-06
6,34090,0.0008091079303994774,9.92206238072633e-06
6,34100,0.0008036825252929702,9.922015390014495e-06
6,34110,0.0008055682657868602,9.921968385252284e-06
6,34120,0.0008075988269411027,9.921921366439824e-06
6,34130,0.0008039311360334978,9.921874333577251e-06
6,34140,0.0008058705207076855,9.921827286664705e-06
6,34150,0.0008078634869889355,9.921780225702314e-06
6,34160,0.0008125040767481551,9.921733150690216e-06
6,34170,0.0008023631511605344,9.921686061628544e-06
6,34180,0.0008011651254491881,9.921638958517432e-06
6,34190,0.0008011970799998379,9.921591841357017e-06
6,34200,0.0007953381675179116,9.921544710147429e-06
6,34210,0.0008120704791508615,9.921497564888807e-06
6,34220,0.0007982008959515951,9.92145040558128e-06
6,34230,0.0008027854026295244,9.921403232224988e-06
6,34240,0.000815722877450753,9.921356044820063e-06
6,34250,0.0008067446615314111,9.921308843366643e-06
6,34260,0.0008105518121737986,9.921261627864859e-06
6,34270,0.0008070523515925743,9.921214398314845e-06
6,34280,0.0008004214396351017,9.921167154716738e-06
6,34290,0.0008078305196249858,9.921119897070672e-06
6,34300,0.0008076193524175323,9.921072625376786e-06
6,34310,0.0008081804364337586,9.921025339635208e-06
6,34320,0.0008014125691261142,9.920978039846077e-06
6,34330,0.0008026747382245958,9.92093072600953e-06
6,34340,0.0007940301686176098,9.920883398125699e-06
6,34350,0.0008073781631537714,9.920836056194717e-06
6,34360,0.0007945159610244446,9.920788700216725e-06
6,34370,0.0008029342920053751,9.920741330191854e-06
6,34380,0.0008113411691738294,9.920693946120238e-06
6,34390,0.0008138048608088866,9.920646548002013e-06
6,34400,0.0008025165472645313,9.92059913583732e-06
6,34410,0.0008051791242905892,9.920551709626289e-06
6,34420,0.00081276696146233,9.920504269369058e-06
6,34430,0.0008137658383930101,9.920456815065757e-06
6,34440,0.0008078013896010816,9.920409346716527e-06
6,34450,0.0008019997927476653,9.920361864321505e-06
6,34460,0.0008093684329651297,9.920314367880823e-06
6,34470,0.0008114611599012278,9.92026685739462e-06
6,34480,0.0008109587157377973,9.920219332863024e-06
6,34490,0.0007985096337506548,9.920171794286175e-06
6,34500,0.0008047303766943515,9.920124241664213e-06
6,34510,0.0008031382822082378,9.920076674997267e-06
6,34520,0.0008053724814089946,9.920029094285478e-06
6,34530,0.0008079883846221492,9.919981499528978e-06
6,34540,0.0008108333466225303,9.919933890727899e-06
6,34550,0.0008081000356469303,9.919886267882387e-06
6,34560,0.000804580895055551,9.919838630992573e-06
6,34570,0.0008026240451727063,9.919790980058595e-06
6,34580,0.0008152496273396537,9.919743315080581e-06
6,34590,0.0007991569975274615,9.919695636058677e-06
6,34600,0.000808145287737716,9.919647942993014e-06
6,34610,0.0008028393305721693,9.91960023588373e-06
6,34620,0.0008013516067876481,9.91955251473096e-06
6,34630,0.0008030890836380421,9.919504779534841e-06
6,34640,0.0008061125627136789,9.919457030295512e-06
6,34650,0.0007938414433738217,9.919409267013105e-06
6,34660,0.0007999148132512345,9.919361489687753e-06
6,34670,0.0007888572436058894,9.919313698319602e-06
6,34680,0.0008042750967433677,9.919265892908781e-06
6,34690,0.0008133110808557832,9.919218073455431e-06
6,34700,0.0008011215351871215,9.919170239959687e-06
6,34710,0.0008043788606300951,9.919122392421684e-06
6,34720,0.0008054816251387819,9.91907453084156e-06
6,34730,0.0008013395519810729,9.919026655219452e-06
6,34740,0.0008139679397572763,9.918978765555492e-06
6,34750,0.0007986823911778629,9.918930861849823e-06
6,34760,0.0007986868833540938,9.918882944102579e-06
6,34770,0.0008042911940719932,9.918835012313899e-06
6,34780,0.000800734267977532,9.918787066483914e-06
6,34790,0.0008008905409951694,9.918739106612771e-06
6,34800,0.0008091529845842161,9.918691132700599e-06
6,34810,0.0008036658706259915,9.918643144747535e-06
6,34820,0.0008066107067861595,9.918595142753713e-06
6,34830,0.0008014747480046935,9.91854712671928e-06
6,34840,0.0007952727843075991,9.918499096644371e-06
6,34850,0.0008144313876982778,9.918451052529112e-06
6,34860,0.0008173178546712734,9.918402994373653e-06
6,34870,0.0008113238145597279,9.918354922178126e-06
6,34880,0.0008002815564395859,9.91830683594267e-06
6,34890,0.0008035088947508484,9.918258735667422e-06
6,34900,0.0008117936216876842,9.918210621352516e-06
6,34910,0.0008093816373730079,9.918162492998089e-06
6,34920,0.0008077211779891514,9.91811435060428e-06
6,34930,0.0007974400636157951,9.91806619417123e-06
6,34940,0.0008029937525861895,9.918018023699074e-06
6,34950,0.0008013675294932909,9.917969839187947e-06
6,34960,0.0008087649155640975,9.917921640637994e-06
6,34970,0.0008015302606509067,9.917873428049341e-06
6,34980,0.000798558397218585,9.917825201422135e-06
6,34990,0.0008240289724199101,9.91777696075651e-06
6,35000,0.0007975860658916644,9.917728706052604e-06
6,35010,0.0008186268983990886,9.917680437310558e-06
6,35020,0.0007956351488246582,9.917632154530501e-06
6,35030,0.0008051646495005117,9.917583857712582e-06
6,35040,0.0008054279867792502,9.917535546856933e-06
6,35050,0.0008069924733717926,9.917487221963694e-06
6,35060,0.0008042302011745051,9.917438883032994e-06
6,35070,0.0007977772809681482,9.917390530064984e-06
6,35080,0.0007992643921170383,9.917342163059796e-06
6,35090,0.0008001824739039875,9.917293782017566e-06
6,35100,0.0007957499852636829,9.917245386938437e-06
6,35110,0.0008049687545280905,9.917196977822545e-06
6,35120,0.0008007597512914799,9.917148554670027e-06
6,35130,0.0008032095589442179,9.917100117481022e-06
6,35140,0.0007983770497958175,9.91705166625567e-06
6,35150,0.0008069787116255612,9.917003200994107e-06
6,35160,0.0007945670819026418,9.916954721696472e-06
6,35170,0.0008094211239949799,9.916906228362903e-06
6,35180,0.0008019247106858529,9.916857720993537e-06
6,35190,0.0008015688450541349,9.91680919958852e-06
6,35200,0.000804722710745409,9.916760664147985e-06
6,35210,0.0008066052207141183,9.91671211467207e-06
6,35220,0.0008100758888758719,9.916663551160912e-06
6,35230,0.0008229639133787714,9.91661497361465e-06
6,35240,0.0008073944743955507,9.916566382033424e-06
6,35250,0.0008042338391533122,9.916517776417375e-06
6,35260,0.0008000791392987594,9.916469156766638e-06
6,35270,0.0007997250359039754,9.916420523081356e-06
6,35280,0.000806719779211562,9.916371875361667e-06
6,35290,0.0007987836710526608,9.916323213607708e-06
6,35300,0.0007960399147123098,9.916274537819615e-06
6,35310,0.0007999651876161807,9.91622584799753e-06
6,35320,0.0008135778683936224,9.916177144141591e-06
6,35330,0.0008016809297259897,9.91612842625194e-06
6,35340,0.0008049948999541812,9.916079694328712e-06
6,validation,0.0007968289573909715,9.916079694328712e-06
7,35350,0.0008218260190915316,9.91603094837205e-06
7,35360,0.0008026396040804683,9.915982188382095e-06
7,35370,0.0007988132376340218,9.91593341435898e-06
7,35380,0.0008013645187020303,9.915884626302845e-06
7,35390,0.0008070800962741487,9.915835824213834e-06
7,35400,0.0008176329574780539,9.91578700809208e-06
7,35410,0.0008016345091164112,9.915738177937732e-06
7,35420,0.0008050229051150381,9.915689333750916e-06
7,35430,0.0008103870481136256,9.915640475531784e-06
7,35440,0.0008161282530636527,9.915591603280466e-06
7,35450,0.0008087561931461097,9.915542716997108e-06
7,35460,0.0008058918450842611,9.915493816681847e-06
7,35470,0.0008123181614791974,9.915444902334822e-06
7,35480,0.0008168545275111683,9.915395973956175e-06
7,35490,0.0008061555679887533,9.915347031546045e-06
7,35500,0.0008197247196221725,9.915298075104568e-06
7,35510,0.0008020768000278622,9.915249104631891e-06
7,35520,0.0008096534729702398,9.915200120128148e-06
7,35530,0.0008024727372685446,9.915151121593474e-06
7,35540,0.0008075111094512976,9.915102109028019e-06
7,35550,0.0008113255549687892,9.915053082431917e-06
7,35560,0.0008069931354839355,9.915004041805318e-06
7,35570,0.0008027093252167105,9.914954987148346e-06
7,35580,0.0007970727907377295,9.914905918461153e-06
7,35590,0.0008088835646049119,9.914856835743879e-06
7,35600,0.0008180348406312988,9.914807738996656e-06
7,35610,0.0008065196161624044,9.914758628219624e-06
7,35620,0.0008143009777995758,9.91470950341293e-06
7,35630,0.00079570662783226,9.914660364576712e-06
7,35640,0.0007972987325047142,9.91461121171111e-06
7,35650,0.0008102834151941351,9.914562044816262e-06
7,35660,0.0008036295403144322,9.914512863892314e-06
7,35670,0.0007918025105027481,9.914463668939401e-06
7,35680,0.0007953613327117637,9.914414459957665e-06
7,35690,0.000798785692313686,9.914365236947252e-06
7,35700,0.0008057113882387057,9.914315999908297e-06
7,35710,0.0008158113574609161,9.914266748840937e-06
7,35720,0.0008040684318984858,9.914217483745316e-06
7,35730,0.0008058836800046266,9.914168204621576e-06
7,35740,0.0008001277397852391,9.914118911469855e-06
7,35750,0.0008119759266264736,9.9140696042903e-06
7,35760,0.0008009802841115743,9.914020283083048e-06
7,35770,0.0008118393860058859,9.913970947848233e-06
7,35780,0.0008019328568479977,9.913921598586004e-06
7,35790,0.0008027724237763324,9.913872235296505e-06
7,35800,0.0008067212242167444,9.91382285797987e-06
7,35810,0.0008012412406969815,9.913773466636237e-06
7,35820,0.0007981510090758092,9.913724061265754e-06
7,35830,0.000800934128346853,9.913674641868559e-06
7,35840,0.0008130945891025476,9.913625208444794e-06
7,35850,0.0008056987775489689,9.913575760994601e-06
7,35860,0.0007966843841131777,9.91352629951812e-06
7,35870,0.0007976491266163067,9.913476824015491e-06
7,35880,0.0008025009985431098,9.913427334486858e-06
7,35890,0.0008124367173877545,9.913377830932361e-06
7,35900,0.0008145972198690288,9.913328313352143e-06
7,35910,0.0008039142732741312,9.913278781746343e-06
7,35920,0.0008089608279988169,9.913229236115099e-06
7,35930,0.0008065756308496929,9.913179676458558e-06
7,35940,0.0008080094601609744,9.913130102776859e-06
7,35950,0.0008067898743320256,9.913080515070144e-06
7,35960,0.000806166828260757,9.913030913338558e-06
7,35970,0.0008060713764280081,9.912981297582234e-06
7,35980,0.0007966506571392528,9.912931667801319e-06
7,35990,0.0008140674224705435,9.912882023995952e-06
7,36000,0.0007978694600751623,9.912832366166285e-06
7,36010,0.0008110936163575388,9.912782694312453e-06
7,36020,0.0008104036634904333,9.912733008434598e-06
7,36030,0.000814291946880985,9.912683308532855e-06
7,36040,0.0007997574619366787,9.912633594607379e-06
7,36050,0.0008008006450836546,9.912583866658298e-06
7,36060,0.0008010582969291136,9.91253412468576e-06
7,36070,0.0007967418103362433,9.912484368689908e-06
7,36080,0.0007959952010423877,9.912434598670883e-06
7,36090,0.0008032975034439005,9.912384814628827e-06
7,36100,0.0007965663055074402,9.912335016563884e-06
7,36110,0.00081526544818189,9.912285204476197e-06
7,36120,0.0007974501306307503,9.912235378365906e-06
7,36130,0.0008048928022617474,9.912185538233156e-06
7,36140,0.0008039066698984243,9.912135684078084e-06
7,36150,0.0008012290607439354,9.912085815900834e-06
7,36160,0.0008088292728643864,9.912035933701548e-06
7,36170,0.0008035494349314832,9.911986037480372e-06
7,36180,0.0008096305580693297,9.911936127237443e-06
7,36190,0.0008031879231566563,9.91188620297291e-06
7,36200,0.0008105035652988591,9.91183626468691e-06
7,36210,0.0008078051803749987,9.911786312379589e-06
7,36220,0.0008020272623980417,9.911736346051086e-06
7,36230,0.0008124091356876306,9.911686365701547e-06
7,36240,0.0007944154203869402,9.911636371331111e-06
7,36250,0.0008025590956094676,9.911586362939928e-06
7,36260,0.0008005527473869734,9.911536340528134e-06
7,36270,0.0008031079603824764,9.911486304095877e-06
7,36280,0.0007999896828550845,9.911436253643293e-06
7,36290,0.0008031596487853676,9.911386189170526e-06
7,36300,0.0007948095124447718,9.911336110677726e-06
7,36310,0.0008017002808628604,9.91128601816503e-06
7,36320,0.0008033226433326491,9.911235911632579e-06
7,36330,0.0008056643739109858,9.911185791080522e-06
7,36340,0.0008042718574870378,9.911135656509e-06
7,36350,0.0007983488496392966,9.911085507918157e-06
7,36360,0.0007942790602101014,9.911035345308134e-06
7,36370,0.0007998964414582588,9.910985168679074e-06
7,36380,0.0008041841283557005,9.910934978031124e-06
7,36390,0.0008057652114075609,9.910884773364422e-06
7,36400,0.0008007425451069138,9.910834554679114e-06
7,36410,0.000819162388506811,9.910784321975341e-06
7,36420,0.0008038045358262025,9.91073407525325e-06
7,36430,0.0008100099337752908,9.91068381451298e-06
7,36440,0.0008075337507762014,9.910633539754681e-06
7,36450,0.0008066829788731412,9.910583250978493e-06
7,36460,0.0008138043762301095,9.910532948184557e-06
7,36470,0.00079824264976196,9.910482631373021e-06
7,36480,0.0008068838898907415,9.910432300544025e-06
7,36490,0.0008067394388490357,9.910381955697719e-06
7,36500,0.0008067690083407797,9.910331596834238e-06
7,36510,0.0008029066273593343,9.910281223953731e-06
7,36520,0.0008053746918449179,9.91023083705634e-06
7,36530,0.0007991259873961098,9.910180436142212e-06
7,36540,0.0008090505842119455,9.910130021211488e-06
7,36550,0.0008044957066886126,9.91007959226431e-06
7,36560,0.0008081401450908744,9.91002914930083e-06
7,36570,0.0007982813374837861,9.90997869232118e-06
7,36580,0.0008162289057509043,9.909928221325514e-06
7,36590,0.0007969569385750219,9.90987773631397e-06
7,36600,0.0008038996675168163,9.909827237286699e-06
7,36610,0.0008084868648438714,9.909776724243833e-06
7,36620,0.0008087351190624759,9.909726197185525e-06
7,36630,0.0007968519988935442,9.909675656111917e-06
7,36640,0.000812138467154,9.909625101023156e-06
7,36650,0.0008097321246168577,9.909574531919389e-06
7,36660,0.0007965910175698809,9.909523948800753e-06
7,36670,0.0008016182517167181,9.909473351667395e-06
7,36680,0.0008173767637345009,9.909422740519461e-06
7,36690,0.0008106037115794606,9.909372115357094e-06
7,36700,0.000807526003336534,9.909321476180438e-06
7,36710,0.0008026980445720256,9.909270822989639e-06
7,36720,0.0008076291094766929,9.909220155784839e-06
7,36730,0.0008003840237506666,9.909169474566189e-06
7,36740,0.0008012405582121572,9.909118779333828e-06
7,36750,0.0007939814240671695,9.909068070087901e-06
7,36760,0.000806533965806011,9.909017346828553e-06
7,36770,0.000808112854429055,9.90896660955593e-06
7,36780,0.0008004596485989169,9.908915858270176e-06
7,36790,0.0008100500825094059,9.908865092971433e-06
7,36800,0.0007957417328725569,9.908814313659852e-06
7,36810,0.0008053440105868503,9.908763520335575e-06
7,36820,0.0007910158470622264,9.908712712998747e-06
7,36830,0.0008031429897528142,9.908661891649512e-06
7,36840,0.000799777591601014,9.908611056288016e-06
7,36850,0.0007958798945765011,9.908560206914409e-06
7,36860,0.0008038786836550571,9.908509343528826e-06
7,36870,0.0008054740552324802,9.90845846613142e-06
7,36880,0.0007978985187946818,9.908407574722335e-06
7,36890,0.0008160296943970025,9.908356669301714e-06
7,36900,0.0008020595269044861,9.908305749869703e-06
7,36910,0.0008013547398149968,9.908254816426447e-06
7,36920,0.000807056222402025,9.908203868972094e-06
7,36930,0.0008013557671802118,9.908152907506786e-06
7,36940,0.0008007419746718369,9.908101932030671e-06
7,36950,0.0008074900164501742,9.908050942543894e-06
7,36960,0.0008044554226216861,9.907999939046598e-06
7,36970,0.0007986930475453846,9.907948921538936e-06
7,36980,0.0007985471020219846,9.907897890021046e-06
7,36990,0.0008002541100722737,9.907846844493073e-06
7,37000,0.0008042894754908048,9.907795784955166e-06
7,37010,0.0008043813868425786,9.907744711407472e-06
7,37020,0.0007988526747794821,9.907693623850138e-06
7,37030,0.0007996520784217864,9.907642522283305e-06
7,37040,0.0007943060249090196,9.907591406707122e-06
7,37050,0.0008040239408728667,9.907540277121732e-06
7,37060,0.0008025648145121521,9.907489133527283e-06
7,37070,0.0008059161409619264,9.907437975923924e-06
7,37080,0.0008001537862583064,9.907386804311795e-06
7,37090,0.0008085651323199272,9.907335618691047e-06
7,37100,0.0008021192115847953,9.907284419061821e-06
7,37110,0.0008019307613722049,9.907233205424271e-06
7,37120,0.0007965494252857751,9.907181977778536e-06
7,37130,0.0008015997867914849,9.907130736124766e-06
7,37140,0.0008002521266462282,9.907079480463106e-06
7,37150,0.0008053189958445728,9.907028210793702e-06
7,37160,0.0008041738634346985,9.9069769271167e-06
7,37170,0.0008035423219553196,9.906925629432245e-06
7,37180,0.0008037729741772637,9.906874317740485e-06
7,37190,0.0007976465203682892,9.906822992041573e-06
7,37200,0.0007982733848621137,9.906771652335647e-06
7,37210,0.0008082920408924109,9.906720298622857e-06
7,37220,0.0008041665409109556,9.906668930903348e-06
7,37230,0.000805199719616212,9.906617549177263e-06
7,37240,0.0008085936875431799,9.906566153444758e-06
7,37250,0.0008079237624770031,9.906514743705974e-06
7,37260,0.0008120676182443276,9.906463319961058e-06
7,37270,0.0007919598690932616,9.906411882210158e-06
7,37280,0.0008088493763352745,9.906360430453422e-06
7,37290,0.0008060265245148912,9.906308964690991e-06
7,37300,0.0007957759444252588,9.906257484923018e-06
7,37310,0.0008041881985263899,9.906205991149646e-06
7,37320,0.0008091328563750722,9.906154483371024e-06
7,37330,0.0007997267413884401,9.9061029615873e-06
7,37340,0.0007990156154846773,9.906051425798622e-06
7,37350,0.0008012983802473172,9.905999876005132e-06
7,37360,0.000809914905403275,9.905948312206982e-06
7,37370,0.0007980928960023447,9.905896734404318e-06
7,37380,0.000798169246991165,9.905845142597288e-06
7,37390,0.00079817415389698,9.905793536786038e-06
7,37400,0.0008113378717098385,9.905741916970709e-06
7,37410,0.0008099034253973513,9.905690283151457e-06
7,37420,0.0008008884280570782,9.905638635328429e-06
7,37430,0.0007930981082608923,9.90558697350177e-06
7,37440,0.0008054211837588809,9.905535297671626e-06
7,37450,0.0008016740815946832,9.905483607838147e-06
7,37460,0.0007993124105269088,9.905431904001481e-06
7,37470,0.0008070200346992352,9.905380186161776e-06
7,37480,0.0008056009522988461,9.905328454319174e-06
7,37490,0.0007996339045348577,9.905276708473825e-06
7,37500,0.0008055833750404418,9.905224948625878e-06
7,37510,0.0007982004011864773,9.905173174775483e-06
7,37520,0.0007950590734253637,9.905121386922787e-06
7,37530,0.0007950683866511099,9.90506958506794e-06
7,37540,0.0007984538111486472,9.905017769211083e-06
7,37550,0.0007968293008161708,9.904965939352371e-06
7,37560,0.000800093666475732,9.904914095491947e-06
7,37570,0.0007959752241731621,9.90486223762996e-06
7,37580,0.0007986258264281788,9.90481036576656e-06
7,37590,0.0008087498747045175,9.90475847990189e-06
7,37600,0.0008075487552559934,9.904706580036109e-06
7,37610,0.0007933293149108068,9.904654666169356e-06
7,37620,0.0007983922070707194,9.904602738301785e-06
7,37630,0.0008037707157200202,9.904550796433535e-06
7,37640,0.0008014525257749482,9.904498840564757e-06
7,37650,0.0008070499650784768,9.904446870695606e-06
7,37660,0.000802977081912104,9.904394886826225e-06
7,37670,0.0007960384929901921,9.904342888956761e-06
7,37680,0.000800765490566846,9.904290877087367e-06
7,37690,0.0008059177984250709,9.904238851218191e-06
7,37700,0.0008217568654799833,9.904186811349383e-06
7,37710,0.0008031179080717265,9.904134757481087e-06
7,37720,0.0008103444735752418,9.904082689613451e-06
7,37730,0.0008088992311968468,9.904030607746627e-06
7,37740,0.0008064025751082227,9.903978511880765e-06
7,37750,0.0008003168579307384,9.903926402016004e-06
7,37760,0.0008067753748036921,9.903874278152503e-06
7,37770,0.0008038752872380429,9.903822140290411e-06
7,37780,0.0008086179645033554,9.903769988429875e-06
7,37790,0.0008078572805970907,9.90371782257104e-06
7,37800,0.000793706945842132,9.903665642714057e-06
7,37810,0.000795978883979842,9.903613448859076e-06
7,37820,0.0008046424423810094,9.903561241006243e-06
7,37830,0.000802012842905242,9.903509019155715e-06
7,37840,0.0008141644284478389,9.903456783307632e-06
7,37850,0.0007996696003829128,9.90340453346215e-06
7,37860,0.0008012732403585688,9.903352269619411e-06
7,37870,0.0007979055764735676,9.903299991779573e-06
7,37880,0.0008013822443899699,9.903247699942778e-06
7,37890,0.0008047690047533251,9.903195394109177e-06
7,37900,0.0007977180139278062,9.90314307427892e-06
7,37910,0.0007957611465826631,9.903090740452155e-06
7,37920,0.0007978846377227455,9.903038392629033e-06
7,37930,0.0007966503617353737,9.902986030809707e-06
7,37940,0.0007999634108273312,9.902933654994318e-06
7,37950,0.0007965577751747333,9.90288126518302e-06
7,37960,0.0008033164849621244,9.902828861375964e-06
7,37970,0.0008030586657696403,9.902776443573294e-06
7,37980,0.0007996597400051541,9.902724011775167e-06
7,37990,0.0008007098629605025,9.902671565981732e-06
7,38000,0.0008013445025426335,9.902619106193131e-06
7,38010,0.0007972243445692585,9.902566632409523e-06
7,38020,0.0008121259685140102,9.902514144631054e-06
7,38030,0.000801103592675645,9.902461642857872e-06
7,38040,0.0007985001924680547,9.902409127090128e-06
7,38050,0.0008036339946556837,9.902356597327971e-06
7,38060,0.0008050269112573007,9.902304053571552e-06
7,38070,0.0008006058516912163,9.902251495821023e-06
7,38080,0.0008137503085890786,9.902198924076533e-06
7,38090,0.0008048865827731788,9.902146338338228e-06
7,38100,0.0008056503022089601,9.902093738606263e-06
7,38110,0.0008007974684005603,9.90204112488079e-06
7,38120,0.0008007115931832231,9.901988497161955e-06
7,38130,0.0008110933558782563,9.901935855449905e-06
7,38140,0.0008028681957512162,9.901883199744793e-06
7,38150,0.0007928888036985882,9.901830530046777e-06
7,38160,0.0008067161630606279,9.901777846355996e-06
7,38170,0.0008082993575953878,9.901725148672609e-06
7,38180,0.0007963389303768054,9.901672436996761e-06
7,38190,0.0008077138729277067,9.901619711328603e-06
7,38200,0.0007903478166554122,9.90156697166829e-06
7,38210,0.0007998114320798778,9.901514218015967e-06
7,38220,0.0008080168816377409,9.90146145037179e-06
7,38230,0.0008052490651607512,9.901408668735903e-06
7,38240,0.000798461124941241,9.90135587310846e-06
7,38250,0.0007995910593308508,9.901303063489613e-06
7,38260,0.0008108844631351531,9.901250239879512e-06
7,38270,0.0008060808570007794,9.901197402278306e-06
7,38280,0.0008014222214114853,9.901144550686153e-06
7,38290,0.0008101654078927823,9.901091685103192e-06
7,38300,0.0008076964280917309,9.90103880552958e-06
7,38310,0.0007914188026916236,9.90098591196547e-06
7,38320,0.0008105113491183147,9.900933004411011e-06
7,38330,0.000806568119151052,9.900880082866354e-06
7,38340,0.0008077457590843551,9.90082714733165e-06
7,38350,0.0008045662238146178,9.900774197807054e-06
7,38360,0.0007941229254356586,9.900721234292707e-06
7,38370,0.0008076746380538679,9.900668256788774e-06
7,38380,0.0008058093575527891,9.900615265295395e-06
7,38390,0.0007956935296533629,9.900562259812727e-06
7,38400,0.0008082868123892694,9.900509240340919e-06
7,38410,0.0008034702128497884,9.900456206880122e-06
7,38420,0.0008042748711886816,9.90040315943049e-06
7,38430,0.0008019974120543338,9.900350097992168e-06
7,38440,0.0007928226244985126,9.900297022565313e-06
7,38450,0.0008017357875360176,9.900243933150074e-06
7,38460,0.0008020869543543086,9.900190829746606e-06
7,38470,0.0007951551451697014,9.900137712355056e-06
7,38480,0.0008053965342696756,9.900084580975582e-06
7,38490,0.0008066917711403221,9.900031435608333e-06
7,38500,0.0008094366203295067,9.899978276253462e-06
7,38510,0.0008090124974842183,9.899925102911115e-06
7,38520,0.000798360793851316,9.899871915581447e-06
7,38530,0.0008003162452951074,9.899818714264608e-06
7,38540,0.0008018154941964894,9.899765498960755e-06
7,38550,0.0007979157962836325,9.899712269670038e-06
7,38560,0.0007944885452161542,9.899659026392607e-06
7,38570,0.0008032307945541106,9.899605769128613e-06
7,38580,0.0008098780177533627,9.899552497878209e-06
7,38590,0.0008004400981008075,9.899499212641548e-06
7,38600,0.0008105076820356771,9.89944591341878e-06
7,38610,0.0008042254077736289,9.899392600210062e-06
7,38620,0.0008046417424338869,9.899339273015545e-06
7,38630,0.0008045885508181527,9.899285931835378e-06
7,38640,0.0008098551013972611,9.899232576669716e-06
7,38650,0.0007989340243511833,9.89917920751871e-06
7,38660,0.0008021695757634006,9.89912582438251e-06
7,38670,0.0007976552020409144,9.899072427261274e-06
7,38680,0.0007985612479387783,9.899019016155146e-06
7,38690,0.000796236755559221,9.898965591064284e-06
7,38700,0.0008038300889893435,9.898912151988843e-06
7,38710,0.0008065370202530174,9.898858698928973e-06
7,38720,0.0008049775206018239,9.898805231884827e-06
7,38730,0.0007973958912771194,9.898751750856556e-06
7,38740,0.0007916372895124368,9.898698255844315e-06
7,38750,0.0008019414206501096,9.898644746848256e-06
7,38760,0.0008041518711252139,9.898591223868527e-06
7,38770,0.0007940255207358859,9.89853768690529e-06
7,38780,0.0008045009220950306,9.89848413595869e-06
7,38790,0.0008006590403965674,9.898430571028883e-06
7,38800,0.000800217677897308,9.898376992116023e-06
7,38810,0.000800222322868649,9.89832339922026e-06
7,38820,0.0007873877155361697,9.898269792341746e-06
7,38830,0.0007951672523631714,9.89821617148064e-06
7,38840,0.0008001991445780732,9.89816253663709e-06
7,38850,0.0007920749281765892,9.898108887811254e-06
7,38860,0.0007996100277523511,9.898055225003279e-06
7,38870,0.0007983562798472122,9.898001548213324e-06
7,38880,0.0007958825779496692,9.897947857441535e-06
7,38890,0.0007971659302711487,9.89789415268807e-06
7,38900,0.0008078069600742309,9.897840433953085e-06
7,38910,0.0007961660492583178,9.89778670123673e-06
7,38920,0.0007900475131464191,9.897732954539154e-06
7,38930,0.0008165869294316508,9.897679193860518e-06
7,38940,0.0008003041060874238,9.897625419200973e-06
7,38950,0.0008076634796452709,9.89757163056067e-06
7,38960,0.000804719490406569,9.897517827939762e-06
7,38970,0.0008177945332136005,9.897464011338408e-06
7,38980,0.0008087364694802092,9.897410180756762e-06
7,38990,0.00080963819345925,9.897356336194969e-06
7,39000,0.0007993540464667604,9.897302477653187e-06
7,39010,0.0007993754552444443,9.897248605131573e-06
7,39020,0.0008021495828870684,9.897194718630278e-06
7,39030,0.0008008759046788327,9.897140818149457e-06
7,39040,0.0008137595345033332,9.897086903689262e-06
7,39050,0.0008072820710367523,9.897032975249852e-06
7,39060,0.0007960972288856283,9.896979032831371e-06
7,39070,0.0007931122338050046,9.896925076433983e-06
7,39080,0.0007914457630249671,9.89687110605784e-06
7,39090,0.000801232221419923,9.896817121703095e-06
7,39100,0.0007961370123666712,9.896763123369897e-06
7,39110,0.0008005431387573481,9.896709111058407e-06
7,39120,0.0008008332340978086,9.896655084768775e-06
7,39130,0.00081506448041182,9.896601044501158e-06
7,39140,0.0008087822468951344,9.896546990255705e-06
7,39150,0.0007995933105121366,9.896492922032576e-06
7,39160,0.0008064560737693683,9.896438839831925e-06
7,39170,0.0008011895653908141,9.896384743653906e-06
7,39180,0.0007972349805640988,9.896330633498675e-06
7,39190,0.0007936061505461113,9.896276509366378e-06
7,39200,0.0007977393586770631,9.89622237125718e-06
7,39210,0.0007977959336130881,9.89616821917123e-06
7,39220,0.0008069461866398342,9.896114053108683e-06
7,39230,0.0007990449026692659,9.896059873069696e-06
7,39240,0.0008048577350564302,9.89600567905442e-06
7,39250,0.0007929635336040518,9.89595147106301e-06
7,39260,0.0007989177698618732,9.895897249095628e-06
7,39270,0.000808566877094563,9.89584301315242e-06
7,39280,0.0007989487014128827,9.895788763233542e-06
7,39290,0.0008032219528104179,9.895734499339154e-06
7,39300,0.0007957907801028342,9.895680221469403e-06
7,39310,0.0008045428912737407,9.89562592962445e-06
7,39320,0.0007993347026058473,9.895571623804454e-06
7,39330,0.0007996337473741733,9.895517304009561e-06
7,39340,0.0008105299333692528,9.895462970239929e-06
7,39350,0.0008147716202074663,9.895408622495711e-06
7,39360,0.00080145859537879,9.895354260777068e-06
7,39370,0.0007980113281519153,9.895299885084155e-06
7,39380,0.0007964244417962618,9.895245495417119e-06
7,39390,0.0008146186781232246,9.895191091776123e-06
7,39400,0.0008120919330394827,9.89513667416132e-06
7,39410,0.000805356453929562,9.895082242572867e-06
7,39420,0.0007998561413842253,9.895027797010917e-06
7,39430,0.0008026438299566507,9.894973337475626e-06
7,39440,0.0008011850572074763,9.89491886396715e-06
7,39450,0.0007948935366584919,9.894864376485644e-06
7,39460,0.0007975898202857934,9.89480987503126e-06
7,39470,0.0007987687873537653,9.894755359604159e-06
7,39480,0.0007964570599142462,9.894700830204495e-06
7,39490,0.0007959762049722485,9.894646286832423e-06
7,39500,0.0007955243665492161,9.8945917294881e-06
7,39510,0.0007949403050588445,9.894537158171684e-06
7,39520,0.0008037228515604512,9.894482572883326e-06
7,39530,0.0008038121843128464,9.894427973623182e-06
7,39540,0.0007983999690623022,9.894373360391408e-06
7,39550,0.0008037903782678768,9.894318733188165e-06
7,39560,0.0007968623889610172,9.894264092013605e-06
7,39570,0.0007946385303512216,9.894209436867882e-06
7,39580,0.0008033655787585304,9.894154767751155e-06
7,39590,0.0008120129714370705,9.894100084663571e-06
7,39600,0.0008003688490134664,9.8940453876053e-06
7,39610,0.0007979382251505741,9.893990676576494e-06
7,39620,0.0008035518330871128,9.893935951577309e-06
7,39630,0.0007941378513351083,9.893881212607897e-06
7,39640,0.0007953742271638475,9.893826459668419e-06
7,39650,0.0008081047606538049,9.893771692759026e-06
7,39660,0.0007985731979715639,9.893716911879882e-06
7,39670,0.0008056696766288951,9.893662117031136e-06
7,39680,0.000806317814567592,9.893607308212947e-06
7,39690,0.0007964841308421456,9.893552485425473e-06
7,39700,0.0007989990670466796,9.893497648668867e-06
7,39710,0.0007953884662128985,9.893442797943294e-06
7,39720,0.0008027028874494135,9.893387933248899e-06
7,39730,0.0007918779287138022,9.893333054585848e-06
7,39740,0.0008057270024437457,9.893278161954296e-06
7,39750,0.0007879748474806548,9.893223255354397e-06
7,39760,0.0008086461399216204,9.893168334786306e-06
7,39770,0.0007958108151797205,9.893113400250182e-06
7,39780,0.0007979694317327812,9.893058451746181e-06
7,39790,0.0008052289034822024,9.893003489274463e-06
7,39800,0.0008002834161743522,9.892948512835183e-06
7,39810,0.0008122065075440333,9.892893522428496e-06
7,39820,0.0007984931944520213,9.892838518054563e-06
7,39830,0.0008037348437937908,9.892783499713536e-06
7,39840,0.00081041234661825,9.892728467405577e-06
7,39850,0.0007978468434885146,9.89267342113084e-06
7,39860,0.0008034046157263219,9.892618360889483e-06
7,39870,0.0008045679016504436,9.892563286681662e-06
7,39880,0.0008053286423091778,9.892508198507532e-06
7,39890,0.0008019557033549062,9.892453096367259e-06
7,39900,0.0008081425694399513,9.89239798026099e-06
7,39910,0.0007945153120090254,9.892342850188887e-06
7,39920,0.0007984867435880005,9.89228770615111e-06
7,39930,0.0008023394548217766,9.892232548147811e-06
7,39940,0.0008025664501474239,9.892177376179152e-06
7,39950,0.0008034318714635446,9.892122190245287e-06
7,39960,0.0007909320614999161,9.892066990346378e-06
7,39970,0.0008040298795094713,9.892011776482582e-06
7,39980,0.000789542539860122,9.891956548654054e-06
7,39990,0.000800070958212018,9.89190130686095e-06
7,40000,0.0007988104611285962,9.891846051103432e-06
7,40010,0.0007942098134662957,9.891790781381655e-06
7,40020,0.0008027089759707452,9.891735497695775e-06
7,40030,0.0008042982473853044,9.891680200045954e-06
7,40040,0.0008073669552686624,9.891624888432346e-06
7,40050,0.000800591375445947,9.891569562855115e-06
7,40060,0.0007935972011182458,9.891514223314414e-06
7,40070,0.0007894094102084638,9.891458869810404e-06
7,40080,0.0008017004161956721,9.891403502343238e-06
7,40090,0.0007944646247779019,9.891348120913078e-06
7,40100,0.0007955491979373619,9.891292725520082e-06
7,40110,0.0007962941584992222,9.891237316164403e-06
7,40120,0.000793158648593817,9.891181892846204e-06
7,40130,0.0007968352176249028,9.891126455565644e-06
7,40140,0.0007976479450007901,9.891071004322882e-06
7,40150,0.0007971126877237111,9.891015539118068e-06
7,40160,0.0008120213082293049,9.890960059951375e-06
7,40170,0.0008065181144047528,9.890904566822949e-06
7,40180,0.0008075558609561995,9.89084905973295e-06
7,40190,0.0007937875430798159,9.890793538681539e-06
7,40200,0.0007981066344655118,9.890738003668875e-06
7,40210,0.0007971546539920382,9.890682454695117e-06
7,40220,0.0007911521985079162,9.890626891760423e-06
7,40230,0.0007967130572069436,9.89057131486495e-06
7,40240,0.0008102207386400551,9.890515724008858e-06
7,40250,0.0008007766911759973,9.890460119192305e-06
7,40260,0.0007966397577547468,9.890404500415448e-06
7,40270,0.0008060282721999102,9.890348867678451e-06
7,40280,0.0008040611617616377,9.890293220981472e-06
7,40290,0.0008102333478746005,9.890237560324665e-06
7,40300,0.0008140209218254312,9.89018188570819e-06
7,40310,0.000797717877139803,9.890126197132207e-06
7,40320,0.000806794667732902,9.890070494596873e-06
7,40330,0.000793245411477983,9.890014778102351e-06
7,40340,0.0007971301092766225,9.8899590476488e-06
7,40350,0.0008062521679676139,9.889903303236372e-06
7,40360,0.0007987074262928219,9.889847544865234e-06
7,40370,0.0007914272326161154,9.889791772535546e-06
7,40380,0.0008111515606287866,9.889735986247461e-06
7,40390,0.0007934841443784535,9.88968018600114e-06
7,40400,0.0008094570337561891,9.889624371796745e-06
7,40410,0.0008024803479202092,9.889568543634435e-06
7,40420,0.0008048576419241726,9.889512701514366e-06
7,40430,0.0008034925034735353,9.8894568454367e-06
7,40440,0.0008019922184757889,9.889400975401594e-06
7,40450,0.0008008428441826255,9.88934509140921e-06
7,40460,0.0007983673262060621,9.88928919345971e-06
7,40470,0.0008021733650821261,9.889233281553247e-06
7,40480,0.0007961112496559508,9.889177355689986e-06
7,40490,0.0007964599324623122,9.889121415870084e-06
7,40500,0.0008029150558286346,9.889065462093704e-06
7,40510,0.000802245456725359,9.889009494361003e-06
7,40520,0.0007953096021083183,9.88895351267214e-06
7,40530,0.0007926277990918606,9.888897517027274e-06
7,40540,0.0007924284189357422,9.888841507426567e-06
7,40550,0.0007984291180036962,9.888785483870178e-06
7,40560,0.0007985856005689129,9.888729446358265e-06
7,40570,0.0008082238971837796,9.888673394890992e-06
7,40580,0.0007985135904164053,9.888617329468517e-06
7,40590,0.0008022526802960783,9.888561250091e-06
7,40600,0.000807496027846355,9.888505156758604e-06
7,40610,0.0007913561217719689,9.888449049471484e-06
7,40620,0.0007977834044140764,9.888392928229807e-06
7,40630,0.0008011470330529847,9.888336793033723e-06
7,40640,0.0007977743400260807,9.888280643883403e-06
7,40650,0.0008075339675997384,9.888224480779001e-06
7,40660,0.00080720784899313,9.888168303720677e-06
7,40670,0.0007896628507296556,9.888112112708593e-06
7,40680,0.0008015525439986959,9.888055907742914e-06
7,40690,0.0007986427706782706,9.887999688823796e-06
7,40700,0.0008004283314221538,9.887943455951398e-06
7,40710,0.0007998258355655706,9.88788720912588e-06
7,40720,0.0007932437714771366,9.887830948347404e-06
7,40730,0.0007981390677741728,9.887774673616136e-06
7,40740,0.0007985407370142639,9.887718384932228e-06
7,40750,0.000797890714602545,9.887662082295845e-06
7,40760,0.0008073699922533707,9.887605765707146e-06
7,40770,0.0007946450641611591,9.887549435166293e-06
7,40780,0.0008072916956734843,9.887493090673451e-06
7,40790,0.0008007673401152715,9.887436732228776e-06
7,40800,0.0007968577250721864,9.887380359832427e-06
7,40810,0.0007970306731294841,9.88732397348457e-06
7,40820,0.000797292051720433,9.887267573185367e-06
7,40830,0.0008002073198440485,9.887211158934968e-06
7,40840,0.0007985050251591019,9.887154730733541e-06
7,40850,0.0007978318637469783,9.88709828858125e-06
7,40860,0.0008016912106540985,9.88704183247825e-06
7,40870,0.000794655701611191,9.88698536242471e-06
7,40880,0.0007959709240822121,9.886928878420788e-06
7,40890,0.0008007292650290764,9.886872380466644e-06
7,40900,0.0007903689649538137,9.886815868562439e-06
7,40910,0.0007907994397100993,9.886759342708332e-06
7,40920,0.0007989454359631054,9.886702802904488e-06
7,40930,0.0007980482565471903,9.886646249151067e-06
7,40940,0.0008013482205569744,9.886589681448233e-06
7,40950,0.0007916630915133283,9.886533099796144e-06
7,40960,0.0007990449943463319,9.886476504194966e-06
7,40970,0.0008043392008403316,9.886419894644855e-06
7,40980,0.00080257454974344,9.886363271145976e-06
7,40990,0.0007837372977519407,9.886306633698489e-06
7,41000,0.0008002410671906547,9.88624998230256e-06
7,41010,0.0008069945106399246,9.886193316958344e-06
7,41020,0.0008034815997234545,9.886136637666005e-06
7,41030,0.0007981265764101409,9.886079944425705e-06
7,41040,0.0008114540891256182,9.886023237237612e-06
7,41050,0.0008051137032452972,9.88596651610188e-06
7,41060,0.0008097149882814848,9.885909781018671e-06
7,41070,0.0008041753448196686,9.885853031988148e-06
7,41080,0.0007943479518871755,9.885796269010478e-06
7,41090,0.000797753783990629,9.885739492085818e-06
7,41100,0.0007939084331155755,9.885682701214331e-06
7,41110,0.0008062705717748031,9.88562589639618e-06
7,41120,0.000801432914158795,9.885569077631528e-06
7,41130,0.0007973248983034865,9.885512244920534e-06
7,41140,0.0007869108056183904,9.885455398263364e-06
7,41150,0.0008030438781133854,9.885398537660174e-06
7,41160,0.0007977735469467007,9.885341663111132e-06
7,41170,0.0007883961094194093,9.8852847746164e-06
7,41180,0.0007924073870526627,9.885227872176143e-06
7,41190,0.000789404175884556,9.885170955790519e-06
7,41200,0.0008029640550375916,9.885114025459689e-06
7,41210,0.0007982745577464811,9.88505708118382e-06
7,41220,0.0007947376056108625,9.885000122963071e-06
7,41230,0.0008022709735087119,9.884943150797604e-06
7,validation,0.0007917407347122207,9.884943150797604e-06
8,41240,0.0008009649711311794,9.88488616468759e-06
8,41250,0.0007933850240078755,9.884829164633181e-06
8,41260,0.0007976308872457594,9.884772150634544e-06
8,41270,0.0008028559401282108,9.884715122691846e-06
8,41280,0.0008031421777559445,9.884658080805245e-06
8,41290,0.00080080194020411,9.884601024974905e-06
8,41300,0.0007931375177577138,9.884543955200985e-06
8,41310,0.000804420208442025,9.884486871483654e-06
8,41320,0.0008050648015341722,9.884429773823069e-06
8,41330,0.0007991853228304536,9.884372662219398e-06
8,41340,0.0007893884554505347,9.8843155366728e-06
8,41350,0.0008007099968381226,9.884258397183444e-06
8,41360,0.0007960274670040236,9.884201243751488e-06
8,41370,0.0008048237155890092,9.884144076377098e-06
8,41380,0.0008003397000720725,9.884086895060433e-06
8,41390,0.0007950552098918706,9.884029699801658e-06
8,41400,0.0007977034503710457,9.88397249060094e-06
8,41410,0.0008028055293834769,9.883915267458435e-06
8,41420,0.0008054812948103063,9.883858030374312e-06
8,41430,0.0007912003769888542,9.883800779348737e-06
8,41440,0.0007906389990239404,9.883743514381868e-06
8,41450,0.000800208657165058,9.883686235473867e-06
8,41460,0.0008100942432065493,9.883628942624904e-06
8,41470,0.0007983103190781548,9.883571635835142e-06
8,41480,0.0007905700447736308,9.883514315104736e-06
8,41490,0.0007993312319740653,9.883456980433858e-06
8,41500,0.0007975924090715125,9.88339963182267e-06
8,41510,0.0007990535610588267,9.883342269271336e-06
8,41520,0.0007974872452905402,9.883284892780018e-06
8,41530,0.00081220251013292,9.883227502348877e-06
8,41540,0.0007953887659823523,9.88317009797808e-06
8,41550,0.0007938393289805391,9.883112679667793e-06
8,41560,0.0008008541903109291,9.883055247418175e-06
8,41570,0.0008007753902347759,9.882997801229397e-06
8,41580,0.0007934878798550926,9.882940341101617e-06
8,41590,0.0007985930002178065,9.882882867035006e-06
8,41600,0.000810102694958914,9.882825379029713e-06
8,41610,0.0008021131492569112,9.88276787708592e-06
8,41620,0.0008008206830709241,9.88271036120378e-06
8,41630,0.0008033651451114565,9.882652831383461e-06
8,41640,0.0007880038974690251,9.882595287625125e-06
8,41650,0.0008004960502148606,9.88253772992894e-06
8,41660,0.0008001443289685995,9.882480158295068e-06
8,41670,0.0008007379758055322,9.882422572723674e-06
8,41680,0.0007958250891533681,9.882364973214924e-06
8,41690,0.0007970228456542827,9.882307359768978e-06
8,41700,0.000800013798289001,9.882249732386005e-06
8,41710,0.0007966443954501301,9.882192091066164e-06
8,41720,0.0008015734754735603,9.882134435809623e-06
8,41730,0.0008005804702406749,9.882076766616548e-06
8,41740,0.0008041498746024444,9.8820190834871e-06
8,41750,0.0007982153794728219,9.881961386421445e-06
8,41760,0.000789120959234424,9.881903675419748e-06
8,41770,0.0007914427493233233,9.88184595048218e-06
8,41780,0.0007977027184097096,9.881788211608894e-06
8,41790,0.0007977518835105001,9.881730458800062e-06
8,41800,0.0007942970376461744,9.88167269205585e-06
8,41810,0.0007973176572704688,9.88161491137642e-06
8,41820,0.0007980754846357741,9.881557116761934e-06
8,41830,0.0007944213808514177,9.881499308212564e-06
8,41840,0.0007977216344443149,9.881441485728469e-06
8,41850,0.0007938793380162679,9.881383649309818e-06
8,41860,0.0007966431614477188,9.881325798956773e-06
8,41870,0.0008066195456194692,9.881267934669505e-06
8,41880,0.000796562441973947,9.881210056448175e-06
8,41890,0.0008021618181373924,9.881152164292945e-06
8,41900,0.0007952702173497527,9.881094258203982e-06
8,41910,0.0007983265255461447,9.881036338181458e-06
8,41920,0.0007861618607421406,9.880978404225533e-06
8,41930,0.0007927025581011548,9.880920456336371e-06
8,41940,0.0008087406313279645,9.880862494514137e-06
8,41950,0.000800789735512808,9.880804518759e-06
8,41960,0.0008022005567909218,9.880746529071123e-06
8,41970,0.0007985761301824823,9.880688525450674e-06
8,41980,0.0007891470784670673,9.880630507897815e-06
8,41990,0.000792793184518814,9.880572476412712e-06
8,42000,0.0007918924748082645,9.880514430995534e-06
8,42010,0.000805935196694918,9.880456371646444e-06
8,42020,0.0007996815707883798,9.880398298365608e-06
8,42030,0.0007955329216201789,9.880340211153193e-06
8,42040,0.0008014794337213971,9.880282110009368e-06
8,42050,0.0007997377397259697,9.880223994934294e-06
8,42060,0.0007984179872437381,9.880165865928135e-06
8,42070,0.000796586845535785,9.880107722991064e-06
8,42080,0.0008144433857523837,9.880049566123238e-06
8,42090,0.0008050847100093962,9.87999139532483e-06
8,42100,0.0008046724091400392,9.879933210596003e-06
8,42110,0.0007956092595122755,9.879875011936925e-06
8,42120,0.0008011283265659586,9.879816799347759e-06
8,42130,0.0008034165322897025,9.879758572828675e-06
8,42140,0.0008031041419599205,9.879700332379838e-06
8,42150,0.0008095625802525319,9.879642078001415e-06
8,42160,0.0008058005012571811,9.879583809693571e-06
8,42170,0.0008054949357756412,9.879525527456474e-06
8,42180,0.0007989575213287026,9.879467231290287e-06
8,42190,0.0007948914426378906,9.87940892119518e-06
8,42200,0.0007953494859975763,9.879350597171313e-06
8,42210,0.000793877855176106,9.87929225921886e-06
8,42220,0.0007933534405310638,9.879233907337982e-06
8,42230,0.0007969184705871158,9.879175541528851e-06
8,42240,0.0007914992253063246,9.879117161791631e-06
8,42250,0.0007919556912383996,9.87905876812649e-06
8,42260,0.0007974852836923675,9.87900036053359e-06
8,42270,0.0007915002570371144,9.878941939013104e-06
8,42280,0.0007951588442665524,9.878883503565193e-06
8,42290,0.000798250682419166,9.878825054190023e-06
8,42300,0.0008014948325580917,9.87876659088777e-06
8,42310,0.0008002189366379753,9.878708113658599e-06
8,42320,0.0007946225377963856,9.878649622502663e-06
8,42330,0.0007903564415755682,9.878591117420143e-06
8,42340,0.0008013234313693829,9.878532598411206e-06
8,42350,0.0008054227699176408,9.878474065476012e-06
8,42360,0.0008029107266338542,9.878415518614734e-06
8,42370,0.0007956177723826842,9.878356957827533e-06
8,42380,0.0007960889808600769,9.878298383114582e-06
8,42390,0.0007894653652328999,9.87823979447604e-06
8,42400,0.0007946061086840928,9.878181191912083e-06
8,42410,0.0007908422907348722,9.878122575422876e-06
8,42420,0.0007948531289002858,9.878063945008588e-06
8,42430,0.0008072441240074114,9.878005300669382e-06
8,42440,0.0007997232474735938,9.87794664240543e-06
8,42450,0.0007983617630088701,9.877887970216896e-06
8,42460,0.0007974365842528641,9.87782928410395e-06
8,42470,0.0008003111695870757,9.877770584066754e-06
8,42480,0.0007967343088239431,9.87771187010548e-06
8,42490,0.0007973203420988283,9.877653142220295e-06
8,42500,0.0007896912764408625,9.877594400411367e-06
8,42510,0.0008030494835111312,9.877535644678864e-06
8,42520,0.0007975283690029755,9.87747687502295e-06
8,42530,0.0007975904547492974,9.8774180914438e-06
8,42540,0.0007887296305852942,9.877359293941579e-06
8,42550,0.0008079094463028015,9.87730048251645e-06
8,42560,0.0007957557187182829,9.877241657168584e-06
8,42570,0.000799989647930488,9.877182817898155e-06
8,42580,0.0007995866995770483,9.877123964705321e-06
8,42590,0.0008053773970459587,9.877065097590254e-06
8,42600,0.000800672933110036,9.877006216553128e-06
8,42610,0.0008041615248657763,9.876947321594102e-06
8,42620,0.0008043789799557998,9.876888412713343e-06
8,42630,0.0007879850294557401,9.876829489911029e-06
8,42640,0.0007902564175310545,9.87677055318732e-06
8,42650,0.0008019943648832849,9.876711602542388e-06
8,42660,0.0008026305338717065,9.876652637976402e-06
8,42670,0.000799683564400766,9.87659365948953e-06
8,42680,0.0007932762571726925,9.876534667081935e-06
8,42690,0.0007969430298544466,9.876475660753791e-06
8,42700,0.0008017322616069577,9.876416640505264e-06
8,42710,0.000783645267074462,9.876357606336523e-06
8,42720,0.0007898880357970484,9.876298558247737e-06
8,42730,0.000795008215936832,9.876239496239072e-06
8,42740,0.0007963441443280318,9.876180420310702e-06
8,42750,0.0008010052129975519,9.876121330462792e-06
8,42760,0.0007984101510373875,9.876062226695513e-06
8,42770,0.0007907315099146217,9.876003109009032e-06
8,42780,0.0007948406811919995,9.87594397740352e-06
8,42790,0.0007902881217887624,9.87588483187914e-06
8,42800,0.0007904042460722849,9.875825672436068e-06
8,42810,0.0007986312513821759,9.875766499074469e-06
8,42820,0.0007955094493809155,9.875707311794515e-06
8,42830,0.000803730009647552,9.875648110596369e-06
8,42840,0.000801136830705218,9.875588895480204e-06
8,42850,0.0007988040480995551,9.875529666446189e-06
8,42860,0.0008011318379431032,9.87547042349449e-06
8,42870,0.0007967858342453837,9.87541116662528e-06
8,42880,0.0008032314770389348,9.875351895838723e-06
8,42890,0.0008029255826841108,9.875292611134996e-06
8,42900,0.0007986277094460093,9.875233312514263e-06
8,42910,0.0007957580368383787,9.875173999976694e-06
8,42920,0.0008008002158021554,9.875114673522456e-06
8,42930,0.0007978095833095722,9.875055333151724e-06
8,42940,0.0007948858765303157,9.874995978864665e-06
8,42950,0.0007900978962425143,9.874936610661447e-06
8,42960,0.0007912557746749371,9.87487722854224e-06
8,42970,0.000796928323688917,9.874817832507214e-06
8,42980,0.0007914768677437677,9.87475842255654e-06
8,42990,0.0007995561609277502,9.874698998690381e-06
8,43000,0.0008015747895115055,9.874639560908914e-06
8,43010,0.0007971402941620908,9.874580109212307e-06
8,43020,0.0008118868718156591,9.874520643600732e-06
8,43030,0.000796431400522124,9.874461164074356e-06
8,43040,0.0008009258715901524,9.874401670633348e-06
8,43050,0.0007979468151461333,9.874342163277877e-06
8,43060,0.000795056385686621,9.874282642008115e-06
8,43070,0.0007939144154079259,9.87422310682423e-06
8,43080,0.0008029030854231678,9.874163557726391e-06
8,43090,0.0007944391138153151,9.874103994714772e-06
8,43100,0.0007980870883329772,9.874044417789541e-06
8,43110,0.0007930242019938305,9.873984826950869e-06
8,43120,0.0007921745724161156,9.873925222198923e-06
8,43130,0.0007959072143421508,9.873865603533875e-06
8,43140,0.0007942215670482256,9.873805970955898e-06
8,43150,0.0008031112622120418,9.87374632446516e-06
8,43160,0.0007993545106728562,9.873686664061833e-06
8,43170,0.0007995352731086314,9.873626989746085e-06
8,43180,0.0007993951556272804,9.873567301518086e-06
8,43190,0.000801414216402918,9.873507599378007e-06
8,43200,0.0008084844390396029,9.87344788332602e-06
8,43210,0.0008108486857963727,9.873388153362291e-06
8,43220,0.0008032751124119387,9.873328409486995e-06
8,43230,0.000800796523981262,9.873268651700302e-06
8,43240,0.0007963926778757014,9.873208880002384e-06
8,43250,0.000798266805941239,9.873149094393407e-06
8,43260,0.0008009412573301234,9.873089294873547e-06
8,43270,0.0007911332097137346,9.873029481442968e-06
8,43280,0.0007942685726447963,9.872969654101844e-06
8,43290,0.0008020482448046095,9.872909812850346e-06
8,43300,0.0008024118913454003,9.872849957688644e-06
8,43310,0.0007968574209371582,9.872790088616911e-06
8,43320,0.0007975659958901815,9.872730205635318e-06
8,43330,0.0008064706096774899,9.872670308744035e-06
8,43340,0.0007914376925327814,9.872610397943233e-06
8,43350,0.0008049063049838878,9.872550473233075e-06
8,43360,0.0007999416964594274,9.872490534613749e-06
8,43370,0.0007922286196844653,9.872430582085411e-06
8,43380,0.000791122848750092,9.872370615648244e-06
8,43390,0.0007967168465256691,9.872310635302408e-06
8,43400,0.0008013444457901642,9.872250641048086e-06
8,43410,0.0007905247315648012,9.87219063288544e-06
8,43420,0.0007953758104122244,9.872130610814644e-06
8,43430,0.0008013832499273122,9.872070574835867e-06
8,43440,0.0007978432273375801,9.872010524949283e-06
8,43450,0.0007935109257232397,9.871950461155065e-06
8,43460,0.0007968652309500613,9.871890383453381e-06
8,43470,0.0007972673760377803,9.871830291844405e-06
8,43480,0.0007943610544316471,9.871770186328308e-06
8,43490,0.0008012184640392661,9.87171006690526e-06
8,43500,0.000789109266770538,9.871649933575435e-06
8,43510,0.0007992238824954256,9.871589786339003e-06
8,43520,0.0008036474551772699,9.871529625196134e-06
8,43530,0.0008018554464797489,9.871469450147005e-06
8,43540,0.0007975739732501098,9.871409261191784e-06
8,43550,0.0007992210012162104,9.871349058330643e-06
8,43560,0.0007924578923848458,9.871288841563754e-06
8,43570,0.0007980715279700234,9.87122861089129e-06
8,43580,0.0007944841971038841,9.87116836631342e-06
8,43590,0.0008002819551620633,9.871108107830323e-06
8,43600,0.0007949737570015715,9.871047835442163e-06
8,43610,0.0008062433465966024,9.870987549149116e-06
8,43620,0.0007924657591502182,9.870927248951353e-06
8,43630,0.0007974254840519279,9.870866934849048e-06
8,43640,0.0007981437869602814,9.87080660684237e-06
8,43650,0.0007951325183967128,9.870746264931492e-06
8,43660,0.0007948622602270916,9.870685909116592e-06
8,43670,0.0007985910604475066,9.870625539397833e-06
8,43680,0.0008009217548533343,9.870565155775392e-06
8,43690,0.0007907703940873034,9.870504758249441e-06
8,43700,0.0007962756149936468,9.870444346820154e-06
8,43710,0.0008021507470402866,9.8703839214877e-06
8,43720,0.0008083476772299036,9.870323482252256e-06
8,43730,0.0007932873137178831,9.870263029113991e-06
8,43740,0.00079554958792869,9.870202562073074e-06
8,43750,0.000792177468247246,9.870142081129687e-06
8,43760,0.0007945337041746826,9.870081586283994e-06
8,43770,0.0007941964300698601,9.870021077536176e-06
8,43780,0.0007865207851864397,9.869960554886399e-06
8,43790,0.0007800288120051845,9.869900018334836e-06
8,43800,0.0008120948914438486,9.869839467881664e-06
8,43810,0.000798549153842032,9.869778903527055e-06
8,43820,0.0007942936164909043,9.86971832527118e-06
8,43830,0.0007909927779110148,9.869657733114213e-06
8,43840,0.0007992581420694477,9.869597127056326e-06
8,43850,0.0007976000546477736,9.869536507097688e-06
8,43860,0.0008021442641620524,9.86947587323848e-06
8,43870,0.000803350609203335,9.869415225478873e-06
8,43880,0.0007954348242492416,9.86935456381904e-06
8,43890,0.0007919771349406801,9.869293888259148e-06
8,43900,0.0008008547622011975,9.869233198799374e-06
8,43910,0.0007974544714670628,9.869172495439895e-06
8,43920,0.0007859290970372968,9.869111778180883e-06
8,43930,0.0007937484915601089,9.869051047022508e-06
8,43940,0.0007841016034944914,9.868990301964946e-06
8,43950,0.0007979470043210313,9.86892954300837e-06
8,43960,0.0007911958877230064,9.868868770152953e-06
8,43970,0.0007848268374800681,9.868807983398864e-06
8,43980,0.0008021090776310301,9.868747182746285e-06
8,43990,0.000796653426368721,9.868686368195386e-06
8,44000,0.0007935599307529628,9.86862553974634e-06
8,44010,0.0007902372657554224,9.868564697399323e-06
8,44020,0.0007940365248941816,9.868503841154502e-06
8,44030,0.0007998880668310448,9.86844297101206e-06
8,44040,0.0007879258861066774,9.868382086972165e-06
8,44050,0.0007987941120518371,9.868321189034995e-06
8,44060,0.0007989980047568678,9.868260277200714e-06
8,44070,0.000795096372894477,9.868199351469508e-06
8,44080,0.0008013172351638786,9.868138411841546e-06
8,44090,0.0007953319960506632,9.868077458317e-06
8,44100,0.0007900131735368632,9.868016490896042e-06
8,44110,0.0007927510843728669,9.867955509578854e-06
8,44120,0.000799679773626849,9.867894514365607e-06
8,44130,0.0007998513712664135,9.867833505256467e-06
8,44140,0.0007994925108505413,9.867772482251618e-06
8,44150,0.0008077518170466647,9.867711445351227e-06
8,44160,0.0007963872238178737,9.867650394555477e-06
8,44170,0.0007969482830958441,9.867589329864533e-06
8,44180,0.0008019229469937273,9.867528251278575e-06
8,44190,0.0008007184558664448,9.867467158797778e-06
8,44200,0.0007928582374006509,9.867406052422313e-06
8,44210,0.0007983227143995464,9.867344932152357e-06
8,44220,0.0007984419717104174,9.867283797988086e-06
8,44230,0.0007969278696691618,9.86722264992967e-06
8,44240,0.0007940058072563261,9.867161487977286e-06
8,44250,0.0007997303400770761,9.867100312131108e-06
8,44260,0.0008052968812990002,9.867039122391315e-06
8,44270,0.0007975800050189719,9.866977918758074e-06
8,44280,0.0007989816876943223,9.866916701231564e-06
8,44290,0.0008058567414991558,9.866855469811958e-06
8,44300,0.0008092828007647767,9.866794224499434e-06
8,44310,0.0008016488456632942,9.86673296529416e-06
8,44320,0.0007895732531324029,9.866671692196318e-06
8,44330,0.0007909445062978193,9.866610405206083e-06
8,44340,0.0007918432078440675,9.866549104323624e-06
8,44350,0.0007997795910341665,9.866487789549121e-06
8,44360,0.0007986225187778472,9.866426460882748e-06
8,44370,0.0007990967060322873,9.866365118324679e-06
8,44380,0.0007938187321997247,9.866303761875088e-06
8,44390,0.0007907392224296929,9.866242391534153e-06
8,44400,0.0007986301716300659,9.866181007302046e-06
8,44410,0.0007834414223907515,9.866119609178942e-06
8,44420,0.0007936434863950125,9.866058197165022e-06
8,44430,0.0007987555756699294,9.865996771260455e-06
8,44440,0.0007954591797897593,9.865935331465423e-06
8,44450,0.0007950496248668059,9.865873877780099e-06
8,44460,0.0007978116016602144,9.865812410204655e-06
8,44470,0.0007977232002303935,9.865750928739268e-06
8,44480,0.0008007506883586758,9.865689433384115e-06
8,44490,0.0007852163733332419,9.865627924139366e-06
8,44500,0.0007885739105404355,9.8655664010052e-06
8,44510,0.0007902474302682095,9.8655048639818e-06
8,44520,0.0007984186668181792,9.865443313069333e-06
8,44530,0.0007942474068840966,9.865381748267974e-06
8,44540,0.0007940632902318611,9.865320169577905e-06
8,44550,0.0007851131420466117,9.865258576999295e-06
8,44560,0.0007892132241977378,9.865196970532322e-06
8,44570,0.0007950050552608445,9.865135350177167e-06
8,44580,0.0007999485489563086,9.865073715934005e-06
8,44590,0.0007952624160679989,9.865012067803004e-06
8,44600,0.0007977768080309033,9.864950405784343e-06
8,44610,0.0007890619788668118,9.8648887298782e-06
8,44620,0.0008071551143075339,9.864827040084758e-06
8,44630,0.0007958695641718805,9.864765336404182e-06
8,44640,0.0007853116010664962,9.864703618836649e-06
8,44650,0.0008034097452764399,9.864641887382342e-06
8,44660,0.0007924616424134001,9.864580142041432e-06
8,44670,0.0007891848305007443,9.864518382814099e-06
8,44680,0.0007906934770289809,9.864456609700514e-06
8,44690,0.0008026803567190655,9.86439482270086e-06
8,44700,0.0008125687993015163,9.86433302181531e-06
8,44710,0.0008048038900597021,9.864271207044036e-06
8,44720,0.000793491434887983,9.864209378387218e-06
8,44730,0.0007898674259195104,9.864147535845036e-06
8,44740,0.0007991014063009061,9.864085679417663e-06
8,44750,0.0007932299136882648,9.864023809105277e-06
8,44760,0.000803987831750419,9.863961924908056e-06
8,44770,0.0007991429738467559,9.863900026826174e-06
8,44780,0.0007952495769131928,9.863838114859813e-06
8,44790,0.0007929480532766319,9.863776189009142e-06
8,44800,0.000802235453738831,9.863714249274341e-06
8,44810,0.0008055557613261045,9.863652295655585e-06
8,44820,0.0008008480188436806,9.863590328153053e-06
8,44830,0.0008023241680348292,9.86352834676692e-06
8,44840,0.0007968501537106931,9.863466351497365e-06
8,44850,0.0007913689041743055,9.863404342344565e-06
8,44860,0.0007904595244326629,9.863342319308696e-06
8,44870,0.000800545334641356,9.863280282389939e-06
8,44880,0.0008047529350733385,9.863218231588462e-06
8,44890,0.00079631026746938,9.863156166904451e-06
8,44900,0.0007995780411874877,9.863094088338078e-06
8,44910,0.0007949713020934723,9.863031995889523e-06
8,44920,0.0007937137968838214,9.86296988955896e-06
8,44930,0.0007893965725088492,9.86290776934657e-06
8,44940,0.0008065183064900339,9.862845635252528e-06
8,44950,0.0007930684310849755,9.862783487277014e-06
8,44960,0.0008132147617288864,9.862721325420208e-06
8,44970,0.000799417016969528,9.862659149682278e-06
8,44980,0.0008066199865425005,9.862596960063407e-06
8,44990,0.0007960909773828462,9.862534756563773e-06
8,45000,0.0008000347603228875,9.862472539183548e-06
8,45010,0.0008014774968614802,9.862410307922917e-06
8,45020,0.0007974546781042591,9.862348062782058e-06
8,45030,0.0008068924711551518,9.862285803761142e-06
8,45040,0.0007927071928861551,9.862223530860354e-06
8,45050,0.0007930807172670029,9.862161244079862e-06
8,45060,0.000798661998123862,9.862098943419851e-06
8,45070,0.0007868000597227365,9.8620366288805e-06
8,45080,0.0007882490070187486,9.86197430046198e-06
8,45090,0.0007994940009666608,9.86191195816448e-06
8,45100,0.0007948001439217478,9.861849601988167e-06
8,45110,0.0007879542972659693,9.861787231933225e-06
8,45120,0.000802902904979419,9.86172484799983e-06
8,45130,0.0008136450938764028,9.861662450188164e-06
8,45140,0.0008009644778212532,9.861600038498404e-06
8,45150,0.0007936919602798298,9.86153761293072e-06
8,45160,0.0007961798735777847,9.861475173485299e-06
8,45170,0.000806476290745195,9.861412720162316e-06
8,45180,0.0008017587009817363,9.861350252961946e-06
8,45190,0.0008081275809672662,9.861287771884377e-06
8,45200,0.0008018329914193601,9.861225276929773e-06
8,45210,0.0007931980842840857,9.861162768098327e-06
8,45220,0.0007976263514137826,9.861100245390213e-06
8,45230,0.000798659582505934,9.861037708805609e-06
8,45240,0.0007916166665381752,9.86097515834469e-06
8,45250,0.0007916271308204158,9.860912594007638e-06
8,45260,0.0007999520836165175,9.860850015794626e-06
8,45270,0.0007928953622467816,9.860787423705836e-06
8,45280,0.0007884312959504315,9.86072481774145e-06
8,45290,0.000794287615281064,9.860662197901645e-06
8,45300,0.0007893408765085042,9.860599564186595e-06
8,45310,0.0007891936722444371,9.860536916596489e-06
8,45320,0.000812270917231217,9.860474255131498e-06
8,45330,0.0007962908784975298,9.860411579791799e-06
8,45340,0.0007951785431941972,9.860348890577577e-06
8,45350,0.0008007053213077598,9.86028618748901e-06
8,45360,0.000798734049021732,9.86022347052627e-06
8,45370,0.0007988637953530997,9.860160739689548e-06
8,45380,0.000796261423965916,9.86009799497901e-06
8,45390,0.0007968243764480576,9.860035236394845e-06
8,45400,0.0008012155070900917,9.859972463937229e-06
8,45410,0.0007942930329591037,9.859909677606339e-06
8,45420,0.0008007630895008333,9.85984687740236e-06
8,45430,0.0007988343160832301,9.859784063325465e-06
8,45440,0.0007925520301796495,9.859721235375835e-06
8,45450,0.0007850622700061649,9.85965839355365e-06
8,45460,0.0007916500966530294,9.859595537859089e-06
8,45470,0.0007994277140824124,9.859532668292331e-06
8,45480,0.0007929185303510167,9.85946978485356e-06
8,45490,0.000796639711188618,9.859406887542949e-06
8,45500,0.0008003815266420133,9.859343976360682e-06
8,45510,0.0007915310692624189,9.859281051306936e-06
8,45520,0.0007915084031992593,9.859218112381893e-06
8,45530,0.0007924223406007514,9.859155159585731e-06
8,45540,0.0007977115572430194,9.85909219291863e-06
8,45550,0.0007882099816924892,9.859029212380771e-06
8,45560,0.0008045463604503312,9.85896621797233e-06
8,45570,0.0007958977497764863,9.858903209693494e-06
8,45580,0.0007971632629050874,9.858840187544432e-06
8,45590,0.0007933953660540284,9.858777151525333e-06
8,45600,0.0008003116221516394,9.858714101636375e-06
8,45610,0.0007932290769531392,9.85865103787774e-06
8,45620,0.0007934352310257964,9.858587960249602e-06
8,45630,0.0007945875346194954,9.858524868752145e-06
8,45640,0.0007998027809662744,9.858461763385547e-06
8,45650,0.0007875865296227858,9.858398644149988e-06
8,45660,0.0007916064481833018,9.85833551104565e-06
8,45670,0.0008101677449303679,9.858272364072713e-06
8,45680,0.0008064270208706148,9.858209203231359e-06
8,45690,0.0008096866105915978,9.858146028521765e-06
8,45700,0.000799135593115352,9.858082839944114e-06
8,45710,0.0008002268252312206,9.858019637498582e-06
8,45720,0.0007966257326188497,9.857956421185355e-06
8,45730,0.0007912587563623675,9.857893191004613e-06
8,45740,0.000794080643390771,9.857829946956535e-06
8,45750,0.0008026931056519971,9.857766689041298e-06
8,45760,0.0007984940210008063,9.857703417259086e-06
8,45770,0.0007923823970486409,9.857640131610082e-06
8,45780,0.0007878727337811142,9.857576832094462e-06
8,45790,0.000803451327374205,9.857513518712407e-06
8,45800,0.0007949443082907237,9.857450191464098e-06
8,45810,0.000794969308481086,9.857386850349718e-06
8,45820,0.0008004584655282087,9.85732349536945e-06
8,45830,0.0008024228023714385,9.85726012652347e-06
8,45840,0.0008071323041804135,9.857196743811959e-06
8,45850,0.0007985559728695079,9.8571333472351e-06
8,45860,0.0008007103140698745,9.857069936793074e-06
8,45870,0.000791282465797849,9.857006512486064e-06
8,45880,0.0007854755545849912,9.856943074314249e-06
8,45890,0.0007947431106003933,9.856879622277808e-06
8,45900,0.0008032373894820922,9.856816156376923e-06
8,45910,0.0007979582995176315,9.856752676611776e-06
8,45920,0.0007786937785567716,9.856689182982549e-06
8,45930,0.0008136761680361814,9.856625675489424e-06
8,45940,0.0007962863746797666,9.856562154132577e-06
8,45950,0.0007949215301778167,9.856498618912195e-06
8,45960,0.0007946813479065895,9.856435069828456e-06
8,45970,0.0007987866367329844,9.856371506881541e-06
8,45980,0.000782011923729442,9.856307930071636e-06
8,45990,0.0007996043597813695,9.85624433939892e-06
8,46000,0.0007875654089730233,9.856180734863575e-06
8,46010,0.0007958205009344965,9.85611711646578e-06
8,46020,0.0007977720291819423,9.85605348420572e-06
8,46030,0.0007901601973571814,9.855989838083577e-06
8,46040,0.0007881221812567673,9.855926178099527e-06
8,46050,0.0007992099155671894,9.855862504253756e-06
8,46060,0.0007887113155447879,9.855798816546445e-06
8,46070,0.0007961981449625455,9.85573511497778e-06
8,46080,0.000807468662969768,9.855671399547937e-06
8,46090,0.0008033652586163953,9.8556076702571e-06
8,46100,0.0007991952428710647,9.855543927105449e-06
8,46110,0.0007931234431453049,9.85548017009317e-06
8,46120,0.000801357883028686,9.855416399220442e-06
8,46130,0.0007911168184364214,9.855352614487447e-06
8,46140,0.0007979295056429691,9.855288815894365e-06
8,46150,0.0007943267657537944,9.855225003441382e-06
8,46160,0.0007995083185960538,9.855161177128682e-06
8,46170,0.0007988758981809952,9.855097336956444e-06
8,46180,0.0007910221378551796,9.855033482924849e-06
8,46190,0.0008007397962501273,9.854969615034082e-06
8,46200,0.0007919216077425517,9.854905733284325e-06
8,46210,0.0007903588411863893,9.854841837675757e-06
8,46220,0.0007977559478604234,9.854777928208563e-06
8,46230,0.0007914468718809075,9.854714004882927e-06
8,46240,0.0007969987855176441,9.854650067699028e-06
8,46250,0.0007951533218147232,9.85458611665705e-06
8,46260,0.0008058440769673325,9.854522151757176e-06
8,46270,0.0007918029616121203,9.854458172999588e-06
8,46280,0.000797472320846282,9.854394180384467e-06
8,46290,0.0008021059038583189,9.854330173912002e-06
8,46300,0.0007918311253888532,9.854266153582368e-06
8,46310,0.0008014013932552188,9.854202119395753e-06
8,46320,0.000791508800466545,9.854138071352338e-06
8,46330,0.0007991835766006262,9.854074009452307e-06
8,46340,0.0008004840783542022,9.854009933695843e-06
8,46350,0.0007918594768852928,9.853945844083123e-06
8,46360,0.0007943317672470584,9.853881740614337e-06
8,46370,0.0007869075372582302,9.853817623289665e-06
8,46380,0.0007906492435722612,9.853753492109292e-06
8,46390,0.0007819998529157601,9.853689347073399e-06
8,46400,0.0007955194741953164,9.85362518818217e-06
8,46410,0.00078633106459165,9.85356101543579e-06
8,46420,0.0007893238042015583,9.853496828834436e-06
8,46430,0.0007924569610622711,9.853432628378297e-06
8,46440,0.0007890791777754203,9.853368414067555e-06
8,46450,0.0007934409150038846,9.853304185902395e-06
8,46460,0.0007916137430584058,9.853239943882997e-06
8,46470,0.0007955182460136711,9.853175688009546e-06
8,46480,0.0007948725236929023,9.853111418282222e-06
8,46490,0.0007998738277819939,9.853047134701216e-06
8,46500,0.0007923620752990245,9.852982837266704e-06
8,46510,0.0008141198792145588,9.852918525978874e-06
8,46520,0.0007971270752022974,9.852854200837906e-06
8,46530,0.0008016302046598866,9.852789861843987e-06
8,46540,0.0007984060343005695,9.8527255089973e-06
8,46550,0.0007991541890078224,9.852661142298026e-06
8,46560,0.0007977514251251705,9.85259676174635e-06
8,46570,0.0007907070743385701,9.852532367342458e-06
8,46580,0.0007882640944444574,9.852467959086533e-06
8,46590,0.0007966716075316072,9.852403536978758e-06
8,46600,0.0007934048218885437,9.852339101019318e-06
8,46610,0.0007892923182225786,9.852274651208396e-06
8,46620,0.0008038045169087126,9.852210187546175e-06
8,46630,0.0007948348269565032,9.852145710032842e-06
8,46640,0.0007867402251577004,9.852081218668582e-06
8,46650,0.000785280043783132,9.852016713453573e-06
8,46660,0.0007864456099923701,9.851952194388004e-06
8,46670,0.0007930596766527742,9.851887661472053e-06
8,46680,0.0007981378483236767,9.851823114705912e-06
8,46690,0.0008100457591353916,9.85175855408976e-06
8,46700,0.0008037603533011861,9.851693979623785e-06
8,46710,0.0007980728492839262,9.851629391308171e-06
8,46720,0.0007874493545386939,9.851564789143101e-06
8,46730,0.000787728866271209,9.851500173128756e-06
8,46740,0.0007929589104605838,9.851435543265329e-06
8,46750,0.0008028136799111962,9.851370899552996e-06
8,46760,0.0007888572014053352,9.851306241991946e-06
8,46770,0.0007923196753836237,9.851241570582363e-06
8,46780,0.0007988807235960848,9.851176885324431e-06
8,46790,0.0007963615222251973,9.85111218621833e-06
8,46800,0.0007927684418973513,9.851047473264256e-06
8,46810,0.0007942957119666972,9.850982746462386e-06
8,46820,0.0007947433405206539,9.850918005812906e-06
8,46830,0.0008029387638089247,9.850853251315999e-06
8,46840,0.0008029325821553357,9.850788482971855e-06
8,46850,0.000799266979447566,9.850723700780656e-06
8,46860,0.0007988299010321497,9.850658904742583e-06
8,46870,0.0007892593101132662,9.850594094857824e-06
8,46880,0.000793520269508008,9.850529271126564e-06
8,46890,0.000798932723409962,9.85046443354899e-06
8,46900,0.0008056855731410906,9.85039958212529e-06
8,46910,0.0007976690161740407,9.850334716855644e-06
8,46920,0.0007969518046593294,9.850269837740237e-06
8,46930,0.0007853335147956387,9.850204944779255e-06
8,46940,0.0008024464899790473,9.85014003797288e-06
8,46950,0.0007983952193171718,9.850075117321303e-06
8,46960,0.0007881985657149926,9.850010182824707e-06
8,46970,0.0007942642667330801,9.849945234483277e-06
8,46980,0.0007929353407234884,9.8498802722972e-06
8,46990,0.0007978631590958685,9.84981529626666e-06
8,47000,0.0007961363764479757,9.84975030639184e-06
8,47010,0.00079857605160214,9.849685302672926e-06
8,47020,0.000788174469198566,9.849620285110109e-06
8,47030,0.0007870336179621517,9.849555253703571e-06
8,47040,0.0008000587666174396,9.849490208453496e-06
8,47050,0.0007878479751525446,9.849425149360073e-06
8,47060,0.0007877928714151493,9.849360076423488e-06
8,47070,0.0007900455893832259,9.849294989643923e-06
8,47080,0.0007950152532430366,9.849229889021566e-06
8,47090,0.0007982865150552243,9.849164774556606e-06
8,47100,0.0008009242854313924,9.849099646249223e-06
8,47110,0.0007916704649687745,9.849034504099607e-06
8,47120,0.0007873340233345516,9.84896934810794e-06
8,validation,0.0007880163611844182,9.84896934810794e-06
9,47130,0.0007906259590527042,9.848904178274409e-06
9,47140,0.0007841788363293744,9.848838994599204e-06
9,47150,0.0007988083321833983,9.848773797082507e-06
9,47160,0.000799697547336109,9.848708585724507e-06
9,47170,0.0007872333822888321,9.848643360525388e-06
9,47180,0.0007977956629474647,9.848578121485342e-06
9,47190,0.000797747026081197,9.84851286860455e-06
9,47200,0.0007943746910314076,9.848447601883197e-06
9,47210,0.0007997181979590096,9.848382321321465e-06
9,47220,0.0008004789880942554,9.84831702691955e-06
9,47230,0.0008016259336727672,9.848251718677633e-06
9,47240,0.0007859829376684502,9.848186396595901e-06
9,47250,0.0007866336978622712,9.848121060674543e-06
9,47260,0.0007870080095017329,9.848055710913746e-06
9,47270,0.0008034660684643313,9.847990347313694e-06
9,47280,0.000801434121967759,9.847924969874571e-06
9,47290,0.0008086950227152557,9.847859578596565e-06
9,47300,0.0007957685942528769,9.847794173479872e-06
9,47310,0.0007991497943294234,9.847728754524666e-06
9,47320,0.0007911837135907262,9.847663321731143e-06
9,47330,0.0007956139568705112,9.847597875099484e-06
9,47340,0.0007934700377518312,9.84753241462988e-06
9,47350,0.0007987770615727641,9.847466940322512e-06
9,47360,0.0007928676612209528,9.847401452177566e-06
9,47370,0.0007968586622155272,9.847335950195237e-06
9,47380,0.00079993780964287,9.847270434375705e-06
9,47390,0.0007865339342970401,9.847204904719164e-06
9,47400,0.0007955183857120574,9.847139361225799e-06
9,47410,0.0007956684610689991,9.847073803895792e-06
9,47420,0.000803500811161939,9.847008232729337e-06
9,47430,0.0007957531779538839,9.846942647726614e-06
9,47440,0.000803736099624075,9.846877048887817e-06
9,47450,0.0007984338764799758,9.846811436213127e-06
9,47460,0.000786995270755142,9.846745809702733e-06
9,47470,0.0008013161568669602,9.846680169356825e-06
9,47480,0.0008017293890588917,9.846614515175594e-06
9,47490,0.000801508902804926,9.846548847159222e-06
9,47500,0.0007987899836734868,9.846483165307893e-06
9,47510,0.0007982265742612071,9.8464174696218e-06
9,47520,0.0007867328138672746,9.84635176010113e-06
9,47530,0.000792745039507281,9.846286036746066e-06
9,47540,0.0007812724375980906,9.8462202995568e-06
9,47550,0.0007968226083903574,9.846154548533522e-06
9,47560,0.0007986468015587888,9.846088783676414e-06
9,47570,0.0008005900992429816,9.846023004985671e-06
9,47580,0.0008013893617317081,9.845957212461468e-06
9,47590,0.0008102011197479442,9.845891406104008e-06
9,47600,0.0007960956732858903,9.845825585913469e-06
9,47610,0.000798686419147998,9.845759751890042e-06
9,47620,0.0007846935332054272,9.845693904033915e-06
9,47630,0.000791953521547839,9.845628042345277e-06
9,47640,0.0007951931096613407,9.845562166824313e-06
9,47650,0.0007908780738944189,9.845496277471212e-06
9,47660,0.0007943203454487957,9.845430374286163e-06
9,47670,0.0007956902831210755,9.845364457269353e-06
9,47680,0.0007845310232369229,9.845298526420972e-06
9,47690,0.0007967607787577435,9.845232581741203e-06
9,47700,0.0008006227930309251,9.845166623230241e-06
9,47710,0.0007941517469589598,9.845100650888275e-06
9,47720,0.0007940614203107543,9.845034664715488e-06
9,47730,0.0007888261417974717,9.844968664712069e-06
9,47740,0.0007840357109671458,9.844902650878213e-06
9,47750,0.0007947143196361139,9.8448366232141e-06
9,47760,0.0007922689779661595,9.844770581719923e-06
9,47770,0.0007849037370760925,9.844704526395869e-06
9,47780,0.0007944778306409716,9.844638457242122e-06
9,47790,0.0007879395532654598,9.84457237425888e-06
9,47800,0.0007981474424013867,9.844506277446326e-06
9,47810,0.0007893241505371408,9.84444016680465e-06
9,47820,0.0007900652053649537,9.844374042334042e-06
9,47830,0.0007933268818305806,9.844307904034686e-06
9,47840,0.0007907220599008725,9.844241751906777e-06
9,47850,0.0007899561111116781,9.8441755859505e-06
9,47860,0.0008049643714912237,9.844109406166043e-06
9,47870,0.0008015730229089968,9.8440432125536e-06
9,47880,0.000804766449437011,9.843977005113353e-06
9,47890,0.0007978541631018742,9.843910783845495e-06
9,47900,0.0008005729032447562,9.843844548750213e-06
9,47910,0.0007968128818902188,9.843778299827698e-06
9,47920,0.0007913882072898559,9.843712037078144e-06
9,47930,0.0007912524350103922,9.843645760501732e-06
9,47940,0.0007958490037708543,9.843579470098655e-06
9,47950,0.0007954457018058747,9.8435131658691e-06
9,47960,0.0007923507320811041,9.843446847813258e-06
9,47970,0.0007916624323115684,9.843380515931315e-06
9,47980,0.0007955220295116306,9.843314170223466e-06
9,47990,0.0007928554870886729,9.843247810689899e-06
9,48000,0.0007843118874006905,9.843181437330802e-06
9,48010,0.0008000597124919295,9.843115050146363e-06
9,48020,0.0008021098692552187,9.843048649136776e-06
9,48030,0.0007942505908431485,9.842982234302227e-06
9,48040,0.0007999936264241114,9.842915805642905e-06
9,48050,0.0007852195019950158,9.842849363159002e-06
9,48060,0.0007883388665504753,9.842782906850708e-06
9,48070,0.0007913248031400145,9.842716436718207e-06
9,48080,0.0007952496045618318,9.842649952761697e-06
9,48090,0.0007943721109768375,9.842583454981359e-06
9,48100,0.0007979861082276329,9.84251694337739e-06
9,48110,0.0008016546285944059,9.842450417949976e-06
9,48120,0.000794464118371252,9.842383878699309e-06
9,48130,0.0007833407187717966,9.842317325625581e-06
9,48140,0.0007862691913032905,9.842250758728975e-06
9,48150,0.0007891508605098352,9.84218417800969e-06
9,48160,0.0007911687876912767,9.842117583467912e-06
9,48170,0.000789893075125292,9.842050975103826e-06
9,48180,0.0007984141222550533,9.84198435291763e-06
9,48190,0.0007839682308258488,9.841917716909508e-06
9,48200,0.0007917216949863358,9.841851067079654e-06
9,48210,0.0007931745945825242,9.841784403428258e-06
9,48220,0.0007925221303594299,9.84171772595551e-06
9,48230,0.0007925790923763998,9.841651034661602e-06
9,48240,0.0007971351340529508,9.841584329546715e-06
9,48250,0.0007944090917590073,9.841517610611051e-06
9,48260,0.0007934344946988859,9.841450877854798e-06
9,48270,0.000801495200721547,9.841384131278143e-06
9,48280,0.0007928206177894026,9.84131737088128e-06
9,48290,0.0007960993956658057,9.841250596664396e-06
9,48300,0.0007897717703599482,9.841183808627682e-06
9,48310,0.0007891285451478325,9.841117006771332e-06
9,48320,0.0007994085317477584,9.841050191095532e-06
9,48330,0.0008012693549972027,9.840983361600477e-06
9,48340,0.0007870961679145693,9.840916518286358e-06
9,48350,0.0007867670647101477,9.840849661153362e-06
9,48360,0.000798717855650466,9.840782790201683e-06
9,48370,0.0007959353795740753,9.840715905431512e-06
9,48380,0.0007927798287710175,9.840649006843036e-06
9,48390,0.000802905808086507,9.840582094436448e-06
9,48400,0.0008015885890927166,9.840515168211944e-06
9,48410,0.0007989690187969246,9.840448228169708e-06
9,48420,0.0007878654578235,9.840381274309934e-06
9,48430,0.000781272778112907,9.840314306632815e-06
9,48440,0.0007883435668190942,9.840247325138538e-06
9,48450,0.0007913512570667081,9.840180329827303e-06
9,48460,0.0007959249021951109,9.84011332069929e-06
9,48470,0.0007939235001686029,9.840046297754691e-06
9,48480,0.0007906952028861268,9.839979260993702e-06
9,48490,0.0007983418239746244,9.839912210416518e-06
9,48500,0.0007849513101973572,9.839845146023322e-06
9,48510,0.0008019344619242474,9.83977806781431e-06
9,48520,0.0007970034057507291,9.839710975789672e-06
9,48530,0.0008012699268874711,9.8396438699496e-06
9,48540,0.0007926427002530544,9.839576750294288e-06
9,48550,0.0007981922128237784,9.839509616823925e-06
9,48560,0.0007952425163239241,9.839442469538702e-06
9,48570,0.0007978902533068322,9.839375308438814e-06
9,48580,0.0007872495785704814,9.83930813352445e-06
9,48590,0.0007820922619430348,9.839240944795806e-06
9,48600,0.0007918739793240093,9.83917374225307e-06
9,48610,0.000790943055471871,9.83910652589643e-06
9,48620,0.0008001711496035569,9.83903929572608e-06
9,48630,0.0007901146906078793,9.838972051742217e-06
9,48640,0.0007996772968908773,9.838904793945028e-06
9,48650,0.0007978636655025184,9.838837522334704e-06
9,48660,0.00079825797729427,9.838770236911445e-06
9,48670,0.0007953157823067158,9.838702937675437e-06
9,48680,0.0007950483151944355,9.838635624626876e-06
9,48690,0.0007874928327510133,9.838568297765947e-06
9,48700,0.0007945363118778913,9.838500957092848e-06
9,48710,0.0007886713239713572,9.838433602607771e-06
9,48720,0.0007982536306371912,9.838366234310905e-06
9,48730,0.0008068067167187109,9.838298852202443e-06
9,48740,0.0007951431864057668,9.83823145628258e-06
9,48750,0.0007839652535039932,9.838164046551506e-06
9,48760,0.000787013275839854,9.838096623009411e-06
9,48770,0.0007941486983327194,9.838029185656494e-06
9,48780,0.0007997691645869055,9.837961734492944e-06
9,48790,0.0008038513275096192,9.837894269518956e-06
9,48800,0.0007997809778316877,9.83782679073472e-06
9,48810,0.0008008327873540111,9.837759298140427e-06
9,48820,0.0007961339259054511,9.837691791736273e-06
9,48830,0.0007919414798379875,9.837624271522447e-06
9,48840,0.0007918722098111175,9.837556737499143e-06
9,48850,0.0007904615631559864,9.837489189666556e-06
9,48860,0.000793240089842584,9.837421628024882e-06
9,48870,0.0007951474122819491,9.837354052574308e-06
9,48880,0.0007841201615519822,9.837286463315023e-06
9,48890,0.0007855558797018602,9.837218860247231e-06
9,48900,0.0007931039624963888,9.837151243371118e-06
9,48910,0.0007930881838547066,9.837083612686879e-06
9,48920,0.0008052305551245807,9.837015968194704e-06
9,48930,0.000793401911505498,9.836948309894792e-06
9,48940,0.0007968793579493649,9.836880637787333e-06
9,48950,0.0007862584359827452,9.836812951872517e-06
9,48960,0.000797611022426281,9.836745252150541e-06
9,48970,0.0007941842661239207,9.8366775386216e-06
9,48980,0.0007893891117419117,9.836609811285881e-06
9,48990,0.0007886308943852782,9.83654207014358e-06
9,49000,0.0007832335642888211,9.836474315194892e-06
9,49010,0.0007939002491184511,9.836406546440012e-06
9,49020,0.0007904274287284351,9.83633876387913e-06
9,49030,0.0008010653022211045,9.836270967512441e-06
9,49040,0.0007890146414865739,9.836203157340138e-06
9,49050,0.0007865647814469412,9.836135333362413e-06
9,49060,0.0007866746484069154,9.836067495579464e-06
9,49070,0.0007922627613879741,9.83599964399148e-06
9,49080,0.0007914692381746135,9.83593177859866e-06
9,49090,0.0007945401594042778,9.835863899401193e-06
9,49100,0.0007935587913380005,9.835796006399275e-06
9,49110,0.0007975885469932109,9.835728099593095e-06
9,49120,0.0007997495646122842,9.835660178982853e-06
9,49130,0.0007927188271423802,9.835592244568742e-06
9,49140,0.0007957365407492035,9.83552429635095e-06
9,49150,0.0008110727838356979,9.83545633432968e-06
9,49160,0.0007859962875954806,9.83538835850512e-06
9,49170,0.0007917045222711749,9.835320368877465e-06
9,49180,0.0007948582104290835,9.835252365446914e-06
9,49190,0.0007868609245633706,9.835184348213655e-06
9,49200,0.0007953000531415455,9.835116317177883e-06
9,49210,0.0007972429331857712,9.835048272339796e-06
9,49220,0.0007949376769829541,9.834980213699584e-06
9,49230,0.00079974795517046,9.83491214125744e-06
9,49240,0.0007990277037606575,9.834844055013565e-06
9,49250,0.0007889915650594048,9.83477595496815e-06
9,49260,0.0007997882028575987,9.834707841121386e-06
9,49270,0.0007984769152244553,9.83463971347347e-06
9,49280,0.000782597677607555,9.834571572024602e-06
9,49290,0.000789442818495445,9.834503416774968e-06
9,49300,0.0007883309066528455,9.834435247724764e-06
9,49310,0.0007917971379356459,9.83436706487419e-06
9,49320,0.0007871356297982857,9.834298868223436e-06
9,49330,0.0007985412259586156,9.834230657772699e-06
9,49340,0.0008005524650798179,9.834162433522165e-06
9,49350,0.0007975426240591333,9.834094195472041e-06
9,49360,0.0007985168587765657,9.834025943622514e-06
9,49370,0.0007948588376166299,9.833957677973787e-06
9,49380,0.0007982860115589575,9.833889398526046e-06
9,49390,0.0007975233587785625,9.833821105279493e-06
9,49400,0.000785617419751361,9.83375279823432e-06
9,49410,0.0007889985368819906,9.833684477390718e-06
9,49420,0.0007874327799072488,9.833616142748886e-06
9,49430,0.0007799257640726864,9.833547794309023e-06
9,49440,0.0008022477064514533,9.833479432071316e-06
9,49450,0.0007924212666694074,9.83341105603597e-06
9,49460,0.0007977429137099533,9.833342666203173e-06
9,49470,0.0007952509404276498,9.833274262573117e-06
9,49480,0.0007929949759272859,9.833205845146005e-06
9,49490,0.0007843191953725182,9.833137413922027e-06
9,49500,0.0007946039899252356,9.833068968901378e-06
9,49510,0.0007964753909618594,9.83300051008426e-06
9,49520,0.000792826188262552,9.832932037470863e-06
9,49530,0.0007918573362985625,9.832863551061383e-06
9,49540,0.0007955847919220106,9.832795050856015e-06
9,49550,0.0008012142221559771,9.832726536854957e-06
9,49560,0.0007946734025608748,9.832658009058402e-06
9,49570,0.0007884084450779482,9.832589467466548e-06
9,49580,0.0007870927540352568,9.83252091207959e-06
9,49590,0.0007915971247712151,9.832452342897719e-06
9,49600,0.0007939842442283406,9.832383759921137e-06
9,49610,0.0008018225722480566,9.832315163150038e-06
9,49620,0.000797980243805796,9.832246552584618e-06
9,49630,0.0007922534059616737,9.832177928225071e-06
9,49640,0.0007995509804459289,9.832109290071593e-06
9,49650,0.0007945507037220523,9.83204063812438e-06
9,49660,0.0007966320030391217,9.83197197238363e-06
9,49670,0.0007978016205015592,9.831903292849537e-06
9,49680,0.0007981274116900749,9.831834599522305e-06
9,49690,0.000807251401420217,9.831765892402118e-06
9,49700,0.0007926450620288959,9.831697171489179e-06
9,49710,0.0007922445831354708,9.831628436783684e-06
9,49720,0.0008055446116486565,9.831559688285829e-06
9,49730,0.0007981242291862146,9.83149092599581e-06
9,49740,0.0007956019238918087,9.831422149913821e-06
9,49750,0.000786401420191396,9.831353360040055e-06
9,49760,0.0007872613234212621,9.831284556374713e-06
9,49770,0.0007938058290164917,9.831215738917998e-06
9,49780,0.000792221176379826,9.831146907670099e-06
9,49790,0.000790651046554558,9.831078062631213e-06
9,49800,0.0007998448170837946,9.831009203801534e-06
9,49810,0.0007977057917742059,9.830940331181262e-06
9,49820,0.0007897939663962461,9.830871444770595e-06
9,49830,0.0007903968726168387,9.830802544569726e-06
9,49840,0.0007929826038889587,9.830733630578856e-06
9,49850,0.0007933993561891839,9.830664702798175e-06
9,49860,0.0007990391633938998,9.830595761227886e-06
9,49870,0.0008074431127170101,9.830526805868182e-06
9,49880,0.000798128911992535,9.830457836719265e-06
9,49890,0.000794405881606508,9.830388853781329e-06
9,49900,0.0007911736029200255,9.830319857054568e-06
9,49910,0.0008004336181329563,9.830250846539181e-06
9,49920,0.0007869635548559018,9.830181822235366e-06
9,49930,0.000805140900774859,9.830112784143316e-06
9,49940,0.0007898472598753868,9.830043732263234e-06
9,49950,0.0007906816812464966,9.829974666595312e-06
9,49960,0.0008027720396057703,9.829905587139752e-06
9,49970,0.0007892247886047699,9.82983649389675e-06
9,49980,0.000795234859106131,9.829767386866503e-06
9,49990,0.000800988003902603,9.829698266049208e-06
9,50000,0.0007893881600466556,9.829629131445062e-06
9,50010,0.0007861233942094259,9.82955998305426e-06
9,50020,0.0007921916869236157,9.829490820876999e-06
9,50030,0.0007935908026411199,9.82942164491348e-06
9,50040,0.0007907589213573373,9.829352455163898e-06
9,50050,0.0007813931981218047,9.829283251628456e-06
9,50060,0.0008043974608881398,9.829214034307346e-06
9,50070,0.000776460999622941,9.829144803200765e-06
9,50080,0.0007955509150633589,9.829075558308913e-06
9,50090,0.0007988799203303643,9.829006299631988e-06
9,50100,0.0007913346533314326,9.82893702717018e-06
9,50110,0.0007994115410838276,9.828867740923702e-06
9,50120,0.0007906988437753171,9.828798440892742e-06
9,50130,0.0007940746218082495,9.8287291270775e-06
9,50140,0.0007946010868181474,9.82865979947817e-06
9,50150,0.0007921255222754553,9.828590458094954e-06
9,50160,0.0007941109710372984,9.82852110292805e-06
9,50170,0.0007791757583618165,9.828451733977654e-06
9,50180,0.0007920522315544075,9.828382351243965e-06
9,50190,0.000795208320778329,9.828312954727183e-06
9,50200,0.0007931013766210526,9.8282435444275e-06
9,50210,0.0007952995743835345,9.828174120345124e-06
9,50220,0.0007916596136055887,9.828104682480242e-06
9,50230,0.0008010207558982074,9.828035230833062e-06
9,50240,0.0008003939787158741,9.827965765403776e-06
9,50250,0.0007939710616483353,9.827896286192587e-06
9,50260,0.0007907854538643732,9.827826793199687e-06
9,50270,0.0007849461544537917,9.827757286425282e-06
9,50280,0.0007885020080721006,9.827687765869564e-06
9,50290,0.0007916681584902108,9.827618231532734e-06
9,50300,0.000779917805630248,9.827548683414988e-06
9,50310,0.0007796751320711336,9.827479121516529e-06
9,50320,0.0007858472468797118,9.827409545837555e-06
9,50330,0.0007930250663775951,9.827339956378263e-06
9,50340,0.0007992110549821518,9.82727035313885e-06
9,50350,0.000799293300951831,9.827200736119515e-06
9,50360,0.0007875556751969271,9.827131105320462e-06
9,50370,0.0007897739444160834,9.827061460741886e-06
9,50380,0.0007947202277136967,9.826991802383982e-06
9,50390,0.0007984328636666759,9.826922130246956e-06
9,50400,0.0007872725458582864,9.826852444331002e-06
9,50410,0.000791435498103965,9.82678274463632e-06
9,50420,0.0007859062505303882,9.826713031163105e-06
9,50430,0.0008049766591284425,9.826643303911565e-06
9,50440,0.0007920338146504946,9.826573562881896e-06
9,50450,0.000789356409222819,9.826503808074293e-06
9,50460,0.0007980911075719633,9.826434039488957e-06
9,50470,0.0007868209781008772,9.826364257126087e-06
9,50480,0.0007882222533226013,9.826294460985882e-06
9,50490,0.0007897561969002708,9.826224651068546e-06
9,50500,0.0007896726019680501,9.826154827374277e-06
9,50510,0.0007943533986690455,9.826084989903265e-06
9,50520,0.0007836321499780751,9.826015138655722e-06
9,50530,0.0007773721372359432,9.825945273631837e-06
9,50540,0.0007981316768564284,9.825875394831818e-06
9,50550,0.0007931670465040953,9.825805502255857e-06
9,50560,0.0007961246243212372,9.825735595904159e-06
9,50570,0.000785926220123656,9.825665675776916e-06
9,50580,0.0007928691149572842,9.82559574187434e-06
9,50590,0.000788190598541405,9.825525794196626e-06
9,50600,0.0007964842574438081,9.825455832743969e-06
9,50610,0.0007902780038421042,9.825385857516569e-06
9,50620,0.0007965305354446173,9.825315868514631e-06
9,50630,0.0007904460784629918,9.825245865738352e-06
9,50640,0.000797864529886283,9.825175849187926e-06
9,50650,0.0007944672834128141,9.82510581886356e-06
9,50660,0.0007943052012706175,9.82503577476545e-06
9,50670,0.0007968382211402059,9.824965716893798e-06
9,50680,0.000800597843772266,9.824895645248809e-06
9,50690,0.0007988329802174122,9.824825559830676e-06
9,50700,0.000787323793338146,9.824755460639607e-06
9,50710,0.0008089574039331637,9.824685347675791e-06
9,50720,0.000790555469575338,9.824615220939435e-06
9,50730,0.0007926783757284283,9.824545080430735e-06
9,50740,0.000787047181802336,9.824474926149898e-06
9,50750,0.0007948535450850614,9.824404758097117e-06
9,50760,0.0007971644721692428,9.824334576272597e-06
9,50770,0.0007800970750395209,9.824264380676537e-06
9,50780,0.000794174567272421,9.824194171309134e-06
9,50790,0.0007884932056185789,9.824123948170593e-06
9,50800,0.0007930447973194531,9.824053711261112e-06
9,50810,0.0008000508969416842,9.823983460580899e-06
9,50820,0.0007849077126593329,9.823913196130142e-06
9,50830,0.0007938761438708753,9.823842917909053e-06
9,50840,0.0007895343209384009,9.823772625917825e-06
9,50850,0.0007990007376065478,9.823702320156657e-06
9,50860,0.0007999555746209808,9.823632000625757e-06
9,50870,0.0007933861576020717,9.823561667325323e-06
9,50880,0.0008005837647942826,9.823491320255555e-06
9,50890,0.0007977728164405562,9.823420959416651e-06
9,50900,0.000798256424604915,9.823350584808818e-06
9,50910,0.0007896723211160861,9.823280196432248e-06
9,50920,0.0008013748927623964,9.823209794287151e-06
9,50930,0.0008132249786285684,9.823139378373725e-06
9,50940,0.0007824263069778681,9.82306894869217e-06
9,50950,0.00079110363003565,9.822998505242688e-06
9,50960,0.0007903963909484447,9.822928048025484e-06
9,50970,0.0007894307127571665,9.822857577040751e-06
9,50980,0.0007936253648949787,9.822787092288693e-06
9,50990,0.0007854904630221427,9.822716593769514e-06
9,51000,0.0007953806387376972,9.822646081483416e-06
9,51010,0.0007881960773374885,9.822575555430594e-06
9,51020,0.0007940994066302665,9.822505015611254e-06
9,51030,0.0007846731488825754,9.822434462025599e-06
9,51040,0.000785740943683777,9.822363894673822e-06
9,51050,0.0007995418913196771,9.822293313556137e-06
9,51060,0.0007912708722869866,9.822222718672738e-06
9,51070,0.0008033778809476644,9.82215211002383e-06
9,51080,0.000800805639300961,9.822081487609609e-06
9,51090,0.0008005849056644365,9.822010851430282e-06
9,51100,0.0007906954022473655,9.821940201486046e-06
9,51110,0.0008059087616857141,9.821869537777105e-06
9,51120,0.0007948856946313754,9.82179886030366e-06
9,51130,0.0008019096698262729,9.821728169065912e-06
9,51140,0.0007931734216981567,9.821657464064066e-06
9,51150,0.0007862958926125429,9.82158674529832e-06
9,51160,0.0007882999241701327,9.821516012768877e-06
9,51170,0.0007891084154834972,9.82144526647594e-06
9,51180,0.0007927664366434328,9.821374506419713e-06
9,51190,0.0007979493166203611,9.821303732600392e-06
9,51200,0.000806812108203303,9.821232945018185e-06
9,51210,0.0007934661611216143,9.821162143673293e-06
9,51220,0.0007841707192710601,9.821091328565915e-06
9,51230,0.0007906850121798926,9.821020499696256e-06
9,51240,0.0007921176249510609,9.82094965706452e-06
9,51250,0.000787989619129803,9.8208788006709e-06
9,51260,0.0007963386029587127,9.820807930515608e-06
9,51270,0.0007912562359706499,9.820737046598845e-06
9,51280,0.0007941877775010653,9.820666148920809e-06
9,51290,0.000800104632799048,9.820595237481706e-06
9,51300,0.000796237020404078,9.820524312281733e-06
9,51310,0.000785849012027029,9.8204533733211e-06
9,51320,0.0008001667825737968,9.820382420600004e-06
9,51330,0.0007892261652159505,9.820311454118658e-06
9,51340,0.0007869817665778101,9.820240473877245e-06
9,51350,0.0007966158067574725,9.820169479875986e-06
9,51360,0.0007973016035975888,9.820098472115073e-06
9,51370,0.0007906750746769831,9.820027450594712e-06
9,51380,0.000794251037586946,9.81995641531511e-06
9,51390,0.0007927246129838749,9.819885366276463e-06
9,51400,0.0007926813617814333,9.819814303478978e-06
9,51410,0.0007884617138188332,9.819743226922852e-06
9,51420,0.0007858571771066637,9.819672136608298e-06
9,51430,0.0007990209574927576,9.81960103253551e-06
9,51440,0.0007847175234928726,9.819529914704694e-06
9,51450,0.0007896521085058339,9.819458783116056e-06
9,51460,0.0007956509740324691,9.819387637769797e-06
9,51470,0.0007942877535242587,9.81931647866612e-06
9,51480,0.0007884521401138045,9.819245305805224e-06
9,51490,0.000795337845920585,9.819174119187312e-06
9,51500,0.0007816540834028273,9.819102918812595e-06
9,51510,0.0007876977964770049,9.819031704681278e-06
9,51520,0.0007987569595570676,9.818960476793556e-06
9,51530,0.0007938717870274558,9.818889235149631e-06
9,51540,0.0007905421458417549,9.81881797974971e-06
9,51550,0.0008014273538719864,9.818746710593999e-06
9,51560,0.0007915099122328684,9.818675427682695e-06
9,51570,0.0007882888588937931,9.818604131016009e-06
9,51580,0.0007843862636946141,9.818532820594137e-06
9,51590,0.0007886313236667774,9.818461496417287e-06
9,51600,0.0008008636243175715,9.818390158485663e-06
9,51610,0.0007884700156864711,9.818318806799466e-06
9,51620,0.0007948550352011807,9.818247441358905e-06
9,51630,0.0007798746155458502,9.81817606216418e-06
9,51640,0.0007972431907546707,9.818104669215498e-06
9,51650,0.000799848508904688,9.818033262513058e-06
9,51660,0.0007894544687587767,9.817961842057064e-06
9,51670,0.0007807267393218353,9.817890407847722e-06
9,51680,0.0007927845101221465,9.817818959885234e-06
9,51690,0.0007959241818753071,9.817747498169805e-06
9,51700,0.0007911904365755617,9.817676022701639e-06
9,51710,0.000784705753903836,9.81760453348094e-06
9,51720,0.0007833213297999463,9.817533030507917e-06
9,51730,0.0007899852571426891,9.81746151378277e-06
9,51740,0.0007890759166912176,9.817389983305697e-06
9,51750,0.0007957997222547419,9.81731843907691e-06
9,51760,0.0008020222652703525,9.817246881096608e-06
9,51770,0.0007887093917815946,9.817175309365e-06
9,51780,0.0007863513950724156,9.81710372388229e-06
9,51790,0.0007873254959122278,9.817032124648683e-06
9,51800,0.0007964624091982841,9.816960511664377e-06
9,51810,0.0007956031040521337,9.816888884929579e-06
9,51820,0.0007974558815476484,9.8168172444445e-06
9,51830,0.0007992073442437687,9.816745590209337e-06
9,51840,0.0007980222871992737,9.816673922224302e-06
9,51850,0.0007923762692371384,9.816602240489593e-06
9,51860,0.000801412045257166,9.816530545005415e-06
9,51870,0.0007936465568491258,9.816458835771978e-06
9,51880,0.0007923698198283092,9.816387112789478e-06
9,51890,0.0007992987200850622,9.816315376058126e-06
9,51900,0.0007984673226019368,9.81624362557813e-06
9,51910,0.0007931032450869679,9.816171861349686e-06
9,51920,0.0007875068360590376,9.816100083373005e-06
9,51930,0.000792884291149676,9.816028291648288e-06
9,51940,0.0007915126669104211,9.815956486175745e-06
9,51950,0.0007888459978858008,9.815884666955576e-06
9,51960,0.000793281348887831,9.815812833987986e-06
9,51970,0.0008002786547876894,9.815740987273186e-06
9,51980,0.0007917530398117377,9.81566912681138e-06
9,51990,0.0007882452468038535,9.815597252602765e-06
9,52000,0.0007912153596407734,9.815525364647553e-06
9,52010,0.0007890548615250737,9.815453462945946e-06
9,52020,0.0007946455749333835,9.815381547498149e-06
9,52030,0.000795279094018042,9.815309618304368e-06
9,52040,0.0007893954010796732,9.815237675364814e-06
9,52050,0.0008041551162023097,9.815165718679686e-06
9,52060,0.0007964446907863021,9.815093748249195e-06
9,52070,0.0008046430928516201,9.81502176407354e-06
9,52080,0.0007916866161394864,9.814949766152926e-06
9,52090,0.0007992732033017091,9.814877754487568e-06
9,52100,0.0008041526074521243,9.814805729077661e-06
9,52110,0.0007892447538324632,9.814733689923417e-06
9,52120,0.0007903147357865236,9.814661637025037e-06
9,52130,0.0007922544158645906,9.814589570382728e-06
9,52140,0.0007912125569419004,9.8145174899967e-06
9,52150,0.0007907927312771789,9.814445395867153e-06
9,52160,0.0007863509570597672,9.814373287994299e-06
9,52170,0.0007950780636747368,9.814301166378338e-06
9,52180,0.0007827901848941111,9.814229031019481e-06
9,52190,0.0007964713964611291,9.814156881917931e-06
9,52200,0.000784662838850636,9.814084719073892e-06
9,52210,0.0007870228422689252,9.814012542487573e-06
9,52220,0.0007888117630500346,9.813940352159181e-06
9,52230,0.0007898288618889638,9.813868148088917e-06
9,52240,0.0007772911121719516,9.813795930276991e-06
9,52250,0.0007888832056778482,9.81372369872361e-06
9,52260,0.000788923462096136,9.813651453428976e-06
9,52270,0.0008010771809495055,9.8135791943933e-06
9,52280,0.0007842126229661517,9.813506921616783e-06
9,52290,0.0007881170429755002,9.813434635099635e-06
9,52300,0.0007945841134642251,9.813362334842062e-06
9,52310,0.0007972175240865908,9.813290020844274e-06
9,52320,0.0007920373303932139,9.813217693106474e-06
9,52330,0.000785844519850798,9.81314535162887e-06
9,52340,0.0007977957066032104,9.813072996411666e-06
9,52350,0.0007857356205931864,9.813000627455067e-06
9,52360,0.000780110215418972,9.812928244759281e-06
9,52370,0.0007927267797640525,9.812855848324512e-06
9,52380,0.0007858810888137669,9.81278343815097e-06
9,52390,0.000794695048534777,9.812711014238865e-06
9,52400,0.0007833712370484136,9.812638576588402e-06
9,52410,0.0007910664498922415,9.812566125199783e-06
9,52420,0.0007968508114572614,9.812493660073217e-06
9,52430,0.0007803036452969537,9.812421181208913e-06
9,52440,0.0007908920306363144,9.81234868860708e-06
9,52450,0.0007967112062033265,9.81227618226792e-06
9,52460,0.0007916314250905998,9.812203662191643e-06
9,52470,0.0007901424542069435,9.812131128378453e-06
9,52480,0.0007916324408142828,9.81205858082856e-06
9,52490,0.000782496016472578,9.811986019542168e-06
9,52500,0.0008040908767725342,9.811913444519491e-06
9,52510,0.000787776922516059,9.811840855760727e-06
9,52520,0.000802480528363958,9.811768253266086e-06
9,52530,0.0007843427956686355,9.811695637035778e-06
9,52540,0.000789595115929842,9.811623007070014e-06
9,52550,0.0007887865853263065,9.81155036336899e-06
9,52560,0.000786975838127546,9.81147770593292e-06
9,52570,0.0007910504587925971,9.81140503476201e-06
9,52580,0.0007944475029944443,9.81133234985647e-06
9,52590,0.0007994636805960908,9.811259651216507e-06
9,52600,0.0007803814703947864,9.811186938842327e-06
9,52610,0.0007981500646565109,9.81111421273414e-06
9,52620,0.0007862239610403777,9.81104147289215e-06
9,52630,0.0007893058093031869,9.810968719316571e-06
9,52640,0.0007866392101277597,9.810895952007601e-06
9,52650,0.0007931732921861111,9.810823170965456e-06
9,52660,0.0007902157507487573,9.810750376190338e-06
9,52670,0.0007927775586722419,9.81067756768246e-06
9,52680,0.0007872376023442486,9.810604745442021e-06
9,52690,0.00079350058658747,9.810531909469238e-06
9,52700,0.0007903448160504922,9.810459059764317e-06
9,52710,0.0007919994837720879,9.810386196327468e-06
9,52720,0.0007809004760929382,9.810313319158893e-06
9,52730,0.000791955355089158,9.810240428258804e-06
9,52740,0.0007841329817892984,9.810167523627407e-06
9,52750,0.0007912993329227903,9.810094605264914e-06
9,52760,0.000787806544394698,9.810021673171524e-06
9,52770,0.0007847221990232356,9.809948727347453e-06
9,52780,0.0007848668130463921,9.80987576779291e-06
9,52790,0.0007932319713290781,9.809802794508098e-06
9,52800,0.0007986850891029463,9.809729807493232e-06
9,52810,0.0007850593101466075,9.809656806748514e-06
9,52820,0.0007868121785577387,9.809583792274153e-06
9,52830,0.000791084743104875,9.809510764070362e-06
9,52840,0.0007883087964728475,9.809437722137345e-06
9,52850,0.0008035689970711246,9.809364666475316e-06
9,52860,0.0007948963306262157,9.80929159708448e-06
9,52870,0.0007983680276083759,9.80921851396504e-06
9,52880,0.0007936582449474372,9.809145417117215e-06
9,52890,0.0007858097538701259,9.809072306541206e-06
9,52900,0.0007926980077172629,9.808999182237227e-06
9,52910,0.0007964257849380374,9.808926044205489e-06
9,52920,0.0007970709892106243,9.808852892446189e-06
9,52930,0.0007899064585217275,9.808779726959543e-06
9,52940,0.0007876254807342775,9.808706547745759e-06
9,52950,0.0007860193640226499,9.808633354805047e-06
9,52960,0.0007903285426436924,9.808560148137618e-06
9,52970,0.0007928203907795251,9.808486927743679e-06
9,52980,0.0007851524031138978,9.808413693623439e-06
9,52990,0.0007895327085861936,9.808340445777106e-06
9,53000,0.0007927869984996504,9.808267184204886e-06
9,53010,0.0007933907938422635,9.808193908906996e-06
9,validation,0.0007802771142451093,9.808193908906996e-06
10,53020,0.0007829187205061316,9.80812061988364e-06
10,53030,0.0007863342441851274,9.808047317135026e-06
10,53040,0.0007941645395476371,9.807974000661366e-06
10,53050,0.0007874742412241175,9.80790067046287e-06
10,53060,0.000793297978816554,9.807827326539746e-06
10,53070,0.0007897865798440762,9.8077539688922e-06
10,53080,0.0007858207201934419,9.80768059752045e-06
10,53090,0.0007869251814554445,9.807607212424696e-06
10,53100,0.0007927011407446116,9.80753381360515e-06
10,53110,0.0007909495194326154,9.807460401062024e-06
10,53120,0.0007850840032915585,9.80738697479553e-06
10,53130,0.0007866354630095884,9.807313534805872e-06
10,53140,0.0007883768790634349,9.807240081093265e-06
10,53150,0.0007951112027512864,9.807166613657913e-06
10,53160,0.0007873074515373446,9.807093132500031e-06
10,53170,0.0007989590303623118,9.807019637619824e-06
10,53180,0.0007904467667685822,9.806946129017506e-06
10,53190,0.0007920119009213522,9.806872606693285e-06
10,53200,0.0007918180941487662,9.80679907064737e-06
10,53210,0.000786506783333607,9.806725520879974e-06
10,53220,0.0007863918566727078,9.806651957391303e-06
10,53230,0.0007927369428216481,9.806578380181568e-06
10,53240,0.0007917903596535325,9.80650478925098e-06
10,53250,0.0007860857818741352,9.806431184599746e-06
10,53260,0.0007866936444770544,9.80635756622808e-06
10,53270,0.0007940268857055344,9.806283934136194e-06
10,53280,0.0007878426244133152,9.806210288324293e-06
10,53290,0.0007917500886833296,9.806136628792587e-06
10,53300,0.0007924355319119059,9.806062955541288e-06
10,53310,0.0007962202464113944,9.80598926857061e-06
10,53320,0.0007960600851220079,9.805915567880764e-06
10,53330,0.000790379973477684,9.805841853471955e-06
10,53340,0.0007843347804737278,9.805768125344396e-06
10,53350,0.0007938764872960746,9.805694383498297e-06
10,53360,0.0007967236888362095,9.805620627933865e-06
10,53370,0.0007907910068752245,9.805546858651316e-06
10,53380,0.0007849732166505419,9.805473075650858e-06
10,53390,0.0007815067379851826,9.8053992789327e-06
10,53400,0.0007922848002635874,9.805325468497053e-06
10,53410,0.000794698909157887,9.80525164434413e-06
10,53420,0.0008063218134338968,9.805177806474141e-06
10,53430,0.0007955049455631525,9.805103954887298e-06
10,53440,0.0007966636781929992,9.805030089583811e-06
10,53450,0.0008042183675570413,9.804956210563891e-06
10,53460,0.0007871080815675668,9.804882317827747e-06
10,53470,0.000789090989565011,9.804808411375595e-06
10,53480,0.0007908182611572557,9.804734491207643e-06
10,53490,0.0007869394088629633,9.804660557324095e-06
10,53500,0.0007904935424448921,9.804586609725174e-06
10,53510,0.0007963794181705451,9.804512648411082e-06
10,53520,0.0007827208042726852,9.804438673382038e-06
10,53530,0.0007852285722037776,9.804364684638248e-06
10,53540,0.0007829920286894776,9.804290682179917e-06
10,53550,0.0007877418829593807,9.80421666600727e-06
10,53560,0.0007889351574704051,9.804142636120513e-06
10,53570,0.000789029618317727,9.804068592519852e-06
10,53580,0.0007901654767920263,9.803994535205501e-06
10,53590,0.0007989217076101341,9.803920464177673e-06
10,53600,0.0008011659971089101,9.803846379436581e-06
10,53610,0.0008029629447264598,9.80377228098243e-06
10,53620,0.0007904925048933364,9.803698168815435e-06
10,53630,0.0008024135531741194,9.803624042935813e-06
10,53640,0.000785117398481816,9.803549903343773e-06
10,53650,0.0007887478044722229,9.803475750039521e-06
10,53660,0.0007911085544037632,9.803401583023273e-06
10,53670,0.0007908663246780634,9.80332740229524e-06
10,53680,0.0007973372456035576,9.803253207855632e-06
10,53690,0.0007929363986477257,9.803178999704666e-06
10,53700,0.0007942891141283325,9.803104777842546e-06
10,53710,0.0007984213400050067,9.803030542269491e-06
10,53720,0.000785210651520174,9.80295629298571e-06
10,53730,0.0007924041288788431,9.802882029991417e-06
10,53740,0.0007871732028434052,9.80280775328682e-06
10,53750,0.0007946771045681089,9.802733462872134e-06
10,53760,0.0007904414698714391,9.80265915874757e-06
10,53770,0.0007891816087067128,9.802584840913339e-06
10,53780,0.0007914333560620435,9.802510509369658e-06
10,53790,0.0007881784797064029,9.802436164116735e-06
10,53800,0.0007989294521394187,9.802361805154782e-06
10,53810,0.0007919529045466334,9.802287432484014e-06
10,53820,0.0007999245513929054,9.80221304610464e-06
10,53830,0.0007926873600808903,9.802138646016875e-06
10,53840,0.0007955820052302442,9.802064232220929e-06
10,53850,0.0007923358076368459,9.80198980471702e-06
10,53860,0.0007876234711147844,9.80191536350535e-06
10,53870,0.0007943452699691989,9.801840908586141e-06
10,53880,0.000777079958061222,9.801766439959603e-06
10,53890,0.000789572267967742,9.801691957625945e-06
10,53900,0.0007899629068560899,9.80161746158538e-06
10,53910,0.0007842476377845742,9.801542951838129e-06
10,53920,0.0007997491833521053,9.801468428384397e-06
10,53930,0.0007958481393870898,9.801393891224403e-06
10,53940,0.00079236987803597,9.801319340358349e-06
10,53950,0.000787054437387269,9.801244775786457e-06
10,53960,0.000788574192847591,9.801170197508937e-06
10,53970,0.0007873738853959368,9.801095605526e-06
10,53980,0.0007940538358525372,9.801020999837865e-06
10,53990,0.0008005185591173358,9.80094638044474e-06
10,54000,0.0008008047530893237,9.800871747346836e-06
10,54010,0.0007845429732697084,9.800797100544367e-06
10,54020,0.0007943021919345483,9.800722440037552e-06
10,54030,0.0007854141906136647,9.800647765826602e-06
10,54040,0.0007806950612575747,9.800573077911729e-06
10,54050,0.0008048234420130029,9.800498376293138e-06
10,54060,0.0008029740143683739,9.800423660971054e-06
10,54070,0.0007905306105385535,9.80034893194568e-06
10,54080,0.0007956887668115087,9.800274189217242e-06
10,54090,0.0007831656170310452,9.800199432785944e-06
10,54100,0.0007984995652805083,9.800124662652001e-06
10,54110,0.000792703682964202,9.80004987881563e-06
10,54120,0.0007888928535976448,9.799975081277037e-06
10,54130,0.0007906355182058177,9.799900270036444e-06
10,54140,0.0007914287867606617,9.799825445094064e-06
10,54150,0.0007932565611554309,9.799750606450102e-06
10,54160,0.000785081546928268,9.79967575410478e-06
10,54170,0.0008057538652792573,9.799600888058309e-06
10,54180,0.0007976319175213575,9.799526008310902e-06
10,54190,0.0007918000992503949,9.799451114862773e-06
10,54200,0.0007885706727392972,9.799376207714136e-06
10,54210,0.0007895340560935438,9.799301286865204e-06
10,54220,0.0007915158566902392,9.799226352316194e-06
10,54230,0.0007935272107715719,9.799151404067317e-06
10,54240,0.0007960615199408494,9.799076442118784e-06
10,54250,0.0007893219662946649,9.799001466470819e-06
10,54260,0.0007893175628851169,9.798926477123627e-06
10,54270,0.0007862943151849322,9.79885147407742e-06
10,54280,0.0007903888516011649,9.798776457332419e-06
10,54290,0.0007970444494276308,9.798701426888843e-06
10,54300,0.0007866726635256783,9.798626382746897e-06
10,54310,0.0007947236415930093,9.798551324906794e-06
10,54320,0.0007863732593250462,9.798476253368755e-06
10,54330,0.0007929891129606404,9.798401168132993e-06
10,54340,0.0007917920011095703,9.798326069199715e-06
10,54350,0.0007864740269724281,9.798250956569145e-06
10,54360,0.000798795055015944,9.79817583024149e-06
10,54370,0.0007851157468394376,9.79810069021697e-06
10,54380,0.0007949780192575416,9.798025536495795e-06
10,54390,0.0008006192059838213,9.797950369078183e-06
10,54400,0.0007955122055136599,9.797875187964342e-06
10,54410,0.0007867048509069719,9.797799993154494e-06
10,54420,0.0007886370658525266,9.797724784648859e-06
10,54430,0.0007916745365946553,9.797649562447636e-06
10,54440,0.0007824218264431693,9.797574326551052e-06
10,54450,0.0007992388273123652,9.797499076959314e-06
10,54460,0.0008021262547117658,9.79742381367264e-06
10,54470,0.0007976890483405441,9.797348536691248e-06
10,54480,0.0007905811376986094,9.79727324601535e-06
10,54490,0.0007857372504076921,9.79719794164516e-06
10,54500,0.0007876258649048396,9.797122623580894e-06
10,54510,0.0007944654425955378,9.797047291822769e-06
10,54520,0.0007912898625363595,9.796971946370995e-06
10,54530,0.0007933575150673277,9.796896587225792e-06
10,54540,0.0008082196975010447,9.796821214387374e-06
10,54550,0.000789162410364952,9.796745827855956e-06
10,54560,0.0007886849562055431,9.796670427631755e-06
10,54570,0.0007911192544270306,9.796595013714978e-06
10,54580,0.0007862154743634164,9.796519586105848e-06
10,54590,0.0007926006423076616,9.79644414480458e-06
10,54600,0.0007924499397631735,9.796368689811388e-06
10,54610,0.0007977146466146223,9.79629322112649e-06
10,54620,0.0007866400032071396,9.796217738750093e-06
10,54630,0.0007946530473418534,9.796142242682416e-06
10,54640,0.0007870634115533903,9.79606673292368e-06
10,54650,0.0007872138186939992,9.795991209474098e-06
10,54660,0.0007905857069999911,9.795915672333889e-06
10,54670,0.000783715104626026,9.795840121503263e-06
10,54680,0.0007827204055502079,9.795764556982435e-06
10,54690,0.0007878030388383194,9.795688978771625e-06
10,54700,0.0007893919915659353,9.795613386871042e-06
10,54710,0.0008003887487575412,9.79553778128091e-06
10,54720,0.000799135593115352,9.795462162001437e-06
10,54730,0.0008000410540262237,9.795386529032848e-06
10,54740,0.0007842854174668901,9.795310882375351e-06
10,54750,0.0007943814431200735,9.795235222029165e-06
10,54760,0.0007921121970866806,9.795159547994506e-06
10,54770,0.0007895198941696435,9.795083860271587e-06
10,54780,0.0007884575476055034,9.795008158860633e-06
10,54790,0.0007921709533547983,9.794932443761848e-06
10,54800,0.0007887060739449226,9.794856714975459e-06
10,54810,0.0007914327419712209,9.794780972501678e-06
10,54820,0.000785647083830554,9.79470521634072e-06
10,54830,0.0007899252537754365,9.7946294464928e-06
10,54840,0.0007898883282905445,9.794553662958135e-06
10,54850,0.000788679887773469,9.794477865736945e-06
10,54860,0.0007925610188976862,9.794402054829443e-06
10,54870,0.0007908366475021467,9.794326230235844e-06
10,54880,0.0007790710631525145,9.794250391956367e-06
10,54890,0.0007864067534683271,9.794174539991231e-06
10,54900,0.0007936510097351857,9.794098674340647e-06
10,54910,0.0007822154730092734,9.794022795004836e-06
10,54920,0.0007968134959810413,9.793946901984012e-06
10,54930,0.0007948246900923551,9.793870995278393e-06
10,54940,0.0007934806431876496,9.793795074888198e-06
10,54950,0.0007925931582576595,9.793719140813635e-06
10,54960,0.0008035764534724876,9.793643193054928e-06
10,54970,0.0007942904063384049,9.793567231612291e-06
10,54980,0.0007890397144365125,9.79349125648595e-06
10,54990,0.0007832518967916258,9.793415267676107e-06
10,55000,0.0007906560829724186,9.793339265182987e-06
10,55010,0.0007905149599537253,9.793263249006807e-06
10,55020,0.0007968205944052897,9.793187219147784e-06
10,55030,0.0007951647916343064,9.793111175606133e-06
10,55040,0.0007808841517544351,9.793035118382075e-06
10,55050,0.0007905034653958865,9.792959047475823e-06
10,55060,0.0007900282464106568,9.792882962887596e-06
10,55070,0.0007834021831513384,9.792806864617609e-06
10,55080,0.0007826888089766726,9.79273075266608e-06
10,55090,0.0007850266731111333,9.792654627033228e-06
10,55100,0.0007970763239427469,9.792578487719269e-06
10,55110,0.0007861211954150349,9.792502334724419e-06
10,55120,0.0007892292604083195,9.7924261680489e-06
10,55130,0.0007711743121035397,9.792349987692924e-06
10,55140,0.0007970004735398106,9.792273793656711e-06
10,55150,0.0007941878298879602,9.792197585940484e-06
10,55160,0.0007870331915910355,9.792121364544445e-06
10,55170,0.0007899900359916502,9.79204512946883e-06
10,55180,0.0007833292635041288,9.791968880713845e-06
10,55190,0.0007989210978848859,9.791892618279713e-06
10,55200,0.0007819143531378359,9.791816342166647e-06
10,55210,0.000801152631174773,9.791740052374869e-06
10,55220,0.0007902016732259654,9.791663748904594e-06
10,55230,0.0007952465806738473,9.791587431756042e-06
10,55240,0.0007995521358679981,9.791511100929432e-06
10,55250,0.0008018460663151926,9.79143475642498e-06
10,55260,0.0007980748516274617,9.791358398242897e-06
10,55270,0.0007917953320429661,9.791282026383412e-06
10,55280,0.0007797583224601113,9.791205640846743e-06
10,55290,0.0007989976656972431,9.791129241633099e-06
10,55300,0.0007880136938183569,9.791052828742701e-06
10,55310,0.0007912967324955389,9.79097640217577e-06
10,55320,0.0007892732217442244,9.790899961932523e-06
10,55330,0.0008020747831324115,9.79082350801318e-06
10,55340,0.0007927301281597467,9.790747040417952e-06
10,55350,0.0007892225607065484,9.790670559147068e-06
10,55360,0.0007873033071518875,9.790594064200741e-06
10,55370,0.0007889770902693271,9.790517555579188e-06
10,55380,0.0007916057526017538,9.790441033282629e-06
10,55390,0.0007916588554508052,9.790364497311287e-06
10,55400,0.000789312573033385,9.790287947665375e-06
10,55410,0.0007881002806243486,9.790211384345108e-06
10,55420,0.0007915823429357261,9.790134807350712e-06
10,55430,0.0007976918539498002,9.7900582166824e-06
10,55440,0.0007943229356897064,9.789981612340393e-06
10,55450,0.0007882222140324301,9.789904994324914e-06
10,55460,0.0007821613369742408,9.789828362636174e-06
10,55470,0.0007993109378730878,9.789751717274396e-06
10,55480,0.0007780506712151691,9.789675058239797e-06
10,55490,0.0007893958128988743,9.789598385532595e-06
10,55500,0.0007909228166681713,9.789521699153017e-06
10,55510,0.0007890487788245082,9.789444999101272e-06
10,55520,0.0007877801821450703,9.78936828537758e-06
10,55530,0.0007860238198190928,9.789291557982166e-06
10,55540,0.0007947771358885803,9.789214816915247e-06
10,55550,0.0007880403703893536,9.78913806217704e-06
10,55560,0.0007950171449920163,9.789061293767766e-06
10,55570,0.0007935946458019317,9.788984511687637e-06
10,55580,0.0007929093189886771,9.788907715936883e-06
10,55590,0.0007840829028282314,9.788830906515716e-06
10,55600,0.0007878283155150712,9.788754083424356e-06
10,55610,0.0007889581407653168,9.788677246663025e-06
10,55620,0.000786124391015619,9.78860039623194e-06
10,55630,0.000791696019587107,9.788523532131325e-06
10,55640,0.000786535965744406,9.788446654361397e-06
10,55650,0.0007912833796581253,9.788369762922372e-06
10,55660,0.0007959958587889558,9.788292857814471e-06
10,55670,0.0007868076354498044,9.788215939037915e-06
10,55680,0.0007964661679579876,9.788139006592924e-06
10,55690,0.0007952852276503109,9.788062060479716e-06
10,55700,0.00080328472686233,9.787985100698513e-06
10,55710,0.0007836647448129951,9.787908127249528e-06
10,55720,0.0007897556177340447,9.78783114013299e-06
10,55730,0.0007859140692744404,9.787754139349116e-06
10,55740,0.0007872437126934529,9.787677124898127e-06
10,55750,0.000785102964437101,9.787600096780236e-06
10,55760,0.0007880138393375092,9.787523054995666e-06
10,55770,0.0007796145524480379,9.787445999544635e-06
10,55780,0.0007887571075116284,9.787368930427369e-06
10,55790,0.0007858304641558788,9.787291847644086e-06
10,55800,0.0007908619823865593,9.787214751195005e-06
10,55810,0.0007977172557730227,9.787137641080345e-06
10,55820,0.0007809963033651001,9.787060517300325e-06
10,55830,0.0007904289435828104,9.786983379855167e-06
10,55840,0.0007918572999187745,9.786906228745094e-06
10,55850,0.0007946196928969585,9.786829063970322e-06
10,55860,0.0007887680301791988,9.786751885531076e-06
10,55870,0.0008006798540009186,9.786674693427574e-06
10,55880,0.0007892833033110948,9.78659748766003e-06
10,55890,0.0007974431107868441,9.786520268228678e-06
10,55900,0.0007915598413092083,9.786443035133727e-06
10,55910,0.0007882647492806427,9.786365788375402e-06
10,55920,0.0007826609624316915,9.786288527953922e-06
10,55930,0.0007943014483316802,9.78621125386951e-06
10,55940,0.0007874155708122998,9.78613396612238e-06
10,55950,0.0007878541320678778,9.78605666471276e-06
10,55960,0.0007928294187877327,9.785979349640867e-06
10,55970,0.0007769136020215229,9.785902020906924e-06
10,55980,0.0008003808805369773,9.785824678511147e-06
10,55990,0.0007902016965090298,9.785747322453765e-06
10,56000,0.0007866256419220008,9.78566995273499e-06
10,56010,0.0007770349810016341,9.785592569355052e-06
10,56020,0.0007788455637637525,9.785515172314163e-06
10,56030,0.0007876670322730206,9.785437761612545e-06
10,56040,0.0008026788709685206,9.785360337250429e-06
10,56050,0.0008001960144611075,9.785282899228026e-06
10,56060,0.000788947036198806,9.78520544754556e-06
10,56070,0.0008015932151465677,9.785127982203252e-06
10,56080,0.0007937500617117621,9.78505050320132e-06
10,56090,0.0007930996318464168,9.78497301053999e-06
10,56100,0.0008033759499085136,9.784895504219475e-06
10,56110,0.0007883341779233887,9.784817984240008e-06
10,56120,0.0007883874757681042,9.784740450601803e-06
10,56130,0.0007909326581284404,9.784662903305085e-06
10,56140,0.0007823148887837305,9.784585342350075e-06
10,56150,0.0007909131221822464,9.784507767736989e-06
10,56160,0.0007862730897613802,9.784430179466054e-06
10,56170,0.0007922281467472204,9.78435257753749e-06
10,56180,0.0007791905009071343,9.784274961951523e-06
10,56190,0.0007858873563236557,9.784197332708364e-06
10,56200,0.0007933761109597981,9.784119689808245e-06
10,56210,0.0007889255051850342,9.784042033251381e-06
10,56220,0.0007957587440614589,9.783964363037994e-06
10,56230,0.0007953744716360234,9.78388667916831e-06
10,56240,0.0007869530832977034,9.783808981642547e-06
10,56250,0.0007921359327156096,9.783731270460928e-06
10,56260,0.0007825540204066783,9.783653545623675e-06
10,56270,0.000786174832319375,9.78357580713101e-06
10,56280,0.0007827927154721692,9.783498054983153e-06
10,56290,0.0007861813064664602,9.783420289180331e-06
10,56300,0.000788522129005287,9.783342509722759e-06
10,56310,0.0007929415776743553,9.783264716610664e-06
10,56320,0.0007845597647246905,9.783186909844267e-06
10,56330,0.000793272367445752,9.78310908942379e-06
10,56340,0.0007984189433045685,9.783031255349458e-06
10,56350,0.000791236650547944,9.782953407621488e-06
10,56360,0.000789161684224382,9.782875546240103e-06
10,56370,0.0007953738590003923,9.782797671205532e-06
10,56380,0.0007936438167234883,9.782719782517989e-06
10,56390,0.0007814431257429533,9.782641880177701e-06
10,56400,0.0007791871816152708,9.782563964184887e-06
10,56410,0.0007829385664081202,9.782486034539772e-06
10,56420,0.0007921488169813528,9.782408091242575e-06
10,56430,0.0007919790237792768,9.782330134293525e-06
10,56440,0.0007920153235318139,9.78225216369284e-06
10,56450,0.0007859705103328451,9.782174179440745e-06
10,56460,0.0007985842195921578,9.782096181537456e-06
10,56470,0.0007814402604708448,9.782018169983205e-06
10,56480,0.0007876630537793972,9.781940144778207e-06
10,56490,0.0007960658127558418,9.781862105922691e-06
10,56500,0.0007974601961905136,9.781784053416874e-06
10,56510,0.0007956605128129013,9.781705987260985e-06
10,56520,0.0007940640236483886,9.781627907455241e-06
10,56530,0.000789339242328424,9.781549813999865e-06
10,56540,0.0007928175939014182,9.781471706895085e-06
10,56550,0.0007874604823882691,9.78139358614112e-06
10,56560,0.0007953825566801243,9.781315451738195e-06
10,56570,0.000794316410610918,9.781237303686533e-06
10,56580,0.0007921484357211739,9.781159141986356e-06
10,56590,0.000792929230374284,9.781080966637886e-06
10,56600,0.0007988630226464011,9.781002777641346e-06
10,56610,0.0007863382837967947,9.780924574996963e-06
10,56620,0.0007945516044856049,9.780846358704964e-06
10,56630,0.0008031268967897631,9.780768128765563e-06
10,56640,0.0007910103158792481,9.780689885178979e-06
10,56650,0.0007953820982947945,9.780611627945447e-06
10,56660,0.0007933190325275063,9.780533357065188e-06
10,56670,0.0007926431993837468,9.780455072538424e-06
10,56680,0.0007864199331379496,9.780376774365377e-06
10,56690,0.0007914626141428015,9.780298462546271e-06
10,56700,0.0007811568881152198,9.780220137081332e-06
10,56710,0.0007906929226010107,9.780141797970778e-06
10,56720,0.0007843533836421557,9.780063445214842e-06
10,56730,0.0007944655328174122,9.779985078813741e-06
10,56740,0.0007921962751424871,9.779906698767698e-06
10,56750,0.0007976387787493877,9.779828305076943e-06
10,56760,0.0007876482835854403,9.77974989774169e-06
10,56770,0.0007894401482190005,9.779671476762169e-06
10,56780,0.000787416817911435,9.779593042138605e-06
10,56790,0.000782628683373332,9.779514593871218e-06
10,56800,0.0007939926872495562,9.779436131960234e-06
10,56810,0.0007865145438699984,9.779357656405877e-06
10,56820,0.0007956260335049592,9.779279167208372e-06
10,56830,0.0007854478972149082,9.77920066436794e-06
10,56840,0.0007939967297716066,9.779122147884808e-06
10,56850,0.0007896381575847045,9.779043617759196e-06
10,56860,0.0007919881492853164,9.778965073991337e-06
10,56870,0.0007829764494090341,9.77888651658145e-06
10,56880,0.0007836310818674975,9.778807945529756e-06
10,56890,0.0007898018535342999,9.778729360836479e-06
10,56900,0.0007883523445343599,9.778650762501848e-06
10,56910,0.0007892369321780279,9.77857215052609e-06
10,56920,0.0007858057040721178,9.77849352490942e-06
10,56930,0.0007920902120531538,9.77841488565207e-06
10,56940,0.0007946566460304893,9.77833623275426e-06
10,56950,0.0007830334026948549,9.77825756621622e-06
10,56960,0.0007878566524595954,9.778178886038171e-06
10,56970,0.0007974811655003577,9.778100192220338e-06
10,56980,0.000783261789183598,9.778021484762945e-06
10,56990,0.0007835114694898949,9.77794276366622e-06
10,57000,0.0007887009254773148,9.777864028930385e-06
10,57010,0.0007907445688033476,9.77778528055566e-06
10,57020,0.0007881961806560867,9.777706518542277e-06
10,57030,0.0007961333772982471,9.77762774289046e-06
10,57040,0.0007831711831386201,9.777548953600426e-06
10,57050,0.0007873173512052744,9.777470150672412e-06
10,57060,0.0007857170872739515,9.777391334106635e-06
10,57070,0.0007890896085882559,9.77731250390332e-06
10,57080,0.0007822950719855726,9.777233660062693e-06
10,57090,0.0007890297696576454,9.777154802584982e-06
10,57100,0.0007926149279228411,9.77707593147041e-06
10,57110,0.0007969980550114996,9.776997046719205e-06
10,57120,0.0007879594937548973,9.776918148331587e-06
10,57130,0.0007951930514536798,9.776839236307784e-06
10,57140,0.000786839157808572,9.776760310648024e-06
10,57150,0.0007950554660055787,9.776681371352526e-06
10,57160,0.0007876970586949029,9.776602418421519e-06
10,57170,0.0007879653931013308,9.776523451855225e-06
10,57180,0.0007898824842413888,9.776444471653873e-06
10,57190,0.0007845777479815296,9.776365477817688e-06
10,57200,0.0007918537798104808,9.776286470346899e-06
10,57210,0.0007970786071382463,9.776207449241729e-06
10,57220,0.0007907927414635197,9.776128414502396e-06
10,57230,0.0007855942385504022,9.776049366129136e-06
10,57240,0.0007937840913655235,9.77597030412217e-06
10,57250,0.0007883468410000206,9.775891228481726e-06
10,57260,0.0007956096262205393,9.775812139208028e-06
10,57270,0.0007971108003403059,9.775733036301303e-06
10,57280,0.0007778983213938772,9.775653919761775e-06
10,57290,0.0007945410674437881,9.775574789589672e-06
10,57300,0.0007874540795455686,9.775495645785218e-06
10,57310,0.0007957619673106819,9.77541648834864e-06
10,57320,0.0007962529096403159,9.775337317280165e-06
10,57330,0.0007891563800512813,9.775258132580017e-06
10,57340,0.0007814237294951454,9.775178934248419e-06
10,57350,0.0007804956272593699,9.775099722285602e-06
10,57360,0.0007927217244287021,9.775020496691789e-06
10,57370,0.0007817611971404404,9.774941257467207e-06
10,57380,0.0007903354606241919,9.774862004612086e-06
10,57390,0.0007934490669867956,9.774782738126644e-06
10,57400,0.0007871186782722362,9.77470345801112e-06
10,57410,0.0007894552982179448,9.77462416426573e-06
10,57420,0.0008031748366192915,9.774544856890703e-06
10,57430,0.0007867770706070586,9.774465535886267e-06
10,57440,0.0007949245002237148,9.774386201252646e-06
10,57450,0.0007941809861222283,9.774306852990068e-06
10,57460,0.0007897050716564991,9.774227491098757e-06
10,57470,0.0007872783477068879,9.774148115578945e-06
10,57480,0.0007783384164213202,9.774068726430852e-06
10,57490,0.0007891708839451895,9.773989323654708e-06
10,57500,0.000787560908065643,9.773909907250738e-06
10,57510,0.0007883155209128744,9.77383047721917e-06
10,57520,0.0007965543554746546,9.773751033560235e-06
10,57530,0.0007878912496380509,9.773671576274151e-06
10,57540,0.0007917125694802962,9.773592105361148e-06
10,57550,0.00078701586171519,9.773512620821455e-06
10,57560,0.0007820594415534288,9.7734331226553e-06
10,57570,0.0007934624431072734,9.773353610862906e-06
10,57580,0.0007788714996422642,9.773274085444505e-06
10,57590,0.0007930923704407177,9.773194546400322e-06
10,57600,0.0007790749485138803,9.77311499373058e-06
10,57610,0.0007913429202744736,9.773035427435509e-06
10,57620,0.0007870085260947234,9.77295584751534e-06
10,57630,0.0007935978122986854,9.772876253970293e-06
10,57640,0.0007910373562481255,9.772796646800603e-06
10,57650,0.0007866988060413859,9.77271702600649e-06
10,57660,0.0007863491511670873,9.772637391588183e-06
10,57670,0.0007853345174225979,9.772557743545914e-06
10,57680,0.0007827580149751156,9.772478081879908e-06
10,57690,0.0007922492281068116,9.772398406590388e-06
10,57700,0.0007990798185346648,9.772318717677586e-06
10,57710,0.0007882460064138286,9.772239015141728e-06
10,57720,0.0007894523951108567,9.772159298983042e-06
10,57730,0.0007801741317962297,9.772079569201755e-06
10,57740,0.0007855312374886126,9.771999825798095e-06
10,57750,0.000784712505992502,9.771920068772292e-06
10,57760,0.0007926542777568102,9.77184029812457e-06
10,57770,0.0007907498729764484,9.771760513855156e-06
10,57780,0.0007874665010604076,9.771680715964277e-06
10,57790,0.0007899923803051934,9.771600904452169e-06
10,57800,0.0007816390047082678,9.771521079319052e-06
10,57810,0.0007813200267264619,9.771441240565156e-06
10,57820,0.0007852039416320623,9.771361388190708e-06
10,57830,0.0007911914508440531,9.771281522195936e-06
10,57840,0.0007847943154047244,9.77120164258107e-06
10,57850,0.0007930174877401441,9.771121749346334e-06
10,57860,0.0007939792834804394,9.771041842491962e-06
10,57870,0.0007938634778838604,9.77096192201818e-06
10,57880,0.0007883687561843544,9.770881987925216e-06
10,57890,0.000788569959695451,9.770802040213298e-06
10,57900,0.0007838381177862174,9.770722078882652e-06
10,57910,0.000787320765084587,9.77064210393351e-06
10,57920,0.0007879946046159601,9.770562115366094e-06
10,57930,0.0007826767701772042,9.77048211318064e-06
10,57940,0.0007836057033273392,9.770402097377373e-06
10,57950,0.000776946196856443,9.770322067956522e-06
10,57960,0.0007858014738303609,9.770242024918315e-06
10,57970,0.0007915088135632686,9.770161968262978e-06
10,57980,0.0007891571847721935,9.770081897990744e-06
10,57990,0.0007833742114598864,9.77000181410184e-06
10,58000,0.0007852942711906508,9.76992171659649e-06
10,58010,0.0007969532322022132,9.769841605474932e-06
10,58020,0.0007824099739082158,9.769761480737389e-06
10,58030,0.0007838304634788073,9.769681342384089e-06
10,58040,0.0007873056703829207,9.769601190415261e-06
10,58050,0.0007922708900878206,9.769521024831138e-06
10,58060,0.0007974149266374299,9.769440845631942e-06
10,58070,0.0007826383516658098,9.769360652817909e-06
10,58080,0.0007847598462831229,9.769280446389264e-06
10,58090,0.0007880577497417107,9.769200226346234e-06
10,58100,0.0007852856710087508,9.769119992689054e-06
10,58110,0.000779268161568325,9.769039745417946e-06
10,58120,0.0007937629823572933,9.768959484533145e-06
10,58130,0.0008050474221818149,9.768879210034875e-06
10,58140,0.0007919166586361825,9.768798921923367e-06
10,58150,0.0007855674441088923,9.76871862019885e-06
10,58160,0.000786399221397005,9.768638304861553e-06
10,58170,0.0007864113445975818,9.768557975911708e-06
10,58180,0.0007835090495063923,9.768477633349544e-06
10,58190,0.0007824147251085378,9.768397277175294e-06
10,58200,0.0007868170825531707,9.768316907389176e-06
10,58210,0.000788495407323353,9.768236523991426e-06
10,58220,0.0007903203062596732,9.768156126982276e-06
10,58230,0.0007846533626434393,9.768075716361951e-06
10,58240,0.0007975909815286287,9.767995292130684e-06
10,58250,0.0007767495946609416,9.767914854288703e-06
10,58260,0.0007937420188682153,9.76783440283624e-06
10,58270,0.0007974407577421516,9.767753937773518e-06
10,58280,0.0007894490190665238,9.767673459100767e-06
10,58290,0.0007861351667088457,9.767592966818223e-06
10,58300,0.0007920528238173573,9.767512460926116e-06
10,58310,0.0007759474203339778,9.767431941424671e-06
10,58320,0.0007847621018299834,9.767351408314128e-06
10,58330,0.0007856169628212229,9.767270861594699e-06
10,58340,0.0007830688380636274,9.767190301266629e-06
10,58350,0.0007909470150480047,9.767109727330137e-06
10,58360,0.0007965470271301457,9.767029139785465e-06
10,58370,0.0007910111467936078,9.766948538632831e-06
10,58380,0.0007881691490183584,9.766867923872474e-06
10,58390,0.0007878156975493766,9.766787295504622e-06
10,58400,0.000794980555656366,9.766706653529503e-06
10,58410,0.0007860471174353733,9.766625997947351e-06
10,58420,0.0007827749403077177,9.766545328758391e-06
10,58430,0.0007864856568630784,9.766464645962859e-06
10,58440,0.0007753644764306955,9.766383949560977e-06
10,58450,0.0007920219926745631,9.766303239552986e-06
10,58460,0.0007884374776040204,9.766222515939105e-06
10,58470,0.000787445332389325,9.76614177871957e-06
10,58480,0.0007870042420108803,9.766061027894616e-06
10,58490,0.0007816616984200665,9.765980263464468e-06
10,58500,0.0007855430128984154,9.765899485429359e-06
10,58510,0.0007955997498356737,9.765818693789518e-06
10,58520,0.000787924532778561,9.765737888545176e-06
10,58530,0.0007933884742669761,9.76565706969657e-06
10,58540,0.0007819930295227096,9.765576237243921e-06
10,58550,0.0007862195358029566,9.765495391187462e-06
10,58560,0.0007778881001286209,9.765414531527423e-06
10,58570,0.0008042696485063061,9.765333658264038e-06
10,58580,0.0007950281098601409,9.76525277139754e-06
10,58590,0.0007928403225378134,9.765171870928157e-06
10,58600,0.0007912133107311093,9.76509095685612e-06
10,58610,0.0007890679597039707,9.765010029181657e-06
10,58620,0.0007853405171772465,9.764929087905001e-06
10,58630,0.000799005979206413,9.764848133026383e-06
10,58640,0.0007914587637060322,9.764767164546036e-06
10,58650,0.0008008132441318594,9.764686182464192e-06
10,58660,0.0007793531563947908,9.76460518678108e-06
10,58670,0.0007878323580371216,9.764524177496928e-06
10,58680,0.0007858420882257633,9.764443154611972e-06
10,58690,0.0007992042257683352,9.764362118126441e-06
10,58700,0.0007922391465399415,9.76428106804057e-06
10,58710,0.0007896909897681325,9.764200004354587e-06
10,58720,0.0007844497115002014,9.764118927068722e-06
10,58730,0.0007866757747251541,9.764037836183205e-06
10,58740,0.0007872788206441328,9.763956731698276e-06
10,58750,0.0007771375661832281,9.763875613614157e-06
10,58760,0.0007917995550087653,9.76379448193109e-06
10,58770,0.0007848263921914622,9.763713336649298e-06
10,58780,0.0007911638618679716,9.763632177769014e-06
10,58790,0.0007826531436876394,9.76355100529047e-06
10,58800,0.00079068947234191,9.763469819213903e-06
10,58810,0.0007918656003312207,9.763388619539536e-06
10,58820,0.0007911149616120382,9.763307406267606e-06
10,58830,0.0007816868179361336,9.763226179398347e-06
10,58840,0.000794918162864633,9.763144938931985e-06
10,58850,0.0007889698943472467,9.763063684868756e-06
10,58860,0.000795110480976291,9.76298241720889e-06
10,58870,0.0008000426780199632,9.762901135952622e-06
10,58880,0.0007854271214455366,9.762819841100179e-06
10,58890,0.0007942084208480083,9.762738532651791e-06
10,58900,0.0007842559803975745,9.7626572106077e-06
10,validation,0.0007856614683987573,9.7626572106077e-06
11,58910,0.0007892009423812851,9.762575874968128e-06
11,58920,0.0007904454556410202,9.762494525733318e-06
11,58930,0.0007841561935492791,9.762413162903493e-06
11,58940,0.0007854025578126311,9.762331786478893e-06
11,58950,0.0007867367225117051,9.762250396459744e-06
11,58960,0.0007990855170646684,9.76216899284628e-06
11,58970,0.0007831105351215229,9.762087575638736e-06
11,58980,0.0007884361330070533,9.76200614483734e-06
11,58990,0.0007834154559532181,9.761924700442328e-06
11,59000,0.0007919562835013494,9.761843242453931e-06
11,59010,0.0007910667191026732,9.761761770872378e-06
11,59020,0.0007835310956579633,9.761680285697908e-06
11,59030,0.0007836325341486372,9.761598786930753e-06
11,59040,0.0007929339291877114,9.761517274571142e-06
11,59050,0.0007862068188842386,9.761435748619308e-06
11,59060,0.0007850734065868892,9.761354209075486e-06
11,59070,0.0007735984356258996,9.761272655939905e-06
11,59080,0.0007909811916761099,9.761191089212803e-06
11,59090,0.0007848776906030253,9.76110950889441e-06
11,59100,0.0007932139531476423,9.761027914984957e-06
11,59110,0.0007880179604399018,9.760946307484682e-06
11,59120,0.0007846096443245188,9.760864686393814e-06
11,59130,0.0007859449382522144,9.760783051712586e-06
11,59140,0.0007864918079576455,9.760701403441231e-06
11,59150,0.0007898751340690069,9.760619741579981e-06
11,59160,0.0007867228152463213,9.76053806612907e-06
11,59170,0.0007858209573896602,9.760456377088735e-06
11,59180,0.0007875675059040076,9.760374674459208e-06
11,59190,0.0007846181542845443,9.760292958240718e-06
11,59200,0.0007876756440964527,9.760211228433502e-06
11,59210,0.0007885042519774287,9.76012948503779e-06
11,59220,0.0008037249033804982,9.760047728053822e-06
11,59230,0.0007914587346022018,9.75996595748183e-06
11,59240,0.0008015327242901549,9.759884173322039e-06
11,59250,0.000789864535909146,9.75980237557469e-06
11,59260,0.0007778586848871782,9.75972056424001e-06
11,59270,0.000796495593385771,9.759638739318238e-06
11,59280,0.000784667809784878,9.759556900809609e-06
11,59290,0.00078586854506284,9.759475048714356e-06
11,59300,0.0007781989101204091,9.75939318303271e-06
11,59310,0.000784779546665959,9.759311303764902e-06
11,59320,0.0007855914940591902,9.75922941091117e-06
11,59330,0.0007832565752323717,9.759147504471752e-06
11,59340,0.000780587227200158,9.759065584446874e-06
11,59350,0.0007893364541814663,9.758983650836772e-06
11,59360,0.000795854344323743,9.75890170364168e-06
11,59370,0.0007898393872892484,9.758819742861834e-06
11,59380,0.0007915550522739068,9.758737768497465e-06
11,59390,0.0007929732717457228,9.75865578054881e-06
11,59400,0.0007882505437009969,9.758573779016098e-06
11,59410,0.0007934833280160092,9.758491763899566e-06
11,59420,0.0007948494981974364,9.758409735199452e-06
11,59430,0.0007872188522014767,9.75832769291599e-06
11,59440,0.000781031405495014,9.758245637049408e-06
11,59450,0.0007826430432032795,9.75816356759994e-06
11,59460,0.0007943528748000972,9.758081484567829e-06
11,59470,0.0007786447604303248,9.7579993879533e-06
11,59480,0.0007980177644640208,9.757917277756593e-06
11,59490,0.000783448999573011,9.75783515397794e-06
11,59500,0.0007803474552929401,9.757753016617575e-06
11,59510,0.000784116993600037,9.757670865675735e-06
11,59520,0.0007853139264625497,9.757588701152654e-06
11,59530,0.0007808925889548846,9.757506523048565e-06
11,59540,0.0007780153347994201,9.7574243313637e-06
11,59550,0.0007927118829684333,9.7573421260983e-06
11,59560,0.0007913191759143956,9.757259907252595e-06
11,59570,0.0007873302936786785,9.757177674826822e-06
11,59580,0.0007985196614754386,9.757095428821215e-06
11,59590,0.0007848526118323206,9.757013169236008e-06
11,59600,0.0007906801067292691,9.756930896071435e-06
11,59610,0.0007930142470286228,9.756848609327736e-06
11,59620,0.0007852624519728125,9.75676630900514e-06
11,59630,0.0007841208542231471,9.756683995103888e-06
11,59640,0.000788802509487141,9.756601667624205e-06
11,59650,0.0007953481574077159,9.756519326566334e-06
11,59660,0.0007952692205435596,9.756436971930509e-06
11,59670,0.0007979600632097572,9.756354603716961e-06
11,59680,0.0007875510578742251,9.756272221925929e-06
11,59690,0.0007905292688519694,9.756189826557655e-06
11,59700,0.0007892497073044069,9.756107417612363e-06
11,59710,0.0007865900799515658,9.756024995090292e-06
11,59720,0.0007859872595872729,9.755942558991674e-06
11,59730,0.0007809866045136005,9.755860109316749e-06
11,59740,0.0007913344379630871,9.755777646065752e-06
11,59750,0.0007897379036876373,9.755695169238916e-06
11,59760,0.0008008178396266886,9.75561267883648e-06
11,59770,0.0007851092348573729,9.755530174858675e-06
11,59780,0.0007891037908848375,9.755447657305741e-06
11,59790,0.0007852146562072448,9.755365126177908e-06
11,59800,0.0007891159490100108,9.75528258147542e-06
11,59810,0.0007878135453211144,9.755200023198509e-06
11,59820,0.0007894290945841931,9.755117451347404e-06
11,59830,0.0007963245981954969,9.755034865922346e-06
11,59840,0.0007875008843257092,9.754952266923573e-06
11,59850,0.0007851418529753573,9.754869654351316e-06
11,59860,0.0007847423854400403,9.754787028205816e-06
11,59870,0.0007943429765873589,9.754704388487302e-06
11,59880,0.0007759543907013721,9.754621735196016e-06
11,59890,0.000794139203208033,9.754539068332192e-06
11,59900,0.0007844617444789036,9.754456387896066e-06
11,59910,0.0007812348863808438,9.75437369388788e-06
11,59920,0.0007889950953540392,9.754290986307856e-06
11,59930,0.0007758084131637589,9.754208265156242e-06
11,59940,0.0007842145074391738,9.754125530433269e-06
11,59950,0.0007899473450379445,9.754042782139171e-06
11,59960,0.000786759729089681,9.753960020274192e-06
11,59970,0.0007911910928669385,9.753877244838562e-06
11,59980,0.0007848263587220572,9.753794455832522e-06
11,59990,0.0007866307918448002,9.753711653256301e-06
11,60000,0.000784824693982955,9.75362883711014e-06
11,60010,0.0008037820487516,9.75354600739428e-06
11,60020,0.0007964300690218806,9.753463164108957e-06
11,60030,0.0007935664907563478,9.753380307254399e-06
11,60040,0.0007892544526839629,9.753297436830846e-06
11,60050,0.0007886133840656838,9.753214552838537e-06
11,60060,0.000796734428149648,9.753131655277705e-06
11,60070,0.0007940519455587492,9.753048744148593e-06
11,60080,0.000795794787700288,9.752965819451434e-06
11,60090,0.0007965777913341299,9.75288288118646e-06
11,60100,0.000792284526687581,9.75279992935391e-06
11,60110,0.0007946835277834907,9.752716963954027e-06
11,60120,0.0008082430780632421,9.752633984987039e-06
11,60130,0.000801870618306566,9.75255099245319e-06
11,60140,0.0007846725449780934,9.752467986352713e-06
11,60150,0.0007942394280689769,9.752384966685846e-06
11,60160,0.0007816506418748759,9.752301933452826e-06
11,60170,0.0007818865939043464,9.752218886653891e-06
11,60180,0.0007811835428583436,9.752135826289282e-06
11,60190,0.0007751451921649276,9.752052752359227e-06
11,60200,0.0007951767038321123,9.751969664863966e-06
11,60210,0.0007795773053658194,9.751886563803736e-06
11,60220,0.0007890561362728477,9.75180344917878e-06
11,60230,0.0007825047956430352,9.75172032098933e-06
11,60240,0.0007932357839308679,9.751637179235625e-06
11,60250,0.0007806183581124059,9.751554023917902e-06
11,60260,0.0007876372954342514,9.7514708550364e-06
11,60270,0.0007850534588214942,9.751387672591349e-06
11,60280,0.000785825910861604,9.751304476582997e-06
11,60290,0.0007860411758883857,9.751221267011571e-06
11,60300,0.0007975260290550068,9.751138043877317e-06
11,60310,0.0007873053909861483,9.75105480718047e-06
11,60320,0.0007908903717179783,9.750971556921265e-06
11,60330,0.0007778899249387904,9.750888293099946e-06
11,60340,0.0007828482586774043,9.750805015716744e-06
11,60350,0.0007930599575047381,9.750721724771899e-06
11,60360,0.0007886151943239383,9.75063842026565e-06
11,60370,0.0007861472186050379,9.750555102198231e-06
11,60380,0.0007853522169170901,9.750471770569885e-06
11,60390,0.0007834842588636093,9.750388425380847e-06
11,60400,0.0007945636461954564,9.750305066631358e-06
11,60410,0.0007838450241251848,9.750221694321653e-06
11,60420,0.0007906251921667717,9.75013830845197e-06
11,60430,0.0007889170912676491,9.750054909022548e-06
11,60440,0.0007841721715521999,9.749971496033623e-06
11,60450,0.0007829377500456758,9.749888069485433e-06
11,60460,0.0007920907082734628,9.74980462937822e-06
11,60470,0.0007873330760048702,9.74972117571222e-06
11,60480,0.0007836305492674,9.749637708487671e-06
11,60490,0.0007941735646454617,9.74955422770481e-06
11,60500,0.0007887638654210605,9.74947073336388e-06
11,60510,0.0007833269162802025,9.74938722546511e-06
11,60520,0.0007860852638259529,9.749303704008745e-06
11,60530,0.0007834774485672824,9.749220168995026e-06
11,60540,0.0007864899045671337,9.74913662042419e-06
11,60550,0.0008024123031646013,9.749053058296473e-06
11,60560,0.0007883363752625883,9.748969482612114e-06
11,60570,0.0007937601607409306,9.748885893371353e-06
11,60580,0.0007964982185512781,9.748802290574427e-06
11,60590,0.0007902542129158974,9.748718674221578e-06
11,60600,0.0007884255581302569,9.748635044313034e-06
11,60610,0.0007860728714149445,9.748551400849048e-06
11,60620,0.0007844000938348472,9.748467743829851e-06
11,60630,0.0007900347671238705,9.748384073255681e-06
11,60640,0.0007878871896537021,9.74830038912678e-06
11,60650,0.0007865879393648355,9.748216691443383e-06
11,60660,0.000776878850592766,9.748132980205736e-06
11,60670,0.0007921662065200508,9.748049255414074e-06
11,60680,0.0007901737204520031,9.747965517068635e-06
11,60690,0.0007919248833786695,9.747881765169663e-06
11,60700,0.0007827092093066312,9.747797999717389e-06
11,60710,0.0007935823901789263,9.747714220712054e-06
11,60720,0.0007959071313962341,9.747630428153901e-06
11,60730,0.0007879500379203818,9.74754662204317e-06
11,60740,0.0007798509686836042,9.747462802380093e-06
11,60750,0.0007929625498945825,9.747378969164918e-06
11,60760,0.0007913288092822768,9.74729512239788e-06
11,60770,0.0007852495007682591,9.747211262079215e-06
11,60780,0.0007872263639001175,9.747127388209168e-06
11,60790,0.0007899640622781589,9.747043500787975e-06
11,60800,0.0007840705598937348,9.74695959981588e-06
11,60810,0.0007891446162830106,9.74687568529312e-06
11,60820,0.0007875826428062282,9.746791757219931e-06
11,60830,0.0007832099741790444,9.746707815596555e-06
11,60840,0.0007943826421978883,9.74662386042323e-06
11,60850,0.0007982231880305334,9.7465398917002e-06
11,60860,0.000793174713908229,9.746455909427706e-06
11,60870,0.0007894588561612181,9.746371913605977e-06
11,60880,0.000798147045134101,9.746287904235264e-06
11,60890,0.000787109532393515,9.746203881315803e-06
11,60900,0.000780167210905347,9.746119844847834e-06
11,60910,0.0007893046698882245,9.746035794831598e-06
11,60920,0.0007838478210032918,9.745951731267334e-06
11,60930,0.0007789662879076787,9.74586765415528e-06
11,60940,0.0007907092425739392,9.745783563495676e-06
11,60950,0.0007811619841959327,9.745699459288767e-06
11,60960,0.0007912844608654268,9.745615341534785e-06
11,60970,0.0007885614162660204,9.745531210233977e-06
11,60980,0.0007882950143539345,9.745447065386583e-06
11,60990,0.0007836578341084532,9.74536290699284e-06
11,61000,0.0007831934883142822,9.745278735052987e-06
11,61010,0.0007912688059150241,9.745194549567268e-06
11,61020,0.0007858693425077945,9.745110350535923e-06
11,61030,0.0007882863457780331,9.74502613795919e-06
11,61040,0.0007892882495070808,9.74494191183731e-06
11,61050,0.0007880399396526627,9.74485767217052e-06
11,61060,0.0007895210146671161,9.744773418959069e-06
11,61070,0.0007862166225095279,9.744689152203194e-06
11,61080,0.0007887085565016606,9.744604871903133e-06
11,61090,0.0007926061021862552,9.744520578059133e-06
11,61100,0.0007824248619726858,9.744436270671424e-06
11,61110,0.000782195279316511,9.744351949740253e-06
11,61120,0.0007991895137820393,9.744267615265863e-06
11,61130,0.0007900272248662076,9.744183267248493e-06
11,61140,0.0007808081281837076,9.744098905688378e-06
11,61150,0.0007824225598596969,9.744014530585768e-06
11,61160,0.000786916226206813,9.743930141940898e-06
11,61170,0.0007835351192625239,9.743845739754008e-06
11,61180,0.0007851107962778769,9.743761324025344e-06
11,61190,0.0007833838608348743,9.743676894755142e-06
11,61200,0.0007806719455402344,9.743592451943642e-06
11,61210,0.0007881659112172201,9.743507995591095e-06
11,61220,0.0007815800010575913,9.74342352569773e-06
11,61230,0.0007794284319970757,9.743339042263794e-06
11,61240,0.000781467133492697,9.74325454528953e-06
11,61250,0.0007935607529361733,9.743170034775176e-06
11,61260,0.0007857502932893112,9.743085510720978e-06
11,61270,0.0007858675817260519,9.743000973127167e-06
11,61280,0.000788910040864721,9.742916421993995e-06
11,61290,0.0007931257729069329,9.742831857321696e-06
11,61300,0.0007918033268651925,9.742747279110517e-06
11,61310,0.0007974395863129756,9.742662687360698e-06
11,61320,0.0007884875652962365,9.742578082072477e-06
11,61330,0.0007942481883219444,9.742493463246098e-06
11,61340,0.0007920502233901061,9.742408830881806e-06
11,61350,0.000790399219840765,9.742324184979835e-06
11,61360,0.000787177360325586,9.74223952554043e-06
11,61370,0.0007805556058883667,9.742154852563832e-06
11,61380,0.0007956187648233027,9.742070166050285e-06
11,61390,0.0007874473041738384,9.74198546600003e-06
11,61400,0.0007846825683373027,9.741900752413311e-06
11,61410,0.0007856434036511928,9.741816025290365e-06
11,61420,0.0007874732604250311,9.741731284631436e-06
11,61430,0.0007829991722246632,9.741646530436764e-06
11,61440,0.0007875144918216392,9.741561762706596e-06
11,61450,0.0007840171063435263,9.741476981441173e-06
11,61460,0.0007941021292936056,9.741392186640733e-06
11,61470,0.00078990607871674,9.741307378305516e-06
11,61480,0.0007824014872312545,9.74122255643577e-06
11,61490,0.0007867773092584684,9.74113772103174e-06
11,61500,0.000790951009548735,9.741052872093661e-06
11,61510,0.0007831775772501715,9.740968009621777e-06
11,61520,0.000773527730780188,9.740883133616334e-06
11,61530,0.0007778694081935101,9.740798244077568e-06
11,61540,0.000780418686917983,9.740713341005726e-06
11,61550,0.000782509843702428,9.740628424401048e-06
11,61560,0.0007869948967709206,9.740543494263781e-06
11,61570,0.0007865584586397745,9.74045855059416e-06
11,61580,0.0007880252742324956,9.740373593392435e-06
11,61590,0.0007895991730038077,9.74028862265884e-06
11,61600,0.0007971898972755297,9.740203638393628e-06
11,61610,0.0007847336994018406,9.740118640597035e-06
11,61620,0.0007955321401823312,9.7400336292693e-06
11,61630,0.0007886918363510631,9.739948604410669e-06
11,61640,0.0007821926614269615,9.73986356602139e-06
11,61650,0.0007790250092511997,9.7397785141017e-06
11,61660,0.0007796683945343829,9.739693448651844e-06
11,61670,0.0007869326800573617,9.739608369672064e-06
11,61680,0.0007858134908019566,9.739523277162603e-06
11,61690,0.0007798230071784927,9.7394381711237e-06
11,61700,0.0007876100993598811,9.739353051555607e-06
11,61710,0.0007827528635971247,9.739267918458562e-06
11,61720,0.000786327563400846,9.739182771832807e-06
11,61730,0.0007823477120837198,9.739097611678588e-06
11,61740,0.0007852773807826452,9.739012437996147e-06
11,61750,0.0007871308480389416,9.738927250785725e-06
11,61760,0.0007827948706108145,9.738842050047567e-06
11,61770,0.0007959832932101562,9.738756835781916e-06
11,61780,0.0007882192949182354,9.73867160798901e-06
11,61790,0.0007846675754990429,9.7385863666691e-06
11,61800,0.0007927245998871513,9.738501111822426e-06
11,61810,0.0007820502287358977,9.738415843449233e-06
11,61820,0.0007929985426017083,9.738330561549766e-06
11,61830,0.0007848368084523827,9.738245266124263e-06
11,61840,0.0007869439446949399,9.73815995717297e-06
11,61850,0.0007867240914492869,9.738074634696127e-06
11,61860,0.0007918061790405772,9.737989298693987e-06
11,61870,0.0007790817136992701,9.737903949166786e-06
11,61880,0.0007923596203909256,9.737818586114773e-06
11,61890,0.0007774055397021585,9.737733209538187e-06
11,61900,0.0007871536072343588,9.737647819437274e-06
11,61910,0.0007884211328928359,9.737562415812274e-06
11,61920,0.0007921384894871153,9.737476998663433e-06
11,61930,0.000793918532144744,9.737391567990997e-06
11,61940,0.0007857852251618169,9.737306123795209e-06
11,61950,0.0007823599808034487,9.737220666076312e-06
11,61960,0.0007933964268886484,9.73713519483455e-06
11,61970,0.000787997676525265,9.737049710070168e-06
11,61980,0.0007876481031416915,9.736964211783409e-06
11,61990,0.0007909087929874658,9.736878699974519e-06
11,62000,0.0007885974351665936,9.736793174643739e-06
11,62010,0.0007844468374969438,9.736707635791313e-06
11,62020,0.0007773672376060858,9.736622083417488e-06
11,62030,0.0007848350054700858,9.736536517522507e-06
11,62040,0.0007973411193233915,9.736450938106613e-06
11,62050,0.0007853081930079498,9.736365345170049e-06
11,62060,0.0007835455660824664,9.736279738713064e-06
11,62070,0.0007824949236237444,9.7361941187359e-06
11,62080,0.0007950013285153545,9.7361084852388e-06
11,62090,0.0007723264905507676,9.736022838222014e-06
11,62100,0.0007866709653171711,9.735937177685778e-06
11,62110,0.0007895592949353159,9.735851503630343e-06
11,62120,0.0007865561507060192,9.735765816055951e-06
11,62130,0.0007821586637874133,9.735680114962848e-06
11,62140,0.000781128769449424,9.735594400351277e-06
11,62150,0.0007906331156846136,9.735508672221482e-06
11,62160,0.0007872654459788463,9.73542293057371e-06
11,62170,0.0007799425118719227,9.735337175408207e-06
11,62180,0.0007885094484663569,9.735251406725213e-06
11,62190,0.0007900032709585503,9.73516562452498e-06
11,62200,0.0007919746261904947,9.735079828807748e-06
11,62210,0.000782399882155005,9.734994019573762e-06
11,62220,0.0007879641954787076,9.734908196823268e-06
11,62230,0.0007755943617667072,9.734822360556507e-06
11,62240,0.0007897136631072499,9.734736510773727e-06
11,62250,0.0007815997785655781,9.734650647475177e-06
11,62260,0.0007872209200286307,9.734564770661099e-06
11,62270,0.0007868740081903525,9.734478880331736e-06
11,62280,0.0007960019618622028,9.734392976487333e-06
11,62290,0.0007966643897816539,9.734307059128134e-06
11,62300,0.0007872314628912136,9.734221128254388e-06
11,62310,0.0007892881272709929,9.734135183866344e-06
11,62320,0.0007881958750658668,9.73404922596424e-06
11,62330,0.0007881778961746021,9.733963254548331e-06
11,62340,0.0007897885807324201,9.73387726961885e-06
11,62350,0.000783053548366297,9.733791271176048e-06
11,62360,0.000786069978494197,9.733705259220168e-06
11,62370,0.0007931537387776188,9.73361923375146e-06
11,62380,0.0007798096499755047,9.733533194770167e-06
11,62390,0.0007883599231718107,9.733447142276535e-06
11,62400,0.0007853570699808188,9.733361076270811e-06
11,62410,0.0007827157751307823,9.73327499675324e-06
11,62420,0.0007894628433859907,9.73318890372407e-06
11,62430,0.000789373526640702,9.733102797183541e-06
11,62440,0.0007949279286549426,9.733016677131901e-06
11,62450,0.0007823016479960643,9.732930543569401e-06
11,62460,0.0007810921160853468,9.732844396496282e-06
11,62470,0.0007912808345281519,9.73275823591279e-06
11,62480,0.0007988989731529728,9.732672061819173e-06
11,62490,0.0007940859737573192,9.732585874215676e-06
11,62500,0.0007871773836086504,9.732499673102542e-06
11,62510,0.0007911205844720826,9.732413458480017e-06
11,62520,0.0007842845749109984,9.732327230348352e-06
11,62530,0.0007799454047926701,9.73224098870779e-06
11,62540,0.0007872384827351197,9.732154733558582e-06
11,62550,0.0007847351007512771,9.732068464900969e-06
11,62560,0.000780525580921676,9.731982182735198e-06
11,62570,0.0007920044881757349,9.731895887061514e-06
11,62580,0.0007827373017789796,9.731809577880168e-06
11,62590,0.000794684085121844,9.731723255191401e-06
11,62600,0.0007835516735212877,9.731636918995466e-06
11,62610,0.0007827662004274317,9.731550569292606e-06
11,62620,0.0007774739802698605,9.731464206083062e-06
11,62630,0.0007945008517708629,9.731377829367091e-06
11,62640,0.0007844600579119288,9.731291439144931e-06
11,62650,0.0007862032231059856,9.73120503541683e-06
11,62660,0.0007800706356647424,9.731118618183036e-06
11,62670,0.0007875739494920709,9.7310321874438e-06
11,62680,0.0007998798086191526,9.730945743199366e-06
11,62690,0.0007945729390485212,9.730859285449974e-06
11,62700,0.0007846854146919213,9.730772814195879e-06
11,62710,0.0008006415417185053,9.730686329437327e-06
11,62720,0.0007874850169173442,9.730599831174558e-06
11,62730,0.0007755950660794042,9.730513319407825e-06
11,62740,0.000781967861985322,9.730426794137377e-06
11,62750,0.0007960243252455256,9.730340255363454e-06
11,62760,0.0007810395429260098,9.73025370308631e-06
11,62770,0.0007959097303682939,9.730167137306189e-06
11,62780,0.000780473611666821,9.730080558023336e-06
11,62790,0.0007931121857836842,9.729993965238002e-06
11,62800,0.0007878745935158804,9.729907358950432e-06
11,62810,0.0007939235496451148,9.729820739160875e-06
11,62820,0.0007912067900178953,9.72973410586958e-06
11,62830,0.0007826873799785972,9.729647459076785e-06
11,62840,0.0007892008230555802,9.729560798782743e-06
11,62850,0.0007906652434030547,9.729474124987703e-06
11,62860,0.000789275068382267,9.729387437691917e-06
11,62870,0.0007789671333739535,9.729300736895623e-06
11,62880,0.0008028771888348273,9.729214022599071e-06
11,62890,0.0007875271519878879,9.729127294802513e-06
11,62900,0.0007909180581918918,9.729040553506196e-06
11,62910,0.0007899905147496612,9.728953798710359e-06
11,62920,0.0007853794319089501,9.72886703041526e-06
11,62930,0.0007875668336055242,9.728780248621139e-06
11,62940,0.0007849457411793992,9.728693453328247e-06
11,62950,0.0007851614413084462,9.728606644536831e-06
11,62960,0.0007785807669279165,9.728519822247139e-06
11,62970,0.0007978055073181167,9.72843298645942e-06
11,62980,0.0007845178552088329,9.728346137173925e-06
11,62990,0.0007860197714762762,9.728259274390898e-06
11,63000,0.0007853077637264504,9.728172398110587e-06
11,63010,0.0007834523290512151,9.728085508333238e-06
11,63020,0.0007848978522815742,9.727998605059102e-06
11,63030,0.0007883265454438515,9.727911688288426e-06
11,63040,0.0007968217789311894,9.727824758021458e-06
11,63050,0.0007856544994865543,9.727737814258445e-06
11,63060,0.0007816560930223205,9.72765085699964e-06
11,63070,0.0007802666572388262,9.72756388624529e-06
11,63080,0.0007940513591165654,9.727476901995639e-06
11,63090,0.0007917299604741858,9.72738990425094e-06
11,63100,0.0007832444505766034,9.727302893011433e-06
11,63110,0.0007848275636206381,9.727215868277377e-06
11,63120,0.0007773530422127805,9.727128830049012e-06
11,63130,0.0007881248573539778,9.727041778326596e-06
11,63140,0.0007886201870860532,9.726954713110368e-06
11,63150,0.0007855126983486116,9.726867634400579e-06
11,63160,0.0007820096798241138,9.726780542197479e-06
11,63170,0.0007895970629760996,9.726693436501318e-06
11,63180,0.0007925584854092449,9.726606317312344e-06
11,63190,0.0007849144662031904,9.726519184630803e-06
11,63200,0.0007871788911870681,9.726432038456946e-06
11,63210,0.0007870780842495151,9.726344878791022e-06
11,63220,0.0007833313487935811,9.726257705633281e-06
11,63230,0.000783809699350968,9.72617051898397e-06
11,63240,0.000787658549961634,9.726083318843332e-06
11,63250,0.000784676693729125,9.725996105211628e-06
11,63260,0.0007815193399437703,9.725908878089102e-06
11,63270,0.0007784636909491381,9.725821637475998e-06
11,63280,0.0007868731685448438,9.72573438337257e-06
11,63290,0.0007850421126931906,9.725647115779066e-06
11,63300,0.0007865538937039673,9.725559834695738e-06
11,63310,0.0007858014083467424,9.725472540122831e-06
11,63320,0.0007871609763242303,9.725385232060594e-06
11,63330,0.0007866957239457406,9.725297910509281e-06
11,63340,0.0007915494643384591,9.725210575469136e-06
11,63350,0.0007855305389966815,9.725123226940405e-06
11,63360,0.0007957885260111653,9.725035864923349e-06
11,63370,0.0008024196766200475,9.724948489418202e-06
11,63380,0.000795664127508644,9.724861100425225e-06
11,63390,0.0007930842039058916,9.724773697944666e-06
11,63400,0.0007866194413509221,9.724686281976772e-06
11,63410,0.0007888279331382365,9.724598852521797e-06
11,63420,0.0007834093514247798,9.724511409579986e-06
11,63430,0.0007917345195892268,9.72442395315159e-06
11,63440,0.0007919867057353258,9.72433648323686e-06
11,63450,0.000793608752428554,9.724248999836041e-06
11,63460,0.0007896016250015236,9.72416150294939e-06
11,63470,0.0007876699703047052,9.724073992577152e-06
11,63480,0.0007921706725028343,9.723986468719578e-06
11,63490,0.000789443842950277,9.723898931376915e-06
11,63500,0.0007851495873183012,9.723811380549421e-06
11,63510,0.0007906739410827867,9.723723816237336e-06
11,63520,0.0007783503431710415,9.723636238440914e-06
11,63530,0.0007876283372752369,9.723548647160403e-06
11,63540,0.000789996446110308,9.723461042396055e-06
11,63550,0.0008024854148970916,9.723373424148122e-06
11,63560,0.0007810683833668009,9.723285792416852e-06
11,63570,0.0007996151223778724,9.723198147202498e-06
11,63580,0.0007860616489779203,9.723110488505308e-06
11,63590,0.000778834412631113,9.72302281632553e-06
11,63600,0.0007872804650105535,9.722935130663415e-06
11,63610,0.0007852835420635529,9.722847431519217e-06
11,63620,0.0007848969573387877,9.722759718893185e-06
11,63630,0.0007867856402299367,9.722671992785569e-06
11,63640,0.0007795010518748312,9.722584253196615e-06
11,63650,0.000796063369489275,9.722496500126582e-06
11,63660,0.0007837775134248659,9.722408733575714e-06
11,63670,0.0007886423511081376,9.722320953544259e-06
11,63680,0.0007830863294657319,9.722233160032476e-06
11,63690,0.0007932647888083011,9.722145353040611e-06
11,63700,0.0007889114203862846,9.722057532568913e-06
11,63710,0.000789446166891139,9.72196969861764e-06
11,63720,0.000797539550694637,9.721881851187036e-06
11,63730,0.0007778842613333837,9.721793990277352e-06
11,63740,0.0007909542153356597,9.72170611588884e-06
11,63750,0.0007830019894754514,9.72161822802175e-06
11,63760,0.0007776484344503842,9.721530326676332e-06
11,63770,0.0007861039484851062,9.72144241185284e-06
11,63780,0.0007831412352970802,9.721354483551523e-06
11,63790,0.0007899599717347884,9.721266541772634e-06
11,63800,0.0007728308672085405,9.721178586516422e-06
11,63810,0.0007829455847968346,9.721090617783136e-06
11,63820,0.0007889147469541059,9.72100263557303e-06
11,63830,0.0007839747369871475,9.72091463988636e-06
11,63840,0.0007878518008510581,9.720826630723373e-06
11,63850,0.0007831304363207892,9.720738608084315e-06
11,63860,0.0007832751594833099,9.720650571969443e-06
11,63870,0.0007853114933823235,9.720562522379007e-06
11,63880,0.0007798361388267949,9.72047445931326e-06
11,63890,0.0007874482515035197,9.72038638277245e-06
11,63900,0.0007868853834224865,9.720298292756835e-06
11,63910,0.0007760539985611104,9.720210189266657e-06
11,63920,0.0007885931729106232,9.720122072302169e-06
11,63930,0.000788991097942926,9.720033941863633e-06
11,63940,0.0007958412781590596,9.719945797951286e-06
11,63950,0.0007860457146307453,9.719857640565392e-06
11,63960,0.0007856223484850488,9.719769469706197e-06
11,63970,0.0007782272106851452,9.719681285373956e-06
11,63980,0.0007821335733751767,9.719593087568917e-06
11,63990,0.0007845131578505971,9.719504876291332e-06
11,64000,0.0007803088796208612,9.71941665154145e-06
11,64010,0.0007879283191869035,9.719328413319529e-06
11,64020,0.0007888379463111051,9.71924016162582e-06
11,64030,0.0007933759043226019,9.719151896460572e-06
11,64040,0.0007830638132872991,9.719063617824036e-06
11,64050,0.0007898643423686735,9.71897532571647e-06
11,64060,0.0007786672722431831,9.718887020138119e-06
11,64070,0.0007980132693774066,9.718798701089242e-06
11,64080,0.0007892121080658399,9.718710368570085e-06
11,64090,0.00077863846818218,9.718622022580905e-06
11,64100,0.0007819125530659221,9.71853366312195e-06
11,64110,0.0007841414742870256,9.718445290193474e-06
11,64120,0.0007781261971103959,9.718356903795728e-06
11,64130,0.0007795237237587572,9.718268503928971e-06
11,64140,0.00078107348526828,9.718180090593448e-06
11,64150,0.0007916453992947936,9.718091663789412e-06
11,64160,0.0007870596396969632,9.718003223517116e-06
11,64170,0.0007833646144717933,9.717914769776816e-06
11,64180,0.0007830229675164445,9.717826302568763e-06
11,64190,0.0007960489791003055,9.717737821893206e-06
11,64200,0.0007915881287772207,9.717649327750396e-06
11,64210,0.0007877893629483878,9.71756082014059e-06
11,64220,0.0007833175332052633,9.717472299064045e-06
11,64230,0.0007917216789792292,9.717383764521004e-06
11,64240,0.0007857772186980582,9.717295216511727e-06
11,64250,0.0007916932852822357,9.717206655036464e-06
11,64260,0.0007862826620112173,9.717118080095469e-06
11,64270,0.0007860514800995589,9.717029491688993e-06
11,64280,0.0007894297174061649,9.716940889817292e-06
11,64290,0.0007792601769324392,9.716852274480615e-06
11,64300,0.0007846957785659469,9.716763645679216e-06
11,64310,0.0007942571683088319,9.71667500341335e-06
11,64320,0.0007872464397223666,9.716586347683268e-06
11,64330,0.0007852551425457932,9.716497678489223e-06
11,64340,0.0007856030002585612,9.716408995831468e-06
11,64350,0.0007864487037295476,9.716320299710259e-06
11,64360,0.0007816716039087624,9.716231590125845e-06
11,64370,0.0007900168027845211,9.716142867078483e-06
11,64380,0.0007936713649542072,9.716054130568427e-06
11,64390,0.0007886863939347676,9.715965380595924e-06
11,64400,0.0007856595431803726,9.715876617161237e-06
11,64410,0.0007885448634624481,9.71578784026461e-06
11,64420,0.000777363934321329,9.715699049906302e-06
11,64430,0.0007845178362913429,9.71561024608656e-06
11,64440,0.0007888176158303394,9.71552142880565e-06
11,64450,0.000791817701247055,9.715432598063816e-06
11,64460,0.0007984044699696824,9.715343753861311e-06
11,64470,0.000782210985198617,9.715254896198393e-06
11,64480,0.0007860083627747373,9.715166025075311e-06
11,64490,0.0007841464233933948,9.715077140492318e-06
11,64500,0.0007857910546590573,9.714988242449678e-06
11,64510,0.0007983690418768674,9.71489933094763e-06
11,64520,0.0007918799601611681,9.714810405986439e-06
11,64530,0.0007946307930978946,9.714721467566355e-06
11,64540,0.0007931277825264261,9.714632515687634e-06
11,64550,0.000791761816071812,9.714543550350526e-06
11,64560,0.0007923473356640897,9.714454571555287e-06
11,64570,0.0007812913565430791,9.714365579302176e-06
11,64580,0.000784933524846565,9.71427657359144e-06
11,64590,0.0007806854308000765,9.714187554423334e-06
11,64600,0.000783590400533285,9.714098521798112e-06
11,64610,0.0007738494401564822,9.71400947571603e-06
11,64620,0.0007861980280722491,9.713920416177343e-06
11,64630,0.0007991729085915722,9.713831343182305e-06
11,64640,0.0007985676391399465,9.71374225673117e-06
11,64650,0.0007876308125560171,9.71365315682419e-06
11,64660,0.0007857273914851249,9.713564043461623e-06
11,64670,0.000784676830517128,9.713474916643719e-06
11,64680,0.0007883042897447012,9.713385776370736e-06
11,64690,0.0007760311156744138,9.713296622642925e-06
11,64700,0.0007902841898612678,9.713207455460545e-06
11,64710,0.0007898481708252802,9.713118274823847e-06
11,64720,0.0007798913051374257,9.713029080733088e-06
11,64730,0.0007832439252524637,9.712939873188516e-06
11,64740,0.0007842091086786241,9.712850652190393e-06
11,64750,0.0007763388348394074,9.712761417738975e-06
11,64760,0.000786686384526547,9.712672169834513e-06
11,64770,0.0007896942101069726,9.712582908477261e-06
11,64780,0.0007816417390131391,9.712493633667475e-06
11,64790,0.0007855078772990965,9.712404345405409e-06
11,validation,0.0007792603719281033,9.712404345405409e-06
12,64800,0.0007854497933294624,9.712315043691323e-06
12,64810,0.0007870292523875832,9.71222572852546e-06
12,64820,0.0007816350203938782,9.712136399908086e-06
12,64830,0.0007902822937467136,9.712047057839453e-06
12,64840,0.0007897865187260322,9.711957702319816e-06
12,64850,0.0007851660324377008,9.711868333349429e-06
12,64860,0.0007867204418289475,9.711778950928549e-06
12,64870,0.0007848066728911361,9.711689555057428e-06
12,64880,0.0007943897755467332,9.711600145736325e-06
12,64890,0.0007875070587033406,9.711510722965496e-06
12,64900,0.0007792106291162782,9.711421286745194e-06
12,64910,0.0007872647765907459,9.71133183707567e-06
12,64920,0.0007838493969757111,9.711242373957187e-06
12,64930,0.0007915929105365649,9.711152897389994e-06
12,64940,0.000802979152649641,9.711063407374351e-06
12,64950,0.0007851264512282796,9.710973903910512e-06
12,64960,0.0007883406069595367,9.71088438699873e-06
12,64970,0.0007817311998223886,9.710794856639267e-06
12,64980,0.0007862775048124603,9.710705312832373e-06
12,64990,0.0007911461623734794,9.710615755578306e-06
12,65000,0.0007944660668727011,9.71052618487732e-06
12,65010,0.0007822678351658396,9.710436600729666e-06
12,65020,0.0007861112972022966,9.710347003135609e-06
12,65030,0.0007899658332462423,9.710257392095398e-06
12,65040,0.0007888555366662331,9.710167767609294e-06
12,65050,0.000794348557246849,9.710078129677548e-06
12,65060,0.000779242004500702,9.709988478300422e-06
12,65070,0.0007778565428452566,9.709898813478165e-06
12,65080,0.0007944968456286006,9.709809135211037e-06
12,65090,0.000784647258115001,9.709719443499294e-06
12,65100,0.0007754069069051185,9.709629738343188e-06
12,65110,0.0007830574410036206,9.70954001974298e-06
12,65120,0.0007847252360079438,9.709450287698922e-06
12,65130,0.0007881638201070018,9.709360542211278e-06
12,65140,0.0007917614289908669,9.709270783280294e-06
12,65150,0.0007902380413725041,9.70918101090623e-06
12,65160,0.0007972767707542515,9.709091225089341e-06
12,65170,0.0007881895871832967,9.709001425829889e-06
12,65180,0.0007841749436920509,9.708911613128127e-06
12,65190,0.0007902799639850855,9.708821786984308e-06
12,65200,0.0007866154846851714,9.708731947398691e-06
12,65210,0.0007791596304741687,9.708642094371538e-06
12,65220,0.0007922040487756021,9.708552227903099e-06
12,65230,0.0007860253143007867,9.70846234799363e-06
12,65240,0.0007910867017926648,9.70837245464339e-06
12,65250,0.00079601654142607,9.70828254785264e-06
12,65260,0.000777283331262879,9.708192627621628e-06
12,65270,0.0007842845196137204,9.708102693950614e-06
12,65280,0.0007855397372622975,9.708012746839856e-06
12,65290,0.0007930627805762924,9.707922786289615e-06
12,65300,0.0007788609029375948,9.707832812300139e-06
12,65310,0.0007838876437745056,9.707742824871687e-06
12,65320,0.00078104431158863,9.707652824004516e-06
12,65330,0.0007916507995105349,9.707562809698887e-06
12,65340,0.0007891891626059077,9.707472781955055e-06
12,65350,0.0007807333342498169,9.707382740773274e-06
12,65360,0.0007873720533098094,9.707292686153802e-06
12,65370,0.0007812508338247426,9.707202618096902e-06
12,65380,0.0007883174548624083,9.707112536602826e-06
12,65390,0.0007828831818187608,9.707022441671831e-06
12,65400,0.0007772915385430679,9.706932333304173e-06
12,65410,0.0007807725065504201,9.706842211500112e-06
12,65420,0.0007896256909589283,9.706752076259906e-06
12,65430,0.0007886709645390511,9.706661927583812e-06
12,65440,0.0007914016532595269,9.706571765472086e-06
12,65450,0.000788853682752233,9.70648158992498e-06
12,65460,0.0007848685418139212,9.706391400942762e-06
12,65470,0.0008020244204089978,9.706301198525681e-06
12,65480,0.0007854615090764129,9.706210982673996e-06
12,65490,0.0007850355876144021,9.70612075338797e-06
12,65500,0.0007891277418821119,9.706030510667858e-06
12,65510,0.0007809843140421435,9.705940254513916e-06
12,65520,0.0007846447988413274,9.7058499849264e-06
12,65530,0.0007865407795179635,9.705759701905567e-06
12,65540,0.0007830847825971432,9.705669405451681e-06
12,65550,0.0007903299439931289,9.705579095564995e-06
12,65560,0.0007936664333101362,9.705488772245773e-06
12,65570,0.0007809500573785044,9.705398435494263e-06
12,65580,0.0007868624597904272,9.705308085310735e-06
12,65590,0.0007837895114789717,9.705217721695434e-06
12,65600,0.0007805756918969563,9.705127344648623e-06
12,65610,0.0007780717278365047,9.705036954170561e-06
12,65620,0.0007872422371292487,9.704946550261507e-06
12,65630,0.0007806756693753414,9.704856132921716e-06
12,65640,0.0007842129751225002,9.70476570215145e-06
12,65650,0.0007741247318335809,9.704675257950966e-06
12,65660,0.000774413492763415,9.704584800320518e-06
12,65670,0.0007873220762121491,9.704494329260369e-06
12,65680,0.0007902250174083747,9.70440384477078e-06
12,65690,0.000791187617869582,9.704313346852005e-06
12,65700,0.0007770506534143351,9.704222835504295e-06
12,65710,0.0007812941534211859,9.704132310727921e-06
12,65720,0.0007853619405068456,9.704041772523133e-06
12,65730,0.0007846554522984661,9.703951220890197e-06
12,65740,0.0007913059089332819,9.703860655829363e-06
12,65750,0.0007903630888904445,9.703770077340896e-06
12,65760,0.0007821248233085497,9.70367948542505e-06
12,65770,0.0007813566888216883,9.703588880082084e-06
12,65780,0.0007896164563135243,9.70349826131226e-06
12,65790,0.000786894976045005,9.70340762911583e-06
12,65800,0.000786406006955076,9.703316983493067e-06
12,65810,0.000791012027184479,9.703226324444215e-06
12,65820,0.0007869422290241345,9.703135651969543e-06
12,65830,0.0007829776164726354,9.703044966069303e-06
12,65840,0.0007923999321064912,9.702954266743758e-06
12,65850,0.0007870650530094281,9.702863553993162e-06
12,65860,0.0007851021407986992,9.702772827817778e-06
12,65870,0.0007941165706142784,9.702682088217863e-06
12,65880,0.000775679801881779,9.702591335193678e-06
12,65890,0.0007936673864605837,9.702500568745477e-06
12,65900,0.0007933211018098518,9.702409788873526e-06
12,65910,0.0007718952445429749,9.702318995578084e-06
12,65920,0.0007894294991274366,9.702228188859407e-06
12,65930,0.0007811429735738784,9.702137368717751e-06
12,65940,0.0007857413904275746,9.702046535153382e-06
12,65950,0.0007916768503491767,9.70195568816655e-06
12,65960,0.0007831520109903068,9.701864827757524e-06
12,65970,0.0007771660195430741,9.701773953926557e-06
12,65980,0.0007929301253170706,9.701683066673915e-06
12,65990,0.0007812375057255848,9.701592165999852e-06
12,66000,0.0007787421200191602,9.701501251904633e-06
12,66010,0.0007771297518047505,9.701410324388512e-06
12,66020,0.0007833716503228061,9.701319383451751e-06
12,66030,0.0007926367514301092,9.70122842909461e-06
12,66040,0.0007947768099256791,9.701137461317344e-06
12,66050,0.0007796858786605298,9.701046480120218e-06
12,66060,0.0007841142854886129,9.700955485503491e-06
12,66070,0.0007797095022397116,9.700864477467418e-06
12,66080,0.0007850305366446265,9.700773456012266e-06
12,66090,0.0007779321138514206,9.700682421138289e-06
12,66100,0.000788728243787773,9.70059137284575e-06
12,66110,0.0007734799815807491,9.700500311134912e-06
12,66120,0.0007886746127041989,9.70040923600603e-06
12,66130,0.0007854951472836547,9.70031814745936e-06
12,66140,0.0007889843938755803,9.700227045495166e-06
12,66150,0.0007845407337299549,9.700135930113711e-06
12,66160,0.0007808489215676672,9.700044801315256e-06
12,66170,0.0007851710994145834,9.699953659100055e-06
12,66180,0.0007862668862799183,9.699862503468372e-06
12,66190,0.000783411915472243,9.699771334420468e-06
12,66200,0.0007798084072419443,9.699680151956603e-06
12,66210,0.0007835473981685936,9.699588956077036e-06
12,66220,0.0007855158692109399,9.699497746782023e-06
12,66230,0.0007779607927659526,9.699406524071831e-06
12,66240,0.0007771391712594778,9.699315287946724e-06
12,66250,0.0007809722490492276,9.699224038406953e-06
12,66260,0.0007848847890272737,9.69913277545278e-06
12,66270,0.0007795176497893408,9.699041499084467e-06
12,66280,0.000794042312190868,9.698950209302275e-06
12,66290,0.0007841669270419515,9.698858906106473e-06
12,66300,0.0007932342763524501,9.698767589497312e-06
12,66310,0.0007837182667572052,9.698676259475049e-06
12,66320,0.0007826628614566288,9.69858491603995e-06
12,66330,0.000777762831421569,9.698493559192278e-06
12,66340,0.000785873710992746,9.698402188932294e-06
12,66350,0.0007849234782042914,9.698310805260251e-06
12,66360,0.0007985529693542049,9.698219408176417e-06
12,66370,0.0007942118347273209,9.698127997681054e-06
12,66380,0.0007891292931162752,9.698036573774417e-06
12,66390,0.0007801878367899917,9.697945136456771e-06
12,66400,0.0007824078827979974,9.697853685728376e-06
12,66410,0.0007873923343140632,9.697762221589492e-06
12,66420,0.0007849997884477488,9.697670744040382e-06
12,66430,0.000788737038965337,9.69757925308131e-06
12,66440,0.000790406225132756,9.69748774871253e-06
12,66450,0.000776905940438155,9.697396230934303e-06
12,66460,0.0007822821527952328,9.697304699746898e-06
12,66470,0.0007830630842363463,9.697213155150572e-06
12,66480,0.0007818753176252358,9.697121597145587e-06
12,66490,0.000787985984061379,9.697030025732203e-06
12,66500,0.0007933665066957474,9.69693844091068e-06
12,66510,0.0007767037153826096,9.696846842681284e-06
12,66520,0.000777823153475765,9.696755231044273e-06
12,66530,0.0007927961487439461,9.69666360599991e-06
12,66540,0.0007824437620001844,9.696571967548456e-06
12,66550,0.0007876606789068318,9.696480315690177e-06
12,66560,0.000788734934758395,9.696388650425323e-06
12,66570,0.0007869702181778848,9.696296971754168e-06
12,66580,0.0007773644334520212,9.696205279676973e-06
12,66590,0.0007906626487965696,9.696113574193991e-06
12,66600,0.0007842388440622017,9.696021855305489e-06
12,66610,0.000784878733975347,9.695930123011729e-06
12,66620,0.0007793388605932704,9.695838377312973e-06
12,66630,0.0007762416047626176,9.695746618209479e-06
12,66640,0.0007866033090976998,9.695654845701513e-06
12,66650,0.0007796357036568225,9.695563059789333e-06
12,66660,0.0007785178968333639,9.695471260473204e-06
12,66670,0.0007925384357804432,9.695379447753388e-06
12,66680,0.0007906376908067614,9.695287621630151e-06
12,66690,0.0007847875604056753,9.695195782103748e-06
12,66700,0.0007827069668564946,9.695103929174448e-06
12,66710,0.0007849408139009029,9.695012062842503e-06
12,66720,0.0007817102377885021,9.69492018310819e-06
12,66730,0.0007746887815301307,9.694828289971759e-06
12,66740,0.0007835677461116575,9.69473638343348e-06
12,66750,0.0007863248305511661,9.694644463493609e-06
12,66760,0.0007782083717756905,9.69455253015241e-06
12,66770,0.0007848005712730809,9.694460583410143e-06
12,66780,0.0007748510528472253,9.694368623267077e-06
12,66790,0.0007925571655505336,9.694276649723474e-06
12,66800,0.0007894129274063743,9.69418466277959e-06
12,66810,0.000787956774001941,9.694092662435693e-06
12,66820,0.0007938500129966997,9.694000648692043e-06
12,66830,0.000784495729021728,9.693908621548906e-06
12,66840,0.0007862213809858077,9.693816581006543e-06
12,66850,0.0007811446237610653,9.693724527065215e-06
12,66860,0.0007813434480340221,9.693632459725186e-06
12,66870,0.0007843511906685308,9.69354037898672e-06
12,66880,0.0007904781974502838,9.69344828485008e-06
12,66890,0.0007824837215594016,9.693356177315527e-06
12,66900,0.0007882665682700462,9.693264056383321e-06
12,66910,0.0007876302886870689,9.693171922053733e-06
12,66920,0.0007811016257619484,9.693079774327023e-06
12,66930,0.0007834049698431045,9.69298761320345e-06
12,66940,0.000789172419172246,9.692895438683281e-06
12,66950,0.0007823885549441911,9.692803250766774e-06
12,66960,0.0007820946877473034,9.692711049454201e-06
12,66970,0.0007805076224030927,9.692618834745816e-06
12,66980,0.0007826707980711945,9.692526606641892e-06
12,66990,0.0007877494164858944,9.692434365142678e-06
12,67000,0.0007867756663472392,9.692342110248452e-06
12,67010,0.0007909198175184429,9.692249841959468e-06
12,67020,0.000786578557745088,9.692157560275995e-06
12,67030,0.0007889949993113987,9.692065265198293e-06
12,67040,0.000801524831331335,9.69197295672663e-06
12,67050,0.0008006513613509014,9.691880634861263e-06
12,67060,0.0007877630880102516,9.691788299602463e-06
12,67070,0.0007907633698778227,9.691695950950485e-06
12,67080,0.0007861769336159341,9.691603588905601e-06
12,67090,0.0007890569759183563,9.69151121346807e-06
12,67100,0.0007816709286998958,9.691418824638151e-06
12,67110,0.0007840570106054656,9.691326422416114e-06
12,67120,0.0007798426551744342,9.69123400680223e-06
12,67130,0.0007915370937553234,9.691141577796747e-06
12,67140,0.0007775883699650876,9.69104913539994e-06
12,67150,0.0007857697914005257,9.690956679612066e-06
12,67160,0.0007897296411101707,9.690864210433396e-06
12,67170,0.0007901606571977027,9.690771727864191e-06
12,67180,0.0007867563603213057,9.690679231904712e-06
12,67190,0.0007924737088615076,9.690586722555227e-06
12,67200,0.0007884969236329198,9.690494199815994e-06
12,67210,0.0007874476475990377,9.690401663687283e-06
12,67220,0.0007828227826394141,9.690309114169357e-06
12,67230,0.00077738840773236,9.690216551262479e-06
12,67240,0.0007780776271829381,9.690123974966917e-06
12,67250,0.0007847406188375317,9.69003138528293e-06
12,67260,0.0007798775972332805,9.689938782210785e-06
12,67270,0.0007903502657427452,9.689846165750747e-06
12,67280,0.0007875340117607266,9.689753535903077e-06
12,67290,0.0007853850314859301,9.689660892668045e-06
12,67300,0.000783554081863258,9.689568236045909e-06
12,67310,0.0007905804886831902,9.689475566036937e-06
12,67320,0.0007856173411710188,9.689382882641396e-06
12,67330,0.0007852535229176283,9.689290185859542e-06
12,67340,0.0007849718036595732,9.68919747569165e-06
12,67350,0.0007886041959864088,9.689104752137979e-06
12,67360,0.0007902688012109138,9.689012015198793e-06
12,67370,0.0007884016944444738,9.68891926487436e-06
12,67380,0.0007851082162233069,9.688826501164943e-06
12,67390,0.0007868794404203073,9.688733724070807e-06
12,67400,0.000776071147993207,9.688640933592217e-06
12,67410,0.0007853451956179924,9.688548129729434e-06
12,67420,0.0007931982938316651,9.68845531248273e-06
12,67430,0.0007802315318258479,9.688362481852366e-06
12,67440,0.0007796933481586167,9.688269637838608e-06
12,67450,0.0007974909123731776,9.688176780441722e-06
12,67460,0.000776607432635501,9.68808390966197e-06
12,67470,0.0007845201980671845,9.687991025499622e-06
12,67480,0.0007886943232733756,9.687898127954939e-06
12,67490,0.0007920793461380526,9.687805217028187e-06
12,67500,0.000784082523023244,9.687712292719631e-06
12,67510,0.0007878861142671667,9.687619355029537e-06
12,67520,0.0007869223045418039,9.687526403958174e-06
12,67530,0.00079065165045904,9.687433439505798e-06
12,67540,0.0007805185974575579,9.687340461672681e-06
12,67550,0.0007951244653668254,9.687247470459085e-06
12,67560,0.0007892092078691349,9.687154465865275e-06
12,67570,0.0007809010523487813,9.687061447891526e-06
12,67580,0.0007838687059120276,9.686968416538094e-06
12,67590,0.0007765008966089226,9.686875371805246e-06
12,67600,0.0007789827432134189,9.686782313693252e-06
12,67610,0.0007797256403136998,9.68668924220237e-06
12,67620,0.0007931402695248834,9.686596157332872e-06
12,67630,0.0007871999143389985,9.686503059085025e-06
12,67640,0.0007821502716979013,9.686409947459087e-06
12,67650,0.0007896807364886627,9.686316822455329e-06
12,67660,0.0007852394468500279,9.686223684074018e-06
12,67670,0.0007803512839018368,9.686130532315417e-06
12,67680,0.000785653015191201,9.686037367179795e-06
12,67690,0.0007808205264154822,9.685944188667414e-06
12,67700,0.0007739033942925744,9.685850996778545e-06
12,67710,0.0007901822231360712,9.68575779151345e-06
12,67720,0.0007902735727839173,9.68566457287239e-06
12,67730,0.0007854854004108347,9.685571340855643e-06
12,67740,0.0007805294808349572,9.685478095463468e-06
12,67750,0.0007832663206500002,9.685384836696133e-06
12,67760,0.0007890033608418888,9.6852915645539e-06
12,67770,0.0007911121196229943,9.685198279037044e-06
12,67780,0.0007953358755912632,9.685104980145827e-06
12,67790,0.0007909339838079177,9.685011667880512e-06
12,67800,0.0007855948671931401,9.684918342241367e-06
12,67810,0.0007823258827556856,9.684825003228658e-06
12,67820,0.0007835225449525751,9.684731650842655e-06
12,67830,0.0007839951824280434,9.68463828508362e-06
12,67840,0.0007931447165901774,9.684544905951821e-06
12,67850,0.0007881843746872618,9.684451513447526e-06
12,67860,0.0007806470661307686,9.684358107571002e-06
12,67870,0.0007862376791308634,9.684264688322518e-06
12,67880,0.0007827314344467595,9.684171255702335e-06
12,67890,0.0007908234765636736,9.684077809710724e-06
12,67900,0.0007868105356465093,9.68398435034795e-06
12,67910,0.0007861415884690358,9.683890877614275e-06
12,67920,0.0007852455804822967,9.683797391509972e-06
12,67930,0.0007893963484093546,9.683703892035308e-06
12,67940,0.0007861228747060522,9.683610379190547e-06
12,67950,0.0007766063572489657,9.683516852975956e-06
12,67960,0.0007807914778823033,9.683423313391805e-06
12,67970,0.0007799979983246886,9.683329760438359e-06
12,67980,0.0007762966764857993,9.683236194115881e-06
12,67990,0.0007876629242673516,9.683142614424648e-06
12,68000,0.0007818374695489184,9.683049021364918e-06
12,68010,0.0007931006359285675,9.682955414936962e-06
12,68020,0.0007872035363106988,9.68286179514104e-06
12,68030,0.000780232370016165,9.682768161977432e-06
12,68040,0.0007817219724529424,9.6826745154464e-06
12,68050,0.0007816297948011197,9.68258085554821e-06
12,68060,0.0007787893133354373,9.682487182283129e-06
12,68070,0.0007894486436271109,9.682393495651426e-06
12,68080,0.0007854438532376662,9.682299795653366e-06
12,68090,0.0007902208730229176,9.68220608228922e-06
12,68100,0.0007846466978662647,9.682112355559254e-06
12,68110,0.0007729147677309812,9.682018615463734e-06
12,68120,0.0007728283861069941,9.681924862002927e-06
12,68130,0.000786068536399398,9.681831095177107e-06
12,68140,0.0007884108606958761,9.681737314986532e-06
12,68150,0.0007809274960891343,9.681643521431478e-06
12,68160,0.0007874185495893471,9.681549714512206e-06
12,68170,0.0007802962674759329,9.68145589422899e-06
12,68180,0.0007788392584188842,9.681362060582093e-06
12,68190,0.0007913212190032937,9.681268213571788e-06
12,68200,0.0007910834552603773,9.681174353198333e-06
12,68210,0.0007994633255293594,9.681080479462009e-06
12,68220,0.000785456836456433,9.68098659236308e-06
12,68230,0.000788984665996395,9.680892691901811e-06
12,68240,0.000776612272602506,9.680798778078467e-06
12,68250,0.0007863782579079271,9.680704850893323e-06
12,68260,0.0007826927496353164,9.680610910346643e-06
12,68270,0.0007863672290113756,9.680516956438696e-06
12,68280,0.0007877922835177742,9.68042298916975e-06
12,68290,0.0007870831526815891,9.680329008540076e-06
12,68300,0.0007896336464909837,9.680235014549939e-06
12,68310,0.0007874580129282548,9.680141007199612e-06
12,68320,0.0007850350943044759,9.680046986489353e-06
12,68330,0.0007822673593182117,9.679952952419437e-06
12,68340,0.0007870366622228176,9.679858904990139e-06
12,68350,0.0007854617011616938,9.679764844201716e-06
12,68360,0.0007962005169247278,9.679670770054443e-06
12,68370,0.0007844270745408721,9.679576682548584e-06
12,68380,0.0007781241627526469,9.679482581684412e-06
12,68390,0.0007854297960875555,9.679388467462196e-06
12,68400,0.0007787776747136376,9.6792943398822e-06
12,68410,0.0007908043393399567,9.679200198944697e-06
12,68420,0.0007907662729849108,9.679106044649958e-06
12,68430,0.0007789702198351734,9.679011876998242e-06
12,68440,0.000777153909439221,9.678917695989823e-06
12,68450,0.0008013124650460667,9.678823501624976e-06
12,68460,0.0007864466169849038,9.678729293903965e-06
12,68470,0.000781585076765623,9.67863507282706e-06
12,68480,0.0007861843128921463,9.678540838394526e-06
12,68490,0.000775348290335387,9.678446590606634e-06
12,68500,0.0007903004050604068,9.678352329463655e-06
12,68510,0.0007848189998185262,9.678258054965854e-06
12,68520,0.0007733737133094108,9.678163767113505e-06
12,68530,0.0007850463764043525,9.678069465906873e-06
12,68540,0.0007890956345363519,9.67797515134623e-06
12,68550,0.0007961646479088813,9.677880823431843e-06
12,68560,0.0007742174115264789,9.67778648216398e-06
12,68570,0.0007848980763810687,9.677692127542916e-06
12,68580,0.0007825133958249353,9.677597759568917e-06
12,68590,0.0007807603687979281,9.677503378242254e-06
12,68600,0.0007887004554504529,9.677408983563191e-06
12,68610,0.000782227044692263,9.677314575532004e-06
12,68620,0.0007782482774928212,9.677220154148967e-06
12,68630,0.000778348917083349,9.677125719414335e-06
12,68640,0.0007821002960554323,9.677031271328386e-06
12,68650,0.0007852374750655145,9.676936809891388e-06
12,68660,0.000780316608143039,9.676842335103613e-06
12,68670,0.000788588059367612,9.676747846965332e-06
12,68680,0.0007852931492379866,9.67665334547681e-06
12,68690,0.0007717811298789456,9.676558830638318e-06
12,68700,0.0007820970480679534,9.676464302450127e-06
12,68710,0.0007849946559872478,9.676369760912505e-06
12,68720,0.0007867318694479764,9.676275206025725e-06
12,68730,0.0007868687127484009,9.67618063779005e-06
12,68740,0.000787246807885822,9.67608605620576e-06
12,68750,0.0007885512808570639,9.675991461273115e-06
12,68760,0.0007806904934113846,9.675896852992394e-06
12,68770,0.000789181495201774,9.67580223136386e-06
12,68780,0.000791534426389262,9.67570759638779e-06
12,68790,0.0007841946950065904,9.675612948064446e-06
12,68800,0.0007863652717787772,9.675518286394105e-06
12,68810,0.0007841537066269667,9.675423611377035e-06
12,68820,0.0007865377177949995,9.675328923013502e-06
12,68830,0.000782349875953514,9.67523422130378e-06
12,68840,0.0007833957031834871,9.67513950624814e-06
12,68850,0.000783971902274061,9.675044777846856e-06
12,68860,0.0007842510894988663,9.674950036100193e-06
12,68870,0.0007838422345230356,9.674855281008423e-06
12,68880,0.0007822803119779564,9.67476051257182e-06
12,68890,0.0007838376113795675,9.674665730790648e-06
12,68900,0.0007872200891142711,9.67457093566518e-06
12,68910,0.0007869032851886004,9.674476127195688e-06
12,68920,0.0007851483111153357,9.674381305382435e-06
12,68930,0.0007820219019777142,9.674286470225699e-06
12,68940,0.0007865361360018142,9.674191621725751e-06
12,68950,0.0007797486352501438,9.674096759882862e-06
12,68960,0.0007797498983563856,9.674001884697306e-06
12,68970,0.0007836815144401043,9.673906996169348e-06
12,68980,0.0007916901668068022,9.673812094299263e-06
12,68990,0.0007853393341065384,9.673717179087316e-06
12,69000,0.0007859547331463546,9.67362225053378e-06
12,69010,0.0007871245921705851,9.67352730863893e-06
12,69020,0.0007749477139441295,9.673432353403032e-06
12,69030,0.0007766665134113282,9.67333738482636e-06
12,69040,0.0007770118463668041,9.673242402909184e-06
12,69050,0.000782230011827778,9.673147407651776e-06
12,69060,0.0007799496248480864,9.673052399054405e-06
12,69070,0.0007844802763429471,9.672957377117345e-06
12,69080,0.0008005959389265627,9.67286234184086e-06
12,69090,0.0007819031103281303,9.672767293225235e-06
12,69100,0.0007910808388260193,9.672672231270733e-06
12,69110,0.0007918804360087961,9.672577155977622e-06
12,69120,0.0007950887593324296,9.672482067346179e-06
12,69130,0.0007886475446866824,9.672386965376673e-06
12,69140,0.0007831734008505009,9.672291850069377e-06
12,69150,0.000781286004348658,9.672196721424564e-06
12,69160,0.0007763504225295038,9.672101579442503e-06
12,69170,0.0007794074423145503,9.672006424123466e-06
12,69180,0.0007870968111092225,9.671911255467723e-06
12,69190,0.0007746444462100044,9.671816073475548e-06
12,69200,0.0008088661546935327,9.67172087814721e-06
12,69210,0.0007865195540944114,9.671625669482984e-06
12,69220,0.0007802376843756066,9.671530447483141e-06
12,69230,0.0007933816043077967,9.671435212147953e-06
12,69240,0.0007830026690498926,9.671339963477689e-06
12,69250,0.0007927761456812732,9.671244701472626e-06
12,69260,0.0007812789233867079,9.67114942613303e-06
12,69270,0.0007941192699945531,9.671054137459179e-06
12,69280,0.0007820672282832675,9.67095883545134e-06
12,69290,0.000783821132790763,9.670863520109788e-06
12,69300,0.0007825117805623449,9.67076819143479e-06
12,69310,0.0007871159818023443,9.670672849426629e-06
12,69320,0.000781319898669608,9.670577494085569e-06
12,69330,0.0007965195880387909,9.670482125411882e-06
12,69340,0.0007807710833731107,9.67038674340584e-06
12,69350,0.0007881320605520159,9.670291348067722e-06
12,69360,0.0007813966134563088,9.670195939397795e-06
12,69370,0.0007863900260417721,9.670100517396331e-06
12,69380,0.0007861542675527743,9.670005082063602e-06
12,69390,0.0007750656994176098,9.669909633399883e-06
12,69400,0.0007824383908882738,9.669814171405445e-06
12,69410,0.0007820532002369874,9.669718696080559e-06
12,69420,0.0007876233707065695,9.6696232074255e-06
12,69430,0.0007821967868949288,9.669527705440536e-06
12,69440,0.0007801185376592912,9.669432190125949e-06
12,69450,0.0007872742498875596,9.669336661482004e-06
12,69460,0.0007901022443547844,9.669241119508977e-06
12,69470,0.0007909690742962995,9.669145564207137e-06
12,69480,0.0007767060524201952,9.669049995576759e-06
12,69490,0.0007822583444067277,9.668954413618117e-06
12,69500,0.0007880970733822323,9.668858818331483e-06
12,69510,0.0007891003624536097,9.66876320971713e-06
12,69520,0.0007885180821176618,9.66866758777533e-06
12,69530,0.0007846514505217783,9.668571952506357e-06
12,69540,0.0007819422666216269,9.668476303910485e-06
12,69550,0.0007938621231005528,9.668380641987984e-06
12,69560,0.0007831650975276716,9.668284966739126e-06
12,69570,0.0007754382459097542,9.668189278164188e-06
12,69580,0.0007748458156129345,9.668093576263444e-06
12,69590,0.0007783889101119711,9.667997861037161e-06
12,69600,0.0007725557748926803,9.66790213248562e-06
12,69610,0.0007845492989872583,9.667806390609093e-06
12,69620,0.0007788974136929028,9.66771063540785e-06
12,69630,0.0007879290482378565,9.667614866882165e-06
12,69640,0.0007829815993318334,9.667519085032313e-06
12,69650,0.0007874881426687353,9.667423289858565e-06
12,69660,0.0007841009544790722,9.667327481361194e-06
12,69670,0.0007823876614565961,9.667231659540477e-06
12,69680,0.0007791552648996002,9.667135824396686e-06
12,69690,0.0007791307303705253,9.667039975930095e-06
12,69700,0.0007901598553871735,9.666944114140977e-06
12,69710,0.0007873407288570888,9.666848239029603e-06
12,69720,0.0007896404131315649,9.66675235059625e-06
12,69730,0.0007838674428057857,9.666656448841192e-06
12,69740,0.0007883271158789285,9.666560533764702e-06
12,69750,0.0007872644404415041,9.666464605367052e-06
12,69760,0.0007820646700565704,9.666368663648519e-06
12,69770,0.0007865592924645171,9.666272708609372e-06
12,69780,0.0007903593228547834,9.66617674024989e-06
12,69790,0.0007839796468033456,9.666080758570347e-06
12,69800,0.0007773630670271814,9.665984763571013e-06
12,69810,0.0007836738383048213,9.665888755252166e-06
12,69820,0.0007853160001104697,9.66579273361408e-06
12,69830,0.0007873420996475033,9.665696698657019e-06
12,69840,0.0007761272747302427,9.66560065038127e-06
12,69850,0.00078491823078366,9.665504588787105e-06
12,69860,0.0007797394195222297,9.665408513874793e-06
12,69870,0.0007863188628107309,9.665312425644612e-06
12,69880,0.0007738446205621584,9.665216324096834e-06
12,69890,0.0007746497707557864,9.665120209231735e-06
12,69900,0.0007971345767145976,9.665024081049591e-06
12,69910,0.0007843045837944375,9.664927939550673e-06
12,69920,0.0007844820560421796,9.664831784735257e-06
12,69930,0.0007803878921549767,9.664735616603614e-06
12,69940,0.0007789097013301215,9.664639435156025e-06
12,69950,0.0007842701117624529,9.66454324039276e-06
12,69960,0.0007851452101022005,9.664447032314099e-06
12,69970,0.0007894137539551592,9.664350810920313e-06
12,69980,0.0007814603843144142,9.664254576211673e-06
12,69990,0.0007808667374774815,9.66415832818846e-06
12,70000,0.000784942250174936,9.664062066850941e-06
12,70010,0.0007945743243908509,9.663965792199397e-06
12,70020,0.0007893612753832713,9.663869504234105e-06
12,70030,0.0007910428845207206,9.663773202955333e-06
12,70040,0.0007937856295029634,9.66367688836336e-06
12,70050,0.0007957396621350199,9.66358056045846e-06
12,70060,0.0007812243318767287,9.66348421924091e-06
12,70070,0.0007909170002676547,9.663387864710983e-06
12,70080,0.0007842171893571503,9.663291496868952e-06
12,70090,0.0007836094839149155,9.663195115715098e-06
12,70100,0.0007844235107768326,9.663098721249685e-06
12,70110,0.0007896029288531281,9.663002313472997e-06
12,70120,0.0007815037650289015,9.662905892385308e-06
12,70130,0.0007756223785690963,9.662809457986896e-06
12,70140,0.0007825408887583763,9.66271301027803e-06
12,70150,0.0007827193505363539,9.662616549258992e-06
12,70160,0.0007845549713238143,9.662520074930055e-06
12,70170,0.0007825119377230294,9.66242358729149e-06
12,70180,0.0007834657881176099,9.662327086343575e-06
12,70190,0.000787100219167769,9.662230572086589e-06
12,70200,0.0007850178837543354,9.662134044520809e-06
12,70210,0.0007861049089115113,9.662037503646501e-06
12,70220,0.000778066081693396,9.661940949463944e-06
12,70230,0.0007729247037786991,9.661844381973417e-06
12,70240,0.0007782857443089596,9.661747801175195e-06
12,70250,0.0007813658638042397,9.661651207069554e-06
12,70260,0.0007797237733029761,9.661554599656767e-06
12,70270,0.0007806813446222804,9.66145797893711e-06
12,70280,0.0007792196469381452,9.661361344910861e-06
12,70290,0.0007797014768584632,9.661264697578295e-06
12,70300,0.0007764703710563481,9.661168036939689e-06
12,70310,0.000781855960667599,9.661071362995318e-06
12,70320,0.0007786155911162496,9.660974675745457e-06
12,70330,0.000792963289131876,9.660877975190387e-06
12,70340,0.0007824232496204786,9.660781261330378e-06
12,70350,0.000785717074177228,9.660684534165706e-06
12,70360,0.000780169827339705,9.660587793696651e-06
12,70370,0.0007803854678058997,9.660491039923484e-06
12,70380,0.0007850366309867242,9.660394272846485e-06
12,70390,0.0007877311742049642,9.660297492465931e-06
12,70400,0.0007774681085720659,9.660200698782098e-06
12,70410,0.0007848140521673486,9.660103891795263e-06
12,70420,0.0007883052880060859,9.660007071505693e-06
12,70430,0.0007927031168946997,9.659910237913679e-06
12,70440,0.0007877011681557634,9.659813391019486e-06
12,70450,0.0007924228149931878,9.659716530823397e-06
12,70460,0.0007837107667000964,9.659619657325687e-06
12,70470,0.0007959630311233923,9.659522770526634e-06
12,70480,0.0007859215562348254,9.659425870426511e-06
12,70490,0.0007855167597881519,9.659328957025596e-06
12,70500,0.0007766214068396948,9.659232030324166e-06
12,70510,0.0007850925292586907,9.659135090322492e-06
12,70520,0.0007893594825873151,9.659038137020862e-06
12,70530,0.0007974164313054643,9.658941170419545e-06
12,70540,0.0007839543221052736,9.658844190518818e-06
12,70550,0.0007864153318223544,9.658747197318959e-06
12,70560,0.0007853292947402224,9.658650190820244e-06
12,70570,0.0007805250468663871,9.658553171022956e-06
12,70580,0.0007817985198926181,9.658456137927364e-06
12,70590,0.0007881695375544951,9.658359091533753e-06
12,70600,0.000780384377867449,9.65826203184239e-06
12,70610,0.0007877325042500161,9.65816495885356e-06
12,70620,0.000778221666405443,9.658067872567536e-06
12,70630,0.0007832578601664863,9.657970772984596e-06
12,70640,0.0007845049316529184,9.65787366010502e-06
12,70650,0.0007851901958929376,9.65777653392908e-06
12,70660,0.000778615492163226,9.65767939445706e-06
12,70670,0.0007886710372986272,9.657582241689231e-06
12,70680,0.0007891984059824608,9.657485075625877e-06
12,validation,0.0007732340163784102,9.657485075625877e-06
13,70690,0.000782210158649832,9.65738789626727e-06
13,70700,0.0007774330792017281,9.657290703613687e-06
13,70710,0.0007831648355931974,9.657193497665405e-06
13,70720,0.0007859405392082408,9.657096278422705e-06
13,70730,0.0007954461398185231,9.656999045885863e-06
13,70740,0.0007941611343994737,9.656901800055158e-06
13,70750,0.0007816736237145961,9.656804540930866e-06
13,70760,0.0007809167203959076,9.656707268513262e-06
13,70770,0.0007820119397365488,9.656609982802631e-06
13,70780,0.0007905915408628061,9.656512683799247e-06
13,70790,0.0007741425433778204,9.656415371503384e-06
13,70800,0.000777429368463345,9.656318045915324e-06
13,70810,0.0007792164280544967,9.65622070703534e-06
13,70820,0.0007822451254469343,9.656123354863715e-06
13,70830,0.0007886756546213292,9.656025989400728e-06
13,70840,0.0007858545766794122,9.655928610646652e-06
13,70850,0.0007815805802238174,9.655831218601766e-06
13,70860,0.000781465505133383,9.655733813266353e-06
13,70870,0.0007806781140970998,9.655636394640686e-06
13,70880,0.0007878480988438241,9.655538962725044e-06
13,70890,0.0007859120261855423,9.655441517519709e-06
13,70900,0.0007874601826188154,9.655344059024951e-06
13,70910,0.0007824589105439372,9.655246587241055e-06
13,70920,0.0007926626698463224,9.655149102168298e-06
13,70930,0.0007791306008584798,9.655051603806956e-06
13,70940,0.0007821786392014473,9.654954092157307e-06
13,70950,0.0007788281494867989,9.654856567219638e-06
13,70960,0.0007799331535352394,9.654759028994216e-06
13,70970,0.0007860406389227138,9.654661477481328e-06
13,70980,0.0007863035061745904,9.654563912681243e-06
13,70990,0.000775424025778193,9.65446633459425e-06
13,71000,0.0007850890891859309,9.65436874322062e-06
13,71010,0.0007844610547181219,9.654271138560635e-06
13,71020,0.000778069652733393,9.654173520614575e-06
13,71030,0.0007942903292132541,9.654075889382715e-06
13,71040,0.0007877669486333616,9.653978244865334e-06
13,71050,0.0007901289980509319,9.65388058706271e-06
13,71060,0.0007938954251585529,9.653782915975125e-06
13,71070,0.0007939084389363416,9.653685231602856e-06
13,71080,0.0007822608211426996,9.65358753394618e-06
13,71090,0.0007864951941883192,9.653489823005382e-06
13,71100,0.0007876599993323907,9.653392098780738e-06
13,71110,0.0007840699516236782,9.653294361272525e-06
13,71120,0.0007867920474382118,9.65319661048102e-06
13,71130,0.000772763007262256,9.653098846406506e-06
13,71140,0.0007818469501216895,9.653001069049264e-06
13,71150,0.0007730548692052253,9.652903278409569e-06
13,71160,0.0007854263865738175,9.652805474487703e-06
13,71170,0.0007790397052303888,9.652707657283948e-06
13,71180,0.0007821388178854249,9.652609826798575e-06
13,71190,0.0007859472534619272,9.652511983031862e-06
13,71200,0.0007932370179332792,9.652414125984097e-06
13,71210,0.0007793978540576062,9.652316255655553e-06
13,71220,0.0007822932646377012,9.652218372046511e-06
13,71230,0.0007788298942614346,9.652120475157259e-06
13,71240,0.0007862342506996356,9.652022564988064e-06
13,71250,0.0007929979139589705,9.651924641539214e-06
13,71260,0.0007853891380364074,9.651826704810981e-06
13,71270,0.0007810736176907084,9.651728754803649e-06
13,71280,0.0007757548228255474,9.6516307915175e-06
13,71290,0.0007865804465836846,9.651532814952808e-06
13,71300,0.0007854913274059072,9.651434825109854e-06
13,71310,0.0007745956012513489,9.651336821988923e-06
13,71320,0.0007834445001208224,9.651238805590289e-06
13,71330,0.0007779856270644813,9.651140775914237e-06
13,71340,0.0007845529326004907,9.651042732961041e-06
13,71350,0.0007804100154316984,9.650944676730983e-06
13,71360,0.0007752863399218768,9.650846607224345e-06
13,71370,0.0007859771983930841,9.650748524441407e-06
13,71380,0.0007815716089680791,9.650650428382445e-06
13,71390,0.000789347013051156,9.650552319047744e-06
13,71400,0.0007761698216199874,9.65045419643758e-06
13,71410,0.0007800498133292422,9.650356060552235e-06
13,71420,0.0007831657319911755,9.650257911391988e-06
13,71430,0.0007841215512598864,9.650159748957119e-06
13,71440,0.0007779909326927736,9.650061573247912e-06
13,71450,0.0007860310739488341,9.649963384264643e-06
13,71460,0.0007886091683758423,9.649865182007595e-06
13,71470,0.0007803600325132719,9.649766966477047e-06
13,71480,0.0007895516682765446,9.649668737673277e-06
13,71490,0.000778249312133994,9.649570495596566e-06
13,71500,0.0007867442414863034,9.6494722402472e-06
13,71510,0.0007782367858453654,9.649373971625455e-06
13,71520,0.0007857197648263536,9.649275689731611e-06
13,71530,0.0007751624842057935,9.649177394565953e-06
13,71540,0.000790155553841032,9.649079086128754e-06
13,71550,0.0007841014754376373,9.6489807644203e-06
13,71560,0.0007835564203560353,9.648882429440874e-06
13,71570,0.0007856240466935561,9.648784081190748e-06
13,71580,0.0007885759652708658,9.648685719670212e-06
13,71590,0.0007806360765243881,9.648587344879543e-06
13,71600,0.0007762121735140682,9.64848895681902e-06
13,71610,0.0007738045838777906,9.648390555488923e-06
13,71620,0.0007824041706044226,9.648292140889538e-06
13,71630,0.0007875629074987956,9.648193713021145e-06
13,71640,0.0007793099124683066,9.648095271884022e-06
13,71650,0.0007842873616027645,9.647996817478454e-06
13,71660,0.0007869583758292719,9.647898349804716e-06
13,71670,0.000788785915938206,9.647799868863095e-06
13,71680,0.0007796635123668239,9.647701374653869e-06
13,71690,0.0007845711050322279,9.647602867177321e-06
13,71700,0.0007859230579924769,9.647504346433729e-06
13,71710,0.0007820422382792459,9.647405812423373e-06
13,71720,0.0007869023262173869,9.647307265146541e-06
13,71730,0.0007826115514035337,9.647208704603508e-06
13,71740,0.0007867249238188379,9.647110130794559e-06
13,71750,0.0007859436722355895,9.647011543719974e-06
13,71760,0.0007894446811405942,9.646912943380038e-06
13,71770,0.0007812502823071555,9.646814329775026e-06
13,71780,0.0007846747743315063,9.646715702905227e-06
13,71790,0.000785797496791929,9.646617062770918e-06
13,71800,0.0007871704612625763,9.64651840937238e-06
13,71810,0.0007832599832909182,9.646419742709894e-06
13,71820,0.0007746294955722987,9.646321062783744e-06
13,71830,0.0007810576804331505,9.64622236959421e-06
13,71840,0.0007788177375914529,9.646123663141578e-06
13,71850,0.0007777298611472362,9.646024943426126e-06
13,71860,0.0007801885512890294,9.645926210448137e-06
13,71870,0.0007865562132792548,9.645827464207893e-06
13,71880,0.0007820373983122409,9.645728704705674e-06
13,71890,0.0007846104141208342,9.645629931941763e-06
13,71900,0.0007724658324150369,9.64553114591644e-06
13,71910,0.0007826675544492901,9.64543234662999e-06
13,71920,0.0007878624601289631,9.645333534082692e-06
13,71930,0.000791302535799332,9.645234708274834e-06
13,71940,0.0007865643259719945,9.645135869206692e-06
13,71950,0.0007753497076919303,9.645037016878549e-06
13,71960,0.0007769068906782195,9.64493815129069e-06
13,71970,0.0007736405401374214,9.644839272443395e-06
13,71980,0.0007729923469014465,9.644740380336945e-06
13,71990,0.0007871811190852895,9.644641474971628e-06
13,72000,0.0007837895260308869,9.644542556347722e-06
13,72010,0.000779415512806736,9.64444362446551e-06
13,72020,0.00078027053095866,9.644344679325274e-06
13,72030,0.0007856258816900663,9.644245720927297e-06
13,72040,0.0007821062798029744,9.644146749271858e-06
13,72050,0.000787513138493523,9.644047764359241e-06
13,72060,0.0007895765564171598,9.643948766189733e-06
13,72070,0.0007983166913618333,9.643849754763615e-06
13,72080,0.0007903596648247913,9.643750730081169e-06
13,72090,0.0007918746341601945,9.64365169214268e-06
13,72100,0.0007806081717717462,9.643552640948424e-06
13,72110,0.0007903571255155838,9.643453576498691e-06
13,72120,0.0007932394772069528,9.643354498793758e-06
13,72130,0.000780916523945052,9.643255407833913e-06
13,72140,0.0007862142549129202,9.643156303619432e-06
13,72150,0.0007956331173772924,9.643057186150606e-06
13,72160,0.0007804445340298116,9.642958055427714e-06
13,72170,0.0007833149444195442,9.64285891145104e-06
13,72180,0.0007823182691936381,9.642759754220865e-06
13,72190,0.0007831983966752887,9.64266058373747e-06
13,72200,0.0007839681915356777,9.642561400001146e-06
13,72210,0.0007818293495802208,9.642462203012172e-06
13,72220,0.0007857638236600905,9.64236299277083e-06
13,72230,0.0007777355160214938,9.642263769277401e-06
13,72240,0.0007798466307576747,9.642164532532169e-06
13,72250,0.0007709554076427594,9.642065282535425e-06
13,72260,0.0007862009064410814,9.641966019287446e-06
13,72270,0.0007797921265591867,9.64186674278851e-06
13,72280,0.0007764050707919524,9.641767453038907e-06
13,72290,0.0007856748168705962,9.641668150038922e-06
13,72300,0.0007934826018754393,9.641568833788838e-06
13,72310,0.0007846270484151318,9.641469504288935e-06
13,72320,0.0007826559318345972,9.641370161539498e-06
13,72330,0.0007779354491503909,9.641270805540811e-06
13,72340,0.0007726682335487567,9.641171436293158e-06
13,72350,0.0007829342561308295,9.641072053796823e-06
13,72360,0.0007949316714075393,9.640972658052087e-06
13,72370,0.0007891063462011517,9.640873249059236e-06
13,72380,0.0007831522962078453,9.640773826818555e-06
13,72390,0.0007782575863529928,9.640674391330326e-06
13,72400,0.0007821945007890464,9.640574942594833e-06
13,72410,0.000781104905763641,9.640475480612358e-06
13,72420,0.000791119558562059,9.640376005383189e-06
13,72430,0.0007850268360925838,9.640276516907603e-06
13,72440,0.0007786246846080759,9.640177015185891e-06
13,72450,0.0007801373169058934,9.640077500218334e-06
13,72460,0.0007892037872807122,9.63997797200522e-06
13,72470,0.0007875388328102417,9.639878430546826e-06
13,72480,0.0007788352042553015,9.63977887584344e-06
13,72490,0.0007766252718283794,9.63967930789535e-06
13,72500,0.0007845728789106943,9.639579726702836e-06
13,72510,0.000785432750126347,9.639480132266184e-06
13,72520,0.000786245844210498,9.639380524585678e-06
13,72530,0.0007847741333534942,9.639280903661599e-06
13,72540,0.000784480148286093,9.639181269494236e-06
13,72550,0.0007897993724327535,9.639081622083868e-06
13,72560,0.000786494489875622,9.638981961430784e-06
13,72570,0.0007792607430019416,9.63888228753527e-06
13,72580,0.0007910192405688576,9.638782600397604e-06
13,72590,0.0007778571889502928,9.638682900018076e-06
13,72600,0.0007804337554262019,9.63858318639697e-06
13,72610,0.0007774624027661048,9.638483459534569e-06
13,72620,0.0007849369561881758,9.63838371943116e-06
13,72630,0.000792512831685599,9.638283966087024e-06
13,72640,0.0007813379546860234,9.638184199502446e-06
13,72650,0.0007751875193207525,9.638084419677715e-06
13,72660,0.0007849983216146938,9.637984626613114e-06
13,72670,0.0007881778452428988,9.637884820308927e-06
13,72680,0.0007789062627125532,9.637785000765438e-06
13,72690,0.0007806479188730009,9.637685167982932e-06
13,72700,0.0007758808002108709,9.637585321961697e-06
13,72710,0.0007824166037607937,9.637485462702016e-06
13,72720,0.000784206372918561,9.637385590204173e-06
13,72730,0.0007843571875127964,9.637285704468451e-06
13,72740,0.0007900080439867453,9.637185805495143e-06
13,72750,0.0007884973296313546,9.63708589328453e-06
13,72760,0.0007726750278379767,9.636985967836891e-06
13,72770,0.0007805089946486988,9.636886029152517e-06
13,72780,0.0007831728958990424,9.636786077231697e-06
13,72790,0.0007728416327154263,9.63668611207471e-06
13,72800,0.0007803024491295218,9.636586133681842e-06
13,72810,0.000787299832154531,9.636486142053385e-06
13,72820,0.0007792515287292191,9.636386137189618e-06
13,72830,0.0007835955504560844,9.636286119090831e-06
13,72840,0.0007757664439850487,9.636186087757305e-06
13,72850,0.0007778500250424259,9.636086043189327e-06
13,72860,0.0007921234122477472,9.635985985387185e-06
13,72870,0.0007749877098831348,9.635885914351161e-06
13,72880,0.000783168188354466,9.63578583008154e-06
13,72890,0.0007833785100956447,9.635685732578614e-06
13,72900,0.0007747314739390276,9.635585621842659e-06
13,72910,0.0007837782861315645,9.63548549787397e-06
13,72920,0.0007782680171658284,9.635385360672829e-06
13,72930,0.0007843609229894355,9.635285210239527e-06
13,72940,0.000780786169343628,9.63518504657434e-06
13,72950,0.0007734103099210188,9.635084869677556e-06
13,72960,0.000773673810181208,9.634984679549466e-06
13,72970,0.0007794625402311795,9.634884476190357e-06
13,72980,0.0007843580737244338,9.634784259600508e-06
13,72990,0.0007849955189158209,9.634684029780207e-06
13,73000,0.0007828223941032774,9.634583786729745e-06
13,73010,0.0007780028405250049,9.634483530449405e-06
13,73020,0.0007951908512040972,9.634383260939476e-06
13,73030,0.0007883030819357372,9.634282978200239e-06
13,73040,0.0007927656988613307,9.634182682231985e-06
13,73050,0.000790905581379775,9.634082373034994e-06
13,73060,0.0007955294990097172,9.633982050609558e-06
13,73070,0.000779590810998343,9.633881714955965e-06
13,73080,0.0007807717731338926,9.6337813660745e-06
13,73090,0.0007818174199201166,9.633681003965443e-06
13,73100,0.0007801523970556445,9.633580628629089e-06
13,73110,0.0007752237041131593,9.633480240065721e-06
13,73120,0.0007800784325809218,9.633379838275624e-06
13,73130,0.0007821390507160686,9.633279423259083e-06
13,73140,0.0007890222856076433,9.63317899501639e-06
13,73150,0.0007751816476229579,9.63307855354783e-06
13,73160,0.0007986356460605747,9.63297809885369e-06
13,73170,0.0007843006576877088,9.632877630934255e-06
13,73180,0.0007810790164512582,9.632777149789814e-06
13,73190,0.0007806055844412185,9.63267665542065e-06
13,73200,0.0007813218151568436,9.632576147827056e-06
13,73210,0.000790703998063691,9.632475627009312e-06
13,73220,0.0007830310583813117,9.632375092967713e-06
13,73230,0.0007780201573041267,9.632274545702538e-06
13,73240,0.0007853687013266607,9.632173985214077e-06
13,73250,0.000785695857484825,9.632073411502616e-06
13,73260,0.0007812103009200655,9.631972824568445e-06
13,73270,0.0007841642713174224,9.63187222441185e-06
13,73280,0.0007703475363086908,9.631771611033118e-06
13,73290,0.0007746465373202227,9.631670984432533e-06
13,73300,0.0007722459849901497,9.631570344610387e-06
13,73310,0.0007859260760596954,9.631469691566963e-06
13,73320,0.0007710185367614031,9.631369025302549e-06
13,73330,0.0007771884746034629,9.631268345817438e-06
13,73340,0.0007794423043378628,9.631167653111911e-06
13,73350,0.0007810302922734991,9.63106694718626e-06
13,73360,0.0007876489573391154,9.63096622804077e-06
13,73370,0.0007887935091275722,9.63086549567573e-06
13,73380,0.0007837470664526335,9.630764750091425e-06
13,73390,0.000782980392978061,9.630663991288145e-06
13,73400,0.0007890818989835679,9.630563219266175e-06
13,73410,0.0007743244568700902,9.630462434025808e-06
13,73420,0.00078671869559912,9.630361635567325e-06
13,73430,0.0007845547705073842,9.630260823891018e-06
13,73440,0.0007891760105849245,9.630159998997173e-06
13,73450,0.0007857909760787151,9.630059160886079e-06
13,73460,0.000780840487277601,9.62995830955802e-06
13,73470,0.0007829482477973214,9.629857445013289e-06
13,73480,0.000791927269892767,9.629756567252171e-06
13,73490,0.0007799359475029633,9.629655676274956e-06
13,73500,0.00078357940656133,9.629554772081932e-06
13,73510,0.0007773082601488569,9.629453854673386e-06
13,73520,0.000790240551577881,9.629352924049604e-06
13,73530,0.0007830103990272619,9.629251980210881e-06
13,73540,0.0007819250895408913,9.629151023157498e-06
13,73550,0.0007790832329192198,9.629050052889747e-06
13,73560,0.0007896537892520428,9.628949069407912e-06
13,73570,0.0007805138229741714,9.628848072712281e-06
13,73580,0.0007846693406463601,9.628747062803153e-06
13,73590,0.0007773786041070707,9.628646039680806e-06
13,73600,0.0007857954042265192,9.62854500334553e-06
13,73610,0.0007871320776757784,9.628443953797618e-06
13,73620,0.0007827147433999926,9.628342891037351e-06
13,73630,0.0007869664390455,9.62824181506502e-06
13,73640,0.0007855358009692282,9.628140725880916e-06
13,73650,0.0007899424628703854,9.62803962348533e-06
13,73660,0.0007862546743126586,9.627938507878545e-06
13,73670,0.000778128652018495,9.62783737906085e-06
13,73680,0.0007951731502544134,9.627736237032539e-06
13,73690,0.0007746956747723744,9.627635081793896e-06
13,73700,0.0007818570607923902,9.62753391334521e-06
13,73710,0.0007759003565297462,9.627432731686773e-06
13,73720,0.0007775386533467099,9.627331536818872e-06
13,73730,0.0007735133083770052,9.627230328741793e-06
13,73740,0.0007796918813255616,9.62712910745583e-06
13,73750,0.0007849298679502682,9.627027872961268e-06
13,73760,0.0007780041021760553,9.626926625258399e-06
13,73770,0.0007755482860375196,9.62682536434751e-06
13,73780,0.0007831296694348565,9.62672409022889e-06
13,73790,0.0007867211679695173,9.626622802902831e-06
13,73800,0.0007881175813963636,9.626521502369618e-06
13,73810,0.0007838271179934963,9.626420188629534e-06
13,73820,0.0007844795225537383,9.626318861682882e-06
13,73830,0.0007791940995957703,9.626217521529948e-06
13,73840,0.0007825124397641048,9.626116168171017e-06
13,73850,0.0007781050342600793,9.626014801606381e-06
13,73860,0.0007854156006942503,9.625913421836327e-06
13,73870,0.0007917405004263856,9.625812028861146e-06
13,73880,0.000779568673169706,9.625710622681129e-06
13,73890,0.0007846505512134172,9.625609203296565e-06
13,73900,0.0007775009435135871,9.625507770707735e-06
13,73910,0.0007833904106519185,9.62540632491494e-06
13,73920,0.0007754900696454569,9.625304865918465e-06
13,73930,0.0007820386526873335,9.625203393718594e-06
13,73940,0.0007916036091046408,9.625101908315625e-06
13,73950,0.0007783485518302769,9.625000409709852e-06
13,73960,0.000784601412306074,9.624898897901553e-06
13,73970,0.0007774423022055999,9.624797372891024e-06
13,73980,0.0007836923119612037,9.624695834678554e-06
13,73990,0.000783429984585382,9.62459428326443e-06
13,74000,0.0007711275902693159,9.624492718648945e-06
13,74010,0.0007797778904205187,9.624391140832386e-06
13,74020,0.0007808833426679485,9.624289549815046e-06
13,74030,0.0007926143254735508,9.624187945597212e-06
13,74040,0.0007834042567992583,9.624086328179178e-06
13,74050,0.0007868327244068495,9.623984697561233e-06
13,74060,0.0007828426503692753,9.623883053743673e-06
13,74070,0.0007835876444005407,9.623781396726777e-06
13,74080,0.0007907710270956159,9.623679726510838e-06
13,74090,0.0007758514402667059,9.62357804309615e-06
13,74100,0.0007765143862343393,9.623476346483003e-06
13,74110,0.0007824443222489208,9.623374636671687e-06
13,74120,0.0007870986009947957,9.623272913662483e-06
13,74130,0.0007780714615364559,9.623171177455693e-06
13,74140,0.0007919056748505681,9.623069428051603e-06
13,74150,0.0007886966952355579,9.622967665450505e-06
13,74160,0.0007848478344385512,9.622865889652687e-06
13,74170,0.0007796417965437285,9.622764100658441e-06
13,74180,0.0007784632703987882,9.622662298468059e-06
13,74190,0.0007823830514098517,9.622560483081832e-06
13,74200,0.0008004268369404599,9.622458654500048e-06
13,74210,0.0007816443845513277,9.622356812722998e-06
13,74220,0.0007886690757004545,9.622254957750969e-06
13,74230,0.0007928894352517091,9.622153089584258e-06
13,74240,0.0007845289175747894,9.622051208223155e-06
13,74250,0.0007868594388128258,9.621949313667955e-06
13,74260,0.0007923724842839874,9.621847405918939e-06
13,74270,0.0007824987362255343,9.621745484976404e-06
13,74280,0.0007821136503480374,9.62164355084064e-06
13,74290,0.0007766086579067632,9.621541603511935e-06
13,74300,0.0007795048659318127,9.621439642990583e-06
13,74310,0.0007821898529073223,9.621337669276875e-06
13,74320,0.0007780655738315544,9.621235682371102e-06
13,74330,0.0007763441928545945,9.621133682273557e-06
13,74340,0.0007753640078590251,9.621031668984526e-06
13,74350,0.0007677335321204738,9.6209296425043e-06
13,74360,0.0007876919611589984,9.620827602833176e-06
13,74370,0.0007825896347640083,9.620725549971446e-06
13,74380,0.0007787408190779387,9.620623483919396e-06
13,74390,0.0007825488253729417,9.62052140467732e-06
13,74400,0.0007831300899852067,9.62041931224551e-06
13,74410,0.0007768604802549817,9.620317206624256e-06
13,74420,0.0007834090065443888,9.620215087813845e-06
13,74430,0.0007945927442051469,9.620112955814576e-06
13,74440,0.0007776342623401433,9.620010810626731e-06
13,74450,0.0007753634446999059,9.619908652250617e-06
13,74460,0.0007866702770115808,9.619806480686514e-06
13,74470,0.000773276983818505,9.619704295934719e-06
13,74480,0.0007798441874911077,9.619602097995523e-06
13,74490,0.0007880106728407553,9.61949988686921e-06
13,74500,0.000782538867497351,9.619397662556078e-06
13,74510,0.0007823543885024265,9.61929542505642e-06
13,74520,0.0007878238742705434,9.61919317437053e-06
13,74530,0.0007839522339054383,9.619090910498692e-06
13,74540,0.0007862092417781242,9.618988633441202e-06
13,74550,0.0007764982336084359,9.618886343198352e-06
13,74560,0.0007784230285324157,9.618784039770436e-06
13,74570,0.0007917413531686179,9.618681723157741e-06
13,74580,0.0007855926247430033,9.618579393360568e-06
13,74590,0.0007815072967787273,9.618477050379199e-06
13,74600,0.0007758099338389001,9.618374694213933e-06
13,74610,0.0007808568509062753,9.61827232486506e-06
13,74620,0.0007876751595176756,9.618169942332869e-06
13,74630,0.000782782124588266,9.618067546617654e-06
13,74640,0.0007864507555495948,9.617965137719713e-06
13,74650,0.0007875533963670023,9.617862715639332e-06
13,74660,0.0007781468841130846,9.617760280376806e-06
13,74670,0.0007931289510452189,9.617657831932425e-06
13,74680,0.0007886664185207338,9.617555370306485e-06
13,74690,0.000789916337816976,9.61745289549928e-06
13,74700,0.0007871851208619774,9.617350407511092e-06
13,74710,0.0007780395186273381,9.617247906342225e-06
13,74720,0.0007791499287122861,9.617145391992965e-06
13,74730,0.0007889609754784034,9.617042864463607e-06
13,74740,0.0007856768323108553,9.616940323754445e-06
13,74750,0.0007898623298387975,9.61683776986577e-06
13,74760,0.0007820648344932123,9.616735202797873e-06
13,74770,0.0007811499512172305,9.616632622551049e-06
13,74780,0.0007798629172611982,9.61653002912559e-06
13,74790,0.0007867642270866781,9.61642742252179e-06
13,74800,0.0007894956972450017,9.616324802739943e-06
13,74810,0.0007929437779239379,9.616222169780339e-06
13,74820,0.0007843264247640036,9.616119523643272e-06
13,74830,0.0007854434399632737,9.616016864329036e-06
13,74840,0.0007876349322032184,9.615914191837921e-06
13,74850,0.0007815876713721082,9.615811506170223e-06
13,74860,0.0007847140775993466,9.61570880732624e-06
13,74870,0.0007950000392156652,9.615606095306258e-06
13,74880,0.0007875626222812571,9.61550337011057e-06
13,74890,0.0007909659834695049,9.615400631739469e-06
13,74900,0.0007758518433547578,9.615297880193253e-06
13,74910,0.0007745719616650603,9.615195115472212e-06
13,74920,0.0007875301409512759,9.615092337576642e-06
13,74930,0.0007934450681204907,9.614989546506832e-06
13,74940,0.0007924665012978948,9.614886742263076e-06
13,74950,0.0007782127344398759,9.614783924845673e-06
13,74960,0.0007859269680920988,9.614681094254914e-06
13,74970,0.0007858573444536887,9.61457825049109e-06
13,74980,0.0007867482578149065,9.614475393554493e-06
13,74990,0.0007818674799636937,9.614372523445422e-06
13,75000,0.0007895104819908739,9.614269640164168e-06
13,75010,0.0007786000714986585,9.614166743711024e-06
13,75020,0.0007829036869225093,9.614063834086288e-06
13,75030,0.0007906607381301001,9.613960911290253e-06
13,75040,0.000776114770269487,9.613857975323208e-06
13,75050,0.0007813196076313033,9.613755026185447e-06
13,75060,0.0007877967145759611,9.613652063877268e-06
13,75070,0.0007839120851713232,9.613549088398962e-06
13,75080,0.000785873195854947,9.613446099750824e-06
13,75090,0.000786729964602273,9.613343097933144e-06
13,75100,0.0007799618775607087,9.613240082946227e-06
13,75110,0.0007871919224271552,9.61313705479036e-06
13,75120,0.0007777965249260888,9.613034013465832e-06
13,75130,0.0007790015180944466,9.612930958972947e-06
13,75140,0.0007758166306302884,9.612827891311992e-06
13,75150,0.0007778088984196074,9.612724810483261e-06
13,75160,0.0007778473169310019,9.612621716487053e-06
13,75170,0.0007856941490899771,9.612518609323655e-06
13,75180,0.0007859938123147003,9.61241548899337e-06
13,75190,0.0007871820940636099,9.612312355496488e-06
13,75200,0.0007829921101802029,9.612209208833307e-06
13,75210,0.000786130408232566,9.61210604900412e-06
13,75220,0.0007893251909990794,9.612002876009215e-06
13,75230,0.0007845181928132661,9.611899689848893e-06
13,75240,0.0007746535979094916,9.611796490523445e-06
13,75250,0.000790804042480886,9.611693278033172e-06
13,75260,0.0007966618984937667,9.611590052378367e-06
13,75270,0.0007889625092502683,9.611486813559318e-06
13,75280,0.0007816828074282967,9.611383561576328e-06
13,75290,0.0007846057749702595,9.611280296429687e-06
13,75300,0.0007761066590319388,9.61117701811969e-06
13,75310,0.00077517420577351,9.611073726646629e-06
13,75320,0.0007809253176674247,9.610970422010801e-06
13,75330,0.0007880591510911472,9.610867104212504e-06
13,75340,0.0007763693560264074,9.61076377325203e-06
13,75350,0.0007876572635723278,9.610660429129676e-06
13,75360,0.0007867410924518481,9.610557071845734e-06
13,75370,0.0007872281697927974,9.610453701400501e-06
13,75380,0.0007785557449096815,9.610350317794275e-06
13,75390,0.000780734812724404,9.610246921027344e-06
13,75400,0.0007843528583180159,9.610143511100006e-06
13,75410,0.0007784305475070141,9.610040088012562e-06
13,75420,0.0007779187610140071,9.6099366517653e-06
13,75430,0.0007824550033546984,9.609833202358517e-06
13,75440,0.0007913809997262434,9.609729739792515e-06
13,75450,0.0007717391999904066,9.60962626406758e-06
13,75460,0.000785945518873632,9.609522775184013e-06
13,75470,0.0007749302574666217,9.609419273142105e-06
13,75480,0.0007908601983217524,9.609315757942156e-06
13,75490,0.0007807277870597318,9.60921222958446e-06
13,75500,0.0007877621668740177,9.609108688069313e-06
13,75510,0.0007900334152509459,9.609005133397004e-06
13,75520,0.0007845291387639008,9.608901565567836e-06
13,75530,0.0007940495779621415,9.608797984582104e-06
13,75540,0.0007931603322504088,9.608694390440103e-06
13,75550,0.0007838004385121167,9.608590783142124e-06
13,75560,0.0007946779383928514,9.60848716268847e-06
13,75570,0.0007816237965016625,9.608383529079431e-06
13,75580,0.0007845746542443522,9.608279882315307e-06
13,75590,0.0007868204193073325,9.608176222396391e-06
13,75600,0.0007729662625933996,9.608072549322983e-06
13,75610,0.0007906405749963597,9.607968863095375e-06
13,75620,0.0007774119585519657,9.607865163713867e-06
13,75630,0.0007830823829863221,9.60776145117875e-06
13,75640,0.0007858709315769375,9.607657725490321e-06
13,75650,0.0007775273843435571,9.607553986648882e-06
13,75660,0.0007940201452584007,9.60745023465472e-06
13,75670,0.0007785054680425675,9.607346469508134e-06
13,75680,0.0007891857923823409,9.607242691209424e-06
13,75690,0.0007896239098045043,9.607138899758885e-06
13,75700,0.0007772022057906725,9.607035095156813e-06
13,75710,0.0007933320011943579,9.606931277403501e-06
13,75720,0.0007855192117858679,9.606827446499247e-06
13,75730,0.0007833528477931396,9.60672360244435e-06
13,75740,0.0007738157306448556,9.606619745239109e-06
13,75750,0.0007813314223312773,9.606515874883812e-06
13,75760,0.0007873028764151968,9.606411991378761e-06
13,75770,0.0007758944586385042,9.60630809472425e-06
13,75780,0.0007922574717667886,9.60620418492058e-06
13,75790,0.0007787774069583975,9.606100261968044e-06
13,75800,0.0007746030343696475,9.605996325866941e-06
13,75810,0.0007870775312767365,9.605892376617559e-06
13,75820,0.000781039310095366,9.605788414220205e-06
13,75830,0.0007920215270132758,9.605684438675177e-06
13,75840,0.0007806367313605734,9.605580449982764e-06
13,75850,0.0007908525658422151,9.605476448143266e-06
13,75860,0.0007816099838237277,9.605372433156977e-06
13,75870,0.0007801900006597861,9.605268405024201e-06
13,75880,0.0007756507795420476,9.605164363745232e-06
13,75890,0.0007813675198121927,9.605060309320364e-06
13,75900,0.0007765324844513088,9.604956241749896e-06
13,75910,0.000780177339038346,9.604852161034125e-06
13,75920,0.0007844219537219032,9.604748067173353e-06
13,75930,0.0007739527121884748,9.604643960167867e-06
13,75940,0.0007946981044369751,9.604539840017974e-06
13,75950,0.0007848838649806567,9.60443570672396e-06
13,75960,0.00078794956789352,9.60433156028613e-06
13,75970,0.0007825629276339896,9.604227400704783e-06
13,75980,0.0007846928579965608,9.604123227980212e-06
13,75990,0.0007912311644759029,9.604019042112713e-06
13,76000,0.0007808596346876584,9.60391484310259e-06
13,76010,0.0007873419075622224,9.603810630950136e-06
13,76020,0.0007875106515712105,9.603706405655648e-06
13,76030,0.0007852720038499684,9.603602167219428e-06
13,76040,0.0007854978743125685,9.603497915641766e-06
13,76050,0.0007772274271701463,9.603393650922964e-06
13,76060,0.0007868870801758022,9.603289373063322e-06
13,76070,0.0007839050231268629,9.603185082063136e-06
13,76080,0.0007882710517151282,9.603080777922702e-06
13,76090,0.000783125231100712,9.602976460642318e-06
13,76100,0.0007790023199049755,9.602872130222284e-06
13,76110,0.000776651933847461,9.602767786662899e-06
13,76120,0.0007753109210170805,9.602663429964455e-06
13,76130,0.0007843561281333677,9.602559060127253e-06
13,76140,0.0007756731807603501,9.602454677151595e-06
13,76150,0.0007840177087928169,9.602350281037773e-06
13,76160,0.000776181963738054,9.602245871786085e-06
13,76170,0.0007923420213046485,9.602141449396828e-06
13,76180,0.0007897210496594198,9.602037013870305e-06
13,76190,0.0007819657461368479,9.601932565206815e-06
13,76200,0.0007856888623791747,9.601828103406653e-06
13,76210,0.0007723622722551226,9.601723628470118e-06
13,76220,0.0007813883741619065,9.601619140397508e-06
13,76230,0.0007882579462602735,9.601514639189118e-06
13,76240,0.0007835704847821035,9.601410124845252e-06
13,76250,0.0007774165453156457,9.601305597366201e-06
13,76260,0.0007753234793199226,9.601201056752275e-06
13,76270,0.0007793654018314554,9.601096503003764e-06
13,76280,0.0007721485802903772,9.600991936120966e-06
13,76290,0.0007747506373561917,9.600887356104182e-06
13,76300,0.0007783728622598573,9.600782762953711e-06
13,76310,0.0007866134925279767,9.60067815666985e-06
13,76320,0.0007890529232099652,9.600573537252899e-06
13,76330,0.0007806235022144392,9.600468904703153e-06
13,76340,0.0007737044114037416,9.600364259020915e-06
13,76350,0.0007783241875586101,9.600259600206486e-06
13,76360,0.0007870791348977945,9.60015492826016e-06
13,76370,0.000779490201966837,9.600050243182232e-06
13,76380,0.0007946829253342002,9.59994554497301e-06
13,76390,0.0007734305792837404,9.599840833632786e-06
13,76400,0.0007965122873429209,9.599736109161863e-06
13,76410,0.0007989561854628846,9.599631371560538e-06
13,76420,0.0007885745784733444,9.59952662082911e-06
13,76430,0.0007894099617260508,9.599421856967875e-06
13,76440,0.0007869074790505693,9.599317079977135e-06
13,76450,0.00078219257411547,9.599212289857191e-06
13,76460,0.0007817997669917532,9.599107486608341e-06
13,76470,0.000783514219801873,9.599002670230882e-06
13,76480,0.0007819840117008426,9.598897840725117e-06
13,76490,0.0007867710955906659,9.598792998091345e-06
13,76500,0.0007758001476759091,9.59868814232986e-06
13,76510,0.0007846727618016302,9.598583273440967e-06
13,76520,0.0007893472778960132,9.598478391424963e-06
13,76530,0.0007963720796396956,9.598373496282149e-06
13,76540,0.0007864500614232384,9.598268588012825e-06
13,76550,0.0007687888064538129,9.598163666617285e-06
13,76560,0.0007742477304418572,9.598058732095834e-06
13,76570,0.0007826667395420372,9.597953784448766e-06
13,validation,0.0007741257140878588,9.597953784448766e-06
14,76580,0.0007781920736306346,9.597848823676388e-06
14,76590,0.0007699526657233946,9.597743849778993e-06
14,76600,0.0007804230583133175,9.597638862756887e-06
14,76610,0.0007879685348598287,9.597533862610369e-06
14,76620,0.000787349273741711,9.59742884933973e-06
14,76630,0.0007826381348422729,9.597323822945277e-06
14,76640,0.0007753994461381807,9.597218783427311e-06
14,76650,0.0007927508922875859,9.59711373078613e-06
14,76660,0.0007766668335534631,9.597008665022033e-06
14,76670,0.0007764006848447025,9.596903586135317e-06
14,76680,0.0007801077896147035,9.596798494126284e-06
14,76690,0.0007783457855111918,9.596693388995241e-06
14,76700,0.0007682437470066361,9.59658827074248e-06
14,76710,0.0007819220176315867,9.596483139368296e-06
14,76720,0.0007808299735188484,9.596377994873004e-06
14,76730,0.0007908359868451953,9.596272837256894e-06
14,76740,0.0007802304869983345,9.596167666520268e-06
14,76750,0.0007821593215339817,9.596062482663428e-06
14,76760,0.0007868744010920635,9.595957285686673e-06
14,76770,0.0007829863694496453,9.5958520755903e-06
14,76780,0.000789326244557742,9.595746852374616e-06
14,76790,0.0007829001202480867,9.595641616039921e-06
14,76800,0.0007741297959000804,9.59553636658651e-06
14,76810,0.0007778512634104117,9.595431104014688e-06
14,76820,0.0007837250974262132,9.595325828324752e-06
14,76830,0.0007875781200709752,9.595220539517004e-06
14,76840,0.0007862514976295643,9.595115237591749e-06
14,76850,0.0007791580675984733,9.595009922549277e-06
14,76860,0.000784082434256561,9.594904594389897e-06
14,76870,0.0007859118006308563,9.594799253113906e-06
14,76880,0.0007816302051651292,9.594693898721612e-06
14,76890,0.00078846280957805,9.594588531213306e-06
14,76900,0.000792593126243446,9.594483150589291e-06
14,76910,0.0007723218368482776,9.59437775684987e-06
14,76920,0.0007824924934539012,9.594272349995343e-06
14,76930,0.0007872243062593044,9.594166930026009e-06
14,76940,0.0007807401503669098,9.594061496942174e-06
14,76950,0.0007891466681030578,9.593956050744136e-06
14,76960,0.0007838688892661595,9.593850591432195e-06
14,76970,0.0007824393775081262,9.593745119006653e-06
14,76980,0.0007914893081760967,9.593639633467812e-06
14,76990,0.0007909562962595374,9.593534134815973e-06
14,77000,0.000774509907932952,9.593428623051436e-06
14,77010,0.000779123838583473,9.593323098174505e-06
14,77020,0.0007799855986377224,9.593217560185475e-06
14,77030,0.0007832477320334875,9.593112009084651e-06
14,77040,0.0007869822933571413,9.593006444872337e-06
14,77050,0.0007756047300063073,9.592900867548828e-06
14,77060,0.0007845964297302998,9.592795277114432e-06
14,77070,0.000778979247843381,9.592689673569452e-06
14,77080,0.0007834562900825403,9.592584056914183e-06
14,77090,0.000781185865344014,9.592478427148925e-06
14,77100,0.000775710445304867,9.592372784273984e-06
14,77110,0.0007772525495965965,9.59226712828966e-06
14,77120,0.0007847333021345549,9.592161459196255e-06
14,77130,0.0007847989661968313,9.592055776994078e-06
14,77140,0.0007754162565106526,9.59195008168342e-06
14,77150,0.0007810067691025324,9.591844373264583e-06
14,77160,0.0007920371615909971,9.591738651737874e-06
14,77170,0.0007738639644230715,9.591632917103594e-06
14,77180,0.0007852820490370505,9.59152716936204e-06
14,77190,0.0007748000949504785,9.591421408513523e-06
14,77200,0.0007820633647497744,9.591315634558338e-06
14,77210,0.0007881982019171119,9.591209847496784e-06
14,77220,0.0007797466299962252,9.59110404732917e-06
14,77230,0.0007760480308206752,9.590998234055796e-06
14,77240,0.0007867419451940804,9.590892407676967e-06
14,77250,0.0007807262853020802,9.590786568192977e-06
14,77260,0.0007727194053586573,9.590680715604135e-06
14,77270,0.0007802476975484751,9.59057484991074e-06
14,77280,0.0007841764687327667,9.590468971113094e-06
14,77290,0.0007914928894024343,9.590363079211502e-06
14,77300,0.000777820088842418,9.590257174206265e-06
14,77310,0.0007926644539111293,9.590151256097685e-06
14,77320,0.0007843688203138299,9.590045324886066e-06
14,77330,0.0007857688848162069,9.589939380571708e-06
14,77340,0.000776479956402909,9.58983342315491e-06
14,77350,0.0007792352247633972,9.58972745263598e-06
14,77360,0.0007918252900708467,9.58962146901522e-06
14,77370,0.0007899312637164259,9.589515472292935e-06
14,77380,0.0007899352422100492,9.589409462469418e-06
14,77390,0.0007867437729146332,9.589303439544981e-06
14,77400,0.000781490301596932,9.589197403519925e-06
14,77410,0.0007888623746111988,9.589091354394548e-06
14,77420,0.0007902389712398872,9.588985292169155e-06
14,77430,0.00077928804239491,9.588879216844051e-06
14,77440,0.0007769748248392716,9.58877312841954e-06
14,77450,0.0007825071967090481,9.588667026895918e-06
14,77460,0.000782757392153144,9.588560912273494e-06
14,77470,0.0007722647191258148,9.588454784552567e-06
14,77480,0.0007741611247183755,9.588348643733443e-06
14,77490,0.0007739304739516229,9.588242489816425e-06
14,77500,0.0007794480246957391,9.588136322801814e-06
14,77510,0.0007853927119867877,9.588030142689917e-06
14,77520,0.0007814159733243287,9.587923949481033e-06
14,77530,0.0007840855425456539,9.587817743175468e-06
14,77540,0.0007840344915166497,9.587711523773524e-06
14,77550,0.0007793291195412167,9.587605291275506e-06
14,77560,0.0007843067869544028,9.587499045681713e-06
14,77570,0.0007826733402907849,9.587392786992447e-06
14,77580,0.000787946316995658,9.587286515208018e-06
14,77590,0.0007896066046669147,9.587180230328723e-06
14,77600,0.0007924622957943938,9.587073932354872e-06
14,77610,0.0007963824726175517,9.586967621286762e-06
14,77620,0.0007951020830660127,9.586861297124702e-06
14,77630,0.0007871470545069314,9.586754959868993e-06
14,77640,0.0007794129182002508,9.586648609519937e-06
14,77650,0.0007856427197111771,9.586542246077837e-06
14,77660,0.0007758168983855284,9.586435869542998e-06
14,77670,0.0007862766477046534,9.586329479915728e-06
14,77680,0.0007761350585496984,9.586223077196324e-06
14,77690,0.0007705986965447665,9.586116661385096e-06
14,77700,0.0007835616954253056,9.58601023248234e-06
14,77710,0.0007821242339559831,9.585903790488366e-06
14,77720,0.0007845234169508331,9.585797335403474e-06
14,77730,0.0007896850904216989,9.58569086722797e-06
14,77740,0.0007834337215172128,9.58558438596216e-06
14,77750,0.0007761016851873137,9.585477891606342e-06
14,77760,0.0007835481810616329,9.585371384160831e-06
14,77770,0.0007843600018532015,9.58526486362592e-06
14,77780,0.0007754566773655823,9.58515833000192e-06
14,77790,0.0007811565694282763,9.58505178328913e-06
14,77800,0.0007860398050979711,9.584945223487853e-06
14,77810,0.0007784055662341416,9.5848386505984e-06
14,77820,0.0007810363022144884,9.584732064621071e-06
14,77830,0.0007755131271551363,9.584625465556172e-06
14,77840,0.0007902034514700062,9.584518853404006e-06
14,77850,0.0007848928740713744,9.584412228164877e-06
14,77860,0.0007902532423031516,9.584305589839092e-06
14,77870,0.0007906707513029687,9.58419893842695e-06
14,77880,0.0007695748965488746,9.584092273928763e-06
14,77890,0.0007882963604060933,9.58398559634483e-06
14,77900,0.0007842208477086388,9.583878905675457e-06
14,77910,0.0007781202337355354,9.583772201920947e-06
14,77920,0.0007796284786309116,9.583665485081603e-06
14,77930,0.0007844703897717409,9.583558755157736e-06
14,77940,0.0007826268833014183,9.583452012149643e-06
14,77950,0.0007727255579084158,9.583345256057633e-06
14,77960,0.0007809338902006857,9.583238486882013e-06
14,77970,0.0007829444264643825,9.583131704623086e-06
14,77980,0.0007841605867724866,9.583024909281157e-06
14,77990,0.0007788618080667219,9.58291810085653e-06
14,78000,0.0007789399809553288,9.58281127934951e-06
14,78010,0.0007784487432218156,9.582704444760405e-06
14,78020,0.0007807619665982201,9.582597597089515e-06
14,78030,0.0007775944221066311,9.582490736337147e-06
14,78040,0.0007741625726339407,9.582383862503603e-06
14,78050,0.0007758152365568094,9.582276975589193e-06
14,78060,0.0007968367805005983,9.582170075594218e-06
14,78070,0.0007847130313166416,9.582063162518988e-06
14,78080,0.0007822925676009618,9.581956236363802e-06
14,78090,0.0007825127162504942,9.581849297128973e-06
14,78100,0.0007837483470211736,9.5817423448148e-06
14,78110,0.0007798998369253241,9.581635379421594e-06
14,78120,0.0007810525537934154,9.581528400949659e-06
14,78130,0.0007807786852936261,9.581421409399294e-06
14,78140,0.0007787800626829266,9.581314404770812e-06
14,78150,0.000771319014893379,9.581207387064512e-06
14,78160,0.0007751718745566904,9.581100356280701e-06
14,78170,0.0007756459250231274,9.580993312419686e-06
14,78180,0.0007818999525625259,9.580886255481773e-06
14,78190,0.0007822923202184029,9.580779185467263e-06
14,78200,0.0007842890699976124,9.580672102376467e-06
14,78210,0.0007799932427587919,9.580565006209694e-06
14,78220,0.0007895843402366154,9.580457896967244e-06
14,78230,0.0007809976115822792,9.580350774649422e-06
14,78240,0.0007815600765752606,9.58024363925654e-06
14,78250,0.0007758933672448621,9.580136490788901e-06
14,78260,0.0007776883823680692,9.580029329246803e-06
14,78270,0.0007767242306726985,9.579922154630558e-06
14,78280,0.0007860520534450188,9.579814966940474e-06
14,78290,0.0007740592147456482,9.579707766176856e-06
14,78300,0.000782845682988409,9.579600552340006e-06
14,78310,0.0007871743626310491,9.579493325430234e-06
14,78320,0.0007778722909279168,9.579386085447849e-06
14,78330,0.0007881532699684612,9.579278832393153e-06
14,78340,0.0007820494371117092,9.579171566266452e-06
14,78350,0.0007764673544443212,9.57906428706805e-06
14,78360,0.000792054322664626,9.578956994798262e-06
14,78370,0.0007811841103830374,9.578849689457388e-06
14,78380,0.0007797519239829854,9.57874237104573e-06
14,78390,0.0007794698729412631,9.578635039563602e-06
14,78400,0.000776456882886123,9.57852769501131e-06
14,78410,0.0007716087711742148,9.578420337389158e-06
14,78420,0.0007916810252936557,9.578312966697453e-06
14,78430,0.00077427684009308,9.578205582936497e-06
14,78440,0.0007815705030225217,9.578098186106601e-06
14,78450,0.0007820578015525826,9.57799077620807e-06
14,78460,0.0007977536137332209,9.577883353241215e-06
14,78470,0.0007880163582740351,9.577775917206337e-06
14,78480,0.0007854768846300431,9.577668468103741e-06
14,78490,0.0007785639128996991,9.577561005933743e-06
14,78500,0.0007862739250413143,9.577453530696642e-06
14,78510,0.0007787336275214329,9.577346042392752e-06
14,78520,0.0007799809391144663,9.577238541022372e-06
14,78530,0.000777825176191982,9.57713102658581e-06
14,78540,0.0007761942310025916,9.577023499083376e-06
14,78550,0.0007788196453475393,9.576915958515379e-06
14,78560,0.000779870203405153,9.576808404882118e-06
14,78570,0.0007919648734969087,9.576700838183905e-06
14,78580,0.0007895493865362369,9.576593258421045e-06
14,78590,0.0007769186588120647,9.57648566559385e-06
14,78600,0.0007799131009960548,9.576378059702623e-06
14,78610,0.0007792364325723611,9.576270440747673e-06
14,78620,0.0007810928698745557,9.576162808729309e-06
14,78630,0.0007729134274995885,9.576055163647831e-06
14,78640,0.000781554143759422,9.575947505503553e-06
14,78650,0.0007782701111864299,9.57583983429678e-06
14,78660,0.0007960599337820894,9.575732150027819e-06
14,78670,0.0007786182075506076,9.575624452696982e-06
14,78680,0.0007814967451849952,9.575516742304571e-06
14,78690,0.000771580399305094,9.575409018850894e-06
14,78700,0.0007722801325144246,9.575301282336258e-06
14,78710,0.0007860927405999973,9.575193532760976e-06
14,78720,0.0007834860822185873,9.575085770125345e-06
14,78730,0.0007987636752659455,9.574977994429683e-06
14,78740,0.0007793557248078286,9.574870205674296e-06
14,78750,0.0007893170230090618,9.574762403859486e-06
14,78760,0.0007829751790268348,9.574654588985565e-06
14,78770,0.000777731505513657,9.57454676105284e-06
14,78780,0.0007849786969018168,9.574438920061622e-06
14,78790,0.0007886109495302662,9.574331066012212e-06
14,78800,0.0007898337993538007,9.574223198904924e-06
14,78810,0.0007866443687817083,9.574115318740063e-06
14,78820,0.000785978406202048,9.574007425517939e-06
14,78830,0.0007777796723530628,9.573899519238856e-06
14,78840,0.0007791440599248744,9.573791599903123e-06
14,78850,0.000780577767000068,9.573683667511053e-06
14,78860,0.0007832390605472028,9.57357572206295e-06
14,78870,0.0007832740331650712,9.573467763559121e-06
14,78880,0.0007848845125408842,9.573359791999878e-06
14,78890,0.0007873482303693891,9.573251807385525e-06
14,78900,0.0007766453098156489,9.573143809716375e-06
14,78910,0.000789792975410819,9.573035798992729e-06
14,78920,0.0007773407472996041,9.572927775214902e-06
14,78930,0.0007817409772542306,9.572819738383202e-06
14,78940,0.000776203283749055,9.572711688497937e-06
14,78950,0.0007854483497794717,9.572603625559416e-06
14,78960,0.0007839466270525008,9.57249554956794e-06
14,78970,0.0007976303022587672,9.572387460523824e-06
14,78980,0.0007823308042134158,9.57227935842738e-06
14,78990,0.0007798044141964055,9.57217124327891e-06
14,79000,0.0007860456855269149,9.572063115078721e-06
14,79010,0.0007860964047722518,9.571954973827132e-06
14,79020,0.0007831529015675186,9.571846819524446e-06
14,79030,0.0007860784709919243,9.571738652170967e-06
14,79040,0.000774319062475115,9.571630471767011e-06
14,79050,0.0007813475720467977,9.571522278312882e-06
14,79060,0.00077920249896124,9.57141407180889e-06
14,79070,0.0007837097757146694,9.571305852255345e-06
14,79080,0.0007798396385624072,9.571197619652557e-06
14,79090,0.0007872928705182858,9.57108937400083e-06
14,79100,0.0007792783362674527,9.570981115300474e-06
14,79110,0.0007818928104825317,9.570872843551808e-06
14,79120,0.0007836797492927872,9.570764558755128e-06
14,79130,0.0007806223919033072,9.570656260910748e-06
14,79140,0.0007877694923081435,9.570547950018982e-06
14,79150,0.00078515206114389,9.570439626080133e-06
14,79160,0.000778432392689865,9.570331289094514e-06
14,79170,0.0007873646260122769,9.570222939062429e-06
14,79180,0.0007816417448339053,9.57011457598419e-06
14,79190,0.0007819401900633239,9.570006199860109e-06
14,79200,0.0007846746768336744,9.569897810690494e-06
14,79210,0.0007918739371234551,9.569789408475653e-06
14,79220,0.0007734320082818158,9.569680993215893e-06
14,79230,0.0007756502876873128,9.569572564911532e-06
14,79240,0.0007836059055989608,9.569464123562873e-06
14,79250,0.0007824918182450346,9.569355669170225e-06
14,79260,0.0007790882984409109,9.569247201733902e-06
14,79270,0.0007810618000803516,9.569138721254208e-06
14,79280,0.0007828929345123469,9.56903022773145e-06
14,79290,0.0007799713319400326,9.56892172116595e-06
14,79300,0.0007775996913551353,9.568813201558013e-06
14,79310,0.0007907302468083798,9.568704668907947e-06
14,79320,0.0007755546539556235,9.568596123216061e-06
14,79330,0.0007794421515427529,9.568487564482667e-06
14,79340,0.0007806036155670881,9.56837899270807e-06
14,79350,0.0007821665902156382,9.56827040789259e-06
14,79360,0.0007799263999913818,9.568161810036523e-06
14,79370,0.0007763742280076258,9.568053199140193e-06
14,79380,0.0007860348472604528,9.567944575203899e-06
14,79390,0.000776034600858111,9.56783593822795e-06
14,79400,0.0007765627175103872,9.567727288212666e-06
14,79410,0.0007734507598797791,9.567618625158353e-06
14,79420,0.0007825409789802507,9.56750994906532e-06
14,79430,0.0007822097002645023,9.567401259933878e-06
14,79440,0.000781920223380439,9.56729255776434e-06
14,79450,0.0007860800746129827,9.567183842557014e-06
14,79460,0.0007800074148690328,9.567075114312209e-06
14,79470,0.0007744996240944602,9.566966373030236e-06
14,79480,0.0007775118618155829,9.566857618711402e-06
14,79490,0.0007786826725350692,9.566748851356026e-06
14,79500,0.0007847245346056296,9.566640070964412e-06
14,79510,0.0007719082830590196,9.566531277536873e-06
14,79520,0.0007780986372381449,9.56642247107372e-06
14,79530,0.0007736212166491895,9.56631365157526e-06
14,79540,0.0007945680306875146,9.566204819041811e-06
14,79550,0.0007750503471470438,9.566095973473675e-06
14,79560,0.000782045534288045,9.565987114871168e-06
14,79570,0.000775342523411382,9.565878243234599e-06
14,79580,0.0007809934220858849,9.565769358564277e-06
14,79590,0.0007819356542313471,9.565660460860516e-06
14,79600,0.0007793203185428865,9.565551550123628e-06
14,79610,0.0007770392097881995,9.565442626353922e-06
14,79620,0.000782617820368614,9.565333689551704e-06
14,79630,0.0007816375393304042,9.565224739717292e-06
14,79640,0.000780428534199018,9.565115776850998e-06
14,79650,0.0007795321696903557,9.565006800953124e-06
14,79660,0.0007773696575895883,9.564897812023992e-06
14,79670,0.0007842235878342764,9.564788810063905e-06
14,79680,0.0007798452264978549,9.564679795073177e-06
14,79690,0.0007776705984724686,9.564570767052118e-06
14,79700,0.0007876253672293386,9.564461726001041e-06
14,79710,0.0007806220863130874,9.564352671920254e-06
14,79720,0.000782422733027488,9.564243604810071e-06
14,79730,0.0007763390123727732,9.564134524670803e-06
14,79740,0.0007804859822499565,9.564025431502763e-06
14,79750,0.0007779411593219265,9.56391632530626e-06
14,79760,0.0007868954300647601,9.56380720608161e-06
14,79770,0.0007805103421560488,9.563698073829122e-06
14,79780,0.000776239215338137,9.563588928549106e-06
14,79790,0.000780023202241864,9.563479770241875e-06
14,79800,0.0007831163049559109,9.563370598907739e-06
14,79810,0.0007857411212171427,9.56326141454701e-06
14,79820,0.0007889563188655302,9.563152217159997e-06
14,79830,0.0007903856661869214,9.563043006747016e-06
14,79840,0.0007817368081305176,9.562933783308378e-06
14,79850,0.0007873936454416252,9.562824546844391e-06
14,79860,0.0007795066936523653,9.562715297355372e-06
14,79870,0.0007793450116878375,9.56260603484163e-06
14,79880,0.0007899013828136958,9.562496759303478e-06
14,79890,0.000787840761768166,9.56238747074123e-06
14,79900,0.0007819237085641361,9.562278169155195e-06
14,79910,0.0007798506179824471,9.562168854545686e-06
14,79920,0.000778334477217868,9.562059526913015e-06
14,79930,0.0007786241782014258,9.561950186257493e-06
14,79940,0.0007942658528918401,9.561840832579433e-06
14,79950,0.0007796458172379061,9.56173146587915e-06
14,79960,0.0007704818752245046,9.561622086156951e-06
14,79970,0.0007852378155803307,9.56151269341315e-06
14,79980,0.0007793518583639526,9.561403287648062e-06
14,79990,0.0007781166728818788,9.561293868861995e-06
14,80000,0.0007763652203720994,9.561184437055264e-06
14,80010,0.0007826674554962665,9.56107499222818e-06
14,80020,0.0007842479200917295,9.56096553438106e-06
14,80030,0.0007727828895440325,9.560856063514213e-06
14,80040,0.0007812215917510912,9.560746579627946e-06
14,80050,0.0007880522753112018,9.560637082722578e-06
14,80060,0.0007797024809406139,9.560527572798426e-06
14,80070,0.0007835369920940139,9.560418049855794e-06
14,80080,0.0007890988737926819,9.560308513894995e-06
14,80090,0.0007811837655026467,9.560198964916345e-06
14,80100,0.0007851422371459194,9.560089402920161e-06
14,80110,0.0007779239982482977,9.559979827906746e-06
14,80120,0.0007780753352562898,9.559870239876418e-06
14,80130,0.0007875711860833689,9.559760638829491e-06
14,80140,0.0007814475829945876,9.559651024766276e-06
14,80150,0.0007822083047358318,9.559541397687086e-06
14,80160,0.0007808059017406777,9.559431757592233e-06
14,80170,0.0007860228346544318,9.55932210448203e-06
14,80180,0.0007943981865537353,9.559212438356793e-06
14,80190,0.000780884947744198,9.559102759216834e-06
14,80200,0.0007798382561304606,9.558993067062462e-06
14,80210,0.0007825654305634089,9.558883361894001e-06
14,80220,0.0007857784628868103,9.558773643711752e-06
14,80230,0.0007795646466547623,9.55866391251603e-06
14,80240,0.0007911888678791001,9.558554168307154e-06
14,80250,0.0007745989671093412,9.558444411085432e-06
14,80260,0.0007829461814253592,9.55833464085118e-06
14,80270,0.0007819514386937954,9.558224857604711e-06
14,80280,0.0007835613621864467,9.558115061346343e-06
14,80290,0.0007852825568988919,9.558005252076378e-06
14,80300,0.000782442174386233,9.557895429795141e-06
14,80310,0.0007776292492053472,9.557785594502938e-06
14,80320,0.0007825711203622632,9.557675746200087e-06
14,80330,0.0007874642120441422,9.5575658848869e-06
14,80340,0.0007846698688808828,9.557456010563686e-06
14,80350,0.0007783261622535065,9.55734612323077e-06
14,80360,0.0007812145064235664,9.557236222888457e-06
14,80370,0.0007787671609548851,9.55712630953706e-06
14,80380,0.000787773061892949,9.557016383176894e-06
14,80390,0.0007864673185395076,9.556906443808276e-06
14,80400,0.0007797405502060427,9.556796491431515e-06
14,80410,0.0007849117435398512,9.556686526046932e-06
14,80420,0.0007788949907990173,9.556576547654838e-06
14,80430,0.0007841440718038939,9.556466556255547e-06
14,80440,0.0007793516269885005,9.55635655184937e-06
14,80450,0.0007856440715841018,9.556246534436623e-06
14,80460,0.0007797224912792443,9.55613650401762e-06
14,80470,0.0007844764928449877,9.556026460592674e-06
14,80480,0.0007784322908264584,9.555916404162101e-06
14,80490,0.0007798669728799723,9.555806334726212e-06
14,80500,0.0007823103558621369,9.555696252285324e-06
14,80510,0.0007864368351874873,9.55558615683975e-06
14,80520,0.0007716734675341286,9.555476048389801e-06
14,80530,0.0007778592815157027,9.555365926935796e-06
14,80540,0.0007810004768543877,9.555255792478052e-06
14,80550,0.0007831293245544657,9.555145645016878e-06
14,80560,0.0007840816339012236,9.55503548455259e-06
14,80570,0.0007926976744784043,9.554925311085502e-06
14,80580,0.0007827573208487593,9.554815124615932e-06
14,80590,0.0007759891115711071,9.554704925144192e-06
14,80600,0.0007865778505220077,9.554594712670595e-06
14,80610,0.0007778965082252398,9.554484487195456e-06
14,80620,0.0007816350946086459,9.55437424871909e-06
14,80630,0.0007865634805057197,9.554263997241816e-06
14,80640,0.000780846994894091,9.554153732763943e-06
14,80650,0.0007865750449127518,9.554043455285789e-06
14,80660,0.000780279298487585,9.553933164807667e-06
14,80670,0.0007802394800819456,9.553822861329893e-06
14,80680,0.0007800498002325186,9.553712544852779e-06
14,80690,0.0007777193546644412,9.553602215376643e-06
14,80700,0.0007788999500917271,9.5534918729018e-06
14,80710,0.0007848229026421905,9.553381517428562e-06
14,80720,0.0007813180534867569,9.553271148957247e-06
14,80730,0.0007764601148664951,9.553160767488169e-06
14,80740,0.0007826632077922113,9.553050373021645e-06
14,80750,0.0007748570817057044,9.552939965557986e-06
14,80760,0.0007849906687624753,9.552829545097511e-06
14,80770,0.0007803465850884095,9.552719111640533e-06
14,80780,0.0007738811676972545,9.55260866518737e-06
14,80790,0.000781149613612797,9.552498205738335e-06
14,80800,0.0007833327385014854,9.552387733293746e-06
14,80810,0.0007795158351655118,9.552277247853914e-06
14,80820,0.0007876285337260924,9.552166749419156e-06
14,80830,0.0007889201646321453,9.55205623798979e-06
14,80840,0.0007771952397888527,9.551945713566126e-06
14,80850,0.0007889691201853566,9.551835176148482e-06
14,80860,0.0007769464558805339,9.551724625737173e-06
14,80870,0.0007788457616697996,9.55161406233252e-06
14,80880,0.0007756780629279093,9.551503485934831e-06
14,80890,0.0007920879739685916,9.551392896544426e-06
14,80900,0.0007779567589750513,9.55128229416162e-06
14,80910,0.000784687019768171,9.55117167878673e-06
14,80920,0.0007810063150827772,9.55106105042007e-06
14,80930,0.0007931444517453202,9.550950409061962e-06
14,80940,0.0007761551736621186,9.550839754712712e-06
14,80950,0.0007823343083146028,9.550729087372637e-06
14,80960,0.0007855614341679029,9.550618407042058e-06
14,80970,0.0007765420028590599,9.550507713721288e-06
14,80980,0.0007808383772498928,9.550397007410645e-06
14,80990,0.0007777569917379877,9.550286288110443e-06
14,81000,0.0007773107339744455,9.550175555821001e-06
14,81010,0.0007779049105010928,9.550064810542632e-06
14,81020,0.0007721247398876585,9.549954052275654e-06
14,81030,0.0007853309973143042,9.54984328102038e-06
14,81040,0.0007829610869521276,9.549732496777126e-06
14,81050,0.0007905678314273245,9.549621699546213e-06
14,81060,0.0007855733216274529,9.549510889327955e-06
14,81070,0.0007857722288463266,9.549400066122665e-06
14,81080,0.0007724175637122243,9.54928922993067e-06
14,81090,0.0007750288714305498,9.549178380752274e-06
14,81100,0.0007773522680508904,9.549067518587798e-06
14,81110,0.0007819302307325415,9.548956643437554e-06
14,81120,0.0007881031939177773,9.548845755301873e-06
14,81130,0.0007771357093588449,9.548734854181057e-06
14,81140,0.0007842741135391406,9.548623940075427e-06
14,81150,0.0007786846632370727,9.548513012985299e-06
14,81160,0.0007814804441295565,9.548402072910994e-06
14,81170,0.0007780407220707275,9.548291119852823e-06
14,81180,0.0007834067757357844,9.548180153811107e-06
14,81190,0.0007769687072141096,9.548069174786161e-06
14,81200,0.0007800277919159271,9.547958182778306e-06
14,81210,0.0007887466315878555,9.547847177787849e-06
14,81220,0.0007746175891952589,9.54773615981511e-06
14,81230,0.0007926846301415935,9.547625128860411e-06
14,81240,0.0007807144458638505,9.547514084924068e-06
14,81250,0.0007893519839853979,9.547403028006398e-06
14,81260,0.0007868597560445777,9.547291958107713e-06
14,81270,0.0007897854724433273,9.547180875228337e-06
14,81280,0.0007753682773909532,9.547069779368582e-06
14,81290,0.0007796571153448895,9.546958670528766e-06
14,81300,0.0007756267194054089,9.546847548709207e-06
14,81310,0.0007800505962222814,9.546736413910225e-06
14,81320,0.0007716836887993849,9.54662526613213e-06
14,81330,0.0007800625506206415,9.546514105375246e-06
14,81340,0.0007701599883148448,9.546402931639886e-06
14,81350,0.0007802676904248075,9.546291744926367e-06
14,81360,0.0007772130586090497,9.54618054523501e-06
14,81370,0.0007829523165128194,9.546069332566133e-06
14,81380,0.0007874106187955477,9.545958106920049e-06
14,81390,0.0007829438240150921,9.545846868297081e-06
14,81400,0.0007774939978844486,9.545735616697543e-06
14,81410,0.0007678241512621753,9.545624352121748e-06
14,81420,0.0007826941393432208,9.545513074570022e-06
14,81430,0.0007824716813047417,9.545401784042681e-06
14,81440,0.0007808562877471559,9.545290480540042e-06
14,81450,0.0007960314964293502,9.54517916406242e-06
14,81460,0.0007817150632035918,9.545067834610136e-06
14,81470,0.0007817225196049549,9.544956492183506e-06
14,81480,0.0007877249940065666,9.544845136782843e-06
14,81490,0.0007748424774035811,9.544733768408473e-06
14,81500,0.0007741398207144813,9.544622387060713e-06
14,81510,0.0007842439750675113,9.544510992739877e-06
14,81520,0.0007818141806637868,9.544399585446288e-06
14,81530,0.0007871723544667474,9.544288165180257e-06
14,81540,0.0007792685471940785,9.544176731942112e-06
14,81550,0.0007808710419340059,9.544065285732165e-06
14,81560,0.0007845062762498855,9.543953826550732e-06
14,81570,0.0007941602016217075,9.543842354398134e-06
14,81580,0.0007858560915337875,9.543730869274686e-06
14,81590,0.0007707248150836676,9.54361937118071e-06
14,81600,0.000781067153729964,9.543507860116523e-06
14,81610,0.0007832347779185511,9.543396336082443e-06
14,81620,0.0007790405783453026,9.543284799078789e-06
14,81630,0.0007743935333564877,9.543173249105878e-06
14,81640,0.0007838969540898688,9.543061686164033e-06
14,81650,0.0007809446862665937,9.542950110253566e-06
14,81660,0.0007828102126950399,9.5428385213748e-06
14,81670,0.0007740052576991729,9.542726919528053e-06
14,81680,0.0007889843953307718,9.54261530471364e-06
14,81690,0.0007761804503388703,9.542503676931883e-06
14,81700,0.0007740008019027301,9.542392036183103e-06
14,81710,0.0007762115317746065,9.542280382467618e-06
14,81720,0.000777332934376318,9.542168715785742e-06
14,81730,0.0007798552673193626,9.542057036137795e-06
14,81740,0.0007766560418531298,9.541945343524097e-06
14,81750,0.0007763135552522726,9.541833637944964e-06
14,81760,0.0007753873214824125,9.54172191940072e-06
14,81770,0.0007807090441929176,9.541610187891682e-06
14,81780,0.0007752888443064875,9.541498443418168e-06
14,81790,0.000778045758488588,9.541386685980496e-06
14,81800,0.0007755731683573685,9.54127491557899e-06
14,81810,0.000774693803396076,9.541163132213966e-06
14,81820,0.0007885444298153743,9.541051335885742e-06
14,81830,0.0007830104979802854,9.54093952659464e-06
14,81840,0.0007803786647855304,9.540827704340973e-06
14,81850,0.0007774164114380255,9.540715869125068e-06
14,81860,0.0007797744241543114,9.540604020947237e-06
14,81870,0.0007715404557529836,9.540492159807803e-06
14,81880,0.0007671000625123271,9.540380285707086e-06
14,81890,0.000778947451908607,9.540268398645404e-06
14,81900,0.0007813064818037675,9.540156498623078e-06
14,81910,0.0007836408985895105,9.540044585640427e-06
14,81920,0.000777780867065303,9.539932659697771e-06
14,81930,0.0007879267825046555,9.539820720795424e-06
14,81940,0.0007875845287344419,9.53970876893371e-06
14,81950,0.0007850240901461803,9.539596804112953e-06
14,81960,0.0007752110264846123,9.539484826333463e-06
14,81970,0.0007836661112378352,9.539372835595567e-06
14,81980,0.0007841989790904336,9.539260831899586e-06
14,81990,0.0007804300214047544,9.539148815245833e-06
14,82000,0.0007862389858928508,9.539036785634629e-06
14,82010,0.0007808376452885569,9.538924743066295e-06
14,82020,0.0007909236592240632,9.538812687541152e-06
14,82030,0.0007840555161237716,9.53870061905952e-06
14,82040,0.0007839118537958711,9.538588537621716e-06
14,82050,0.0007713853163295425,9.538476443228062e-06
14,82060,0.0007796607533236966,9.53836433587888e-06
14,82070,0.000784389628097415,9.53825221557449e-06
14,82080,0.0007764721944113262,9.53814008231521e-06
14,82090,0.0007817414938472212,9.53802793610136e-06
14,82100,0.0007769437346723863,9.537915776933261e-06
14,82110,0.0007781731474096887,9.537803604811233e-06
14,82120,0.0007752224206342362,9.537691419735594e-06
14,82130,0.000772987627715338,9.537579221706668e-06
14,82140,0.0007818265265086665,9.537467010724773e-06
14,82150,0.0007755075188470073,9.53735478679023e-06
14,82160,0.0007773198522045277,9.537242549903358e-06
14,82170,0.0007795894212904385,9.537130300064479e-06
14,82180,0.0007785636538756081,9.53701803727391e-06
14,82190,0.0007803197440807708,9.536905761531977e-06
14,82200,0.0007835094162146561,9.536793472838996e-06
14,82210,0.0007837696917704306,9.536681171195292e-06
14,82220,0.0007797900572768413,9.53656885660118e-06
14,82230,0.0007785200243233702,9.536456529056988e-06
14,82240,0.0007915679714642465,9.536344188563026e-06
14,82250,0.0007779703053529374,9.536231835119622e-06
14,82260,0.0007966084696818142,9.536119468727098e-06
14,82270,0.0007788336326484569,9.536007089385773e-06
14,82280,0.0007816305253072642,9.535894697095969e-06
14,82290,0.0007815482036676258,9.535782291857999e-06
14,82300,0.0007791477255523205,9.535669873672192e-06
14,82310,0.0007883870712248608,9.535557442538866e-06
14,82320,0.0007773358971462584,9.535444998458344e-06
14,82330,0.0007805247296346352,9.535332541430947e-06
14,82340,0.0007801170359016396,9.535220071456995e-06
14,82350,0.0007826990098692477,9.535107588536808e-06
14,82360,0.0007851196394767612,9.534995092670708e-06
14,82370,0.0007809949980583043,9.534882583859016e-06
14,82380,0.0007854233699617907,9.534770062102054e-06
14,82390,0.0007839786791009828,9.534657527400143e-06
14,82400,0.0007900807206169701,9.534544979753607e-06
14,82410,0.0007868496788432822,9.534432419162755e-06
14,82420,0.0007727094154688529,9.534319845627924e-06
14,82430,0.000784785633732099,9.534207259149425e-06
14,82440,0.0007786385438521392,9.534094659727585e-06
14,82450,0.0007742173489532435,9.53398204736272e-06
14,82460,0.0007884904392994941,9.533869422055158e-06
14,validation,0.0007683063740842044,9.533869422055158e-06
15,82470,0.000776302526355721,9.533756783805214e-06
15,82480,0.0007737308624200523,9.533644132613215e-06
15,82490,0.0007763160494505428,9.533531468479482e-06
15,82500,0.0007805888380971737,9.533418791404333e-06
15,82510,0.0007786697184201329,9.533306101388091e-06
15,82520,0.0007704681571340189,9.533193398431078e-06
15,82530,0.0007838135396013967,9.533080682533615e-06
15,82540,0.0007819751495844685,9.532967953696028e-06
15,82550,0.0007834463322069497,9.53285521191864e-06
15,82560,0.0007847901186323725,9.532742457201762e-06
15,82570,0.0007702883609454149,9.532629689545728e-06
15,82580,0.000792762721539475,9.53251690895085e-06
15,82590,0.000780265752109699,9.532404115417453e-06
15,82600,0.0007832137154764495,9.532291308945863e-06
15,82610,0.000777521709096618,9.532178489536402e-06
15,82620,0.0007750402161036617,9.532065657189388e-06
15,82630,0.0007728845361270943,9.53195281190514e-06
15,82640,0.0007746229515760207,9.531839953683983e-06
15,82650,0.0007745194787275978,9.531727082526245e-06
15,82660,0.0007690222118981183,9.531614198432244e-06
15,82670,0.0007794205637765117,9.531501301402301e-06
15,82680,0.0007798133025062271,9.531388391436741e-06
15,82690,0.0007735386592685246,9.531275468535881e-06
15,82700,0.0007880466597271152,9.531162532700048e-06
15,82710,0.000794116238830611,9.531049583929569e-06
15,82720,0.0007767529867123812,9.530936622224757e-06
15,82730,0.0007866825646487996,9.53082364758594e-06
15,82740,0.0007751271899905987,9.530710660013437e-06
15,82750,0.0007844498119084164,9.530597659507573e-06
15,82760,0.0007750150514766573,9.530484646068669e-06
15,82770,0.0007830901537090539,9.530371619697044e-06
15,82780,0.0007765472822939046,9.53025858039303e-06
15,82790,0.0007802147141774185,9.530145528156944e-06
15,82800,0.000777399554499425,9.530032462989108e-06
15,82810,0.0007905232603661717,9.529919384889847e-06
15,82820,0.0007822036131983623,9.529806293859485e-06
15,82830,0.0007853959468775429,9.529693189898343e-06
15,82840,0.0007794657183694654,9.529580073006745e-06
15,82850,0.000791080373164732,9.529466943185013e-06
15,82860,0.0007813386211637407,9.529353800433467e-06
15,82870,0.0007878913616877981,9.529240644752434e-06
15,82880,0.0007804692795616575,9.529127476142235e-06
15,82890,0.0007812752955942415,9.529014294603193e-06
15,82900,0.0007818645550287329,9.528901100135634e-06
15,82910,0.0007803879721905105,9.528787892739879e-06
15,82920,0.0007777344799251296,9.528674672416253e-06
15,82930,0.000787968964141328,9.528561439165074e-06
15,82940,0.0007798114660545253,9.528448192986668e-06
15,82950,0.0007771714852424339,9.52833493388136e-06
15,82960,0.0007767661430989392,9.52822166184947e-06
15,82970,0.0007840947218937799,9.528108376891328e-06
15,82980,0.0007774702753522433,9.527995079007251e-06
15,82990,0.0007785759080434217,9.527881768197562e-06
15,83000,0.0007828839443391189,9.527768444462588e-06
15,83010,0.0007778511091601104,9.527655107802653e-06
15,83020,0.000779717463592533,9.527541758218074e-06
15,83030,0.0007791668278514408,9.527428395709184e-06
15,83040,0.0007797158265020697,9.5273150202763e-06
15,83050,0.000776790952659212,9.527201631919749e-06
15,83060,0.0007874041228205898,9.527088230639854e-06
15,83070,0.0007733134625595994,9.526974816436939e-06
15,83080,0.0007820588143658823,9.526861389311327e-06
15,83090,0.0007762337583699263,9.52674794926334e-06
15,83100,0.0007754801932605914,9.526634496293301e-06
15,83110,0.0007806723631802016,9.52652103040154e-06
15,83120,0.00078144894214347,9.526407551588375e-06
15,83130,0.0007838113480829634,9.526294059854132e-06
15,83140,0.0007825194305041804,9.526180555199132e-06
15,83150,0.0007857741729822009,9.526067037623702e-06
15,83160,0.0007802256383001803,9.525953507128163e-06
15,83170,0.0007913593057310208,9.525839963712843e-06
15,83180,0.0007941129253595137,9.525726407378067e-06
15,83190,0.0007797137193847447,9.52561283812416e-06
15,83200,0.0007788315910147503,9.525499255951445e-06
15,83210,0.0007765169837512077,9.525385660860241e-06
15,83220,0.0007762997964164243,9.52527205285088e-06
15,83230,0.0007867693522712215,9.525158431923682e-06
15,83240,0.0007805627537891269,9.52504479807897e-06
15,83250,0.0007800456631230191,9.52493115131707e-06
15,83260,0.0007800681254593655,9.524817491638308e-06
15,83270,0.0007724563678493724,9.524703819043005e-06
15,83280,0.0007868637039791793,9.52459013353149e-06
15,83290,0.0007801211497280747,9.524476435104082e-06
15,83300,0.0007840825797757134,9.52436272376111e-06
15,83310,0.0007789379931637086,9.524248999502898e-06
15,83320,0.0007770175478071905,9.52413526232977e-06
15,83330,0.0007804784530890174,9.524021512242046e-06
15,83340,0.0007893354995758273,9.523907749240059e-06
15,83350,0.0007907376624643802,9.523793973324131e-06
15,83360,0.0007749757409328594,9.523680184494583e-06
15,83370,0.0007835019932826981,9.52356638275174e-06
15,83380,0.0007862004262278789,9.523452568095931e-06
15,83390,0.0007847777975257486,9.523338740527485e-06
15,83400,0.0007766353563056327,9.523224900046721e-06
15,83410,0.0007798666614689864,9.523111046653959e-06
15,83420,0.0007782434578984976,9.52299718034953e-06
15,83430,0.000791525183012709,9.522883301133757e-06
15,83440,0.0007789488503476606,9.52276940900697e-06
15,83450,0.0007762526161968708,9.522655503969489e-06
15,83460,0.0007815221950295382,9.522541586021641e-06
15,83470,0.00077670667815255,9.52242765516375e-06
15,83480,0.0007884734368417413,9.522313711396141e-06
15,83490,0.000779758466524072,9.52219975471914e-06
15,83500,0.0007838264806196093,9.52208578513307e-06
15,83510,0.0007859798875870183,9.521971802638264e-06
15,83520,0.0007830150105291978,9.521857807235038e-06
15,83530,0.0007729493881925009,9.521743798923726e-06
15,83540,0.0007870435976656154,9.521629777704645e-06
15,83550,0.0007820955797797069,9.521515743578128e-06
15,83560,0.0007737272564554587,9.5214016965445e-06
15,83570,0.0007819864476914518,9.52128763660408e-06
15,83580,0.0007880772682256065,9.5211735637572e-06
15,83590,0.0007788764822180382,9.521059478004184e-06
15,83600,0.0007804920081980527,9.520945379345354e-06
15,83610,0.0007812520256265998,9.52083126778104e-06
15,83620,0.0007760768552543596,9.520717143311563e-06
15,83630,0.0007749700002023019,9.520603005937257e-06
15,83640,0.0007798353995895013,9.52048885565844e-06
15,83650,0.0007739514636341482,9.520374692475438e-06
15,83660,0.0007711025275057182,9.520260516388581e-06
15,83670,0.0007891842629760503,9.520146327398195e-06
15,83680,0.0007809156741132028,9.520032125504602e-06
15,83690,0.000780939131800551,9.51991791070813e-06
15,83700,0.0007815126169589348,9.519803683009101e-06
15,83710,0.000785984231333714,9.519689442407849e-06
15,83720,0.0007838497258489951,9.519575188904701e-06
15,83730,0.0007831351351342163,9.519460922499973e-06
15,83740,0.000778371917840559,9.519346643193999e-06
15,83750,0.0007954635366331786,9.519232350987102e-06
15,83760,0.0007897536284872331,9.519118045879608e-06
15,83770,0.000780231053067837,9.519003727871849e-06
15,83780,0.0007753977988613769,9.518889396964142e-06
15,83790,0.0007834062169422395,9.51877505315682e-06
15,83800,0.0007815566554199904,9.518660696450208e-06
15,83810,0.000780901480175089,9.518546326844633e-06
15,83820,0.0007741202862234786,9.518431944340424e-06
15,83830,0.0007774157842504792,9.518317548937899e-06
15,83840,0.0007811794377630577,9.518203140637393e-06
15,83850,0.0007716741180047392,9.518088719439228e-06
15,83860,0.000789816900214646,9.517974285343731e-06
15,83870,0.0007773609773721545,9.51785983835123e-06
15,83880,0.0007837650598958134,9.517745378462053e-06
15,83890,0.0007836624878109433,9.517630905676525e-06
15,83900,0.0007748255055048503,9.517516419994973e-06
15,83910,0.0007824247542885131,9.517401921417721e-06
15,83920,0.0007811634743120522,9.517287409945099e-06
15,83930,0.0007830227579688654,9.517172885577433e-06
15,83940,0.0007856902389903552,9.517058348315053e-06
15,83950,0.0007814819749910385,9.516943798158284e-06
15,83960,0.0007759713160339742,9.516829235107448e-06
15,83970,0.0007806764464476146,9.516714659162879e-06
15,83980,0.0007692592829698697,9.516600070324903e-06
15,83990,0.0007744185510091484,9.516485468593846e-06
15,84000,0.0007821252904250287,9.516370853970034e-06
15,84010,0.0007779334933729841,9.516256226453793e-06
15,84020,0.000781703095708508,9.51614158604545e-06
15,84030,0.0007844600811949932,9.516026932745334e-06
15,84040,0.0007807223286363296,9.515912266553777e-06
15,84050,0.0007782698347000405,9.515797587471096e-06
15,84060,0.0007832256145775319,9.515682895497626e-06
15,84070,0.0007908764993771911,9.515568190633692e-06
15,84080,0.0007788812290527858,9.515453472879628e-06
15,84090,0.0007800130013492889,9.515338742235755e-06
15,84100,0.0007765034373733215,9.5152239987024e-06
15,84110,0.0007848500812542626,9.515109242279888e-06
15,84120,0.0007826866116374732,9.514994472968552e-06
15,84130,0.0007726145937340334,9.514879690768716e-06
15,84140,0.0007710898891673424,9.514764895680711e-06
15,84150,0.0007798917024047114,9.514650087704865e-06
15,84160,0.000770720034779515,9.514535266841502e-06
15,84170,0.0007734568076557481,9.514420433090949e-06
15,84180,0.0007833809853764251,9.51430558645354e-06
15,84190,0.0007768879921059125,9.5141907269296e-06
15,84200,0.000778994215943385,9.514075854519454e-06
15,84210,0.0007871017383877188,9.513960969223433e-06
15,84220,0.000792149365588557,9.513846071041864e-06
15,84230,0.0007689399426453747,9.513731159975074e-06
15,84240,0.0007815290242433548,9.51361623602339e-06
15,84250,0.0007736769490293227,9.513501299187144e-06
15,84260,0.0007831176160834729,9.513386349466659e-06
15,84270,0.0007846783235436306,9.51327138686227e-06
15,84280,0.0007847838292946107,9.513156411374306e-06
15,84290,0.0007779014471452684,9.513041423003083e-06
15,84300,0.0007716541265835986,9.512926421748939e-06
15,84310,0.0007766049297060817,9.512811407612202e-06
15,84320,0.0007751041834126227,9.512696380593198e-06
15,84330,0.0007777714272378945,9.512581340692256e-06
15,84340,0.0007899395699496382,9.512466287909703e-06
15,84350,0.0007817292076651938,9.51235122224587e-06
15,84360,0.0007772552446112968,9.512236143701083e-06
15,84370,0.0007797973157721572,9.51212105227567e-06
15,84380,0.0007709800804150291,9.512005947969966e-06
15,84390,0.0007795699508278631,9.511890830784291e-06
15,84400,0.0007775702149956488,9.51177570071898e-06
15,84410,0.0007743590263999067,9.511660557774358e-06
15,84420,0.0007769519026624039,9.511545401950754e-06
15,84430,0.0007782631437294185,9.511430233248502e-06
15,84440,0.0007692831481108441,9.511315051667923e-06
15,84450,0.0007911243883427234,9.511199857209347e-06
15,84460,0.000787574217247311,9.511084649873107e-06
15,84470,0.0007688079844228923,9.510969429659532e-06
15,84480,0.0007757725092233158,9.510854196568945e-06
15,84490,0.000785278771945741,9.510738950601674e-06
15,84500,0.0007759809799608775,9.510623691758059e-06
15,84510,0.0007840595513698644,9.510508420038423e-06
15,84520,0.0007799340237397701,9.510393135443093e-06
15,84530,0.0007825088061508723,9.5102778379724e-06
15,84540,0.0007986041033291257,9.510162527626669e-06
15,84550,0.0007788656032062136,9.510047204406239e-06
15,84560,0.000786400395736564,9.509931868311433e-06
15,84570,0.000782758739660494,9.509816519342577e-06
15,84580,0.0007814774566213601,9.509701157500007e-06
15,84590,0.0007812333031324669,9.509585782784047e-06
15,84600,0.0007881446057581343,9.509470395195028e-06
15,84610,0.0007860545723815448,9.509354994733279e-06
15,84620,0.0007903720324975437,9.509239581399131e-06
15,84630,0.0007779833395034075,9.509124155192915e-06
15,84640,0.0007874684539274312,9.509008716114957e-06
15,84650,0.0007755966304102913,9.508893264165589e-06
15,84660,0.0007868412852985784,9.508777799345138e-06
15,84670,0.0007729588614893146,9.508662321653933e-06
15,84680,0.0007724714087089525,9.508546831092309e-06
15,84690,0.0007791177966282703,9.50843132766059e-06
15,84700,0.0007763135203276761,9.508315811359109e-06
15,84710,0.000779726856853813,9.508200282188194e-06
15,84720,0.0007841846570954659,9.508084740148178e-06
15,84730,0.0007828129368135706,9.507969185239387e-06
15,84740,0.0007851489033782855,9.50785361746215e-06
15,84750,0.0007871377703850158,9.5077380368168e-06
15,84760,0.0007927315658889711,9.507622443303663e-06
15,84770,0.0007760519452858716,9.507506836923077e-06
15,84780,0.0007841696089599282,9.507391217675365e-06
15,84790,0.000776807997317519,9.507275585560859e-06
15,84800,0.0007823357504094019,9.50715994057989e-06
15,84810,0.0007809917253325694,9.507044282732785e-06
15,84820,0.000785912042192649,9.506928612019879e-06
15,84830,0.0007810266004526057,9.506812928441495e-06
15,84840,0.0007767879782477394,9.506697231997974e-06
15,84850,0.0007761398941511289,9.506581522689637e-06
15,84860,0.0007801855070283636,9.506465800516815e-06
15,84870,0.0007846692547900604,9.506350065479846e-06
15,84880,0.0007840698104701005,9.506234317579049e-06
15,84890,0.000780590481008403,9.506118556814763e-06
15,84900,0.0007808954935171642,9.506002783187318e-06
15,84910,0.0007799171100487002,9.505886996697038e-06
15,84920,0.0007768742143525741,9.50577119734426e-06
15,84930,0.0007765929054585285,9.50565538512931e-06
15,84940,0.0007870195142459125,9.505539560052527e-06
15,84950,0.0007818930258508772,9.505423722114236e-06
15,84960,0.0007814240321749822,9.505307871314766e-06
15,84970,0.0007907323248218745,9.505192007654447e-06
15,84980,0.000784705592377577,9.505076131133613e-06
15,84990,0.0007808472350006923,9.504960241752592e-06
15,85000,0.0007770028372760862,9.50484433951172e-06
15,85010,0.0007776987287797966,9.50472842441132e-06
15,85020,0.0007698377288761548,9.504612496451728e-06
15,85030,0.0007833876981749199,9.504496555633279e-06
15,85040,0.0007874479459133,9.504380601956295e-06
15,85050,0.0007831709430320188,9.504264635421113e-06
15,85060,0.000782846201036591,9.504148656028062e-06
15,85070,0.0007839597383281216,9.504032663777472e-06
15,85080,0.0007808988113538363,9.503916658669678e-06
15,85090,0.0007823960768291727,9.50380064070501e-06
15,85100,0.0007762328459648415,9.503684609883795e-06
15,85110,0.0007751241006189957,9.503568566206366e-06
15,85120,0.0007911880558822304,9.503452509673052e-06
15,85130,0.0007767660456011072,9.503336440284192e-06
15,85140,0.0007811679490259848,9.503220358040112e-06
15,85150,0.0007799167142366059,9.503104262941144e-06
15,85160,0.000785528906271793,9.50298815498762e-06
15,85170,0.0007940660434542224,9.502872034179867e-06
15,85180,0.000791151101293508,9.502755900518223e-06
15,85190,0.0007697398948948831,9.502639754003017e-06
15,85200,0.0007852537732105702,9.50252359463458e-06
15,85210,0.0007815224860678426,9.502407422413245e-06
15,85220,0.0007831188049749471,9.502291237339343e-06
15,85230,0.00078740194439888,9.502175039413204e-06
15,85240,0.0007805716639268212,9.502058828635161e-06
15,85250,0.0007851223708712496,9.50194260500555e-06
15,85260,0.0007740439410554246,9.501826368524698e-06
15,85270,0.00077187227725517,9.501710119192936e-06
15,85280,0.0007860099838580936,9.501593857010597e-06
15,85290,0.0007797615427989513,9.50147758197801e-06
15,85300,0.0007801741259754636,9.501361294095513e-06
15,85310,0.0007894684604252689,9.501244993363434e-06
15,85320,0.0007803806161973625,9.501128679782105e-06
15,85330,0.0007709865138167516,9.50101235335186e-06
15,85340,0.0007859988691052422,9.50089601407303e-06
15,85350,0.0007802909050951712,9.50077966194595e-06
15,85360,0.0007832474642782472,9.50066329697095e-06
15,85370,0.0007811974370270035,9.500546919148357e-06
15,85380,0.0007886720326496288,9.50043052847851e-06
15,85390,0.0007738658707239666,9.500314124961738e-06
15,85400,0.0007731073827017098,9.500197708598378e-06
15,85410,0.0007798636259394697,9.500081279388755e-06
15,85420,0.0007777624050504528,9.499964837333204e-06
15,85430,0.0007759011219604872,9.499848382432057e-06
15,85440,0.0007723704300587996,9.499731914685648e-06
15,85450,0.0007798693026416003,9.499615434094313e-06
15,85460,0.0007712484162766487,9.499498940658383e-06
15,85470,0.0007763580360915512,9.499382434378185e-06
15,85480,0.0007842259496101178,9.499265915254056e-06
15,85490,0.0007873976268456317,9.499149383286325e-06
15,85500,0.0007822259591193869,9.49903283847533e-06
15,85510,0.0007793416167260148,9.498916280821399e-06
15,85520,0.0007781965628964827,9.49879971032487e-06
15,85530,0.0007864339029765687,9.49868312698607e-06
15,85540,0.0007671979765291326,9.498566530805332e-06
15,85550,0.0007761146742268466,9.498449921782993e-06
15,85560,0.0007844347739592195,9.498333299919385e-06
15,85570,0.0007835400843759998,9.498216665214835e-06
15,85580,0.0007704299045144581,9.498100017669686e-06
15,85590,0.0007797439771820791,9.497983357284263e-06
15,85600,0.0007807900168700145,9.497866684058902e-06
15,85610,0.0007765372152789496,9.497749997993935e-06
15,85620,0.0007736870917142369,9.497633299089696e-06
15,85630,0.0007796755351591856,9.497516587346517e-06
15,85640,0.0007986527823959477,9.497399862764738e-06
15,85650,0.0007923911936813966,9.49728312534468e-06
15,85660,0.0007841556012863292,9.497166375086685e-06
15,85670,0.000774076086236164,9.497049611991084e-06
15,85680,0.000781009581987746,9.49693283605821e-06
15,85690,0.0007692846324061975,9.496816047288397e-06
15,85700,0.0007802069754689001,9.496699245681975e-06
15,85710,0.0007808642068994231,9.496582431239282e-06
15,85720,0.0007786673129885457,9.496465603960648e-06
15,85730,0.0007800324718118645,9.496348763846411e-06
15,85740,0.000781535217538476,9.496231910896901e-06
15,85750,0.0007771438758936711,9.496115045112451e-06
15,85760,0.0007810822455212474,9.495998166493399e-06
15,85770,0.0007840637437766418,9.495881275040076e-06
15,85780,0.0007782284927088767,9.495764370752812e-06
15,85790,0.0007830897753592581,9.495647453631947e-06
15,85800,0.0007811813862645067,9.495530523677811e-06
15,85810,0.0007795683399308473,9.495413580890736e-06
15,85820,0.0007759708736557514,9.49529662527106e-06
15,85830,0.0007775856647640467,9.495179656819113e-06
15,85840,0.0007827979134162888,9.495062675535234e-06
15,85850,0.000780637348361779,9.494945681419757e-06
15,85860,0.0007775347214192151,9.494828674473008e-06
15,85870,0.0007757407918688842,9.494711654695329e-06
15,85880,0.0007862795260734856,9.494594622087047e-06
15,85890,0.00078260924492497,9.494477576648501e-06
15,85900,0.0007786369693349115,9.494360518380026e-06
15,85910,0.0007785808935295791,9.494243447281952e-06
15,85920,0.0007812926953192801,9.494126363354616e-06
15,85930,0.0007763591682305559,9.494009266598354e-06
15,85940,0.0007827610388631001,9.493892157013498e-06
15,85950,0.0007817066813004202,9.493775034600387e-06
15,85960,0.0007751648357952946,9.493657899359345e-06
15,85970,0.0007774901125230826,9.493540751290714e-06
15,85980,0.0007871222143876367,9.493423590394825e-06
15,85990,0.0007842634746339172,9.493306416672015e-06
15,86000,0.0007754300371743738,9.493189230122618e-06
15,86010,0.000782306308974512,9.49307203074697e-06
15,86020,0.0007778301500366069,9.492954818545403e-06
15,86030,0.0007783489345456475,9.49283759351825e-06
15,86040,0.0007816818033461459,9.492720355665851e-06
15,86050,0.0007755957660265267,9.492603104988532e-06
15,86060,0.000778189352422487,9.492485841486636e-06
15,86070,0.0007857069562305696,9.492368565160494e-06
15,86080,0.0007696500673773698,9.492251276010444e-06
15,86090,0.0007804027074598708,9.492133974036817e-06
15,86100,0.0007723746646661311,9.49201665923995e-06
15,86110,0.0007812614916474558,9.491899331620177e-06
15,86120,0.0007849634392187,9.491781991177832e-06
15,86130,0.0007869436012697406,9.491664637913253e-06
15,86140,0.0007770715354126878,9.491547271826772e-06
15,86150,0.0007783416396705434,9.491429892918724e-06
15,86160,0.0007718144552200101,9.491312501189447e-06
15,86170,0.0007839409270673058,9.491195096639273e-06
15,86180,0.000788354811083991,9.491077679268538e-06
15,86190,0.0007892345180152916,9.49096024907758e-06
15,86200,0.0007834376010578126,9.49084280606673e-06
15,86210,0.0007827154127880931,9.490725350236325e-06
15,86220,0.0007759121013805271,9.490607881586697e-06
15,86230,0.0007819904581992888,9.490490400118189e-06
15,86240,0.0007698111265199258,9.490372905831128e-06
15,86250,0.0007713761908235028,9.490255398725859e-06
15,86260,0.0007807871283148415,9.490137878802709e-06
15,86270,0.0007769379153614864,9.49002034606202e-06
15,86280,0.0007765992588247172,9.489902800504119e-06
15,86290,0.000778947927756235,9.489785242129348e-06
15,86300,0.0007958340633194893,9.489667670938041e-06
15,86310,0.0007864251965656877,9.489550086930534e-06
15,86320,0.0007733179329079576,9.489432490107163e-06
15,86330,0.0007821214036084711,9.489314880468264e-06
15,86340,0.000780026761640329,9.48919725801417e-06
15,86350,0.0007782810600474476,9.489079622745217e-06
15,86360,0.0007712414371781051,9.488961974661746e-06
15,86370,0.0007773901364998892,9.488844313764085e-06
15,86380,0.0007725456103798932,9.488726640052577e-06
15,86390,0.0007930591935291886,9.488608953527555e-06
15,86400,0.0007851706788642331,9.488491254189356e-06
15,86410,0.0007748283169348724,9.488373542038313e-06
15,86420,0.0007864949846407399,9.488255817074761e-06
15,86430,0.0007718721622950397,9.488138079299042e-06
15,86440,0.0007745432783849537,9.488020328711487e-06
15,86450,0.0007746840390609577,9.487902565312435e-06
15,86460,0.0007781930835335517,9.487784789102223e-06
15,86470,0.0007810112540028058,9.487667000081185e-06
15,86480,0.0007800511040841229,9.487549198249658e-06
15,86490,0.0007748751522740349,9.487431383607979e-06
15,86500,0.0007790677351295016,9.48731355615648e-06
15,86510,0.0007872228874475696,9.487195715895504e-06
15,86520,0.0007842341612558812,9.487077862825382e-06
15,86530,0.0007879119119024836,9.486959996946453e-06
15,86540,0.0007802012492902577,9.486842118259052e-06
15,86550,0.0007784184257616289,9.486724226763518e-06
15,86560,0.0007872886781115085,9.486606322460184e-06
15,86570,0.0007872402798966505,9.486488405349389e-06
15,86580,0.0007821546299965122,9.486370475431473e-06
15,86590,0.0007769555420964025,9.48625253270677e-06
15,86600,0.0007902755867689848,9.486134577175611e-06
15,86610,0.000776672686333768,9.48601660883834e-06
15,86620,0.0007822802974260413,9.485898627695292e-06
15,86630,0.000776984500407707,9.485780633746795e-06
15,86640,0.0007838207573513501,9.485662626993196e-06
15,86650,0.0007790631047100759,9.48554460743483e-06
15,86660,0.0007717410582699812,9.485426575072035e-06
15,86670,0.0007773741774144583,9.485308529905147e-06
15,86680,0.0007909939376986586,9.485190471934501e-06
15,86690,0.000780822958040517,9.485072401160435e-06
15,86700,0.0007929607745609246,9.484954317583286e-06
15,86710,0.0007909959909738973,9.48483622120339e-06
15,86720,0.0007825727763702162,9.484718112021083e-06
15,86730,0.0007821942504961043,9.484599990036708e-06
15,86740,0.0007768239549477584,9.484481855250598e-06
15,86750,0.000776430795667693,9.484363707663094e-06
15,86760,0.0007736940213362686,9.484245547274528e-06
15,86770,0.0007834672345779837,9.48412737408524e-06
15,86780,0.000775669384165667,9.484009188095569e-06
15,86790,0.0007769872259814292,9.48389098930585e-06
15,86800,0.000779593847983051,9.483772777716415e-06
15,86810,0.0007796787016559392,9.483654553327615e-06
15,86820,0.0007853566741687246,9.483536316139777e-06
15,86830,0.000779171657632105,9.483418066153238e-06
15,86840,0.0007847534739994443,9.483299803368346e-06
15,86850,0.0007816148849087767,9.483181527785427e-06
15,86860,0.0007905069243861362,9.483063239404823e-06
15,86870,0.0007842411767342127,9.48294493822687e-06
15,86880,0.000774155804538168,9.48282662425191e-06
15,86890,0.0007778132159728557,9.482708297480278e-06
15,86900,0.0007684678508667274,9.482589957912312e-06
15,86910,0.0007749154581688344,9.482471605548348e-06
15,86920,0.0007816242941771634,9.482353240388729e-06
15,86930,0.0007757091836538166,9.482234862433783e-06
15,86940,0.0007844507126719691,9.48211647168386e-06
15,86950,0.0007813354430254548,9.48199806813929e-06
15,86960,0.0007823437073966489,9.481879651800414e-06
15,86970,0.0007865750900236889,9.481761222667567e-06
15,86980,0.0007733480248134582,9.481642780741092e-06
15,86990,0.0007781445063301363,9.481524326021319e-06
15,87000,0.0007811289091478103,9.481405858508596e-06
15,87010,0.0007757349376333877,9.481287378203256e-06
15,87020,0.0007815495831891895,9.481168885105642e-06
15,87030,0.0007818580910679884,9.481050379216083e-06
15,87040,0.000773150754685048,9.480931860534923e-06
15,87050,0.0007767022791085765,9.4808133290625e-06
15,87060,0.0007658517410163767,9.480694784799152e-06
15,87070,0.0007828866757336073,9.480576227745218e-06
15,87080,0.0007816581870429218,9.480457657901038e-06
15,87090,0.000774585256294813,9.48033907526695e-06
15,87100,0.0007733238307991996,9.480220479843286e-06
15,87110,0.0007794970690156332,9.480101871630395e-06
15,87120,0.0007833151714294218,9.479983250628608e-06
15,87130,0.0007833750350982882,9.479864616838266e-06
15,87140,0.0007684192576562054,9.479745970259707e-06
15,87150,0.0007796071440679953,9.47962731089327e-06
15,87160,0.0007916580245364457,9.479508638739294e-06
15,87170,0.0007758243664284237,9.479389953798117e-06
15,87180,0.0007759087966405787,9.479271256070078e-06
15,87190,0.000779528588464018,9.479152545555516e-06
15,87200,0.0007712597100180573,9.479033822254773e-06
15,87210,0.0007775397185469046,9.478915086168182e-06
15,87220,0.0007771651828079485,9.478796337296084e-06
15,87230,0.0007793036886141636,9.47867757563882e-06
15,87240,0.0007743705849861726,9.47855880119673e-06
15,87250,0.0007838799676392228,9.478440013970148e-06
15,87260,0.0007760358930681832,9.478321213959416e-06
15,87270,0.0007762440611259081,9.478202401164872e-06
15,87280,0.0007743365233181976,9.478083575586862e-06
15,87290,0.0007826065237168223,9.477964737225717e-06
15,87300,0.0007760537089779973,9.477845886081778e-06
15,87310,0.0007753036668873392,9.477727022155385e-06
15,87320,0.0007791499388986266,9.477608145446876e-06
15,87330,0.0007849142100894823,9.477489255956594e-06
15,87340,0.0007830072048818691,9.477370353684875e-06
15,87350,0.000770395077415742,9.47725143863206e-06
15,87360,0.0007790218136506155,9.477132510798488e-06
15,87370,0.0007745345923467539,9.477013570184499e-06
15,87380,0.0007838581412215717,9.476894616790431e-06
15,87390,0.0007768042458337731,9.476775650616629e-06
15,87400,0.0007757637111353688,9.476656671663425e-06
15,87410,0.0007750529402983375,9.476537679931163e-06
15,87420,0.000775007950142026,9.476418675420178e-06
15,87430,0.0007793786338879727,9.476299658130814e-06
15,87440,0.0007793797107296997,9.476180628063409e-06
15,87450,0.0007798025602824056,9.476061585218306e-06
15,87460,0.0007843386280001141,9.475942529595843e-06
15,87470,0.0007725443749222904,9.47582346119636e-06
15,87480,0.0007794646837282926,9.475704380020196e-06
15,87490,0.0007770322044962086,9.475585286067692e-06
15,87500,0.0007815510907676071,9.475466179339184e-06
15,87510,0.0007772230266709812,9.475347059835015e-06
15,87520,0.0007746266303001903,9.475227927555529e-06
15,87530,0.0007797481885063462,9.475108782501058e-06
15,87540,0.0007728377036983149,9.47498962467195e-06
15,87550,0.0007809721209923737,9.474870454068538e-06
15,87560,0.0007698900590185076,9.47475127069117e-06
15,87570,0.0007862556623877025,9.474632074540178e-06
15,87580,0.0007887519794167019,9.474512865615908e-06
15,87590,0.0007804597669746726,9.4743936439187e-06
15,87600,0.0007772240540361964,9.47427440944889e-06
15,87610,0.0007778717117616907,9.474155162206825e-06
15,87620,0.0007788182367221453,9.474035902192837e-06
15,87630,0.0007753574114758522,9.473916629407276e-06
15,87640,0.0007772155731800012,9.473797343850478e-06
15,87650,0.00078004543465795,9.473678045522781e-06
15,87660,0.0007809767732396722,9.473558734424527e-06
15,87670,0.0007829072288586757,9.473439410556056e-06
15,87680,0.0007891362300142645,9.473320073917707e-06
15,87690,0.0007865969033446162,9.47320072450983e-06
15,87700,0.0007910124681075104,9.473081362332757e-06
15,87710,0.0007761336426483467,9.472961987386829e-06
15,87720,0.0007826807894161902,9.47284259967239e-06
15,87730,0.0007802293155691586,9.47272319918978e-06
15,87740,0.0007837523153284565,9.472603785939339e-06
15,87750,0.000785805011400953,9.472484359921407e-06
15,87760,0.0007757626110105776,9.472364921136327e-06
15,87770,0.0007721814312390053,9.47224546958444e-06
15,87780,0.0007727301257546058,9.472126005266083e-06
15,87790,0.0007705882351729087,9.472006528181602e-06
15,87800,0.0007800837585818953,9.471887038331335e-06
15,87810,0.0007778732950100676,9.471767535715628e-06
15,87820,0.0007818280020728708,9.471648020334814e-06
15,87830,0.0007792467498802581,9.471528492189242e-06
15,87840,0.0007784627508954144,9.47140895127925e-06
15,87850,0.0007846679858630524,9.47128939760518e-06
15,87860,0.0007740814122371376,9.471169831167373e-06
15,87870,0.0007758402134641075,9.471050251966169e-06
15,87880,0.0007791891606757417,9.470930660001906e-06
15,87890,0.0007731319870799779,9.47081105527493e-06
15,87900,0.0007742875575786456,9.470691437785582e-06
15,87910,0.0007823654668754897,9.470571807534203e-06
15,87920,0.0007735417806543411,9.470452164521133e-06
15,87930,0.0007826966684660874,9.470332508746713e-06
15,87940,0.000789633255044464,9.470212840211289e-06
15,87950,0.0007872160203987733,9.470093158915199e-06
15,87960,0.0007738171756500378,9.469973464858787e-06
15,87970,0.0007898012001533062,9.469853758042399e-06
15,87980,0.000787201443745289,9.469734038466366e-06
15,87990,0.0007676911001908593,9.46961430613104e-06
15,88000,0.0007751612880383618,9.469494561036753e-06
15,88010,0.000779122716630809,9.469374803183852e-06
15,88020,0.0007763556262943893,9.469255032572679e-06
15,88030,0.0007809013390215115,9.46913524920358e-06
15,88040,0.0007741679350147024,9.46901545307689e-06
15,88050,0.0007760425462038257,9.468895644192952e-06
15,88060,0.0007783899491187185,9.46877582255211e-06
15,88070,0.0007797768979799003,9.468655988154706e-06
15,88080,0.0007832222603610718,9.468536141001081e-06
15,88090,0.000767892660223879,9.46841628109158e-06
15,88100,0.0007760606094961986,9.46829640842654e-06
15,88110,0.0007894374197348953,9.468176523006312e-06
15,88120,0.000786589679773897,9.468056624831228e-06
15,88130,0.0007765805086819455,9.467936713901633e-06
15,88140,0.0007868198634241707,9.467816790217867e-06
15,88150,0.0007710047444561497,9.467696853780281e-06
15,88160,0.0007789471987052821,9.467576904589214e-06
15,88170,0.0007780489584547467,9.467456942645003e-06
15,88180,0.0007768033348838799,9.467336967947992e-06
15,88190,0.0007803091299138031,9.467216980498528e-06
15,88200,0.000790324633999262,9.467096980296958e-06
15,88210,0.000782905743108131,9.466976967343612e-06
15,88220,0.0007784688932588324,9.46685694163884e-06
15,88230,0.0007802921798429453,9.46673690318298e-06
15,88240,0.0007789012117427773,9.46661685197638e-06
15,88250,0.0007778912869980558,9.466496788019382e-06
15,88260,0.0007842724095098673,9.466376711312325e-06
15,88270,0.0007837086275685579,9.46625662185556e-06
15,88280,0.0007813640957465395,9.466136519649417e-06
15,88290,0.0007768958137603477,9.466016404694245e-06
15,88300,0.0007738019397947938,9.46589627699039e-06
15,88310,0.0007832837101886981,9.465776136538192e-06
15,88320,0.0007801225801813416,9.465655983337994e-06
15,88330,0.0007753648751531728,9.465535817390142e-06
15,88340,0.0007819417165592312,9.465415638694976e-06
15,88350,0.0007779056992148981,9.46529544725284e-06
15,validation,0.0007781053864164278,9.46529544725284e-06
16,88360,0.0007743023059447296,9.465175243064075e-06
16,88370,0.0007833127499907277,9.465055026129022e-06
16,88380,0.000776204006979242,9.464934796448032e-06
16,88390,0.0007798480306519195,9.464814554021441e-06
16,88400,0.0007744896720396355,9.4646942988496e-06
16,88410,0.0007832159972167574,9.464574030932847e-06
16,88420,0.0007813417178113012,9.464453750271527e-06
16,88430,0.0007726576834102162,9.46433345686598e-06
16,88440,0.0007744783913949504,9.464213150716552e-06
16,88450,0.0007674086737097242,9.464092831823586e-06
16,88460,0.0007730205295956693,9.463972500187424e-06
16,88470,0.0007770844065817074,9.463852155808412e-06
16,88480,0.0007704306641244329,9.463731798686897e-06
16,88490,0.0007752313133096322,9.463611428823217e-06
16,88500,0.0007888344523962588,9.463491046217716e-06
16,88510,0.0007808629030478187,9.463370650870735e-06
16,88520,0.0007825660853995942,9.46325024278262e-06
16,88530,0.0007807736285030841,9.463129821953716e-06
16,88540,0.0007811724077328107,9.463009388384375e-06
16,88550,0.0007728962256805972,9.462888942074926e-06
16,88560,0.0007897423885879107,9.462768483025718e-06
16,88570,0.0007766820941469632,9.462648011237096e-06
16,88580,0.000775683275423944,9.462527526709403e-06
16,88590,0.0007709678000537679,9.462407029442984e-06
16,88600,0.0007745254828478209,9.462286519438185e-06
16,88610,0.0007840600810595788,9.462165996695348e-06
16,88620,0.0007729620774625801,9.462045461214815e-06
16,88630,0.0007826669549103827,9.461924912996935e-06
16,88640,0.0007776599188218824,9.461804352042047e-06
16,88650,0.0007769469579216093,9.461683778350496e-06
16,88660,0.0007819170816219412,9.461563191922629e-06
16,88670,0.0007847527274861931,9.46144259275879e-06
16,88680,0.0007801668500178493,9.461321980859318e-06
16,88690,0.0007800524850608782,9.461201356224566e-06
16,88700,0.0007847728978958913,9.461080718854874e-06
16,88710,0.0007789723618770949,9.46096006875058e-06
16,88720,0.0007800080231390894,9.460839405912042e-06
16,88730,0.0007868256099754945,9.46071873033959e-06
16,88740,0.0007764738533296623,9.46059804203358e-06
16,88750,0.0007819749836926349,9.460477340994347e-06
16,88760,0.000767166234436445,9.460356627222242e-06
16,88770,0.0007709631492616608,9.460235900717608e-06
16,88780,0.000776577454234939,9.460115161480793e-06
16,88790,0.000786055669595953,9.459994409512135e-06
16,88800,0.0007886148625402712,9.459873644811981e-06
16,88810,0.0007837204379029572,9.459752867380673e-06
16,88820,0.0007823812527931295,9.459632077218564e-06
16,88830,0.0007816876299330033,9.45951127432599e-06
16,88840,0.0007705043608439154,9.459390458703304e-06
16,88850,0.0007808086418663151,9.45926963035085e-06
16,88860,0.000778328966407571,9.45914878926897e-06
16,88870,0.0007717976084677502,9.459027935458004e-06
16,88880,0.0007759140455164016,9.458907068918303e-06
16,88890,0.0007712058184552006,9.458786189650213e-06
16,88900,0.0007783075445331634,9.458665297654075e-06
16,88910,0.0007804409542586654,9.458544392930234e-06
16,88920,0.0007732572354143486,9.45842347547904e-06
16,88930,0.0007775209000101312,9.458302545300836e-06
16,88940,0.0007751150595140643,9.458181602395964e-06
16,88950,0.0007793181837769225,9.458060646764776e-06
16,88960,0.0007772099954308941,9.45793967840761e-06
16,88970,0.0007789463154040277,9.457818697324818e-06
16,88980,0.0007816405603080056,9.457697703516734e-06
16,88990,0.0007794662335072644,9.457576696983717e-06
16,89000,0.0007877014941186643,9.457455677726105e-06
16,89010,0.0007905530204880052,9.457334645744247e-06
16,89020,0.0007758529536658898,9.457213601038484e-06
16,89030,0.0007746540664811618,9.457092543609165e-06
16,89040,0.0007909339896286839,9.456971473456632e-06
16,89050,0.0007692802828387357,9.456850390581235e-06
16,89060,0.0007782488100929186,9.456729294983317e-06
16,89070,0.000778940376767423,9.456608186663226e-06
16,89080,0.0007925809404696338,9.456487065621307e-06
16,89090,0.0007790797608322464,9.456365931857902e-06
16,89100,0.0007929410567157901,9.456244785373361e-06
16,89110,0.0007733229387667962,9.456123626168028e-06
16,89120,0.0007799218015861697,9.456002454242248e-06
16,89130,0.0007781228865496814,9.455881269596369e-06
16,89140,0.0007786521746311336,9.455760072230739e-06
16,89150,0.0007807664471329189,9.4556388621457e-06
16,89160,0.0007686811179155484,9.4555176393416e-06
16,89170,0.0007715879924944601,9.455396403818785e-06
16,89180,0.0007835540178348312,9.455275155577597e-06
16,89190,0.0007765053349430672,9.455153894618384e-06
16,89200,0.0007860232130042277,9.455032620941498e-06
16,89210,0.0007746136310743168,9.45491133454728e-06
16,89220,0.0007737574880593457,9.454790035436071e-06
16,89230,0.0007795488098054193,9.45466872360823e-06
16,89240,0.0007754506223136559,9.454547399064097e-06
16,89250,0.0007861040096031502,9.454426061804016e-06
16,89260,0.0007808083420968615,9.454304711828331e-06
16,89270,0.0007736631072475575,9.454183349137398e-06
16,89280,0.0007778568135108799,9.454061973731554e-06
16,89290,0.0007777454695315101,9.453940585611155e-06
16,89300,0.0007901627293904313,9.453819184776542e-06
16,89310,0.0007853701303247363,9.453697771228058e-06
16,89320,0.000774764055677224,9.453576344966056e-06
16,89330,0.0007841304046451113,9.453454905990883e-06
16,89340,0.0007705787982558831,9.453333454302877e-06
16,89350,0.0007761935878079385,9.45321198990239e-06
16,89360,0.0007757224171655252,9.453090512789772e-06
16,89370,0.0007895441260188818,9.452969022965368e-06
16,89380,0.0007780191459460183,9.45284752042952e-06
16,89390,0.0007869696913985535,9.452726005182577e-06
16,89400,0.0007834066243958659,9.45260447722489e-06
16,89410,0.0007799876810167916,9.452482936556804e-06
16,89420,0.0007847025044611655,9.452361383178667e-06
16,89430,0.0007733816732070409,9.452239817090823e-06
16,89440,0.0007693226740229874,9.452118238293619e-06
16,89450,0.0007788773335050792,9.4519966467874e-06
16,89460,0.0007775155288982205,9.451875042572518e-06
16,89470,0.0007752890727715567,9.45175342564932e-06
16,89480,0.000773981369275134,9.451631796018146e-06
16,89490,0.0007798919454216957,9.451510153679354e-06
16,89500,0.0007805803965311497,9.451388498633286e-06
16,89510,0.000789687801443506,9.451266830880289e-06
16,89520,0.0007846151638659648,9.45114515042071e-06
16,89530,0.0007821187216904945,9.4510234572549e-06
16,89540,0.00077803116873838,9.4509017513832e-06
16,89550,0.0007762844426906667,9.450780032805967e-06
16,89560,0.0007847789660445415,9.450658301523539e-06
16,89570,0.0007797964717610739,9.450536557536262e-06
16,89580,0.0007854700306779705,9.450414800844492e-06
16,89590,0.0007875686584156938,9.450293031448572e-06
16,89600,0.0007755154059850611,9.450171249348851e-06
16,89610,0.0007804204331478104,9.450049454545672e-06
16,89620,0.0007746817849692888,9.44992764703939e-06
16,89630,0.0007770733383949846,9.44980582683035e-06
16,89640,0.0007798922699294053,9.449683993918898e-06
16,89650,0.0007753670564852656,9.449562148305382e-06
16,89660,0.0007853145638364368,9.449440289990153e-06
16,89670,0.0007778773026075215,9.449318418973558e-06
16,89680,0.0007811003801180051,9.449196535255942e-06
16,89690,0.0007842140970751643,9.449074638837652e-06
16,89700,0.0007745688693830743,9.448952729719044e-06
16,89710,0.0007833143274183386,9.44883080790046e-06
16,89720,0.000774266236112453,9.448708873382247e-06
16,89730,0.0007802426029229536,9.448586926164752e-06
16,89740,0.0007765562098938973,9.448464966248328e-06
16,89750,0.0007777639635605738,9.448342993633319e-06
16,89760,0.000780971476342529,9.448221008320076e-06
16,89770,0.000772820996644441,9.448099010308946e-06
16,89780,0.0007723244270891882,9.447976999600277e-06
16,89790,0.0007813151940354146,9.44785497619442e-06
16,89800,0.0007757407292956486,9.44773294009172e-06
16,89810,0.0007830446338630281,9.447610891292526e-06
16,89820,0.0007760193911963142,9.447488829797185e-06
16,89830,0.0007762955239741132,9.44736675560605e-06
16,89840,0.0007795318320859224,9.447244668719466e-06
16,89850,0.0007813930918928236,9.447122569137782e-06
16,89860,0.0007757061073789373,9.447000456861346e-06
16,89870,0.0007820373721187934,9.446878331890508e-06
16,89880,0.0007777955164783634,9.446756194225617e-06
16,89890,0.0007803489221259951,9.44663404386702e-06
16,89900,0.0007892402500147,9.446511880815068e-06
16,89910,0.0007747643074253574,9.446389705070108e-06
16,89920,0.0007744743372313679,9.446267516632485e-06
16,89930,0.0007753299651085399,9.446145315502553e-06
16,89940,0.0007800716950441711,9.446023101680666e-06
16,89950,0.0007843516286811791,9.445900875167162e-06
16,89960,0.0007825441207387485,9.445778635962395e-06
16,89970,0.0007818355254130438,9.445656384066712e-06
16,89980,0.0007772081095026805,9.44553411948046e-06
16,89990,0.0007787190465023741,9.445411842203993e-06
16,90000,0.0007772999524604528,9.445289552237662e-06
16,90010,0.0007771043470711448,9.445167249581812e-06
16,90020,0.0007701372567680664,9.445044934236789e-06
16,90030,0.000782960069773253,9.444922606202946e-06
16,90040,0.0007895014670793899,9.444800265480632e-06
16,90050,0.0007773308767355047,9.444677912070192e-06
16,90060,0.0007758449515677056,9.444555545971984e-06
16,90070,0.0007818149751983582,9.444433167186356e-06
16,90080,0.00078290575183928,9.44431077571365e-06
16,90090,0.0007838569348677994,9.444188371554218e-06
16,90100,0.0007915362701169215,9.44406595470841e-06
16,90110,0.0007774700919981113,9.443943525176579e-06
16,90120,0.0007820037004421464,9.44382108295907e-06
16,90130,0.0007784173343679867,9.443698628056235e-06
16,90140,0.0007800890176440589,9.443576160468425e-06
16,90150,0.0007786907211993821,9.443453680195985e-06
16,90160,0.0007762866895063782,9.44333118723927e-06
16,90170,0.0007780844898661599,9.443208681598625e-06
16,90180,0.000776476705505047,9.4430861632744e-06
16,90190,0.0007790185860358179,9.44296363226695e-06
16,90200,0.0007765542555716821,9.442841088576621e-06
16,90210,0.0007843117069569415,9.442718532203762e-06
16,90220,0.0007829312133253552,9.44259596314872e-06
16,90230,0.000779147501452826,9.44247338141185e-06
16,90240,0.0007711400568950921,9.442350786993503e-06
16,90250,0.0007709877347224392,9.442228179894024e-06
16,90260,0.0007766611248371193,9.442105560113766e-06
16,90270,0.0007816723955329508,9.441982927653078e-06
16,90280,0.0007886014791438356,9.441860282512307e-06
16,90290,0.0007791782132699155,9.44173762469181e-06
16,90300,0.0007715497893514111,9.441614954191935e-06
16,90310,0.0007767248374875635,9.441492271013034e-06
16,90320,0.0007785110967233777,9.441369575155445e-06
16,90330,0.000775049977528397,9.441246866619533e-06
16,90340,0.0007767906470689922,9.441124145405644e-06
16,90350,0.0007840068166842685,9.441001411514124e-06
16,90360,0.0007732134065008723,9.440878664945327e-06
16,90370,0.0007766725539113395,9.440755905699603e-06
16,90380,0.0007778706451063045,9.440633133777298e-06
16,90390,0.0007781799678923563,9.44051034917877e-06
16,90400,0.0007828271802281961,9.440387551904366e-06
16,90410,0.000773316784761846,9.440264741954436e-06
16,90420,0.0007851660397136585,9.440141919329334e-06
16,90430,0.0007926144884550014,9.440019084029403e-06
16,90440,0.0007828881673049182,9.439896236055002e-06
16,90450,0.0007774632293148898,9.43977337540648e-06
16,90460,0.0007797579688485711,9.43965050208418e-06
16,90470,0.0007829584035789594,9.439527616088461e-06
16,90480,0.0007738276617601514,9.439404717419673e-06
16,90490,0.0007796010351739824,9.439281806078165e-06
16,90500,0.0007805882312823088,9.439158882064286e-06
16,90510,0.0007882991587393918,9.439035945378392e-06
16,90520,0.0007781712978612631,9.438912996020828e-06
16,90530,0.000786415784386918,9.438790033991947e-06
16,90540,0.0007823709267540835,9.438667059292101e-06
16,90550,0.0007819509410182945,9.438544071921644e-06
16,90560,0.0007803772474289872,9.438421071880924e-06
16,90570,0.0007724736962700262,9.43829805917029e-06
16,90580,0.0007738065236480907,9.438175033790095e-06
16,90590,0.000791616911010351,9.438051995740694e-06
16,90600,0.0007738038169918583,9.437928945022435e-06
16,90610,0.0007747408177237957,9.437805881635663e-06
16,90620,0.0007769911419018172,9.437682805580737e-06
16,90630,0.0007739829234196804,9.437559716858005e-06
16,90640,0.0007788936185534112,9.437436615467823e-06
16,90650,0.0007799241604516283,9.437313501410539e-06
16,90660,0.0007795662881108,9.437190374686508e-06
16,90670,0.000774037282099016,9.437067235296077e-06
16,90680,0.0007724756927927955,9.4369440832396e-06
16,90690,0.0007841320679290221,9.436820918517423e-06
16,90700,0.0007810701572452673,9.436697741129903e-06
16,90710,0.0007757358383969404,9.436574551077388e-06
16,90720,0.0007784015688230284,9.436451348360236e-06
16,90730,0.0007894976952229626,9.43632813297879e-06
16,90740,0.0007788953502313234,9.436204904933411e-06
16,90750,0.000783393339952454,9.436081664224446e-06
16,90760,0.0007782807137118652,9.43595841085225e-06
16,90770,0.0007739127293461933,9.435835144817172e-06
16,90780,0.0007794210701831617,9.435711866119563e-06
16,90790,0.0007769886477035471,9.435588574759775e-06
16,90800,0.0007826078872312791,9.435465270738165e-06
16,90810,0.0007806415116647259,9.435341954055074e-06
16,90820,0.0007776254904456436,9.435218624710863e-06
16,90830,0.0007748313510091975,9.43509528270588e-06
16,90840,0.0007821852806955576,9.43497192804048e-06
16,90850,0.0007732071258942598,9.434848560715013e-06
16,90860,0.0007785144509398379,9.434725180729832e-06
16,90870,0.0007741212772089058,9.434601788085289e-06
16,90880,0.0007788979841279797,9.434478382781738e-06
16,90890,0.0007837375218514353,9.434354964819533e-06
16,90900,0.0007773521196213551,9.434231534199024e-06
16,90910,0.0007777120597893372,9.434108090920559e-06
16,90920,0.0007780805724905803,9.433984634984494e-06
16,90930,0.000769972475245595,9.433861166391184e-06
16,90940,0.0008011416692170314,9.433737685140975e-06
16,90950,0.0007796367513947188,9.433614191234226e-06
16,90960,0.0007700877336901613,9.433490684671281e-06
16,90970,0.0007685394462896512,9.433367165452504e-06
16,90980,0.0007791038893628866,9.43324363357824e-06
16,90990,0.000771801092196256,9.433120089048844e-06
16,91000,0.0007830702612409368,9.432996531864668e-06
16,91010,0.0007748350108158775,9.432872962026063e-06
16,91020,0.0007782475120620802,9.432749379533386e-06
16,91030,0.0007818729616701603,9.432625784386989e-06
16,91040,0.0007665995304705575,9.432502176587224e-06
16,91050,0.0007821857172530145,9.432378556134441e-06
16,91060,0.0007820703031029552,9.432254923028998e-06
16,91070,0.0007771600212436169,9.432131277271242e-06
16,91080,0.0007805923669366166,9.432007618861529e-06
16,91090,0.0007838006320525892,9.43188394780021e-06
16,91100,0.0007861906997277401,9.431760264087647e-06
16,91110,0.0007774888930725866,9.431636567724185e-06
16,91120,0.0007774866709951312,9.431512858710176e-06
16,91130,0.0007736115469015204,9.431389137045974e-06
16,91140,0.000780103866418358,9.431265402731932e-06
16,91150,0.0007792909062118269,9.431141655768406e-06
16,91160,0.0007738227213849314,9.431017896155747e-06
16,91170,0.0007760838692774996,9.430894123894313e-06
16,91180,0.0007817220903234556,9.430770338984453e-06
16,91190,0.0007806176203303039,9.430646541426518e-06
16,91200,0.0007808707407093607,9.430522731220862e-06
16,91210,0.000785870231629815,9.430398908367845e-06
16,91220,0.0007760988519294187,9.430275072867815e-06
16,91230,0.0007855395684600808,9.430151224721127e-06
16,91240,0.0007739311375189572,9.430027363928134e-06
16,91250,0.0007697438442846761,9.42990349048919e-06
16,91260,0.0007788137183524669,9.429779604404649e-06
16,91270,0.0007868925022194162,9.42965570567486e-06
16,91280,0.0007789911222062074,9.429531794300181e-06
16,91290,0.0007759919069940225,9.429407870280965e-06
16,91300,0.0007898755065980367,9.42928393361757e-06
16,91310,0.0007742164030787534,9.429159984310341e-06
16,91320,0.0007804575390764513,9.429036022359641e-06
16,91330,0.0007724268594756722,9.42891204776582e-06
16,91340,0.000775044375041034,9.42878806052923e-06
16,91350,0.0007765087866573595,9.428664060650229e-06
16,91360,0.0007814047508873045,9.428540048129168e-06
16,91370,0.0007754831778584049,9.4284160229664e-06
16,91380,0.0007813287011231296,9.428291985162279e-06
16,91390,0.00077635091583943,9.428167934717163e-06
16,91400,0.0007763949426589533,9.4280438716314e-06
16,91410,0.0007883091893745587,9.42791979590535e-06
16,91420,0.0007832437127945014,9.427795707539366e-06
16,91430,0.0007776367085170933,9.427671606533804e-06
16,91440,0.0007765078378724865,9.427547492889015e-06
16,91450,0.0007736431201919913,9.42742336660535e-06
16,91460,0.0007737022315268405,9.427299227683167e-06
16,91470,0.0007804890628904104,9.42717507612282e-06
16,91480,0.0007766127222566866,9.42705091192467e-06
16,91490,0.0007821522158337757,9.426926735089062e-06
16,91500,0.0007754422753350809,9.426802545616354e-06
16,91510,0.0007765936752548441,9.426678343506902e-06
16,91520,0.0007851718939491548,9.426554128761058e-06
16,91530,0.0007727719697868451,9.426429901379175e-06
16,91540,0.0007747547075268812,9.426305661361613e-06
16,91550,0.0007815921402652748,9.42618140870872e-06
16,91560,0.0007821268460247665,9.426057143420854e-06
16,91570,0.0007922290416900069,9.425932865498374e-06
16,91580,0.00077180980151752,9.425808574941628e-06
16,91590,0.0007700574336922728,9.425684271750978e-06
16,91600,0.000786545228038449,9.425559955926772e-06
16,91610,0.0007835022814106196,9.425435627469368e-06
16,91620,0.0007774840196361765,9.42531128637912e-06
16,91630,0.0007755547572742215,9.425186932656385e-06
16,91640,0.0007710961377597414,9.425062566301514e-06
16,91650,0.0007800214269082062,9.42493818731486e-06
16,91660,0.000776924189995043,9.424813795696786e-06
16,91670,0.0007783959910739214,9.424689391447645e-06
16,91680,0.0007809417278622277,9.424564974567792e-06
16,91690,0.0007857222357415593,9.424440545057582e-06
16,91700,0.0007828025991329923,9.424316102917365e-06
16,91710,0.0007898230061982759,9.4241916481475e-06
16,91720,0.0007809165050275623,9.424067180748344e-06
16,91730,0.0007816258308594115,9.423942700720248e-06
16,91740,0.0007805543500580825,9.423818208063571e-06
16,91750,0.00078365341614699,9.423693702778668e-06
16,91760,0.0007785701774992049,9.423569184865894e-06
16,91770,0.0007723632967099548,9.423444654325605e-06
16,91780,0.0007801771629601717,9.423320111158156e-06
16,91790,0.0007729863384156488,9.423195555363902e-06
16,91800,0.0007750191492959857,9.423070986943201e-06
16,91810,0.0007627703613252379,9.422946405896408e-06
16,91820,0.0007779703199048526,9.422821812223872e-06
16,91830,0.0007798714010277763,9.422697205925953e-06
16,91840,0.0007744317306787706,9.422572587003006e-06
16,91850,0.0007803178537869826,9.42244795545539e-06
16,91860,0.0007836057950044051,9.422323311283462e-06
16,91870,0.0007669461308978499,9.422198654487576e-06
16,91880,0.0007813026328221895,9.422073985068084e-06
16,91890,0.000777738644683268,9.421949303025345e-06
16,91900,0.0007769534713588655,9.421824608359713e-06
16,91910,0.0007813903808710166,9.421699901071544e-06
16,91920,0.0007858402022975497,9.421575181161196e-06
16,91930,0.0007797784870490431,9.421450448629025e-06
16,91940,0.0007693176157772541,9.421325703475387e-06
16,91950,0.0007733432736131362,9.421200945700634e-06
16,91960,0.0007933720873552374,9.421076175305132e-06
16,91970,0.0007790622010361403,9.420951392289228e-06
16,91980,0.0007784509187331423,9.42082659665328e-06
16,91990,0.0007828300731489435,9.420701788397648e-06
16,92000,0.0007841374055715278,9.420576967522688e-06
16,92010,0.0007771654447424226,9.420452134028752e-06
16,92020,0.0007799442479154094,9.420327287916196e-06
16,92030,0.0007756960199913009,9.420202429185381e-06
16,92040,0.0007782825574395246,9.42007755783666e-06
16,92050,0.0007727082862402313,9.419952673870388e-06
16,92060,0.0007747166018816642,9.419827777286926e-06
16,92070,0.0007786079426296055,9.41970286808663e-06
16,92080,0.0007830631584511138,9.419577946269854e-06
16,92090,0.0007859798046411015,9.419453011836957e-06
16,92100,0.0007900516618974506,9.419328064788288e-06
16,92110,0.0007774015306495131,9.419203105124217e-06
16,92120,0.0007720319117652252,9.41907813284509e-06
16,92130,0.0007714003542787396,9.418953147951273e-06
16,92140,0.0007712447433732449,9.418828150443113e-06
16,92150,0.0007791585623635911,9.418703140320969e-06
16,92160,0.0007745547278318553,9.418578117585198e-06
16,92170,0.0007724243696429767,9.41845308223616e-06
16,92180,0.0007705197334871627,9.418328034274213e-06
16,92190,0.0007798931241268293,9.418202973699714e-06
16,92200,0.0007782749526086263,9.418077900513014e-06
16,92210,0.0007785797570249997,9.417952814714477e-06
16,92220,0.0007768151379423217,9.417827716304456e-06
16,92230,0.0007770442913169974,9.41770260528331e-06
16,92240,0.0007847681059502064,9.41757748165139e-06
16,92250,0.0007818311758455821,9.417452345409065e-06
16,92260,0.0007791598778567277,9.417327196556681e-06
16,92270,0.0007839714657166042,9.4172020350946e-06
16,92280,0.0007815836856025271,9.417076861023181e-06
16,92290,0.0007743176582152956,9.416951674342778e-06
16,92300,0.0007827034147339873,9.416826475053748e-06
16,92310,0.0007761976579786278,9.416701263156454e-06
16,92320,0.0007772290977300145,9.41657603865125e-06
16,92330,0.0007756101127597502,9.416450801538488e-06
16,92340,0.0007707763244980015,9.416325551818531e-06
16,92350,0.0007877933356212452,9.41620028949174e-06
16,92360,0.0007788577902829274,9.416075014558465e-06
16,92370,0.0007759313040878624,9.415949727019066e-06
16,92380,0.0007837782046408392,9.415824426873903e-06
16,92390,0.0007774343830533326,9.415699114123332e-06
16,92400,0.0007710746082011609,9.415573788767714e-06
16,92410,0.000785681810521055,9.415448450807404e-06
16,92420,0.000776519461942371,9.41532310024276e-06
16,92430,0.0007747659357846715,9.415197737074138e-06
16,92440,0.0007805764485965483,9.415072361301896e-06
16,92450,0.0007773527948302216,9.414946972926393e-06
16,92460,0.0007833559095161035,9.414821571947989e-06
16,92470,0.0007795855490257964,9.414696158367039e-06
16,92480,0.0007803947170032189,9.414570732183903e-06
16,92490,0.0007852414899389259,9.414445293398937e-06
16,92500,0.0007753362500807271,9.414319842012503e-06
16,92510,0.0007760813474305905,9.414194378024954e-06
16,92520,0.0007753560406854376,9.414068901436653e-06
16,92530,0.0007775620208121837,9.413943412247953e-06
16,92540,0.000784425050369464,9.413817910459216e-06
16,92550,0.0007775443446007556,9.413692396070798e-06
16,92560,0.0007781505715684034,9.41356686908306e-06
16,92570,0.0007774848534609192,9.413441329496354e-06
16,92580,0.0007742532456177287,9.413315777311051e-06
16,92590,0.0007774131518090144,9.413190212527501e-06
16,92600,0.0007764942740323022,9.41306463514606e-06
16,92610,0.000781689619179815,9.412939045167088e-06
16,92620,0.0007800169230904431,9.412813442590947e-06
16,92630,0.0007859639124944806,9.412687827417997e-06
16,92640,0.0007738956817775033,9.412562199648591e-06
16,92650,0.0007658632050151937,9.412436559283087e-06
16,92660,0.0007847374974517152,9.412310906321845e-06
16,92670,0.0007657352616661228,9.412185240765227e-06
16,92680,0.0007826741464668886,9.412059562613595e-06
16,92690,0.0007807561763911508,9.411933871867298e-06
16,92700,0.000775726705614943,9.4118081685267e-06
16,92710,0.0007820690268999897,9.411682452592164e-06
16,92720,0.0007822038256563245,9.411556724064042e-06
16,92730,0.000774734842707403,9.411430982942694e-06
16,92740,0.0007769527990603819,9.411305229228479e-06
16,92750,0.0007803705404512585,9.411179462921756e-06
16,92760,0.0007768345385557041,9.411053684022888e-06
16,92770,0.0007794003322487697,9.410927892532227e-06
16,92780,0.0007767254559439608,9.41080208845014e-06
16,92790,0.0007796697085723281,9.410676271776978e-06
16,92800,0.0007673455926124007,9.410550442513106e-06
16,92810,0.0007734590806649066,9.410424600658884e-06
16,92820,0.0007761452099657618,9.410298746214671e-06
16,92830,0.0007739205480902456,9.410172879180821e-06
16,92840,0.0007723174800048582,9.410046999557696e-06
16,92850,0.0007768934257910587,9.409921107345656e-06
16,92860,0.0007754261154332199,9.409795202545062e-06
16,92870,0.0007742405650787987,9.409669285156268e-06
16,92880,0.0007834574033040553,9.409543355179639e-06
16,92890,0.0007776968617690727,9.40941741261553e-06
16,92900,0.0007771203017910012,9.409291457464304e-06
16,92910,0.0007698378190980293,9.409165489726324e-06
16,92920,0.0007760719221550972,9.409039509401943e-06
16,92930,0.0007793433949700556,9.408913516491522e-06
16,92940,0.0007822199826478027,9.408787510995422e-06
16,92950,0.0007683527015615255,9.408661492914003e-06
16,92960,0.0007737636784440838,9.40853546224762e-06
16,92970,0.0007747879775706678,9.408409418996637e-06
16,92980,0.0007757936895359307,9.408283363161417e-06
16,92990,0.0007760864260490053,9.408157294742312e-06
16,93000,0.0007847741871955805,9.408031213739688e-06
16,93010,0.0007933376895380205,9.407905120153901e-06
16,93020,0.0007709811514359898,9.407779013985314e-06
16,93030,0.0007764779526041822,9.407652895234284e-06
16,93040,0.0007805860979715363,9.407526763901174e-06
16,93050,0.0007825523454812355,9.40740061998634e-06
16,93060,0.0007947125792270527,9.407274463490152e-06
16,93070,0.0007872409318224527,9.407148294412962e-06
16,93080,0.0007850445341318845,9.407022112755132e-06
16,93090,0.0007814146127202549,9.406895918517018e-06
16,93100,0.0007784557645209133,9.406769711698986e-06
16,93110,0.0007792320015141741,9.406643492301395e-06
16,93120,0.0007771706194034777,9.406517260324603e-06
16,93130,0.00077829309302615,9.406391015768969e-06
16,93140,0.0007826899527572095,9.406264758634857e-06
16,93150,0.0007731137244263664,9.406138488922623e-06
16,93160,0.0007719586676103063,9.406012206632636e-06
16,93170,0.0007844651030609384,9.405885911765251e-06
16,93180,0.0007775483769364654,9.40575960432083e-06
16,93190,0.0007801749103236943,9.405633284299731e-06
16,93200,0.0007729945471510291,9.405506951702318e-06
16,93210,0.0007781661930494011,9.405380606528948e-06
16,93220,0.0007728723314357921,9.405254248779984e-06
16,93230,0.0007728561962721869,9.405127878455787e-06
16,93240,0.0007894472000771202,9.405001495556714e-06
16,93250,0.0007889321947004645,9.40487510008313e-06
16,93260,0.0007768140480038711,9.404748692035396e-06
16,93270,0.0007787757582264021,9.40462227141387e-06
16,93280,0.0007690007783821784,9.404495838218911e-06
16,93290,0.0007826532484614291,9.404369392450888e-06
16,93300,0.0007779755207593553,9.404242934110159e-06
16,93310,0.0007789549898006953,9.40411646319708e-06
16,93320,0.0007840698468498886,9.403989979712015e-06
16,93330,0.0007834326621377841,9.403863483655324e-06
16,93340,0.0007781324748066254,9.40373697502737e-06
16,93350,0.0007774412166327237,9.403610453828515e-06
16,93360,0.0007820227765478194,9.40348392005912e-06
16,93370,0.0007907293591415509,9.40335737371954e-06
16,93380,0.0007807949805282988,9.403230814810146e-06
16,93390,0.0007745808456093074,9.403104243331289e-06
16,93400,0.0007770126758259721,9.402977659283338e-06
16,93410,0.000776445708470419,9.402851062666652e-06
16,93420,0.0007788599803461693,9.40272445348159e-06
16,93430,0.0007713811355642974,9.402597831728516e-06
16,93440,0.0007919655196019449,9.40247119740779e-06
16,93450,0.0007780579559039324,9.402344550519779e-06
16,93460,0.0007774000259814784,9.402217891064835e-06
16,93470,0.0007855127114453353,9.402091219043323e-06
16,93480,0.0007849431320209987,9.401964534455607e-06
16,93490,0.0007769945601467042,9.401837837302048e-06
16,93500,0.0007760485576000064,9.401711127583011e-06
16,93510,0.000780849666625727,9.401584405298853e-06
16,93520,0.0007793172073434107,9.401457670449936e-06
16,93530,0.0007707670811214485,9.401330923036629e-06
16,93540,0.0007772884098812938,9.401204163059284e-06
16,93550,0.0007772332639433444,9.401077390518266e-06
16,93560,0.0007752890611300246,9.400950605413938e-06
16,93570,0.0007695850668824277,9.40082380774666e-06
16,93580,0.0007733204969554209,9.400696997516792e-06
16,93590,0.0007745617171167396,9.400570174724705e-06
16,93600,0.0007820472397725098,9.400443339370755e-06
16,93610,0.0007678885725908914,9.400316491455303e-06
16,93620,0.0007679278045543469,9.400189630978714e-06
16,93630,0.0007718554246821442,9.400062757941344e-06
16,93640,0.0007798184233251959,9.399935872343563e-06
16,93650,0.0007678412221139297,9.39980897418573e-06
16,93660,0.000782033176801633,9.399682063468204e-06
16,93670,0.0007768771378323437,9.399555140191353e-06
16,93680,0.0007834130534320139,9.399428204355537e-06
16,93690,0.0007716962645645252,9.399301255961113e-06
16,93700,0.0007746101764496416,9.399174295008454e-06
16,93710,0.0007718862761976197,9.399047321497914e-06
16,93720,0.0007759709726087748,9.398920335429864e-06
16,93730,0.0007799416809575632,9.398793336804657e-06
16,93740,0.0007803277505445293,9.398666325622657e-06
16,93750,0.0007677052170038223,9.398539301884233e-06
16,93760,0.0007826754037523643,9.398412265589745e-06
16,93770,0.0007737502703093924,9.398285216739553e-06
16,93780,0.0007694252562941983,9.398158155334017e-06
16,93790,0.0007691996084759012,9.398031081373509e-06
16,93800,0.0007759024214465172,9.397903994858382e-06
16,93810,0.0007677996720303782,9.397776895789005e-06
16,93820,0.0007797291429596952,9.397649784165735e-06
16,93830,0.0007749899057671427,9.397522659988944e-06
16,93840,0.0007769885414745659,9.397395523258985e-06
16,93850,0.0007771289514494129,9.397268373976229e-06
16,93860,0.0007725303483312019,9.397141212141032e-06
16,93870,0.000776790891541168,9.397014037753764e-06
16,93880,0.0007808776339516045,9.396886850814783e-06
16,93890,0.0007652023021364585,9.396759651324454e-06
16,93900,0.0007811557676177471,9.39663243928314e-06
16,93910,0.0007796260309987702,9.396505214691205e-06
16,93920,0.0007832881397916935,9.39637797754901e-06
16,93930,0.0007762301407638005,9.396250727856923e-06
16,93940,0.0007806785069988109,9.3961234656153e-06
16,93950,0.0007751762270345353,9.395996190824509e-06
16,93960,0.0007774917641654611,9.395868903484908e-06
16,93970,0.0007717627784586511,9.395741603596865e-06
16,93980,0.0007859060235205107,9.395614291160747e-06
16,93990,0.0007748301781248301,9.39548696617691e-06
16,94000,0.0007835280499421059,9.395359628645725e-06
16,94010,0.0007799298909958452,9.395232278567547e-06
16,94020,0.0007844775216653944,9.39510491594275e-06
16,94030,0.0007821363135008142,9.39497754077169e-06
16,94040,0.0007711403028224595,9.394850153054725e-06
16,94050,0.0007770424286718479,9.39472275279223e-06
16,94060,0.0007713229235378094,9.394595339984567e-06
16,94070,0.0007778647341183387,9.394467914632091e-06
16,94080,0.000779826111102011,9.394340476735176e-06
16,94090,0.0007735818333458155,9.394213026294179e-06
16,94100,0.0007788528411765583,9.394085563309466e-06
16,94110,0.0007798943319357931,9.393958087781403e-06
16,94120,0.0007780885367537848,9.393830599710355e-06
16,94130,0.0007805623870808631,9.393703099096681e-06
16,94140,0.000774505760637112,9.393575585940748e-06
16,94150,0.0007822559186024591,9.393448060242916e-06
16,94160,0.0007773741148412227,9.393320522003552e-06
16,94170,0.0007764078662148677,9.393192971223022e-06
16,94180,0.0007719497341895476,9.393065407901688e-06
16,94190,0.0007791822674334981,9.392937832039916e-06
16,94200,0.000777063072018791,9.392810243638067e-06
16,94210,0.0007676497960346752,9.392682642696508e-06
16,94220,0.0007793076001689769,9.3925550292156e-06
16,94230,0.0007701906011789105,9.392427403195712e-06
16,94240,0.0007749634591164067,9.392299764637201e-06
16,validation,0.0007697572145843878,9.392299764637201e-06
17,94250,0.0007747299590846525,9.392172113540438e-06
17,94260,0.0007804457505699247,9.392044449905785e-06
17,94270,0.0007838341014576145,9.391916773733609e-06
17,94280,0.0007754560225293973,9.391789085024271e-06
17,94290,0.0007839576675905846,9.391661383778137e-06
17,94300,0.000775668902497273,9.39153366999557e-06
17,94310,0.0007841807746444829,9.391405943676937e-06
17,94320,0.0007765301852487028,9.391278204822598e-06
17,94330,0.0007742180663626641,9.391150453432922e-06
17,94340,0.0007807529196725226,9.391022689508277e-06
17,94350,0.0007755458951578476,9.39089491304902e-06
17,94360,0.0007687852092203684,9.390767124055518e-06
17,94370,0.0007749622673145495,9.390639322528138e-06
17,94380,0.0007818343918188476,9.390511508467244e-06
17,94390,0.0007769813208142295,9.390383681873202e-06
17,94400,0.0007814028038410469,9.390255842746379e-06
17,94410,0.0007866870160796679,9.39012799108713e-06
17,94420,0.0007806772424373775,9.39000012689583e-06
17,94430,0.0007778842627885751,9.389872250172838e-06
17,94440,0.0007867659282055684,9.389744360918523e-06
17,94450,0.0007785807451000438,9.389616459133248e-06
17,94460,0.000776155742642004,9.38948854481738e-06
17,94470,0.00077214013581397,9.389360617971285e-06
17,94480,0.0007853835515561514,9.38923267859532e-06
17,94490,0.0007823988358722999,9.389104726689861e-06
17,94500,0.0007718275010120124,9.38897676225527e-06
17,94510,0.0007719922010437586,9.38884878529191e-06
17,94520,0.0007733326623565517,9.388720795800146e-06
17,94530,0.0007778050669003278,9.388592793780343e-06
17,94540,0.0007792848366079852,9.388464779232872e-06
17,94550,0.0007738552565569989,9.388336752158096e-06
17,94560,0.000782314570096787,9.388208712556378e-06
17,94570,0.0007783441513311117,9.38808066042808e-06
17,94580,0.0007789824230712838,9.38795259577357e-06
17,94590,0.0007779136445606128,9.387824518593219e-06
17,94600,0.0007713996616075746,9.387696428887385e-06
17,94610,0.0007871300156693905,9.38756832665644e-06
17,94620,0.0007854220253648236,9.387440211900749e-06
17,94630,0.000770374147396069,9.387312084620675e-06
17,94640,0.0007902083671069704,9.387183944816583e-06
17,94650,0.0007880185017711483,9.387055792488842e-06
17,94660,0.0007726408337475733,9.386927627637814e-06
17,94670,0.0007832543691620229,9.386799450263869e-06
17,94680,0.0007812085663317704,9.386671260367372e-06
17,94690,0.0007940930008771829,9.386543057948685e-06
17,94700,0.0007767250659526326,9.386414843008179e-06
17,94710,0.0007812893003574572,9.386286615546224e-06
17,94720,0.0007832907998817974,9.386158375563172e-06
17,94730,0.0007821380291716195,9.386030123059401e-06
17,94740,0.0007811517745722086,9.385901858035272e-06
17,94750,0.0007726052062935196,9.385773580491152e-06
17,94760,0.0007831029710359871,9.38564529042741e-06
17,94770,0.0007672609921428376,9.385516987844405e-06
17,94780,0.0007867720851209015,9.38538867274251e-06
17,94790,0.0007815067525370978,9.385260345122092e-06
17,94800,0.0007759857486234977,9.385132004983512e-06
17,94810,0.0007742672081803904,9.385003652327141e-06
17,94820,0.0007781811174936592,9.384875287153343e-06
17,94830,0.0007743020920315757,9.384746909462483e-06
17,94840,0.0007774806610541419,9.384618519254933e-06
17,94850,0.000772746346774511,9.384490116531053e-06
17,94860,0.0007798468461260199,9.384361701291214e-06
17,94870,0.0007738629414234309,9.384233273535783e-06
17,94880,0.0007849245172110386,9.384104833265123e-06
17,94890,0.0007795345125487075,9.3839763804796e-06
17,94900,0.0007729123826720752,9.383847915179585e-06
17,94910,0.0007719475863268599,9.383719437365442e-06
17,94920,0.0007839376674382947,9.383590947037535e-06
17,94930,0.0007736719708191231,9.383462444196238e-06
17,94940,0.0007797375423251651,9.383333928841909e-06
17,94950,0.0007829132140614092,9.383205400974923e-06
17,94960,0.0007870738103520125,9.383076860595643e-06
17,94970,0.0007806726745911874,9.382948307704438e-06
17,94980,0.0007797579455655068,9.382819742301675e-06
17,94990,0.000771286770759616,9.382691164387715e-06
17,95000,0.0007764906404190697,9.382562573962934e-06
17,95010,0.0007768574287183584,9.382433971027692e-06
17,95020,0.0007704702817136421,9.382305355582363e-06
17,95030,0.0007673022846574894,9.382176727627306e-06
17,95040,0.0007790140123688617,9.382048087162894e-06
17,95050,0.0007633552071638405,9.381919434189493e-06
17,95060,0.0007654611064936035,9.381790768707468e-06
17,95070,0.0007745882758172229,9.381662090717188e-06
17,95080,0.0007728397846221924,9.381533400219024e-06
17,95090,0.0007705018273554743,9.381404697213335e-06
17,95100,0.0007766141134197824,9.381275981700494e-06
17,95110,0.0007762064502458087,9.381147253680868e-06
17,95120,0.0007872741931350901,9.381018513154821e-06
17,95130,0.0007735584731562994,9.380889760122725e-06
17,95140,0.0007788704300764948,9.380760994584945e-06
17,95150,0.0007806393085047602,9.380632216541852e-06
17,95160,0.0007738713567960075,9.38050342599381e-06
17,95170,0.000775295686617028,9.380374622941185e-06
17,95180,0.0007700684509472921,9.380245807384352e-06
17,95190,0.0007821064733434468,9.380116979323672e-06
17,95200,0.0007744567847112194,9.379988138759517e-06
17,95210,0.00077507950772997,9.379859285692252e-06
17,95220,0.0007830957823898644,9.379730420122245e-06
17,95230,0.0007793435230269098,9.379601542049863e-06
17,95240,0.000771315538440831,9.379472651475478e-06
17,95250,0.0007750258824671619,9.379343748399453e-06
17,95260,0.0007728276221314445,9.379214832822158e-06
17,95270,0.0007839058554964139,9.379085904743962e-06
17,95280,0.0007694968080613762,9.378956964165231e-06
17,95290,0.0007795675119268708,9.378828011086334e-06
17,95300,0.0007749823736958205,9.378699045507639e-06
17,95310,0.0007824949876521714,9.378570067429516e-06
17,95320,0.0007703048002440482,9.378441076852331e-06
17,95330,0.000776084182143677,9.37831207377645e-06
17,95340,0.0007778235623845831,9.378183058202249e-06
17,95350,0.0007779375475365669,9.37805403013009e-06
17,95360,0.000779136409983039,9.377924989560343e-06
17,95370,0.0007779706051223912,9.377795936493377e-06
17,95380,0.0007817791600245982,9.377666870929558e-06
17,95390,0.0007798965074471198,9.377537792869257e-06
17,95400,0.0007752700388664381,9.377408702312841e-06
17,95410,0.0007820293598342687,9.37727959926068e-06
17,95420,0.0007767903851345182,9.377150483713142e-06
17,95430,0.0007791279786033556,9.377021355670594e-06
17,95440,0.0007878213407821022,9.376892215133407e-06
17,95450,0.0007815167584340089,9.376763062101947e-06
17,95460,0.0007880984470830299,9.376633896576585e-06
17,95470,0.0007747061550617218,9.376504718557688e-06
17,95480,0.0007732510683126747,9.376375528045627e-06
17,95490,0.0007802226929925383,9.376246325040768e-06
17,95500,0.0007789306313497945,9.37611710954348e-06
17,95510,0.0007785983456415125,9.375987881554133e-06
17,95520,0.0007772939308779315,9.375858641073098e-06
17,95530,0.0007751969504170119,9.37572938810074e-06
17,95540,0.0007916726011899301,9.375600122637434e-06
17,95550,0.0007748094227281399,9.375470844683539e-06
17,95560,0.0007759653133689427,9.375341554239433e-06
17,95570,0.0007606435130583123,9.37521225130548e-06
17,95580,0.0007685933320317418,9.375082935882048e-06
17,95590,0.0007815891149220988,9.37495360796951e-06
17,95600,0.0007718107604887337,9.374824267568238e-06
17,95610,0.0007728802564088255,9.374694914678596e-06
17,95620,0.0007886862673331052,9.374565549300955e-06
17,95630,0.000779158818477299,9.374436171435685e-06
17,95640,0.0007781285559758543,9.374306781083152e-06
17,95650,0.0007747380441287532,9.374177378243731e-06
17,95660,0.0007798973951139487,9.374047962917787e-06
17,95670,0.0007844389154342934,9.373918535105688e-06
17,95680,0.0007883967700763606,9.373789094807806e-06
17,95690,0.0007872130881878547,9.373659642024512e-06
17,95700,0.0007784746616380289,9.373530176756175e-06
17,95710,0.0007800008708727546,9.373400699003165e-06
17,95720,0.000778010138310492,9.373271208765843e-06
17,95730,0.0007852579146856442,9.373141706044592e-06
17,95740,0.0007806275301845745,9.373012190839772e-06
17,95750,0.000769171076535713,9.372882663151758e-06
17,95760,0.0007751399592962116,9.372753122980918e-06
17,95770,0.0007763958550640382,9.372623570327626e-06
17,95780,0.0007724129973212257,9.372494005192242e-06
17,95790,0.0007759720596368425,9.372364427575142e-06
17,95800,0.0007769289280986412,9.372234837476697e-06
17,95810,0.0007851761518395505,9.372105234897276e-06
17,95820,0.000781970695243217,9.371975619837245e-06
17,95830,0.0007754625592497177,9.37184599229698e-06
17,95840,0.0007755522965453565,9.371716352276846e-06
17,95850,0.0007782421293086372,9.371586699777217e-06
17,95860,0.0007815320990630425,9.371457034798457e-06
17,95870,0.0007775862875860185,9.371327357340946e-06
17,95880,0.0007748880540020763,9.371197667405051e-06
17,95890,0.0007741219815216027,9.371067964991137e-06
17,95900,0.0007766753318719567,9.370938250099575e-06
17,95910,0.0007768767973175272,9.370808522730737e-06
17,95920,0.0007852315553463995,9.370678782884992e-06
17,95930,0.00078187262697611,9.37054903056272e-06
17,95940,0.0007801672269124538,9.370419265764278e-06
17,95950,0.0007770318043185398,9.370289488490042e-06
17,95960,0.0007799004699336364,9.370159698740384e-06
17,95970,0.0007772734985337593,9.37002989651567e-06
17,95980,0.0007862606333219446,9.369900081816274e-06
17,95990,0.0007882016492658296,9.369770254642564e-06
17,96000,0.000780915173527319,9.369640414994916e-06
17,96010,0.0007760910943034106,9.3695105628737e-06
17,96020,0.0007787136346451007,9.369380698279283e-06
17,96030,0.0007692278610193171,9.369250821212034e-06
17,96040,0.0007792679825797677,9.369120931672331e-06
17,96050,0.0007848342123907059,9.368991029660539e-06
17,96060,0.0007728312266408466,9.368861115177032e-06
17,96070,0.000776215860969387,9.368731188222177e-06
17,96080,0.0007770937008899637,9.368601248796345e-06
17,96090,0.0007837832294171676,9.368471296899906e-06
17,96100,0.0007730414043180645,9.368341332533238e-06
17,96110,0.0007848262874176725,9.368211355696705e-06
17,96120,0.0007742361689452082,9.36808136639068e-06
17,96130,0.0007777565973810852,9.367951364615539e-06
17,96140,0.0007842694045393728,9.367821350371646e-06
17,96150,0.0007839333120500669,9.367691323659377e-06
17,96160,0.000778710746089928,9.367561284479102e-06
17,96170,0.0007740843837382271,9.36743123283119e-06
17,96180,0.0007797231141012162,9.367301168716009e-06
17,96190,0.000780921611294616,9.36717109213394e-06
17,96200,0.0007728716038400307,9.367041003085349e-06
17,96210,0.0007691617560340092,9.36691090157061e-06
17,96220,0.0007790562929585577,9.366780787590088e-06
17,96230,0.0007784899789839983,9.36665066114416e-06
17,96240,0.0007802139429259115,9.366520522233196e-06
17,96250,0.0007793459662934765,9.366390370857567e-06
17,96260,0.000774415850173682,9.366260207017642e-06
17,96270,0.0007758475636364891,9.366130030713798e-06
17,96280,0.0007709417783189566,9.365999841946401e-06
17,96290,0.0007667971527553163,9.365869640715826e-06
17,96300,0.000782515257014893,9.365739427022449e-06
17,96310,0.0007907473787781783,9.365609200866633e-06
17,96320,0.000776981160743162,9.365478962248758e-06
17,96330,0.000779805022466462,9.365348711169189e-06
17,96340,0.0007831683498807252,9.3652184476283e-06
17,96350,0.0007720749359577893,9.365088171626463e-06
17,96360,0.0007747874653432518,9.364957883164052e-06
17,96370,0.0007795030323904939,9.364827582241435e-06
17,96380,0.0007778738465276547,9.36469726885899e-06
17,96390,0.0007804397580912336,9.364566943017083e-06
17,96400,0.0007730863217147999,9.364436604716086e-06
17,96410,0.0007757905914331786,9.364306253956376e-06
17,96420,0.0007752117453492247,9.364175890738324e-06
17,96430,0.0007828918169252573,9.364045515062296e-06
17,96440,0.000775563926436007,9.363915126928668e-06
17,96450,0.0007860517405788414,9.363784726337813e-06
17,96460,0.0007729127086349764,9.363654313290103e-06
17,96470,0.0007739527223748155,9.36352388778591e-06
17,96480,0.0007723494331003168,9.363393449825608e-06
17,96490,0.0007840259320801125,9.363262999409568e-06
17,96500,0.0007786627946188673,9.36313253653816e-06
17,96510,0.0007835727898054755,9.363002061211761e-06
17,96520,0.0007792500895448029,9.362871573430742e-06
17,96530,0.0007905738268163987,9.362741073195474e-06
17,96540,0.0007730161523795687,9.36261056050633e-06
17,96550,0.0007829044014215469,9.362480035363682e-06
17,96560,0.0007685576943913474,9.362349497767903e-06
17,96570,0.0007834710660972633,9.362218947719365e-06
17,96580,0.0007795976125635207,9.36208838521844e-06
17,96590,0.0007733914651907981,9.361957810265507e-06
17,96600,0.0007772276294417679,9.361827222860934e-06
17,96610,0.0007713761573540978,9.361696623005092e-06
17,96620,0.0007799092039931565,9.361566010698354e-06
17,96630,0.0007799130849889479,9.361435385941095e-06
17,96640,0.0007795910132699646,9.361304748733688e-06
17,96650,0.0007715597894275561,9.361174099076504e-06
17,96660,0.000781691753945779,9.36104343696992e-06
17,96670,0.0007695506297750399,9.360912762414307e-06
17,96680,0.0007719923814875074,9.360782075410033e-06
17,96690,0.0007854569921619259,9.360651375957479e-06
17,96700,0.0007811619943822734,9.360520664057016e-06
17,96710,0.0007770152951707132,9.360389939709012e-06
17,96720,0.0007802217820426448,9.36025920291385e-06
17,96730,0.0007909968320745975,9.36012845367189e-06
17,96740,0.0007844004081562161,9.359997691983512e-06
17,96750,0.0007752193545456975,9.359866917849091e-06
17,96760,0.0007725609801127575,9.359736131269e-06
17,96770,0.000770417931198608,9.359605332243611e-06
17,96780,0.0007707531083724461,9.359474520773298e-06
17,96790,0.0007747354538878426,9.359343696858432e-06
17,96800,0.0007840798411052673,9.35921286049939e-06
17,96810,0.0007869944951380602,9.359082011696541e-06
17,96820,0.0007808581896824762,9.358951150450264e-06
17,96830,0.0007752356817945839,9.35882027676093e-06
17,96840,0.0007777513834298589,9.358689390628912e-06
17,96850,0.0007780239029671066,9.358558492054586e-06
17,96860,0.0007784708228427917,9.35842758103832e-06
17,96870,0.0007794349483447149,9.358296657580492e-06
17,96880,0.0007747931653284469,9.358165721681474e-06
17,96890,0.0007760003310977481,9.358034773341642e-06
17,96900,0.0007728888624114915,9.357903812561368e-06
17,96910,0.0007742115747532807,9.357772839341028e-06
17,96920,0.0007871832567616366,9.357641853680994e-06
17,96930,0.0007714785577263683,9.357510855581641e-06
17,96940,0.0007760430598864332,9.357379845043342e-06
17,96950,0.0007687404970056378,9.357248822066472e-06
17,96960,0.0007733470920356922,9.357117786651406e-06
17,96970,0.0007661390656721779,9.356986738798515e-06
17,96980,0.0007779323743307032,9.356855678508175e-06
17,96990,0.0007708139877649954,9.356724605780756e-06
17,97000,0.0007696480155573226,9.356593520616638e-06
17,97010,0.0007697173263295554,9.356462423016191e-06
17,97020,0.0007756161459838041,9.356331312979792e-06
17,97030,0.0007864022525609472,9.356200190507819e-06
17,97040,0.0007772881799610332,9.356069055600634e-06
17,97050,0.0007695811975281686,9.355937908258627e-06
17,97060,0.0007809030867065303,9.355806748482159e-06
17,97070,0.0007822471248800867,9.355675576271613e-06
17,97080,0.0007802881140378303,9.355544391627358e-06
17,97090,0.0007908839994342999,9.35541319454977e-06
17,97100,0.0007838444085791707,9.355281985039229e-06
17,97110,0.0007858091397793033,9.3551507630961e-06
17,97120,0.0007761310960631817,9.355019528720764e-06
17,97130,0.0007769294286845253,9.354888281913595e-06
17,97140,0.0007825959226465785,9.354757022674967e-06
17,97150,0.0007719539426034316,9.354625751005254e-06
17,97160,0.0007771787597448565,9.354494466904829e-06
17,97170,0.000778670550789684,9.35436317037407e-06
17,97180,0.0007735863429843449,9.354231861413353e-06
17,97190,0.0007789212133502588,9.354100540023053e-06
17,97200,0.0007698615750996396,9.353969206203538e-06
17,97210,0.00077492526761489,9.353837859955185e-06
17,97220,0.000776129204314202,9.353706501278374e-06
17,97230,0.0007773911507683806,9.35357513017348e-06
17,97240,0.0007783501161611638,9.353443746640868e-06
17,97250,0.0007632987661054359,9.353312350680926e-06
17,97260,0.0007810484617948532,9.353180942294024e-06
17,97270,0.0007893066271208228,9.353049521480536e-06
17,97280,0.0007789303956087679,9.352918088240837e-06
17,97290,0.000766368479526136,9.352786642575306e-06
17,97300,0.0007708238525083288,9.352655184484311e-06
17,97310,0.0007785271081957035,9.352523713968229e-06
17,97320,0.0007762458873912693,9.352392231027439e-06
17,97330,0.0007761321860016324,9.352260735662313e-06
17,97340,0.0007785927882650867,9.352129227873231e-06
17,97350,0.0007734713057288901,9.351997707660565e-06
17,97360,0.0007739570442936382,9.351866175024691e-06
17,97370,0.0007825545893865638,9.351734629965984e-06
17,97380,0.0007788085014908575,9.351603072484823e-06
17,97390,0.0007714384162682108,9.351471502581576e-06
17,97400,0.000777194531110581,9.351339920256628e-06
17,97410,0.0007724297189270145,9.351208325510347e-06
17,97420,0.0007772070384817198,9.351076718343113e-06
17,97430,0.0007798612481565214,9.350945098755299e-06
17,97440,0.0007757851170026697,9.35081346674728e-06
17,97450,0.0007741256835288368,9.350681822319436e-06
17,97460,0.0007722781505435706,9.350550165472143e-06
17,97470,0.0007821073959348723,9.350418496205774e-06
17,97480,0.0007771877062623389,9.350286814520702e-06
17,97490,0.0007830601738533006,9.350155120417307e-06
17,97500,0.000775952464027796,9.350023413895965e-06
17,97510,0.0007744653223198838,9.34989169495705e-06
17,97520,0.0007721518792095594,9.34975996360094e-06
17,97530,0.0007721064539509825,9.34962821982801e-06
17,97540,0.0007739053253317252,9.349496463638639e-06
17,97550,0.0007723518341663293,9.349364695033194e-06
17,97560,0.0007829065783880652,9.349232914012062e-06
17,97570,0.0007787133930833079,9.349101120575614e-06
17,97580,0.0007933142987894826,9.348969314724224e-06
17,97590,0.0007870437504607253,9.348837496458274e-06
17,97600,0.0007808984082657845,9.348705665778137e-06
17,97610,0.0007856281212298199,9.348573822684187e-06
17,97620,0.0007816755067324265,9.348441967176808e-06
17,97630,0.0007730239871307275,9.348310099256367e-06
17,97640,0.0007699376728851349,9.348178218923247e-06
17,97650,0.0007797872516675852,9.34804632617782e-06
17,97660,0.0007788890463416464,9.347914421020468e-06
17,97670,0.000765728585247416,9.347782503451565e-06
17,97680,0.0007719589499174619,9.347650573471485e-06
17,97690,0.0007792314063408411,9.347518631080606e-06
17,97700,0.0007856133059249259,9.347386676279304e-06
17,97710,0.0007806922963936813,9.347254709067955e-06
17,97720,0.0007780263214954175,9.34712272944694e-06
17,97730,0.0007763205430819653,9.346990737416636e-06
17,97740,0.0007770353491650895,9.346858732977413e-06
17,97750,0.0007722333641140722,9.346726716129656e-06
17,97760,0.0007787856709910556,9.346594686873733e-06
17,97770,0.000769212472368963,9.346462645210026e-06
17,97780,0.0007815411692718044,9.346330591138913e-06
17,97790,0.0007770598182105461,9.346198524660768e-06
17,97800,0.0007808403111994267,9.346066445775965e-06
17,97810,0.0007886874227551743,9.345934354484892e-06
17,97820,0.0007732550453511067,9.34580225078792e-06
17,97830,0.0007892959256423637,9.345670134685425e-06
17,97840,0.0007814269425580278,9.345538006177787e-06
17,97850,0.0007810833310941234,9.34540586526538e-06
17,97860,0.0007838308330974542,9.345273711948581e-06
17,97870,0.0007919885261799209,9.34514154622777e-06
17,97880,0.0007851725400541909,9.345009368103321e-06
17,97890,0.0007852890383219347,9.344877177575614e-06
17,97900,0.0007828204688848928,9.344744974645024e-06
17,97910,0.0007784978981362655,9.34461275931193e-06
17,97920,0.0007779797480907292,9.344480531576709e-06
17,97930,0.0007845781030482613,9.344348291439738e-06
17,97940,0.0007759452244499698,9.344216038901397e-06
17,97950,0.0007719690300291404,9.344083773962059e-06
17,97960,0.0007701010836171918,9.343951496622108e-06
17,97970,0.0007754770631436259,9.343819206881914e-06
17,97980,0.000770694408856798,9.34368690474186e-06
17,97990,0.0007767781353322789,9.343554590202321e-06
17,98000,0.0007850820431485773,9.343422263263679e-06
17,98010,0.0007670298800803721,9.343289923926306e-06
17,98020,0.0007773363759042695,9.343157572190586e-06
17,98030,0.0007859530931455084,9.343025208056891e-06
17,98040,0.0007772402212140151,9.3428928315256e-06
17,98050,0.0007742725108982995,9.342760442597092e-06
17,98060,0.0007667140773264692,9.342628041271747e-06
17,98070,0.0007836651406250894,9.342495627549941e-06
17,98080,0.0007712451973930002,9.34236320143205e-06
17,98090,0.0007789907249389216,9.342230762918458e-06
17,98100,0.0007728385040536523,9.342098312009537e-06
17,98110,0.0007714388892054557,9.341965848705667e-06
17,98120,0.0007707979864790104,9.341833373007224e-06
17,98130,0.0007798239836120047,9.341700884914592e-06
17,98140,0.00077992657024879,9.341568384428144e-06
17,98150,0.0007800807841704227,9.341435871548258e-06
17,98160,0.0007763696237816475,9.341303346275319e-06
17,98170,0.0007749016833258793,9.341170808609696e-06
17,98180,0.0007747318857582287,9.341038258551769e-06
17,98190,0.000787297596980352,9.340905696101923e-06
17,98200,0.0007825783308362589,9.340773121260534e-06
17,98210,0.0007767815302941016,9.340640534027976e-06
17,98220,0.0007763111789245158,9.340507934404632e-06
17,98230,0.0007823225882020779,9.340375322390875e-06
17,98240,0.0007751571771223098,9.340242697987089e-06
17,98250,0.0007833281255443581,9.340110061193651e-06
17,98260,0.0007800655643222853,9.339977412010938e-06
17,98270,0.000774871620524209,9.339844750439328e-06
17,98280,0.0007687132907449268,9.339712076479207e-06
17,98290,0.0007909917243523524,9.339579390130947e-06
17,98300,0.0007747984884190374,9.339446691394926e-06
17,98310,0.0007789020703057759,9.339313980271529e-06
17,98320,0.0007785036854329519,9.339181256761131e-06
17,98330,0.0007734609884209932,9.339048520864111e-06
17,98340,0.0007816083772922866,9.338915772580849e-06
17,98350,0.000785389322845731,9.33878301191172e-06
17,98360,0.0007833368625142612,9.338650238857109e-06
17,98370,0.0007723227652604691,9.33851745341739e-06
17,98380,0.0007882150253863073,9.338384655592944e-06
17,98390,0.0007802400650689378,9.338251845384148e-06
17,98400,0.0007732755242614075,9.338119022791383e-06
17,98410,0.0007755063648801296,9.337986187815029e-06
17,98420,0.0007822653744369746,9.337853340455466e-06
17,98430,0.0007811151779606008,9.33772048071307e-06
17,98440,0.0007820879342034458,9.337587608588222e-06
17,98450,0.0007797509635565802,9.337454724081301e-06
17,98460,0.000785388816439081,9.337321827192685e-06
17,98470,0.0007808354959706775,9.337188917922757e-06
17,98480,0.0007811013230821118,9.337055996271897e-06
17,98490,0.0007912175802630373,9.336923062240477e-06
17,98500,0.0007819104008376599,9.336790115828885e-06
17,98510,0.0007792668518959544,9.336657157037498e-06
17,98520,0.0007784876055666245,9.33652418586669e-06
17,98530,0.0007747011259198189,9.336391202316845e-06
17,98540,0.0007750286866212263,9.336258206388344e-06
17,98550,0.00077324398298515,9.336125198081567e-06
17,98560,0.0007720804715063423,9.335992177396888e-06
17,98570,0.0007739852939266711,9.335859144334693e-06
17,98580,0.0007763743546092883,9.33572609889536e-06
17,98590,0.0007776663958793506,9.335593041079267e-06
17,98600,0.0007811101386323571,9.335459970886793e-06
17,98610,0.0007712972554145382,9.33532688831832e-06
17,98620,0.0007738624146440998,9.33519379337423e-06
17,98630,0.0007818572601536288,9.335060686054904e-06
17,98640,0.0007746940638753586,9.334927566360715e-06
17,98650,0.0007766978771542199,9.334794434292045e-06
17,98660,0.000776765396585688,9.334661289849278e-06
17,98670,0.0007764672933262773,9.334528133032789e-06
17,98680,0.0007750549499178305,9.334394963842965e-06
17,98690,0.0007744413931504823,9.334261782280178e-06
17,98700,0.0007625916463439354,9.334128588344814e-06
17,98710,0.000774995589745231,9.333995382037249e-06
17,98720,0.000771445143618621,9.333862163357866e-06
17,98730,0.0007784751884173601,9.333728932307046e-06
17,98740,0.0007656674599274993,9.333595688885165e-06
17,98750,0.0007717433123616502,9.333462433092609e-06
17,98760,0.0007797726357239299,9.333329164929755e-06
17,98770,0.000773337171995081,9.333195884396984e-06
17,98780,0.0007806224326486698,9.333062591494677e-06
17,98790,0.0007717466956819407,9.332929286223218e-06
17,98800,0.0007834040807210839,9.332795968582984e-06
17,98810,0.0007851750662666746,9.332662638574355e-06
17,98820,0.0007829074951587245,9.332529296197711e-06
17,98830,0.0007732931204373017,9.332395941453431e-06
17,98840,0.0007813159507350065,9.332262574341901e-06
17,98850,0.0007671262050280348,9.3321291948635e-06
17,98860,0.0007781303895171732,9.331995803018608e-06
17,98870,0.0007780145664582959,9.331862398807602e-06
17,98880,0.0007831614289898426,9.331728982230867e-06
17,98890,0.0007736875952105038,9.331595553288789e-06
17,98900,0.0007781095846439712,9.33146211198174e-06
17,98910,0.000774084725708235,9.3313286583101e-06
17,98920,0.0007831576687749476,9.331195192274257e-06
17,98930,0.0007680092690861784,9.331061713874588e-06
17,98940,0.0007779473176924511,9.330928223111477e-06
17,98950,0.0007842491861083545,9.330794719985302e-06
17,98960,0.0007785895650158637,9.330661204496446e-06
17,98970,0.0007861874735681341,9.33052767664529e-06
17,98980,0.0007781643100315705,9.330394136432213e-06
17,98990,0.0007831985334632918,9.330260583857598e-06
17,99000,0.0007763260698993691,9.330127018921826e-06
17,99010,0.0007659748851438053,9.329993441625279e-06
17,99020,0.0007782143948134035,9.329859851968334e-06
17,99030,0.0007660675371880643,9.329726249951373e-06
17,99040,0.0007731004923698492,9.329592635574785e-06
17,99050,0.0007867442822316661,9.329459008838947e-06
17,99060,0.0007795136494678445,9.329325369744241e-06
17,99070,0.0007757076295092702,9.329191718291048e-06
17,99080,0.000767110037850216,9.329058054479748e-06
17,99090,0.0007723829636233858,9.328924378310725e-06
17,99100,0.0007768582028802485,9.328790689784358e-06
17,99110,0.0007779105188092216,9.328656988901031e-06
17,99120,0.0007850244059227407,9.328523275661121e-06
17,99130,0.000774700491456315,9.328389550065016e-06
17,99140,0.0007738385960692539,9.328255812113093e-06
17,99150,0.0007775701131322422,9.328122061805738e-06
17,99160,0.000768631546816323,9.327988299143331e-06
17,99170,0.0007767588307615369,9.327854524126253e-06
17,99180,0.0007770262018311769,9.327720736754887e-06
17,99190,0.000785364540934097,9.327586937029612e-06
17,99200,0.0007812982468749397,9.32745312495081e-06
17,99210,0.00077092820283724,9.327319300518867e-06
17,99220,0.0007684598414925859,9.327185463734159e-06
17,99230,0.0007824076965334825,9.327051614597076e-06
17,99240,0.0007732080863206648,9.326917753107998e-06
17,99250,0.0007804301916621625,9.326783879267307e-06
17,99260,0.0007692857936490328,9.326649993075378e-06
17,99270,0.000774764723610133,9.3265160945326e-06
17,99280,0.0007699289766605943,9.326382183639355e-06
17,99290,0.000776361027965322,9.326248260396028e-06
17,99300,0.0007738467800663784,9.326114324802992e-06
17,99310,0.000775394812808372,9.32598037686064e-06
17,99320,0.0007863701524911449,9.325846416569345e-06
17,99330,0.0007715928819379768,9.325712443929494e-06
17,99340,0.0007806083202012815,9.325578458941468e-06
17,99350,0.0007724156865151599,9.32544446160565e-06
17,99360,0.0007796673991833814,9.325310451922428e-06
17,99370,0.0007907929306384177,9.325176429892178e-06
17,99380,0.0007818158730515279,9.325042395515282e-06
17,99390,0.0007866035579354502,9.324908348792128e-06
17,99400,0.0007755500148050487,9.324774289723091e-06
17,99410,0.0007804813561961055,9.324640218308563e-06
17,99420,0.0007851680100429803,9.32450613454892e-06
17,99430,0.0007732268888503313,9.324372038444545e-06
17,99440,0.0007770772077492438,9.324237929995826e-06
17,99450,0.0007793168828357011,9.324103809203137e-06
17,99460,0.00078073827753542,9.323969676066866e-06
17,99470,0.0007803588989190757,9.323835530587399e-06
17,99480,0.0007820148719474674,9.323701372765115e-06
17,99490,0.00077641581883654,9.3235672026004e-06
17,99500,0.0007770128970150836,9.323433020093632e-06
17,99510,0.0007671600047615357,9.323298825245199e-06
17,99520,0.0007900292999693193,9.323164618055482e-06
17,99530,0.0007832433009753004,9.323030398524864e-06
17,99540,0.000770507387642283,9.322896166653726e-06
17,99550,0.0007798762206220999,9.322761922442454e-06
17,99560,0.0007762513487250544,9.322627665891431e-06
17,99570,0.0007799142185831442,9.322493397001037e-06
17,99580,0.0007758358478895389,9.322359115771659e-06
17,99590,0.0007727145028184168,9.322224822203678e-06
17,99600,0.0007790562289301306,9.322090516297484e-06
17,99610,0.0007761740052956156,9.321956198053453e-06
17,99620,0.0007759439104120247,9.321821867471974e-06
17,99630,0.0007968092380906456,9.321687524553427e-06
17,99640,0.0007834377058316023,9.321553169298195e-06
17,99650,0.0007742072732071393,9.32141880170666e-06
17,99660,0.0007744552567601204,9.321284421779207e-06
17,99670,0.0007745519586023875,9.32115002951622e-06
17,99680,0.0007810362425516359,9.321015624918083e-06
17,99690,0.0007696662287344225,9.320881207985183e-06
17,99700,0.0007814855576725677,9.3207467787179e-06
17,99710,0.0007753524449071848,9.320612337116616e-06
17,99720,0.0007778595871059225,9.320477883181719e-06
17,99730,0.0007742905349005013,9.320343416913588e-06
17,99740,0.0007785026959027163,9.320208938312609e-06
17,99750,0.0007797706159180961,9.320074447379165e-06
17,99760,0.0007742863774183207,9.319939944113645e-06
17,99770,0.0007758465260849335,9.319805428516427e-06
17,99780,0.000774074274522718,9.319670900587899e-06
17,99790,0.0007835221069399268,9.319536360328444e-06
17,99800,0.000780973510700278,9.31940180773844e-06
17,99810,0.0007815410339389927,9.319267242818285e-06
17,99820,0.0007716843087109737,9.319132665568349e-06
17,99830,0.0007740234897937625,9.318998075989021e-06
17,99840,0.0007820351325790397,9.318863474080685e-06
17,99850,0.0007865330742788502,9.318728859843729e-06
17,99860,0.000774090080813039,9.318594233278535e-06
17,99870,0.0007815891643986107,9.318459594385484e-06
17,99880,0.0007731644276645965,9.318324943164964e-06
17,99890,0.0007902762474259362,9.318190279617357e-06
17,99900,0.0007776093727443367,9.318055603743048e-06
17,99910,0.0007790601943270303,9.317920915542425e-06
17,99920,0.0007730114390142262,9.31778621501587e-06
17,99930,0.0007824993939721025,9.317651502163767e-06
17,99940,0.000772675765620079,9.317516776986501e-06
17,99950,0.0007740594097413122,9.317382039484457e-06
17,99960,0.0007751649172860198,9.31724728965802e-06
17,99970,0.000782884139334783,9.31711252750757e-06
17,99980,0.0007716337800957264,9.316977753033498e-06
17,99990,0.0007811684496118687,9.316842966236184e-06
17,100000,0.0007848780980566517,9.316708167116014e-06
17,100010,0.0007760953463730404,9.316573355673378e-06
17,100020,0.0007795061741489917,9.316438531908654e-06
17,100030,0.0007793609169311822,9.31630369582223e-06
17,100040,0.0007854128678445704,9.316168847414488e-06
17,100050,0.0007794786506565288,9.316033986685814e-06
17,100060,0.0007713415936450474,9.315899113636596e-06
17,100070,0.0007825518288882449,9.315764228267219e-06
17,100080,0.000768883406999521,9.315629330578066e-06
17,100090,0.0007768465831759385,9.31549442056952e-06
17,100100,0.0007812169191311113,9.315359498241968e-06
17,100110,0.0007765417467453517,9.315224563595795e-06
17,100120,0.000774934343644418,9.31508961663139e-06
17,100130,0.0007823844251106493,9.314954657349135e-06
17,validation,0.0007673395448364317,9.314954657349135e-06
18,100140,0.0007846361986594275,9.314819685749412e-06
18,100150,0.0007765119124087505,9.31468470183261e-06
18,100160,0.0007742875197436661,9.314549705599115e-06
18,100170,0.0007815274118911476,9.314414697049311e-06
18,100180,0.0007829676615074277,9.314279676183582e-06
18,100190,0.0007767243179841898,9.314144643002317e-06
18,100200,0.0007801385567290709,9.314009597505902e-06
18,100210,0.0007715220635873267,9.313874539694718e-06
18,100220,0.0007857331045670434,9.31373946956915e-06
18,100230,0.0007784111658111215,9.31360438712959e-06
18,100240,0.000763212313177064,9.313469292376419e-06
18,100250,0.0007769359348458239,9.31333418531002e-06
18,100260,0.000763430846564006,9.313199065930788e-06
18,100270,0.0007749347438220867,9.313063934239097e-06
18,100280,0.0007812373471097089,9.312928790235341e-06
18,100290,0.0007851666683563963,9.312793633919902e-06
18,100300,0.0007775997466524132,9.312658465293167e-06
18,100310,0.0007693081628531218,9.312523284355524e-06
18,100320,0.0007827848108718171,9.312388091107353e-06
18,100330,0.0007766793845803478,9.312252885549047e-06
18,100340,0.0007843896673875861,9.31211766768099e-06
18,100350,0.0007727278672973626,9.311982437503567e-06
18,100360,0.0007845415893825702,9.311847195017164e-06
18,100370,0.0007790980700519868,9.311711940222165e-06
18,100380,0.0007778066021273844,9.311576673118953e-06
18,100390,0.0007768277704599314,9.311441393707921e-06
18,100400,0.0007795403638738207,9.311306101989455e-06
18,100410,0.0007847803266486152,9.311170797963938e-06
18,100420,0.0007841757280402817,9.31103548163176e-06
18,100430,0.0007729238961474038,9.310900152993304e-06
18,100440,0.0007883401660365053,9.310764812048956e-06
18,100450,0.0007887936822953634,9.310629458799102e-06
18,100460,0.000782132032327354,9.310494093244132e-06
18,100470,0.0007718194450717419,9.310358715384434e-06
18,100480,0.0007767155155306682,9.310223325220386e-06
18,100490,0.0007730488563538529,9.31008792275238e-06
18,100500,0.0007737424850347452,9.309952507980803e-06
18,100510,0.0007677200846956111,9.309817080906036e-06
18,100520,0.0007733340244158171,9.309681641528473e-06
18,100530,0.0007748100106255151,9.309546189848497e-06
18,100540,0.0007713301820331253,9.309410725866497e-06
18,100550,0.0007800258696079253,9.309275249582855e-06
18,100560,0.0007799522005370818,9.309139760997963e-06
18,100570,0.000766443510656245,9.309004260112203e-06
18,100580,0.000771981077559758,9.30886874692597e-06
18,100590,0.0007866427229600958,9.30873322143964e-06
18,100600,0.0007722752590780146,9.308597683653608e-06
18,100610,0.0007818545185727998,9.30846213356826e-06
18,100620,0.0007787205657223239,9.30832657118398e-06
18,100630,0.0007739729364402593,9.30819099650115e-06
18,100640,0.0007768931696773507,9.308055409520167e-06
18,100650,0.0007726697556790895,9.30791981024141e-06
18,100660,0.0007805708679370581,9.307784198665273e-06
18,100670,0.0007736358908005058,9.307648574792137e-06
18,100680,0.0007708010991336778,9.307512938622396e-06
18,100690,0.0007824231739505193,9.30737729015643e-06
18,100700,0.0007795427212840877,9.307241629394633e-06
18,100710,0.0007686142751481384,9.307105956337389e-06
18,100720,0.0007703021372435614,9.306970270985087e-06
18,100730,0.0007730946308583952,9.30683457333811e-06
18,100740,0.0007713361963396892,9.30669886339685e-06
18,100750,0.0007843369778129273,9.306563141161685e-06
18,100760,0.0007758629246382043,9.306427406633013e-06
18,100770,0.0007895164133515209,9.306291659811218e-06
18,100780,0.0007795028548571281,9.306155900696685e-06
18,100790,0.0007822438405128196,9.306020129289808e-06
18,100800,0.0007757760744425469,9.305884345590967e-06
18,100810,0.0007675252330955118,9.305748549600553e-06
18,100820,0.000775803069700487,9.305612741318957e-06
18,100830,0.0007807527028489857,9.305476920746562e-06
18,100840,0.0007746573741314934,9.305341087883757e-06
18,100850,0.0007716688633081503,9.305205242730932e-06
18,100860,0.0007815792661858723,9.305069385288473e-06
18,100870,0.0007765948903397657,9.304933515556768e-06
18,100880,0.0007708305231062695,9.304797633536202e-06
18,100890,0.0007736178042250686,9.304661739227172e-06
18,100900,0.0007742502551991492,9.304525832630054e-06
18,100910,0.0007806468274793588,9.304389913745244e-06
18,100920,0.000773559368099086,9.304253982573126e-06
18,100930,0.0007807926231180318,9.304118039114091e-06
18,100940,0.0007792042015353217,9.303982083368523e-06
18,100950,0.0007938773938803934,9.303846115336815e-06
18,100960,0.0007692121260333807,9.30371013501935e-06
18,100970,0.0007769023490254767,9.30357414241652e-06
18,100980,0.0007783901484799572,9.303438137528713e-06
18,100990,0.0007716020263615064,9.303302120356316e-06
18,101000,0.0007819833816029132,9.303166090899713e-06
18,101010,0.0007701884809648619,9.303030049159303e-06
18,101020,0.0007741152701782994,9.302893995135462e-06
18,101030,0.0007618176503456197,9.30275792882859e-06
18,101040,0.0007740954490145669,9.302621850239066e-06
18,101050,0.0007833104784367606,9.302485759367287e-06
18,101060,0.0007789656840031967,9.302349656213632e-06
18,101070,0.0007788120943587272,9.302213540778496e-06
18,101080,0.0007771164193400182,9.302077413062265e-06
18,101090,0.0007814813521690666,9.301941273065332e-06
18,101100,0.0007752730947686359,9.301805120788079e-06
18,101110,0.0007780041210935451,9.301668956230895e-06
18,101120,0.0007769321397063321,9.30153277939418e-06
18,101130,0.0007793691489496269,9.301396590278309e-06
18,101140,0.00077785659377696,9.301260388883679e-06
18,101150,0.0007723474394879305,9.301124175210675e-06
18,101160,0.0007803650456480681,9.300987949259687e-06
18,101170,0.0007674235981539823,9.300851711031103e-06
18,101180,0.0007758305568131618,9.300715460525312e-06
18,101190,0.0007725905335973949,9.300579197742704e-06
18,101200,0.0007825831868103706,9.300442922683667e-06
18,101210,0.0007813195101334713,9.300306635348586e-06
18,101220,0.0007829692418454214,9.300170335737857e-06
18,101230,0.0007847959495848045,9.300034023851865e-06
18,101240,0.000784306600689888,9.299897699691004e-06
18,101250,0.0007832064366084523,9.299761363255663e-06
18,101260,0.0007787112583173439,9.299625014546224e-06
18,101270,0.000772551390400622,9.29948865356308e-06
18,101280,0.0007701104128500447,9.299352280306619e-06
18,101290,0.0007795433659339324,9.299215894777233e-06
18,101300,0.0007828119982150383,9.299079496975307e-06
18,101310,0.0007802848995197564,9.298943086901243e-06
18,101320,0.0007814293683622963,9.298806664555414e-06
18,101330,0.0007718458669842222,9.298670229938214e-06
18,101340,0.0007725227027549408,9.298533783050036e-06
18,101350,0.0007789022463839501,9.298397323891268e-06
18,101360,0.0007775890146149322,9.298260852462302e-06
18,101370,0.0007788919261656702,9.298124368763524e-06
18,101380,0.0007695939915720373,9.297987872795326e-06
18,101390,0.000770586880389601,9.297851364558095e-06
18,101400,0.0007793143799062818,9.297714844052224e-06
18,101410,0.0007763360277749597,9.2975783112781e-06
18,101420,0.0007799325860105455,9.297441766236117e-06
18,101430,0.0007736246232525446,9.297305208926658e-06
18,101440,0.0007806436449754984,9.29716863935012e-06
18,101450,0.0007800123334163801,9.297032057506885e-06
18,101460,0.000773171074979473,9.296895463397348e-06
18,101470,0.0007792490985593758,9.296758857021899e-06
18,101480,0.000771861667453777,9.296622238380925e-06
18,101490,0.000779283077281434,9.29648560747482e-06
18,101500,0.0007824606655049138,9.296348964303968e-06
18,101510,0.0007849932764656842,9.296212308868769e-06
18,101520,0.0007777108243317344,9.296075641169605e-06
18,101530,0.000781132972042542,9.295938961206867e-06
18,101540,0.0007800109757226891,9.295802268980947e-06
18,101550,0.0007736411949736066,9.295665564492235e-06
18,101560,0.000772711007448379,9.295528847741122e-06
18,101570,0.00078474743058905,9.295392118727994e-06
18,101580,0.0007778284401865677,9.295255377453246e-06
18,101590,0.0007781127220368943,9.295118623917267e-06
18,101600,0.0007764441572362556,9.294981858120447e-06
18,101610,0.0007759880041703582,9.294845080063176e-06
18,101620,0.000775378683465533,9.294708289745846e-06
18,101630,0.0007766963914036751,9.294571487168846e-06
18,101640,0.0007819533551810309,9.294434672332566e-06
18,101650,0.000776391156250611,9.294297845237397e-06
18,101660,0.0007809149727108888,9.294161005883731e-06
18,101670,0.0007777713297400624,9.294024154271957e-06
18,101680,0.0007877949203248136,9.29388729040247e-06
18,101690,0.0007719055633060635,9.293750414275655e-06
18,101700,0.0007721901856712066,9.293613525891902e-06
18,101710,0.0007838827048544772,9.293476625251605e-06
18,101720,0.0007699997615418396,9.293339712355157e-06
18,101730,0.0007791349024046213,9.293202787202948e-06
18,101740,0.000768871171749197,9.293065849795364e-06
18,101750,0.000786850026634056,9.292928900132803e-06
18,101760,0.0007781854568747803,9.292791938215653e-06
18,101770,0.000770652423670981,9.2926549640443e-06
18,101780,0.0007843909057555722,9.292517977619139e-06
18,101790,0.0007792284290189853,9.292380978940561e-06
18,101800,0.0007952397470944561,9.292243968008959e-06
18,101810,0.0007770390933728778,9.292106944824717e-06
18,101820,0.0007737462350632995,9.291969909388233e-06
18,101830,0.0007703912167926319,9.291832861699896e-06
18,101840,0.0007786184476572088,9.291695801760101e-06
18,101850,0.0007697123670368456,9.291558729569233e-06
18,101860,0.0007729574135737494,9.291421645127687e-06
18,101870,0.0007719194851233623,9.291284548435854e-06
18,101880,0.0007853254079236648,9.291147439494122e-06
18,101890,0.0007762371882563457,9.291010318302886e-06
18,101900,0.0007726940995780752,9.290873184862539e-06
18,101910,0.0007787578972056507,9.290736039173467e-06
18,101920,0.0007767719464027322,9.29059888123607e-06
18,101930,0.0007792380783939734,9.29046171105073e-06
18,101940,0.0007798569262376987,9.290324528617847e-06
18,101950,0.0007631939181010239,9.290187333937804e-06
18,101960,0.0007700404181377961,9.290050127010997e-06
18,101970,0.0007762262976029888,9.28991290783782e-06
18,101980,0.0007664848133572377,9.289775676418664e-06
18,101990,0.0007723710732534528,9.289638432753917e-06
18,102000,0.0007817948062438517,9.289501176843975e-06
18,102010,0.0007712574981269427,9.289363908689226e-06
18,102020,0.000770987277792301,9.289226628290063e-06
18,102030,0.0007679303278564475,9.289089335646879e-06
18,102040,0.0007869853026932106,9.288952030760063e-06
18,102050,0.0007836431206669659,9.288814713630013e-06
18,102060,0.0007752168487058952,9.288677384257115e-06
18,102070,0.0007784518151311205,9.288540042641763e-06
18,102080,0.000773806156939827,9.28840268878435e-06
18,102090,0.0007700765054323712,9.288265322685263e-06
18,102100,0.0007688683748710899,9.288127944344902e-06
18,102110,0.0007822716390364804,9.287990553763655e-06
18,102120,0.0007799259285093284,9.287853150941916e-06
18,102130,0.0007712480859481729,9.287715735880078e-06
18,102140,0.0007860735233407468,9.287578308578525e-06
18,102150,0.0007667106314329431,9.28744086903766e-06
18,102160,0.0007746812407276593,9.287303417257874e-06
18,102170,0.0007863475460908375,9.287165953239553e-06
18,102180,0.0007782768705510535,9.287028476983095e-06
18,102190,0.0007757099854643456,9.286890988488888e-06
18,102200,0.0007752432706183754,9.286753487757326e-06
18,102210,0.0007728032956947573,9.286615974788804e-06
18,102220,0.0007839117359253579,9.286478449583714e-06
18,102230,0.0007832018221961334,9.286340912142446e-06
18,102240,0.0007756826293189078,9.286203362465394e-06
18,102250,0.0007740847824607045,9.28606580055295e-06
18,102260,0.0007779834821121767,9.285928226405509e-06
18,102270,0.0007783876120811329,9.285790640023463e-06
18,102280,0.0007750340140773915,9.285653041407204e-06
18,102290,0.0007714713254244998,9.28551543055712e-06
18,102300,0.0007697250985074788,9.285377807473613e-06
18,102310,0.000780856393976137,9.28524017215707e-06
18,102320,0.0007825945023796522,9.285102524607881e-06
18,102330,0.0007740119210211561,9.284964864826448e-06
18,102340,0.0007759883723338135,9.284827192813156e-06
18,102350,0.0007780902509693989,9.284689508568403e-06
18,102360,0.0007723739865468815,9.284551812092579e-06
18,102370,0.0007772639015456661,9.284414103386079e-06
18,102380,0.0007698327681282535,9.284276382449295e-06
18,102390,0.0007704519055550918,9.28413864928262e-06
18,102400,0.0007743167414446361,9.284000903886447e-06
18,102410,0.0007820796454325318,9.283863146261168e-06
18,102420,0.0007885745872044936,9.283725376407178e-06
18,102430,0.0007764016147120856,9.283587594324872e-06
18,102440,0.0007734427927061915,9.283449800014642e-06
18,102450,0.0007708313933108002,9.283311993476882e-06
18,102460,0.0007769041854771786,9.283174174711985e-06
18,102470,0.0007789626703015529,9.283036343720345e-06
18,102480,0.000776674208464101,9.282898500502355e-06
18,102490,0.0007761539207422174,9.282760645058403e-06
18,102500,0.0007782974033034406,9.282622777388887e-06
18,102510,0.0007740063185337931,9.282484897494202e-06
18,102520,0.0007796753023285418,9.28234700537474e-06
18,102530,0.0007760473192320206,9.282209101030894e-06
18,102540,0.0007801820422173478,9.282071184463057e-06
18,102550,0.000779070121643599,9.281933255671627e-06
18,102560,0.000773003110953141,9.281795314656995e-06
18,102570,0.0007706105665420183,9.281657361419553e-06
18,102580,0.0007800485444022342,9.281519395959701e-06
18,102590,0.0007701341790379956,9.28138141827783e-06
18,102600,0.0007746760820737109,9.28124342837433e-06
18,102610,0.0007716069638263435,9.281105426249597e-06
18,102620,0.0007713963190326468,9.28096741190402e-06
18,102630,0.0007738242537016049,9.280829385338002e-06
18,102640,0.0007725888091954402,9.280691346551934e-06
18,102650,0.0007803561689797788,9.280553295546211e-06
18,102660,0.0007818165744538419,9.280415232321221e-06
18,102670,0.000777862074028235,9.280277156877365e-06
18,102680,0.0007818816127837636,9.280139069215034e-06
18,102690,0.0007777641920256429,9.280000969334623e-06
18,102700,0.0007802898355294019,9.279862857236523e-06
18,102710,0.000784317207580898,9.279724732921135e-06
18,102720,0.0007853768052882515,9.27958659638885e-06
18,102730,0.0007860824465751649,9.279448447640058e-06
18,102740,0.0007870807414292358,9.279310286675159e-06
18,102750,0.0007746476418105886,9.279172113494547e-06
18,102760,0.0007693670922890306,9.279033928098616e-06
18,102770,0.0007799542814609595,9.278895730487756e-06
18,102780,0.0007873849783209153,9.278757520662366e-06
18,102790,0.0007771086427965202,9.278619298622841e-06
18,102800,0.000780543449218385,9.278481064369573e-06
18,102810,0.0007781257474562154,9.278342817902958e-06
18,102820,0.0007734619226539507,9.27820455922339e-06
18,102830,0.0007746787232463248,9.278066288331264e-06
18,102840,0.0007707128650508821,9.277928005226977e-06
18,102850,0.0007680383321712724,9.27778970991092e-06
18,102860,0.0007650525469216519,9.277651402383488e-06
18,102870,0.0007705585638177581,9.277513082645075e-06
18,102880,0.0007800262013915927,9.27737475069608e-06
18,102890,0.0007794675781042315,9.277236406536895e-06
18,102900,0.0007851355112507008,9.277098050167921e-06
18,102910,0.0007791160081978888,9.276959681589541e-06
18,102920,0.0007777928796713241,9.276821300802158e-06
18,102930,0.0007717370346654207,9.276682907806165e-06
18,102940,0.0007782424727338366,9.276544502601958e-06
18,102950,0.0007789068229612894,9.276406085189933e-06
18,102960,0.0007712182690738701,9.276267655570487e-06
18,102970,0.0007805980989360251,9.276129213744011e-06
18,102980,0.000773314040270634,9.275990759710901e-06
18,102990,0.0007728845041128807,9.275852293471552e-06
18,103000,0.0007781203647027723,9.275713815026358e-06
18,103010,0.0007793175551341847,9.275575324375714e-06
18,103020,0.0007760561886243523,9.27543682152002e-06
18,103030,0.0007760655906167812,9.27529830645967e-06
18,103040,0.0007710657679126597,9.275159779195058e-06
18,103050,0.0007863364255172201,9.27502123972658e-06
18,103060,0.0007794762175763025,9.274882688054632e-06
18,103070,0.000766895865672268,9.274744124179607e-06
18,103080,0.0007723476330284029,9.274605548101898e-06
18,103090,0.0007728806405793876,9.274466959821909e-06
18,103100,0.0007773661156534218,9.274328359340035e-06
18,103110,0.0007727774325758218,9.274189746656665e-06
18,103120,0.0007749249358312228,9.274051121772197e-06
18,103130,0.0007767910719849169,9.273912484687029e-06
18,103140,0.0007717334010521881,9.27377383540155e-06
18,103150,0.0007807999922079035,9.273635173916167e-06
18,103160,0.0007706431162660011,9.273496500231268e-06
18,103170,0.0007786498448695056,9.273357814347251e-06
18,103180,0.0007818021302227862,9.27321911626451e-06
18,103190,0.000776613419293426,9.273080405983442e-06
18,103200,0.0007694416752201505,9.27294168350444e-06
18,103210,0.0007830842965631746,9.272802948827907e-06
18,103220,0.0007787144844769501,9.272664201954235e-06
18,103230,0.0007734749349765479,9.272525442883819e-06
18,103240,0.0007706348158535547,9.272386671617058e-06
18,103250,0.0007782243337715045,9.272247888154346e-06
18,103260,0.0007704905845457688,9.272109092496083e-06
18,103270,0.0007700697053223849,9.271970284642662e-06
18,103280,0.0007645693491213023,9.271831464594478e-06
18,103290,0.0007794894976541401,9.27169263235193e-06
18,103300,0.0007751267912681215,9.271553787915414e-06
18,103310,0.0007817094112397172,9.271414931285323e-06
18,103320,0.0007732000696705655,9.271276062462054e-06
18,103330,0.0007862116559408606,9.271137181446004e-06
18,103340,0.0007756543694995343,9.270998288237575e-06
18,103350,0.0007737934924080036,9.270859382837155e-06
18,103360,0.0007638234616024419,9.270720465245144e-06
18,103370,0.0007627987957675942,9.270581535461942e-06
18,103380,0.0007791122683556751,9.270442593487943e-06
18,103390,0.0007799567873007617,9.270303639323543e-06
18,103400,0.0007715169820585289,9.270164672969138e-06
18,103410,0.0007685970616876149,9.270025694425126e-06
18,103420,0.0007858991986722686,9.269886703691905e-06
18,103430,0.0007810706811142154,9.269747700769872e-06
18,103440,0.0007780969710438513,9.26960868565942e-06
18,103450,0.0007782210945151747,9.269469658360944e-06
18,103460,0.0007878436445025727,9.269330618874846e-06
18,103470,0.0007705437252297998,9.269191567201523e-06
18,103480,0.0007795443350914865,9.26905250334137e-06
18,103490,0.0007886370120104403,9.268913427294784e-06
18,103500,0.0007770264171995222,9.268774339062161e-06
18,103510,0.0007769891511998138,9.268635238643902e-06
18,103520,0.0007677498520934023,9.268496126040403e-06
18,103530,0.0007701705384533853,9.268357001252054e-06
18,103540,0.0007835481534129939,9.268217864279265e-06
18,103550,0.000770991855824832,9.268078715122424e-06
18,103560,0.0007795048324624076,9.267939553781931e-06
18,103570,0.0007747859635856003,9.26780038025818e-06
18,103580,0.0007707568642217667,9.267661194551572e-06
18,103590,0.0007742106608930044,9.267521996662505e-06
18,103600,0.0007858754179324023,9.267382786591371e-06
18,103610,0.0007769916293909773,9.26724356433857e-06
18,103620,0.0007777660372084937,9.267104329904506e-06
18,103630,0.0007754753241897561,9.266965083289565e-06
18,103640,0.0007840463644242846,9.26682582449415e-06
18,103650,0.0007789409326505847,9.26668655351866e-06
18,103660,0.00077388052304741,9.266547270363495e-06
18,103670,0.0007759007756249047,9.266407975029047e-06
18,103680,0.0007706698874244466,9.266268667515714e-06
18,103690,0.0007733683713013306,9.266129347823897e-06
18,103700,0.0007792846241500229,9.265990015953986e-06
18,103710,0.0007785544206853956,9.265850671906396e-06
18,103720,0.0007731898032943719,9.265711315681504e-06
18,103730,0.0007839934565708974,9.26557194727972e-06
18,103740,0.0007667423866223544,9.265432566701437e-06
18,103750,0.000775038352003321,9.265293173947054e-06
18,103760,0.0007653199703781866,9.265153769016973e-06
18,103770,0.0007729089993517846,9.265014351911586e-06
18,103780,0.0007813541567884385,9.264874922631294e-06
18,103790,0.0007695092645008117,9.264735481176499e-06
18,103800,0.0007850029403925874,9.264596027547595e-06
18,103810,0.0007763974615954794,9.264456561744978e-06
18,103820,0.0007801093655871228,9.264317083769046e-06
18,103830,0.0007733261212706566,9.264177593620199e-06
18,103840,0.0007712177321081981,9.264038091298834e-06
18,103850,0.0007723801259999163,9.263898576805352e-06
18,103860,0.0007806213820003904,9.263759050140148e-06
18,103870,0.0007772662283969112,9.263619511303628e-06
18,103880,0.0007739758657407947,9.263479960296185e-06
18,103890,0.0007688905083341524,9.263340397118213e-06
18,103900,0.0007722697919234633,9.263200821770113e-06
18,103910,0.0007762805747915992,9.263061234252285e-06
18,103920,0.0007850066933315248,9.262921634565127e-06
18,103930,0.0007778477563988417,9.262782022709041e-06
18,103940,0.0007809784627170302,9.262642398684419e-06
18,103950,0.0007729140255833046,9.262502762491665e-06
18,103960,0.0007798714665113949,9.262363114131174e-06
18,103970,0.0007734628467005677,9.262223453603347e-06
18,103980,0.0007764706562738865,9.262083780908579e-06
18,103990,0.0007858491051592864,9.261944096047272e-06
18,104000,0.0007692380269872956,9.261804399019826e-06
18,104010,0.0007744516857201233,9.261664689826639e-06
18,104020,0.0007798068851116112,9.261524968468105e-06
18,104030,0.0007777689548674971,9.26138523494463e-06
18,104040,0.0007829973939806223,9.261245489256608e-06
18,104050,0.0007765749891404994,9.261105731404436e-06
18,104060,0.0007736741012195124,9.26096596138852e-06
18,104070,0.0007784149827784858,9.260826179209257e-06
18,104080,0.0007781549284118228,9.260686384867042e-06
18,104090,0.0007761684755678289,9.260546578362278e-06
18,104100,0.0007712617516517639,9.260406759695358e-06
18,104110,0.0007791492957039737,9.26026692886669e-06
18,104120,0.0007837606448447332,9.26012708587667e-06
18,104130,0.0007718543580267577,9.25998723072569e-06
18,104140,0.0007733118705800734,9.259847363414157e-06
18,104150,0.0007737680629361421,9.25970748394247e-06
18,104160,0.0007783556502545252,9.259567592311024e-06
18,104170,0.0007778607003274373,9.259427688520227e-06
18,104180,0.0007806288325809873,9.25928777257047e-06
18,104190,0.0007814096476067789,9.259147844462156e-06
18,104200,0.0007786338130244986,9.259007904195682e-06
18,104210,0.000776775338454172,9.258867951771448e-06
18,104220,0.0007684848402277566,9.258727987189853e-06
18,104230,0.0007851887567085214,9.258588010451298e-06
18,104240,0.0007799726910889149,9.258448021556181e-06
18,104250,0.0007710245103226044,9.258308020504903e-06
18,104260,0.0007661205570911988,9.258168007297866e-06
18,104270,0.0007774432451697066,9.258027981935467e-06
18,104280,0.0007769350064336322,9.257887944418105e-06
18,104290,0.0007682655996177346,9.25774789474618e-06
18,104300,0.0007813206873834134,9.2576078329201e-06
18,104310,0.0007791220137733034,9.257467758940252e-06
18,104320,0.0007740127897704952,9.257327672807044e-06
18,104330,0.0007671002123970539,9.257187574520869e-06
18,104340,0.0007755456492304802,9.257047464082133e-06
18,104350,0.0007757935032714157,9.256907341491233e-06
18,104360,0.0007781499472912401,9.25676720674857e-06
18,104370,0.000783379610220436,9.256627059854544e-06
18,104380,0.000774852831091266,9.256486900809555e-06
18,104390,0.0007750683638732881,9.256346729614003e-06
18,104400,0.0007729843448032625,9.256206546268291e-06
18,104410,0.0007663212119950913,9.256066350772811e-06
18,104420,0.0007693249121075497,9.255926143127973e-06
18,104430,0.0007871906811487861,9.25578592333417e-06
18,104440,0.000769237006898038,9.255645691391807e-06
18,104450,0.0007761968809063547,9.25550544730128e-06
18,104460,0.0007741186753264628,9.255365191062991e-06
18,104470,0.0007815834236680531,9.255224922677348e-06
18,104480,0.0007790215269778856,9.255084642144744e-06
18,104490,0.0007747445415589027,9.254944349465574e-06
18,104500,0.0007735976483672856,9.254804044640248e-06
18,104510,0.0007796910547767766,9.254663727669161e-06
18,104520,0.0007735463630524464,9.254523398552714e-06
18,104530,0.0007897277173469774,9.25438305729131e-06
18,104540,0.0007791678377543576,9.254242703885355e-06
18,104550,0.0007731174962827935,9.254102338335243e-06
18,104560,0.0007770849741064012,9.253961960641378e-06
18,104570,0.0007800450373906643,9.25382157080415e-06
18,104580,0.0007766709386487491,9.253681168823972e-06
18,104590,0.0007696505650528706,9.253540754701238e-06
18,104600,0.0007726584750344045,9.253400328436353e-06
18,104610,0.0007715490137343295,9.253259890029711e-06
18,104620,0.0007765081187244505,9.253119439481725e-06
18,104630,0.0007784287634422071,9.252978976792787e-06
18,104640,0.0007777015867759474,9.252838501963301e-06
18,104650,0.0007656744957785121,9.252698014993667e-06
18,104660,0.0007694844607613049,9.252557515884282e-06
18,104670,0.0007726595737040042,9.252417004635552e-06
18,104680,0.000778346745937597,9.252276481247875e-06
18,104690,0.0007761168410070241,9.252135945721657e-06
18,104700,0.0007751124940114096,9.251995398057296e-06
18,104710,0.0007781875145155936,9.251854838255193e-06
18,104720,0.0007843920524464919,9.251714266315754e-06
18,104730,0.0007733130420092494,9.251573682239375e-06
18,104740,0.0007875062539824285,9.251433086026456e-06
18,104750,0.000782290450297296,9.2512924776774e-06
18,104760,0.0007779486462823115,9.251151857192614e-06
18,104770,0.0007690587153774686,9.251011224572495e-06
18,104780,0.0007712659324170091,9.250870579817442e-06
18,104790,0.0007689464706345462,9.250729922927857e-06
18,104800,0.0007884517588536255,9.250589253904146e-06
18,104810,0.0007678635374759324,9.250448572746703e-06
18,104820,0.0007735002596746198,9.250307879455935e-06
18,104830,0.0007765714792185463,9.250167174032243e-06
18,104840,0.0007873220587498508,9.25002645647603e-06
18,104850,0.0007786074871546588,9.249885726787698e-06
18,104860,0.0007777043050737121,9.24974498496764e-06
18,104870,0.0007715123370871879,9.249604231016267e-06
18,104880,0.000768561904260423,9.24946346493398e-06
18,104890,0.0007739014501566999,9.249322686721179e-06
18,104900,0.0007694665560848079,9.249181896378267e-06
18,104910,0.0007692880535614678,9.249041093905643e-06
18,104920,0.000772093168052379,9.248900279303712e-06
18,104930,0.0007743442052742465,9.248759452572875e-06
18,104940,0.0007760143838822841,9.248618613713538e-06
18,104950,0.0007736683124676348,9.248477762726096e-06
18,104960,0.0007827060821000485,9.248336899610953e-06
18,104970,0.0007733472375548445,9.248196024368509e-06
18,104980,0.0007718448483501561,9.248055136999172e-06
18,104990,0.000777438133081887,9.247914237503342e-06
18,105000,0.000777109045884572,9.247773325881421e-06
18,105010,0.000772966349904891,9.247632402133812e-06
18,105020,0.0007899337884737178,9.247491466260915e-06
18,105030,0.0007831368042388932,9.247350518263132e-06
18,105040,0.0007748097355943172,9.247209558140871e-06
18,105050,0.0007850847046938725,9.247068585894528e-06
18,105060,0.0007715060899499804,9.246927601524513e-06
18,105070,0.0007645477235200815,9.246786605031217e-06
18,105080,0.0007779887950164266,9.24664559641505e-06
18,105090,0.0007892187393736094,9.246504575676416e-06
18,105100,0.0007713884857366793,9.246363542815713e-06
18,105110,0.0007779631079756654,9.246222497833349e-06
18,105120,0.000778493785765022,9.246081440729722e-06
18,105130,0.0007738928281469271,9.245940371505234e-06
18,105140,0.0007693985375226475,9.245799290160287e-06
18,105150,0.0007727623364189641,9.245658196695286e-06
18,105160,0.0007702975388383492,9.245517091110634e-06
18,105170,0.0007807174421031958,9.245375973406732e-06
18,105180,0.0007783029519487171,9.245234843583985e-06
18,105190,0.0007682174429646694,9.245093701642796e-06
18,105200,0.0007826636952813715,9.244952547583565e-06
18,105210,0.0007797865706379526,9.2448113814067e-06
18,105220,0.0007715920000919141,9.2446702031126e-06
18,105230,0.0007811860079527833,9.244529012701673e-06
18,105240,0.000778406168683432,9.244387810174316e-06
18,105250,0.0007739291511825285,9.244246595530935e-06
18,105260,0.0007699964917264879,9.244105368771928e-06
18,105270,0.0007854878189391457,9.243964129897703e-06
18,105280,0.000775388661713805,9.243822878908667e-06
18,105290,0.0007892134104622528,9.24368161580522e-06
18,105300,0.0007766610666294582,9.24354034058776e-06
18,105310,0.0007758245526929386,9.243399053256694e-06
18,105320,0.0007811546296579762,9.243257753812427e-06
18,105330,0.0007866327985539101,9.243116442255363e-06
18,105340,0.0007833501033019275,9.242975118585903e-06
18,105350,0.0007780486092087813,9.242833782804449e-06
18,105360,0.0007687912744586355,9.242692434911408e-06
18,105370,0.0007700566362473183,9.242551074907184e-06
18,105380,0.0007782778484397568,9.242409702792175e-06
18,105390,0.0007748666961560957,9.24226831856679e-06
18,105400,0.0007757049810606986,9.242126922231428e-06
18,105410,0.0007789702474838122,9.241985513786496e-06
18,105420,0.0007721992107690312,9.241844093232397e-06
18,105430,0.0007761432061670349,9.241702660569534e-06
18,105440,0.0007825366687029601,9.241561215798314e-06
18,105450,0.0007706590768066235,9.241419758919133e-06
18,105460,0.0007789627154124901,9.241278289932406e-06
18,105470,0.0007766370836179703,9.241136808838526e-06
18,105480,0.0007889244123362004,9.2409953156379e-06
18,105490,0.0007742283778497949,9.240853810330936e-06
18,105500,0.0007671987725188956,9.240712292918033e-06
18,105510,0.0007766048191115261,9.240570763399596e-06
18,105520,0.0007816097306204029,9.240429221776034e-06
18,105530,0.0007719835484749638,9.240287668047751e-06
18,105540,0.0007813716991222463,9.240146102215143e-06
18,105550,0.0007814978307578713,9.24000452427862e-06
18,105560,0.0007802880922099575,9.239862934238588e-06
18,105570,0.00078605903981952,9.239721332095447e-06
18,105580,0.0007801318017300219,9.239579717849597e-06
18,105590,0.0007717889006016777,9.23943809150145e-06
18,105600,0.000779836403671652,9.239296453051408e-06
18,105610,0.0007716891908785328,9.239154802499874e-06
18,105620,0.0007736016050330363,9.239013139847255e-06
18,105630,0.0007780715750413947,9.238871465093953e-06
18,105640,0.000776962451345753,9.238729778240375e-06
18,105650,0.0007779919847962446,9.23858807928692e-06
18,105660,0.0007676040127989835,9.238446368234e-06
18,105670,0.000774050605832599,9.238304645082016e-06
18,105680,0.000767936352349352,9.238162909831372e-06
18,105690,0.0007754254009341821,9.238021162482472e-06
18,105700,0.0007786236034007742,9.23787940303572e-06
18,105710,0.0007775367412250489,9.23773763149152e-06
18,105720,0.0007720973619143479,9.237595847850284e-06
18,105730,0.0007882494639488869,9.237454052112408e-06
18,105740,0.0007737224572338165,9.237312244278302e-06
18,105750,0.0007699619731283748,9.237170424348368e-06
18,105760,0.000766092685807962,9.237028592323011e-06
18,105770,0.0007782207816489972,9.236886748202638e-06
18,105780,0.0007748652089503594,9.236744891987653e-06
18,105790,0.0007727320757112467,9.236603023678461e-06
18,105800,0.000766564192599617,9.236461143275471e-06
18,105810,0.0007740066386759282,9.23631925077908e-06
18,105820,0.0007765829141135328,9.236177346189698e-06
18,105830,0.0007741252367850393,9.236035429507726e-06
18,105840,0.0007771248318022117,9.235893500733574e-06
18,105850,0.0007661367155378684,9.235751559867643e-06
18,105860,0.0007744321890641004,9.235609606910338e-06
18,105870,0.000776636453520041,9.235467641862068e-06
18,105880,0.0007697091947193258,9.235325664723237e-06
18,105890,0.0007747187992208637,9.235183675494255e-06
18,105900,0.0007768002513330429,9.23504167417552e-06
18,105910,0.000774296843155753,9.234899660767437e-06
18,105920,0.000768889661412686,9.23475763527042e-06
18,105930,0.0007762903696857393,9.234615597684866e-06
18,105940,0.000767294058459811,9.23447354801118e-06
18,105950,0.0007765953327179887,9.234331486249776e-06
18,105960,0.0007833407711586915,9.23418941240105e-06
18,105970,0.0007744692236883565,9.234047326465414e-06
18,105980,0.0007675927234231495,9.233905228443268e-06
18,105990,0.0007670894381590187,9.233763118335021e-06
18,106000,0.0007693235849728807,9.23362099614108e-06
18,106010,0.0007777711041853764,9.233478861861852e-06
18,106020,0.0007796169666107744,9.233336715497735e-06
18,validation,0.0007664550648769364,9.233336715497735e-06
19,106030,0.0007785220863297583,9.233194557049141e-06
19,106040,0.0007709094861638732,9.233052386516474e-06
19,106050,0.0007749201657134109,9.232910203900138e-06
19,106060,0.000771250190155115,9.232768009200548e-06
19,106070,0.000783011323073879,9.232625802418098e-06
19,106080,0.0007764820271404459,9.2324835835532e-06
19,106090,0.0007748790638288483,9.232341352606262e-06
19,106100,0.0007679923073737882,9.232199109577683e-06
19,106110,0.0007731607634923421,9.232056854467873e-06
19,106120,0.0007730353623628615,9.231914587277238e-06
19,106130,0.0007787528957123868,9.231772308006186e-06
19,106140,0.000777083876891993,9.231630016655124e-06
19,106150,0.0007878300879383461,9.231487713224453e-06
19,106160,0.0007725772593403235,9.231345397714584e-06
19,106170,0.00076575014682021,9.231203070125921e-06
19,106180,0.0007763155008433387,9.231060730458872e-06
19,106190,0.0007760585154755973,9.23091837871384e-06
19,106200,0.0007800634455634281,9.230776014891231e-06
19,106210,0.0007751786222797819,9.23063363899145e-06
19,106220,0.0007831856841221453,9.23049125101491e-06
19,106230,0.000769674677576404,9.230348850962016e-06
19,106240,0.0007655768160475417,9.230206438833172e-06
19,106250,0.0007837855970137752,9.230064014628786e-06
19,106260,0.0007733764621661976,9.22992157834926e-06
19,106270,0.0007856413620174862,9.229779129995005e-06
19,106280,0.0007816975645255297,9.229636669566433e-06
19,106290,0.0007763993155094794,9.22949419706394e-06
19,106300,0.0007780717176501639,9.22935171248794e-06
19,106310,0.0007790931937051937,9.229209215838834e-06
19,106320,0.0007793578741257079,9.229066707117034e-06
19,106330,0.0007878365329816006,9.228924186322945e-06
19,106340,0.0007732480371487327,9.228781653456974e-06
19,106350,0.0007837113240384496,9.228639108519529e-06
19,106360,0.0007640900919795967,9.228496551511015e-06
19,106370,0.0007795865065418183,9.22835398243184e-06
19,106380,0.0007681986069655978,9.228211401282409e-06
19,106390,0.0007863246370106936,9.22806880806313e-06
19,106400,0.0007722015347098931,9.227926202774414e-06
19,106410,0.0007786594724166207,9.22778358541666e-06
19,106420,0.0007744977396214381,9.227640955990282e-06
19,106430,0.0007791412353981286,9.227498314495683e-06
19,106440,0.0007758178966469131,9.227355660933272e-06
19,106450,0.0007753075798973442,9.227212995303456e-06
19,106460,0.0007702385220909492,9.227070317606647e-06
19,106470,0.00078033120080363,9.226927627843243e-06
19,106480,0.0007745682742097415,9.226784926013661e-06
19,106490,0.00077726118179271,9.226642212118298e-06
19,106500,0.0007856792857637628,9.226499486157568e-06
19,106510,0.0007738767220871523,9.226356748131878e-06
19,106520,0.0007770739102852532,9.226213998041634e-06
19,106530,0.0007688941288506612,9.226071235887248e-06
19,106540,0.0007686178621952422,9.225928461669124e-06
19,106550,0.0007689625243074261,9.225785675387665e-06
19,106560,0.0007786095142364502,9.225642877043282e-06
19,106570,0.000778490919037722,9.225500066636387e-06
19,106580,0.0007809622315107845,9.225357244167385e-06
19,106590,0.0007732969170319848,9.225214409636681e-06
19,106600,0.0007784107903717086,9.225071563044684e-06
19,106610,0.0007871618276112714,9.224928704391801e-06
19,106620,0.0007762866327539087,9.224785833678442e-06
19,106630,0.000774013067712076,9.224642950905016e-06
19,106640,0.00077539464837173,9.224500056071927e-06
19,106650,0.0007768796072923579,9.224357149179585e-06
19,106660,0.0007793807089910842,9.224214230228397e-06
19,106670,0.0007746530827716924,9.224071299218769e-06
19,106680,0.0007778390994644725,9.223928356151118e-06
19,106690,0.0007735388964647428,9.223785401025842e-06
19,106700,0.0007885532701038756,9.223642433843354e-06
19,106710,0.0007801920932251961,9.223499454604063e-06
19,106720,0.0007782883156323805,9.223356463308376e-06
19,106730,0.0007649094870430417,9.223213459956697e-06
19,106740,0.0007743410737020895,9.223070444549438e-06
19,106750,0.000777331812423654,9.222927417087007e-06
19,106760,0.0007748242816887796,9.222784377569812e-06
19,106770,0.0007760203923680819,9.222641325998263e-06
19,106780,0.0007783796449075454,9.222498262372765e-06
19,106790,0.0007729435485089198,9.22235518669373e-06
19,106800,0.0007662523072212935,9.222212098961562e-06
19,106810,0.0007785851586959325,9.222068999176673e-06
19,106820,0.0007754496109555475,9.221925887339468e-06
19,106830,0.0007749159398372285,9.221782763450356e-06
19,106840,0.0007850793685065582,9.221639627509754e-06
19,106850,0.0007786919726640917,9.221496479518059e-06
19,106860,0.0007696407308685593,9.221353319475689e-06
19,106870,0.0007770867654471659,9.221210147383046e-06
19,106880,0.000770399502653163,9.221066963240539e-06
19,106890,0.0007768077601213008,9.220923767048585e-06
19,106900,0.0007706583914114161,9.220780558807586e-06
19,106910,0.0007888980922871271,9.220637338517955e-06
19,106920,0.0007733100035693496,9.22049410618009e-06
19,106930,0.0007750341639621184,9.220350861794404e-06
19,106940,0.0007684328083996661,9.220207605361314e-06
19,106950,0.0007794719917001204,9.220064336881224e-06
19,106960,0.0007730333745712414,9.219921056354542e-06
19,106970,0.0007768258699798026,9.219777763781679e-06
19,106980,0.0007839109093765728,9.219634459163044e-06
19,106990,0.0007701549911871554,9.219491142499042e-06
19,107000,0.0007697120076045395,9.219347813790086e-06
19,107010,0.000767298208666034,9.219204473036587e-06
19,107020,0.000772266450803727,9.21906112023895e-06
19,107030,0.0007810598093783483,9.21891775539759e-06
19,107040,0.0007699806810705923,9.218774378512908e-06
19,107050,0.0007777224120218306,9.21863098958532e-06
19,107060,0.0007719260785961524,9.218487588615229e-06
19,107070,0.0007745405586319975,9.218344175603052e-06
19,107080,0.000766209802532103,9.218200750549194e-06
19,107090,0.0007707895667408593,9.218057313454063e-06
19,107100,0.0007815392818883994,9.217913864318072e-06
19,107110,0.0007776508966344408,9.217770403141624e-06
19,107120,0.0007736601633951067,9.217626929925137e-06
19,107130,0.0007762805384118111,9.217483444669015e-06
19,107140,0.0007753209400107152,9.217339947373674e-06
19,107150,0.0007732137513812632,9.217196438039515e-06
19,107160,0.0007805398374330253,9.217052916666949e-06
19,107170,0.0007784809335134923,9.216909383256392e-06
19,107180,0.000762611515528988,9.21676583780825e-06
19,107190,0.0007866549480240793,9.216622280322936e-06
19,107200,0.0007693115665460936,9.216478710800856e-06
19,107210,0.0007754091988317668,9.216335129242421e-06
19,107220,0.0007754660269711166,9.216191535648039e-06
19,107230,0.0007685711520025506,9.216047930018118e-06
19,107240,0.0007678820475121029,9.215904312353074e-06
19,107250,0.0007781917753163724,9.215760682653315e-06
19,107260,0.0007834127492969856,9.215617040919247e-06
19,107270,0.000775520312890876,9.215473387151282e-06
19,107280,0.0007701081471168437,9.215329721349835e-06
19,107290,0.0007698349785641768,9.21518604351531e-06
19,107300,0.0007695471518673002,9.215042353648118e-06
19,107310,0.0007720396824879572,9.214898651748676e-06
19,107320,0.0007795920799253508,9.214754937817389e-06
19,107330,0.0007713016311754473,9.214611211854665e-06
19,107340,0.0007758121311780997,9.214467473860913e-06
19,107350,0.0007802711086696945,9.21432372383655e-06
19,107360,0.000785324681783095,9.214179961781984e-06
19,107370,0.000778114928107243,9.214036187697624e-06
19,107380,0.0007804040345945395,9.213892401583877e-06
19,107390,0.0007806428693584166,9.213748603441163e-06
19,107400,0.0007762752793496475,9.213604793269884e-06
19,107410,0.0007628918712725863,9.213460971070456e-06
19,107420,0.0007795842990162782,9.213317136843286e-06
19,107430,0.0007732235928415321,9.213173290588784e-06
19,107440,0.000781336540239863,9.213029432307363e-06
19,107450,0.0007764043199131265,9.212885561999435e-06
19,107460,0.0007751239332719705,9.212741679665408e-06
19,107470,0.0007839404439437203,9.212597785305691e-06
19,107480,0.0007762056542560459,9.212453878920699e-06
19,107490,0.0007846335429348983,9.212309960510838e-06
19,107500,0.0007786379675962963,9.212166030076522e-06
19,107510,0.0007780146086588501,9.212022087618165e-06
19,107520,0.0007760494991089217,9.211878133136172e-06
19,107530,0.0007725866802502423,9.211734166630952e-06
19,107540,0.0007705700423684903,9.211590188102927e-06
19,107550,0.0007744501461274923,9.2114461975525e-06
19,107560,0.0007774357814923859,9.211302194980083e-06
19,107570,0.0007703516050241888,9.211158180386087e-06
19,107580,0.0007801185653079301,9.211014153770926e-06
19,107590,0.0007760837761452422,9.210870115135003e-06
19,107600,0.0007766688300762326,9.210726064478737e-06
19,107610,0.0007722807713435031,9.210582001802539e-06
19,107620,0.0007885804719990119,9.210437927106818e-06
19,107630,0.0007743030422716401,9.210293840391983e-06
19,107640,0.0007784887813613749,9.21014974165845e-06
19,107650,0.0007741176086710766,9.210005630906628e-06
19,107660,0.0007791815325617791,9.20986150813693e-06
19,107670,0.0007826049375580623,9.209717373349766e-06
19,107680,0.0007813081247149967,9.209573226545545e-06
19,107690,0.0007820671162335202,9.209429067724683e-06
19,107700,0.000782809403608553,9.209284896887588e-06
19,107710,0.0007756490391329861,9.209140714034672e-06
19,107720,0.0007757334969937801,9.20899651916635e-06
19,107730,0.0007702482776949182,9.20885231228303e-06
19,107740,0.0007766286304104141,9.208708093385129e-06
19,107750,0.0007782335043884814,9.208563862473047e-06
19,107760,0.0007809867587639019,9.208419619547206e-06
19,107770,0.0007713886487181299,9.208275364608015e-06
19,107780,0.0007771954085910693,9.208131097655886e-06
19,107790,0.0007651793479453773,9.20798681869123e-06
19,107800,0.0007704155446845108,9.20784252771446e-06
19,107810,0.0007777861639624462,9.207698224725989e-06
19,107820,0.000773027776449453,9.207553909726228e-06
19,107830,0.0007776987680699677,9.207409582715585e-06
19,107840,0.0007723898190306499,9.207265243694476e-06
19,107850,0.0007787394541082904,9.207120892663314e-06
19,107860,0.0007687516714213415,9.206976529622507e-06
19,107870,0.0007657092544832268,9.206832154572472e-06
19,107880,0.0007743616573861801,9.206687767513617e-06
19,107890,0.0007854970710468478,9.206543368446354e-06
19,107900,0.0007820016195182688,9.206398957371101e-06
19,107910,0.000777990373899229,9.206254534288266e-06
19,107920,0.0007684295705985278,9.206110099198258e-06
19,107930,0.0007799646075000054,9.205965652101495e-06
19,107940,0.000771796758635901,9.205821192998387e-06
19,107950,0.0007761994129396044,9.205676721889343e-06
19,107960,0.0007669936589081771,9.205532238774782e-06
19,107970,0.0007734140701359138,9.205387743655115e-06
19,107980,0.0007688515572226607,9.20524323653075e-06
19,107990,0.0007766590613755397,9.205098717402102e-06
19,108000,0.0007811705276253633,9.204954186269582e-06
19,108010,0.0007730880693998188,9.204809643133607e-06
19,108020,0.0007733207996352576,9.204665087994591e-06
19,108030,0.0007863431310397573,9.204520520852939e-06
19,108040,0.0007754038437269628,9.204375941709068e-06
19,108050,0.0007779394509270788,9.204231350563388e-06
19,108060,0.0007737970285234041,9.204086747416315e-06
19,108070,0.0007786448768456466,9.203942132268262e-06
19,108080,0.0007781930238706991,9.203797505119641e-06
19,108090,0.0007915402355138212,9.203652865970862e-06
19,108100,0.0007773972669383511,9.20350821482234e-06
19,108110,0.0007716822059592232,9.203363551674493e-06
19,108120,0.0007758863459457644,9.203218876527725e-06
19,108130,0.0007745316426735372,9.203074189382454e-06
19,108140,0.0007801666593877599,9.202929490239089e-06
19,108150,0.0007710417587077244,9.202784779098051e-06
19,108160,0.000780680745083373,9.202640055959747e-06
19,108170,0.0007684430296649224,9.202495320824591e-06
19,108180,0.0007836767472326756,9.202350573692996e-06
19,108190,0.0007824127707863226,9.202205814565375e-06
19,108200,0.0007727204967522994,9.202061043442139e-06
19,108210,0.0007730480923783034,9.201916260323709e-06
19,108220,0.000762709068658296,9.201771465210493e-06
19,108230,0.0007732494705123827,9.201626658102904e-06
19,108240,0.0007771899880026467,9.201481839001353e-06
19,108250,0.0007773377001285553,9.201337007906262e-06
19,108260,0.0007731605641311034,9.20119216481804e-06
19,108270,0.0007781250678817743,9.201047309737097e-06
19,108280,0.0007794956749421544,9.200902442663846e-06
19,108290,0.0007724434472038411,9.200757563598704e-06
19,108300,0.0007771198346745223,9.200612672542084e-06
19,108310,0.0007779890729580075,9.2004677694944e-06
19,108320,0.0007713538143434561,9.200322854456069e-06
19,108330,0.0007757824787404388,9.2001779274275e-06
19,108340,0.0007801379601005465,9.200032988409105e-06
19,108350,0.0007748670483124442,9.199888037401303e-06
19,108360,0.0007775237478199415,9.199743074404504e-06
19,108370,0.0007756332459393888,9.19959809941912e-06
19,108380,0.0007820259575964883,9.199453112445572e-06
19,108390,0.0007759809144772589,9.199308113484268e-06
19,108400,0.0007756299950415268,9.199163102535626e-06
19,108410,0.0007695103675359861,9.199018079600057e-06
19,108420,0.0007770640208036639,9.198873044677976e-06
19,108430,0.0007721883768681437,9.198727997769797e-06
19,108440,0.0007708373595960438,9.19858293887593e-06
19,108450,0.0007642249955097213,9.198437867996792e-06
19,108460,0.0007816629688022659,9.198292785132799e-06
19,108470,0.0007754910446237772,9.198147690284363e-06
19,108480,0.0007753951314953156,9.198002583451903e-06
19,108490,0.0007763219648040832,9.19785746463583e-06
19,108500,0.0007732425976428203,9.197712333836555e-06
19,108510,0.0007708098535658791,9.197567191054493e-06
19,108520,0.0007759531581541523,9.197422036290064e-06
19,108530,0.0007832765026250855,9.197276869543678e-06
19,108540,0.0007716337771853432,9.197131690815752e-06
19,108550,0.0007801825122442096,9.196986500106697e-06
19,108560,0.0007707400873186998,9.19684129741693e-06
19,108570,0.0007775378733640536,9.196696082746862e-06
19,108580,0.0007811359071638435,9.196550856096912e-06
19,108590,0.0007776472091791221,9.196405617467495e-06
19,108600,0.000772689751465805,9.196260366859022e-06
19,108610,0.0007740566710708664,9.196115104271907e-06
19,108620,0.0007768266805214808,9.195969829706565e-06
19,108630,0.0007784976536640898,9.195824543163415e-06
19,108640,0.0007920005635241977,9.195679244642868e-06
19,108650,0.0007705269323196262,9.195533934145338e-06
19,108660,0.0007704213800025173,9.195388611671245e-06
19,108670,0.0007737115942290984,9.195243277220997e-06
19,108680,0.0007830105227185414,9.195097930795013e-06
19,108690,0.0007757602099445648,9.19495257239371e-06
19,108700,0.0007715624902630225,9.194807202017498e-06
19,108710,0.0007785775873344391,9.19466181966679e-06
19,108720,0.0007858112949179485,9.194516425342008e-06
19,108730,0.0007851624817703851,9.194371019043564e-06
19,108740,0.0007749372292892077,9.194225600771873e-06
19,108750,0.0007752559598884545,9.194080170527349e-06
19,108760,0.0007878907490521669,9.19393472831041e-06
19,108770,0.0007763012283248827,9.19378927412147e-06
19,108780,0.0007732421188848093,9.193643807960946e-06
19,108790,0.0007850497990148142,9.193498329829246e-06
19,108800,0.0007792399803292938,9.193352839726796e-06
19,108810,0.0007706173753831535,9.193207337654004e-06
19,108820,0.0007739122505881824,9.193061823611285e-06
19,108830,0.0007740366534562782,9.192916297599056e-06
19,108840,0.0007719429268036038,9.192770759617732e-06
19,108850,0.000777166175248567,9.19262520966773e-06
19,108860,0.0007744865375570952,9.192479647749464e-06
19,108870,0.0007729682212811895,9.19233407386335e-06
19,108880,0.0007737727704807186,9.192188488009807e-06
19,108890,0.0007717644330114126,9.192042890189245e-06
19,108900,0.0007814436656190082,9.191897280402084e-06
19,108910,0.0007683153715333901,9.191751658648737e-06
19,108920,0.000770773331169039,9.19160602492962e-06
19,108930,0.0007683551797526888,9.19146037924515e-06
19,108940,0.0007706039978074841,9.19131472159574e-06
19,108950,0.0007768684736220166,9.191169051981807e-06
19,108960,0.0007772148208459839,9.19102337040377e-06
19,108970,0.0007664858014322818,9.190877676862044e-06
19,108980,0.0007685014992603102,9.19073197135704e-06
19,108990,0.0007733246951829642,9.190586253889176e-06
19,109000,0.0007768273761030286,9.190440524458871e-06
19,109010,0.0007705155076109804,9.19029478306654e-06
19,109020,0.0007731022851658054,9.190149029712594e-06
19,109030,0.0007768305775243789,9.190003264397455e-06
19,109040,0.0007627795173902997,9.189857487121542e-06
19,109050,0.000769495652639307,9.189711697885261e-06
19,109060,0.0007757404280710034,9.189565896689033e-06
19,109070,0.000779947460978292,9.189420083533278e-06
19,109080,0.000774327784893103,9.18927425841841e-06
19,109090,0.0007760834414511919,9.189128421344838e-06
19,109100,0.0007692031955230049,9.188982572312988e-06
19,109110,0.0007750513730570674,9.188836711323274e-06
19,109120,0.0007760787615552544,9.188690838376115e-06
19,109130,0.0007771201038849541,9.188544953471921e-06
19,109140,0.0007731464967946521,9.188399056611114e-06
19,109150,0.0007692800558288583,9.188253147794106e-06
19,109160,0.0007679897389607504,9.188107227021317e-06
19,109170,0.0007728716023848391,9.187961294293158e-06
19,109180,0.0007790262490743772,9.18781534961005e-06
19,109190,0.0007791978860041127,9.187669392972407e-06
19,109200,0.0007684837124543265,9.187523424380646e-06
19,109210,0.0007807426329236478,9.187377443835193e-06
19,109220,0.0007693427571211942,9.187231451336451e-06
19,109230,0.0007770870099193417,9.187085446884847e-06
19,109240,0.000778712959436234,9.186939430480789e-06
19,109250,0.0007820503946277313,9.1867934021247e-06
19,109260,0.0007867390333558433,9.186647361816994e-06
19,109270,0.0007712633465416729,9.186501309558091e-06
19,109280,0.0007697464403463527,9.186355245348407e-06
19,109290,0.000774524711596314,9.186209169188355e-06
19,109300,0.0007673141692066566,9.186063081078355e-06
19,109310,0.0007683890056796373,9.185916981018821e-06
19,109320,0.0007715443702181802,9.18577086901018e-06
19,109330,0.0007795815108693204,9.185624745052838e-06
19,109340,0.0007804072738508694,9.185478609147217e-06
19,109350,0.000767790868121665,9.18533246129373e-06
19,109360,0.0007721852947724983,9.185186301492799e-06
19,109370,0.0007739497028524055,9.185040129744843e-06
19,109380,0.0007771830336423592,9.184893946050277e-06
19,109390,0.000780024159757886,9.184747750409516e-06
19,109400,0.0007725218005361967,9.184601542822981e-06
19,109410,0.000789227978384588,9.184455323291085e-06
19,109420,0.0007789786424837075,9.184309091814246e-06
19,109430,0.0007818604397471062,9.184162848392884e-06
19,109440,0.0007796895530191249,9.184016593027417e-06
19,109450,0.0007681264847633429,9.183870325718258e-06
19,109460,0.0007724390728981234,9.18372404646583e-06
19,109470,0.0007735140752629377,9.183577755270544e-06
19,109480,0.0007773033343255519,9.183431452132829e-06
19,109490,0.0007798771373927593,9.183285137053088e-06
19,109500,0.0007734143015113659,9.183138810031749e-06
19,109510,0.0007757110201055185,9.182992471069227e-06
19,109520,0.0007674773878534324,9.182846120165939e-06
19,109530,0.0007828783855075017,9.182699757322302e-06
19,109540,0.0007799959086696617,9.182553382538735e-06
19,109550,0.000771098889526911,9.18240699581566e-06
19,109560,0.0007785624693497084,9.182260597153483e-06
19,109570,0.000778914277907461,9.182114186552635e-06
19,109580,0.0007713241458986885,9.181967764013528e-06
19,109590,0.0007628038962138817,9.18182132953658e-06
19,109600,0.0007762774912407622,9.18167488312221e-06
19,109610,0.0007789110284647904,9.181528424770833e-06
19,109620,0.0007822467348887586,9.181381954482873e-06
19,109630,0.000769088759261649,9.181235472258739e-06
19,109640,0.000779124723339919,9.181088978098854e-06
19,109650,0.0007705822266871109,9.180942472003643e-06
19,109660,0.0007716870284639298,9.180795953973518e-06
19,109670,0.0007801271785865538,9.180649424008898e-06
19,109680,0.0007779857885907404,9.180502882110203e-06
19,109690,0.0007760677632177248,9.180356328277843e-06
19,109700,0.0007850117806810886,9.180209762512244e-06
19,109710,0.0007678782552829943,9.180063184813823e-06
19,109720,0.0007812959112925455,9.179916595182995e-06
19,109730,0.0007756143982987851,9.179769993620188e-06
19,109740,0.0007698726156377233,9.179623380125809e-06
19,109750,0.0007674856286030263,9.179476754700285e-06
19,109760,0.0007650613653822801,9.179330117344029e-06
19,109770,0.0007700418645981699,9.179183468057464e-06
19,109780,0.0007742464091279545,9.179036806841007e-06
19,109790,0.0007739811801002361,9.178890133695073e-06
19,109800,0.0007750648233923129,9.178743448620087e-06
19,109810,0.0007703935567406006,9.178596751616459e-06
19,109820,0.0007799404309480451,9.178450042684618e-06
19,109830,0.0007743068228592165,9.178303321824979e-06
19,109840,0.0007779918581945823,9.178156589037958e-06
19,109850,0.0007721627334831282,9.178009844323975e-06
19,109860,0.0007686033422942273,9.177863087683449e-06
19,109870,0.0007711181053309702,9.177716319116804e-06
19,109880,0.0007746859730104916,9.177569538624453e-06
19,109890,0.0007731216363026761,9.177422746206816e-06
19,109900,0.0007759293919662013,9.177275941864316e-06
19,109910,0.0007747176161501557,9.177129125597366e-06
19,109920,0.0007693062114412897,9.176982297406388e-06
19,109930,0.00077884135680506,9.176835457291801e-06
19,109940,0.000777834773180075,9.176688605254025e-06
19,109950,0.000772671175946016,9.176541741293479e-06
19,109960,0.0007779510284308344,9.17639486541058e-06
19,109970,0.0007829924608813599,9.176247977605746e-06
19,109980,0.0007721283269347623,9.1761010778794e-06
19,109990,0.0007792726959451103,9.17595416623196e-06
19,110000,0.0007707807541009969,9.175807242663847e-06
19,110010,0.0007665815413929521,9.175660307175482e-06
19,110020,0.0007811214309185743,9.175513359767283e-06
19,110030,0.0007665831624763086,9.175366400439666e-06
19,110040,0.0007749984200927429,9.175219429193051e-06
19,110050,0.0007768839059281163,9.17507244602786e-06
19,110060,0.0007697195294895209,9.17492545094451e-06
19,110070,0.0007653149965335615,9.174778443943422e-06
19,110080,0.0007821549923392012,9.174631425025019e-06
19,110090,0.0007713258208241313,9.174484394189718e-06
19,110100,0.0007729108896455727,9.174337351437935e-06
19,110110,0.000774926392477937,9.174190296770094e-06
19,110120,0.0007711554950219578,9.174043230186614e-06
19,110130,0.0007747879659291357,9.173896151687917e-06
19,110140,0.0007740511355223134,9.173749061274418e-06
19,110150,0.0007805122426361776,9.173601958946543e-06
19,110160,0.000776089903956745,9.173454844704708e-06
19,110170,0.0007704787771217525,9.173307718549328e-06
19,110180,0.0007708130782702939,9.173160580480835e-06
19,110190,0.0007739594409940764,9.17301343049964e-06
19,110200,0.000769347365712747,9.172866268606165e-06
19,110210,0.0007711532918619924,9.172719094800834e-06
19,110220,0.000782881370105315,9.17257190908406e-06
19,110230,0.0007836508928448893,9.172424711456272e-06
19,110240,0.0007789315728587098,9.172277501917883e-06
19,110250,0.000771060332772322,9.172130280469313e-06
19,110260,0.0007704332951107063,9.171983047110985e-06
19,110270,0.0007819554550223984,9.171835801843318e-06
19,110280,0.0007679997084778735,9.171688544666733e-06
19,110290,0.0007716815729509109,9.17154127558165e-06
19,110300,0.0007702843751758336,9.17139399458849e-06
19,110310,0.0007734906219411642,9.171246701687674e-06
19,110320,0.0007683202711632475,9.171099396879618e-06
19,110330,0.0007799645187333226,9.170952080164753e-06
19,110340,0.0007775637073791586,9.17080475154349e-06
19,110350,0.0007757071012747474,9.170657411016255e-06
19,110360,0.0007776269674650394,9.170510058583464e-06
19,110370,0.000782237111707218,9.17036269424554e-06
19,110380,0.0007711070065852255,9.170215318002901e-06
19,110390,0.0007750201053568161,9.170067929855971e-06
19,110400,0.0007707775905146264,9.169920529805171e-06
19,110410,0.0007742110072285868,9.169773117850919e-06
19,110420,0.0007686623357585631,9.169625693993636e-06
19,110430,0.0007660929244593718,9.169478258233744e-06
19,110440,0.0007696690285229123,9.169330810571666e-06
19,110450,0.0007778177663567477,9.169183351007825e-06
19,110460,0.0007845242784242144,9.169035879542635e-06
19,110470,0.0007725879026111215,9.168888396176515e-06
19,110480,0.0007770455165882594,9.168740900909896e-06
19,110490,0.0007720809546299278,9.168593393743189e-06
19,110500,0.0007708038159762509,9.168445874676821e-06
19,110510,0.0007762778419419192,9.168298343711216e-06
19,110520,0.0007823170904885047,9.16815080084679e-06
19,110530,0.0007824213767889886,9.168003246083962e-06
19,110540,0.0007763534857076592,9.167855679423161e-06
19,110550,0.0007796449586749076,9.167708100864804e-06
19,110560,0.000780405371915549,9.16756051040931e-06
19,110570,0.0007751644647214561,9.1674129080571e-06
19,110580,0.0007814489537850023,9.167265293808601e-06
19,110590,0.0007756335675367154,9.167117667664231e-06
19,110600,0.0007778249506372958,9.166970029624408e-06
19,110610,0.000776608042360749,9.166822379689561e-06
19,110620,0.0007743460097117349,9.166674717860108e-06
19,110630,0.0007671847037272529,9.166527044136468e-06
19,110640,0.0007711400947300717,9.166379358519062e-06
19,110650,0.0007681245348067022,9.166231661008317e-06
19,110660,0.0007681614515604451,9.166083951604652e-06
19,110670,0.0007678330526687204,9.165936230308484e-06
19,110680,0.0007748495976557025,9.16578849712024e-06
19,110690,0.0007779556690366008,9.165640752040342e-06
19,110700,0.0007788521295879036,9.165492995069213e-06
19,110710,0.000780759249755647,9.165345226207267e-06
19,110720,0.0007737309570075013,9.16519744545493e-06
19,110730,0.0007835840078769251,9.165049652812633e-06
19,110740,0.0007724443392362446,9.164901848280781e-06
19,110750,0.0007802133826771751,9.164754031859813e-06
19,110760,0.0007708744145929813,9.164606203550139e-06
19,110770,0.0007589641827507876,9.164458363352188e-06
19,110780,0.0007685608536121435,9.164310511266373e-06
19,110790,0.0007853724862798117,9.164162647293126e-06
19,110800,0.0007855839736294,9.164014771432865e-06
19,110810,0.0007804246415616944,9.163866883686012e-06
19,110820,0.0007858273194869981,9.163718984052989e-06
19,110830,0.0007823585343430751,9.163571072534219e-06
19,110840,0.0007710560006671585,9.163423149130122e-06
19,110850,0.0007747358322376385,9.163275213841122e-06
19,110860,0.0007748048607027157,9.16312726666764e-06
19,110870,0.000776798720471561,9.162979307610104e-06
19,110880,0.0007756713210255838,9.162831336668931e-06
19,110890,0.0007754499922157266,9.162683353844544e-06
19,110900,0.0007810008290107363,9.162535359137365e-06
19,110910,0.0007688686586334371,9.162387352547816e-06
19,110920,0.0007718060849583707,9.162239334076322e-06
19,110930,0.000775152763526421,9.162091303723301e-06
19,110940,0.0007693543506320567,9.161943261489183e-06
19,110950,0.00077412674727384,9.161795207374383e-06
19,110960,0.0007759804968372918,9.161647141379325e-06
19,110970,0.0007714276493061334,9.161499063504438e-06
19,110980,0.0007730756173259578,9.161350973750138e-06
19,110990,0.0007759372179862112,9.161202872116856e-06
19,111000,0.0007800546096405014,9.161054758605002e-06
19,111010,0.0007902611556346528,9.160906633215008e-06
19,111020,0.000774449338496197,9.1607584959473e-06
19,111030,0.0007849429108318873,9.160610346802294e-06
19,111040,0.0007692074388614856,9.160462185780411e-06
19,111050,0.0007667994112125599,9.160314012882074e-06
19,111060,0.000768623169278726,9.16016582810771e-06
19,111070,0.0007720809197053313,9.160017631457745e-06
19,111080,0.0007736007566563786,9.159869422932596e-06
19,111090,0.0007768882016534917,9.15972120253269e-06
19,111100,0.0007786120913806371,9.159572970258448e-06
19,111110,0.0007675473869312555,9.159424726110295e-06
19,111120,0.000776664174918551,9.159276470088652e-06
19,111130,0.0007786174988723359,9.15912820219394e-06
19,111140,0.0007787985319737344,9.158979922426588e-06
19,111150,0.0007743770882370882,9.158831630787014e-06
19,111160,0.0007647087913937867,9.158683327275644e-06
19,111170,0.0007746596180368215,9.158535011892901e-06
19,111180,0.0007662798117962666,9.158386684639212e-06
19,111190,0.0007698008470470086,9.158238345514994e-06
19,111200,0.0007728420154307968,9.158089994520672e-06
19,111210,0.0007727247502771206,9.157941631656672e-06
19,111220,0.000777163406019099,9.157793256923417e-06
19,111230,0.0007738388085272163,9.157644870321331e-06
19,111240,0.0007696567568928002,9.157496471850836e-06
19,111250,0.000765518624393735,9.157348061512359e-06
19,111260,0.0007629664905834943,9.157199639306316e-06
19,111270,0.0007771586620947346,9.157051205233137e-06
19,111280,0.0007717998494626954,9.156902759293245e-06
19,111290,0.0007827410037862137,9.156754301487062e-06
19,111300,0.0007704189760261215,9.156605831815011e-06
19,111310,0.0007729738586931489,9.156457350277521e-06
19,111320,0.0007696002488955856,9.156308856875009e-06
19,111330,0.0007747398514766247,9.156160351607904e-06
19,111340,0.0007785234934999607,9.15601183447663e-06
19,111350,0.0007769406453007832,9.155863305481606e-06
19,111360,0.000780466792639345,9.15571476462326e-06
19,111370,0.0007768645373289473,9.155566211902015e-06
19,111380,0.0007734359634923749,9.155417647318298e-06
19,111390,0.0007836430275347083,9.155269070872531e-06
19,111400,0.0007692949846386909,9.155120482565134e-06
19,111410,0.0007731180870905519,9.154971882396541e-06
19,111420,0.0007772523633320815,9.154823270367168e-06
19,111430,0.0007717466651229188,9.15467464647744e-06
19,111440,0.0007751451586955227,9.154526010727784e-06
19,111450,0.000773174011555966,9.154377363118619e-06
19,111460,0.0007763670466374606,9.154228703650369e-06
19,111470,0.0007828328496543691,9.154080032323468e-06
19,111480,0.0007737698222626933,9.153931349138336e-06
19,111490,0.0007849538815207779,9.153782654095396e-06
19,111500,0.0007708188117248937,9.153633947195073e-06
19,111510,0.000769158365437761,9.153485228437788e-06
19,111520,0.000772327977756504,9.153336497823971e-06
19,111530,0.0007773722041747532,9.153187755354045e-06
19,111540,0.0007710230143857189,9.153039001028429e-06
19,111550,0.0007749303535092622,9.152890234847555e-06
19,111560,0.0007701830632868222,9.152741456811848e-06
19,111570,0.0007654948873096145,9.152592666921729e-06
19,111580,0.0007700013360590674,9.15244386517762e-06
19,111590,0.0007739978042081929,9.152295051579953e-06
19,111600,0.0007800299281370826,9.152146226129148e-06
19,111610,0.0007718450011452659,9.15199738882563e-06
19,111620,0.0007632328211911953,9.151848539669823e-06
19,111630,0.0007698514775256627,9.151699678662153e-06
19,111640,0.0007896241033449769,9.151550805803048e-06
19,111650,0.0007771710137603805,9.15140192109293e-06
19,111660,0.0007750870790914632,9.151253024532227e-06
19,111670,0.0007796110177878291,9.151104116121358e-06
19,111680,0.0007697867113165557,9.150955195860754e-06
19,111690,0.0007814169512130321,9.150806263750839e-06
19,111700,0.0007724839000729843,9.150657319792039e-06
19,111710,0.0007808362133800983,9.150508363984774e-06
19,111720,0.0007828858419088647,9.150359396329475e-06
19,111730,0.000773440492048394,9.150210416826562e-06
19,111740,0.0007840166304958984,9.150061425476465e-06
19,111750,0.000768720282940194,9.149912422279604e-06
19,111760,0.0007846061489544808,9.14976340723641e-06
19,111770,0.0007698572735534982,9.149614380347302e-06
19,111780,0.0007765827976982109,9.149465341612713e-06
19,111790,0.0007932122622150928,9.149316291033064e-06
19,111800,0.0007772723227390089,9.149167228608783e-06
19,111810,0.0007718707696767524,9.149018154340292e-06
19,111820,0.000784271291922778,9.148869068228016e-06
19,111830,0.0007700730580836535,9.148719970272387e-06
19,111840,0.000772644164680969,9.148570860473824e-06
19,111850,0.0007706574950134381,9.148421738832756e-06
19,111860,0.0007782803353620694,9.148272605349608e-06
19,111870,0.0007727048854576424,9.148123460024806e-06
19,111880,0.00076917484839214,9.147974302858775e-06
19,111890,0.0007730957644525915,9.147825133851942e-06
19,111900,0.0007772215962177143,9.14767595300473e-06
19,111910,0.0007622510820510797,9.14752676031757e-06
19,validation,0.0007642368145752698,9.14752676031757e-06
20,111920,0.0007718149165157228,9.147377555790882e-06
20,111930,0.0007731392761343159,9.147228339425097e-06
20,111940,0.0007759944302961231,9.147079111220634e-06
20,111950,0.000772913587570656,9.146929871177928e-06
20,111960,0.0007801577463396825,9.1467806192974e-06
20,111970,0.0007871526599046775,9.146631355579476e-06
20,111980,0.0007684323893045075,9.146482080024583e-06
20,111990,0.0007673976244404912,9.146332792633147e-06
20,112000,0.0007714735678746365,9.146183493405591e-06
20,112010,0.000769253789621871,9.146034182342346e-06
20,112020,0.0007833800234948286,9.145884859443836e-06
20,112030,0.0007797466649208217,9.14573552471049e-06
20,112040,0.0007751515600830317,9.145586178142732e-06
20,112050,0.0007728308322839439,9.145436819740984e-06
20,112060,0.0007705045558395796,9.145287449505682e-06
20,112070,0.0007853980190702715,9.145138067437245e-06
20,112080,0.0007766557740978897,9.144988673536104e-06
20,112090,0.0007741976311081089,9.14483926780268e-06
20,112100,0.0007700895162997766,9.1446898502374e-06
20,112110,0.0007805669752997346,9.144540420840696e-06
20,112120,0.000773716243566014,9.144390979612991e-06
20,112130,0.0007764247246086597,9.144241526554711e-06
20,112140,0.0007668191537959501,9.144092061666285e-06
20,112150,0.0007768931784084999,9.143942584948138e-06
20,112160,0.000768582166347187,9.143793096400699e-06
20,112170,0.0007855536867282354,9.143643596024392e-06
20,112180,0.0007754667647532187,9.143494083819643e-06
20,112190,0.0007823469568393193,9.143344559786881e-06
20,112200,0.0007747729861875996,9.143195023926533e-06
20,112210,0.000772760997642763,9.143045476239025e-06
20,112220,0.0007810841911123134,9.142895916724783e-06
20,112230,0.0007662491087103263,9.142746345384234e-06
20,112240,0.0007772120807203464,9.142596762217807e-06
20,112250,0.0007663224008865655,9.142447167225928e-06
20,112260,0.0007732436351943761,9.142297560409021e-06
20,112270,0.0007692633065744304,9.142147941767518e-06
20,112280,0.0007850698224501684,9.141998311301845e-06
20,112290,0.0007813255549990572,9.141848669012425e-06
20,112300,0.0007698057452216744,9.141699014899692e-06
20,112310,0.0007809642425854691,9.141549348964072e-06
20,112320,0.0007752063014777377,9.141399671205988e-06
20,112330,0.0007699343259446323,9.141249981625868e-06
20,112340,0.0007807253030478024,9.141100280224138e-06
20,112350,0.0007753552839858457,9.140950567001232e-06
20,112360,0.0007769860327243805,9.14080084195757e-06
20,112370,0.0007797462967573665,9.140651105093587e-06
20,112380,0.0007741869922028854,9.140501356409703e-06
20,112390,0.0007643670687684788,9.14035159590635e-06
20,112400,0.000773961137747392,9.14020182358395e-06
20,112410,0.0007719033616012893,9.140052039442934e-06
20,112420,0.000769813136139419,9.139902243483735e-06
20,112430,0.0007793595097609796,9.139752435706774e-06
20,112440,0.0007801985775586218,9.13960261611248e-06
20,112450,0.0007738159110886045,9.13945278470128e-06
20,112460,0.0007718105858657509,9.139302941473602e-06
20,112470,0.0007743546288111247,9.139153086429872e-06
20,112480,0.0007729251898126677,9.139003219570525e-06
20,112490,0.0007750987671897747,9.138853340895983e-06
20,112500,0.0007726038122200408,9.138703450406672e-06
20,112510,0.000779049369157292,9.138553548103022e-06
20,112520,0.000761276320554316,9.138403633985462e-06
20,112530,0.0007782880871673116,9.138253708054422e-06
20,112540,0.0007821604493074119,9.138103770310329e-06
20,112550,0.0007697123728576115,9.137953820753605e-06
20,112560,0.0007695188643992879,9.137803859384686e-06
20,112570,0.0007681645758566447,9.137653886203996e-06
20,112580,0.00078137530508684,9.137503901211968e-06
20,112590,0.0007811287447111682,9.137353904409024e-06
20,112600,0.0007690163649385795,9.137203895795593e-06
20,112610,0.0007775699545163661,9.137053875372104e-06
20,112620,0.0007778688726830296,9.136903843138985e-06
20,112630,0.0007737125968560576,9.136753799096664e-06
20,112640,0.0007790562347508968,9.136603743245573e-06
20,112650,0.0007695451407926157,9.136453675586133e-06
20,112660,0.0007690742888371461,9.136303596118784e-06
20,112670,0.0007725761635811069,9.136153504843941e-06
20,112680,0.0007702931732637808,9.13600340176204e-06
20,112690,0.0007741705747321248,9.135853286873508e-06
20,112700,0.0007765935326460749,9.135703160178773e-06
20,112710,0.0007821935054380446,9.135553021678271e-06
20,112720,0.0007682758034206926,9.135402871372416e-06
20,112730,0.0007746033297735266,9.135252709261648e-06
20,112740,0.0007762783221551216,9.13510253534639e-06
20,112750,0.0007775878271786496,9.134952349627073e-06
20,112760,0.0007759046187857166,9.134802152104125e-06
20,112770,0.0007658340517082252,9.134651942777979e-06
20,112780,0.0007675025510252454,9.134501721649057e-06
20,112790,0.0007664959382964298,9.134351488717793e-06
20,112800,0.0007713610088103452,9.134201243984612e-06
20,112810,0.0007695452892221511,9.134050987449945e-06
20,112820,0.0007677228772081436,9.13390071911422e-06
20,112830,0.0007732019177637995,9.13375043897787e-06
20,112840,0.0007678001347812824,9.133600147041318e-06
20,112850,0.0007703277122345754,9.133449843304998e-06
20,112860,0.0007589446599013172,9.133299527769333e-06
20,112870,0.0007738394822808913,9.133149200434758e-06
20,112880,0.0007669030848774128,9.132998861301702e-06
20,112890,0.000781400101550389,9.132848510370591e-06
20,112900,0.0007716614883975126,9.132698147641855e-06
20,112910,0.000779374192643445,9.132547773115922e-06
20,112920,0.0007952703046612442,9.132397386793222e-06
20,112930,0.0007799076804076321,9.132246988674186e-06
20,112940,0.0007791092270053924,9.132096578759245e-06
20,112950,0.000773847363598179,9.131946157048825e-06
20,112960,0.0007762035704217852,9.131795723543354e-06
20,112970,0.0007677632413106039,9.131645278243265e-06
20,112980,0.0007824334970791824,9.131494821148987e-06
20,112990,0.0007832238596165552,9.131344352260947e-06
20,113000,0.0007679871006985194,9.131193871579577e-06
20,113010,0.0007720726760453545,9.131043379105305e-06
20,113020,0.0007807876434526407,9.130892874838561e-06
20,113030,0.0007751662342343479,9.130742358779774e-06
20,113040,0.000775988855457399,9.130591830929374e-06
20,113050,0.0007688293510000221,9.13044129128779e-06
20,113060,0.0007726802476099693,9.130290739855457e-06
20,113070,0.0007705822499701753,9.130140176632799e-06
20,113080,0.0007807076573953964,9.129989601620246e-06
20,113090,0.0007735877356026321,9.129839014818228e-06
20,113100,0.000775320477259811,9.12968841622718e-06
20,113110,0.0007747701820335351,9.129537805847528e-06
20,113120,0.0007764526846585796,9.129387183679698e-06
20,113130,0.0007800566585501656,9.129236549724124e-06
20,113140,0.0007738676518783905,9.129085903981238e-06
20,113150,0.0007730438781436532,9.12893524645147e-06
20,113160,0.0007795471276040189,9.128784577135244e-06
20,113170,0.00076975859265076,9.128633896032996e-06
20,113180,0.0007782729488098993,9.128483203145153e-06
20,113190,0.0007722946815192699,9.128332498472148e-06
20,113200,0.0007772748460411093,9.12818178201441e-06
20,113210,0.0007754104502964765,9.128031053772368e-06
20,113220,0.0007770254174829461,9.127880313746455e-06
20,113230,0.0007817699792212806,9.127729561937099e-06
20,113240,0.000774707795062568,9.127578798344728e-06
20,113250,0.000775600699125789,9.127428022969775e-06
20,113260,0.000774983933661133,9.127277235812668e-06
20,113270,0.0007654266184545121,9.127126436873843e-06
20,113280,0.0007659966271603479,9.12697562615373e-06
20,113290,0.0007671142855542711,9.126824803652757e-06
20,113300,0.0007777301419992,9.126673969371354e-06
20,113310,0.0007777743914630264,9.126523123309951e-06
20,113320,0.0007738922504358925,9.126372265468982e-06
20,113330,0.0007777110731694847,9.126221395848872e-06
20,113340,0.0007662818708922714,9.126070514450057e-06
20,113350,0.0007734338651061989,9.125919621272963e-06
20,113360,0.0007761758010019549,9.125768716318024e-06
20,113370,0.0007709014098509215,9.125617799585671e-06
20,113380,0.0007694790911045857,9.125466871076333e-06
20,113390,0.0007717115426203236,9.125315930790441e-06
20,113400,0.0007741862456896343,9.125164978728427e-06
20,113410,0.0007703916577156632,9.125014014890724e-06
20,113420,0.0007730527911917306,9.124863039277762e-06
20,113430,0.0007686802215175703,9.124712051889967e-06
20,113440,0.0007797867816407233,9.124561052727776e-06
20,113450,0.0007850503985537216,9.12441004179162e-06
20,113460,0.0007825815278920344,9.124259019081926e-06
20,113470,0.0007721583664533682,9.124107984599125e-06
20,113480,0.0007725929783191532,9.123956938343649e-06
20,113490,0.0007660704955924301,9.12380588031593e-06
20,113500,0.00077037376613589,9.1236548105164e-06
20,113510,0.000764674018137157,9.123503728945487e-06
20,113520,0.000773706566542387,9.123352635603629e-06
20,113530,0.0007808465627022088,9.12320153049125e-06
20,113540,0.0007737863605143502,9.123050413608786e-06
20,113550,0.0007727605683612637,9.12289928495667e-06
20,113560,0.000777513039065525,9.12274814453533e-06
20,113570,0.0007724583498202265,9.122596992345192e-06
20,113580,0.0007788107366650365,9.122445828386697e-06
20,113590,0.0007841750950319693,9.12229465266027e-06
20,113600,0.0007799401180818677,9.122143465166345e-06
20,113610,0.0007844213861972093,9.121992265905357e-06
20,113620,0.0007704826872213744,9.121841054877735e-06
20,113630,0.0007768312323605641,9.121689832083908e-06
20,113640,0.0007770756623358466,9.121538597524313e-06
20,113650,0.0007707727359957061,9.121387351199375e-06
20,113660,0.0007680464390432463,9.12123609310953e-06
20,113670,0.0007678803609451278,9.121084823255207e-06
20,113680,0.000776462524663657,9.12093354163684e-06
20,113690,0.000776873635186348,9.12078224825486e-06
20,113700,0.0007716574880760164,9.1206309431097e-06
20,113710,0.000766101072076708,9.120479626201794e-06
20,113720,0.0007753712561680004,9.12032829753157e-06
20,113730,0.0007748728254227899,9.120176957099463e-06
20,113740,0.0007695393956964836,9.120025604905902e-06
20,113750,0.0007782287517329678,9.119874240951322e-06
20,113760,0.0007702363553107717,9.119722865236151e-06
20,113770,0.000773520466464106,9.119571477760828e-06
20,113780,0.0007684419615543447,9.11942007852578e-06
20,113790,0.0007754896112601272,9.119268667531438e-06
20,113800,0.0007745255265035666,9.119117244778236e-06
20,113810,0.0007788662478560582,9.118965810266604e-06
20,113820,0.000776148789736908,9.118814363996981e-06
20,113830,0.0007828151603462175,9.118662905969793e-06
20,113840,0.0007707482742262073,9.118511436185474e-06
20,113850,0.0007802672946127132,9.118359954644455e-06
20,113860,0.00077230793540366,9.118208461347171e-06
20,113870,0.0007795989018632099,9.118056956294053e-06
20,113880,0.000756505920435302,9.117905439485537e-06
20,113890,0.0007743968584691174,9.117753910922055e-06
20,113900,0.0007714382649282925,9.117602370604036e-06
20,113910,0.0007768665105686523,9.11745081853191e-06
20,113920,0.0007707237280556001,9.117299254706116e-06
20,113930,0.0007762676948914304,9.117147679127083e-06
20,113940,0.0007722345952061005,9.116996091795247e-06
20,113950,0.000761551370669622,9.116844492711038e-06
20,113960,0.000775219798379112,9.116692881874885e-06
20,113970,0.0007740432702121326,9.116541259287231e-06
20,113980,0.000768420439271722,9.116389624948501e-06
20,113990,0.0007761341839795931,9.116237978859126e-06
20,114000,0.0007814137876266614,9.116086321019542e-06
20,114010,0.0007715462692431175,9.115934651430183e-06
20,114020,0.0007815703560481779,9.115782970091487e-06
20,114030,0.0007836326651158743,9.115631277003881e-06
20,114040,0.0007732364392722956,9.1154795721678e-06
20,114050,0.0007789608614984899,9.11532785558367e-06
20,114060,0.0007707510623731651,9.115176127251928e-06
20,114070,0.0007764854322886095,9.11502438717301e-06
20,114080,0.0007641030766535551,9.114872635347352e-06
20,114090,0.0007777206061291508,9.114720871775382e-06
20,114100,0.0007683110074140132,9.114569096457535e-06
20,114110,0.0007729039512923919,9.114417309394243e-06
20,114120,0.0007760059714200906,9.114265510585939e-06
20,114130,0.0007688237295951693,9.114113700033061e-06
20,114140,0.0007818237601895817,9.113961877736036e-06
20,114150,0.0007836135424440726,9.113810043695299e-06
20,114160,0.0007736440384178422,9.113658197911283e-06
20,114170,0.0007727683987468481,9.113506340384425e-06
20,114180,0.0007752968856948429,9.113354471115155e-06
20,114190,0.0007667573896469547,9.113202590103912e-06
20,114200,0.000774167307827156,9.113050697351122e-06
20,114210,0.0007845006737625226,9.112898792857221e-06
20,114220,0.0007618959760293364,9.112746876622647e-06
20,114230,0.0007727121759671717,9.112594948647827e-06
20,114240,0.0007730698038358242,9.112443008933201e-06
20,114250,0.0007843912884709425,9.112291057479198e-06
20,114260,0.0007752141798846424,9.112139094286253e-06
20,114270,0.0007740997534710914,9.111987119354802e-06
20,114280,0.0007798424747306853,9.111835132685277e-06
20,114290,0.0007750961274723522,9.111683134278112e-06
20,114300,0.0007782030079397373,9.111531124133741e-06
20,114310,0.0007604270504089073,9.111379102252594e-06
20,114320,0.000775983122002799,9.111227068635113e-06
20,114330,0.0007624858815688639,9.111075023281725e-06
20,114340,0.0007671466941246762,9.110922966192864e-06
20,114350,0.0007755317550618201,9.110770897368972e-06
20,114360,0.0007666415753192268,9.110618816810474e-06
20,114370,0.000779620712273754,9.110466724517814e-06
20,114380,0.0007774733268888668,9.110314620491415e-06
20,114390,0.0007713893239269965,9.110162504731718e-06
20,114400,0.0007670925770071335,9.110010377239157e-06
20,114410,0.0007848235894925893,9.109858238014163e-06
20,114420,0.0007677047324250452,9.109706087057176e-06
20,114430,0.0007802234613336624,9.109553924368625e-06
20,114440,0.0007679963397094981,9.109401749948945e-06
20,114450,0.0007771886012051255,9.109249563798572e-06
20,114460,0.000767747254576534,9.10909736591794e-06
20,114470,0.0007760933542158455,9.108945156307482e-06
20,114480,0.0007779628402204253,9.108792934967635e-06
20,114490,0.0007734035549219698,9.108640701898831e-06
20,114500,0.000778116968285758,9.108488457101504e-06
20,114510,0.0007773099743644707,9.108336200576095e-06
20,114520,0.0007740574263152666,9.108183932323033e-06
20,114530,0.0007789845054503529,9.10803165234275e-06
20,114540,0.0007759597996482625,9.107879360635686e-06
20,114550,0.000767227855976671,9.107727057202274e-06
20,114560,0.0007651308726053685,9.10757474204295e-06
20,114570,0.0007688795361900703,9.107422415158151e-06
20,114580,0.000769959227181971,9.107270076548303e-06
20,114590,0.0007785715672071092,9.107117726213851e-06
20,114600,0.0007776895945426077,9.106965364155224e-06
20,114610,0.0007689785692491568,9.106812990372855e-06
20,114620,0.0007783751803799533,9.10666060486718e-06
20,114630,0.0007756484628771432,9.106508207638641e-06
20,114640,0.0007789662064169534,9.106355798687666e-06
20,114650,0.0007719012690358795,9.106203378014695e-06
20,114660,0.0007859391029342077,9.106050945620161e-06
20,114670,0.0007669671555049717,9.1058985015045e-06
20,114680,0.0007723963150056079,9.105746045668143e-06
20,114690,0.0007683731862925924,9.105593578111527e-06
20,114700,0.0007696998625760898,9.105441098835089e-06
20,114710,0.0007690233367611654,9.105288607839265e-06
20,114720,0.0007806548193912021,9.105136105124485e-06
20,114730,0.0007795526558766141,9.104983590691187e-06
20,114740,0.0007751153345452622,9.10483106453981e-06
20,114750,0.0007823415144230239,9.104678526670786e-06
20,114760,0.0007722305002971551,9.10452597708455e-06
20,114770,0.0007774971090839244,9.104373415781536e-06
20,114780,0.000762229465181008,9.10422084276219e-06
20,114790,0.0007793248980306089,9.10406825802694e-06
20,114800,0.000776459655025974,9.103915661576217e-06
20,114810,0.0007792888733092695,9.103763053410462e-06
20,114820,0.00076953707030043,9.103610433530107e-06
20,114830,0.0007747079187538474,9.103457801935594e-06
20,114840,0.0007751988508971408,9.103305158627353e-06
20,114850,0.0007856302399886772,9.103152503605826e-06
20,114860,0.0007760508975479752,9.10299983687144e-06
20,114870,0.000773416408628691,9.102847158424633e-06
20,114880,0.000782702918513678,9.102694468265846e-06
20,114890,0.0007798567356076091,9.10254176639551e-06
20,114900,0.0007797100610332563,9.102389052814067e-06
20,114910,0.0007752517398330384,9.102236327521944e-06
20,114920,0.0007768049574224278,9.102083590519586e-06
20,114930,0.0007669103360967711,9.101930841807425e-06
20,114940,0.0007723886315943675,9.101778081385893e-06
20,114950,0.0007796069214236923,9.10162530925543e-06
20,114960,0.0007754428297630511,9.101472525416471e-06
20,114970,0.0007749140422674827,9.101319729869453e-06
20,114980,0.0007786073809256778,9.101166922614814e-06
20,114990,0.0007725117946392856,9.101014103652988e-06
20,115000,0.0007728990181931296,9.10086127298441e-06
20,115010,0.0007778554092510604,9.100708430609518e-06
20,115020,0.0007820074635674246,9.100555576528748e-06
20,115030,0.0007686450058827176,9.100402710742538e-06
20,115040,0.0007764997993945145,9.100249833251325e-06
20,115050,0.0007722473790636286,9.100096944055542e-06
20,115060,0.0007807833462720737,9.099944043155628e-06
20,115070,0.000767516257474199,9.099791130552017e-06
20,115080,0.0007820024940883741,9.099638206245147e-06
20,115090,0.0007703753624809907,9.099485270235456e-06
20,115100,0.0007724495095317252,9.099332322523379e-06
20,115110,0.0007673043815884739,9.099179363109348e-06
20,115120,0.0007731473669991829,9.099026391993809e-06
20,115130,0.0007724905284703709,9.098873409177191e-06
20,115140,0.0007732176687568427,9.098720414659934e-06
20,115150,0.0007783837092574686,9.098567408442473e-06
20,115160,0.0007723279064521194,9.098414390525248e-06
20,115170,0.0007762528766761534,9.098261360908695e-06
20,115180,0.0007799856437486596,9.098108319593244e-06
20,115190,0.0007665423006983473,9.097955266579343e-06
20,115200,0.0007656913730897941,9.097802201867416e-06
20,115210,0.0007819267659215256,9.09764912545791e-06
20,115220,0.0007726114956312813,9.097496037351264e-06
20,115230,0.0007829830894479529,9.09734293754791e-06
20,115240,0.0007755266429740004,9.097189826048283e-06
20,115250,0.0007670658436836676,9.097036702852823e-06
20,115260,0.000775614322628826,9.096883567961965e-06
20,115270,0.0007816185810952448,9.096730421376148e-06
20,115280,0.0007718750654021278,9.09657726309581e-06
20,115290,0.000765519228298217,9.096424093121385e-06
20,115300,0.0007721205605776049,9.096270911453316e-06
20,115310,0.0007735205683275126,9.096117718092035e-06
20,115320,0.000788832813850604,9.095964513037982e-06
20,115330,0.0007725797302555292,9.095811296291593e-06
20,115340,0.0007858756653149612,9.095658067853306e-06
20,115350,0.0007826508182915859,9.095504827723556e-06
20,115360,0.0007792880569468251,9.09535157590278e-06
20,115370,0.0007683271731366404,9.095198312391423e-06
20,115380,0.0007835616619559006,9.09504503718992e-06
20,115390,0.0007662866977625526,9.094891750298704e-06
20,115400,0.0007713061640970409,9.094738451718214e-06
20,115410,0.0007683353862375952,9.094585141448888e-06
20,115420,0.0007746802497422323,9.094431819491165e-06
20,115430,0.000771273416467011,9.09427848584548e-06
20,115440,0.0007713630475336686,9.094125140512271e-06
20,115450,0.000770189087779727,9.093971783491977e-06
20,115460,0.0007724536844762042,9.093818414785035e-06
20,115470,0.000767354719573632,9.093665034391886e-06
20,115480,0.0007757521190796978,9.093511642312962e-06
20,115490,0.0007774354497087188,9.093358238548705e-06
20,115500,0.0007741786874248647,9.09320482309955e-06
20,115510,0.0007728523429250344,9.093051395965941e-06
20,115520,0.0007663882250199094,9.09289795714831e-06
20,115530,0.0007753911981126293,9.092744506647098e-06
20,115540,0.0007669628568692133,9.092591044462745e-06
20,115550,0.0007721180518274195,9.092437570595684e-06
20,115560,0.0007799440863891506,9.092284085046354e-06
20,115570,0.0007706387972575612,9.092130587815193e-06
20,115580,0.0007751576646114699,9.091977078902644e-06
20,115590,0.0007760731779853814,9.09182355830914e-06
20,115600,0.000780739838955924,9.091670026035122e-06
20,115610,0.0007816157100023701,9.091516482081028e-06
20,115620,0.0007788368064211682,9.091362926447296e-06
20,115630,0.0007641838703420945,9.09120935913436e-06
20,115640,0.0007675734319491311,9.091055780142666e-06
20,115650,0.000783049303572625,9.090902189472648e-06
20,115660,0.0007706528253038414,9.090748587124745e-06
20,115670,0.0007729819597443566,9.090594973099394e-06
20,115680,0.0007800932988175192,9.090441347397037e-06
20,115690,0.0007763104396872223,9.090287710018112e-06
20,115700,0.0007692026876611636,9.090134060963053e-06
20,115710,0.0007746701594442129,9.089980400232303e-06
20,115720,0.0007793926008162089,9.089826727826303e-06
20,115730,0.000772046748897992,9.089673043745484e-06
20,115740,0.0007712568811257369,9.08951934799029e-06
20,115750,0.000773131447203923,9.089365640561157e-06
20,115760,0.0007662557240109892,9.089211921458525e-06
20,115770,0.000781381166598294,9.089058190682833e-06
20,115780,0.0007755699029075914,9.088904448234523e-06
20,115790,0.0007648840750334785,9.088750694114027e-06
20,115800,0.0007692777639022097,9.08859692832179e-06
20,115810,0.0007747421303065493,9.088443150858244e-06
20,115820,0.0007808006717823446,9.088289361723837e-06
20,115830,0.0007739149194094352,9.088135560919002e-06
20,115840,0.0007797576792654582,9.087981748444182e-06
20,115850,0.0007721316360402853,9.087827924299813e-06
20,115860,0.0007777262770105153,9.087674088486334e-06
20,115870,0.0007680326176341622,9.087520241004186e-06
20,115880,0.000775055323902052,9.087366381853807e-06
20,115890,0.0007730294921202586,9.087212511035636e-06
20,115900,0.0007692112776567228,9.087058628550112e-06
20,115910,0.0007644844212336467,9.086904734397678e-06
20,115920,0.0007662223084480502,9.08675082857877e-06
20,115930,0.0007787624184857122,9.086596911093827e-06
20,115940,0.0007717428641626611,9.086442981943291e-06
20,115950,0.0007787796857883222,9.086289041127598e-06
20,115960,0.0007718137290794401,9.086135088647189e-06
20,115970,0.0007708615812589414,9.0859811245025e-06
20,115980,0.0007695439053350128,9.085827148693977e-06
20,115990,0.0007726220123004168,9.085673161222057e-06
20,116000,0.0007732438476523384,9.08551916208718e-06
20,116010,0.0007788506758515723,9.085365151289783e-06
20,116020,0.0007679177142563276,9.085211128830304e-06
20,116030,0.0007713705723290332,9.085057094709191e-06
20,116040,0.0007713949962635525,9.084903048926874e-06
20,116050,0.0007754330086754635,9.084748991483796e-06
20,116060,0.0007688163561397233,9.0845949223804e-06
20,116070,0.0007655888533918188,9.084440841617125e-06
20,116080,0.0007732186786597595,9.084286749194412e-06
20,116090,0.0007766771203023381,9.084132645112694e-06
20,116100,0.0007796711521223187,9.083978529372413e-06
20,116110,0.0007708386357990094,9.083824401974017e-06
20,116120,0.000769384589511901,9.08367026291794e-06
20,116130,0.0007753226382192223,9.08351611220462e-06
20,116140,0.0007729172124527395,9.0833619498345e-06
20,116150,0.0007707624608883634,9.08320777580802e-06
20,116160,0.0007737095380434767,9.08305359012562e-06
20,116170,0.0007734696075203829,9.08289939278774e-06
20,116180,0.000779233050707262,9.08274518379482e-06
20,116190,0.0007728284675977194,9.082590963147301e-06
20,116200,0.0007855002186261119,9.082436730845619e-06
20,116210,0.0007808609429048374,9.08228248689022e-06
20,116220,0.0007729317265329882,9.082128231281544e-06
20,116230,0.0007676571040065028,9.081973964020025e-06
20,116240,0.0007674545762711203,9.08181968510611e-06
20,116250,0.0007770390948280692,9.081665394540238e-06
20,116260,0.0007798051519785076,9.081511092322845e-06
20,116270,0.0007719098663073965,9.081356778454377e-06
20,116280,0.0007708851160714402,9.081202452935272e-06
20,116290,0.0007679748712689615,9.081048115765971e-06
20,116300,0.0007782116852467879,9.080893766946914e-06
20,116310,0.0007722321985056624,9.080739406478542e-06
20,116320,0.0007721905378275551,9.0805850343613e-06
20,116330,0.0007845733562135138,9.080430650595625e-06
20,116340,0.0007656569461687467,9.080276255181956e-06
20,116350,0.0007820933795301243,9.080121848120733e-06
20,116360,0.0007770266602165066,9.079967429412398e-06
20,116370,0.0007747031937469727,9.079812999057394e-06
20,116380,0.0007705837473622523,9.079658557056158e-06
20,116390,0.0007652504311408848,9.079504103409136e-06
20,116400,0.0007884387407102623,9.079349638116762e-06
20,116410,0.000775577210879419,9.079195161179486e-06
20,116420,0.0007641886215424166,9.079040672597742e-06
20,116430,0.0007834823889425024,9.07888617237197e-06
20,116440,0.0007771378921461291,9.078731660502618e-06
20,116450,0.000776032127032522,9.078577136990122e-06
20,116460,0.0007733366714091971,9.078422601834927e-06
20,116470,0.0007692298051551915,9.07826805503747e-06
20,116480,0.0007764349938952364,9.078113496598191e-06
20,116490,0.0007682209106860682,9.077958926517532e-06
20,116500,0.0007781362481182442,9.07780434479594e-06
20,116510,0.000778423085284885,9.07764975143385e-06
20,116520,0.0007731048855930567,9.077495146431705e-06
20,116530,0.000777730178378988,9.077340529789945e-06
20,116540,0.0007729083139565774,9.07718590150902e-06
20,116550,0.000774591176013928,9.077031261589364e-06
20,116560,0.0007782739980029872,9.076876610031416e-06
20,116570,0.0007701304159127175,9.07672194683562e-06
20,116580,0.0007700586342252792,9.076567272002415e-06
20,116590,0.0007582620295579545,9.07641258553225e-06
20,116600,0.0007815939825377427,9.07625788742556e-06
20,116610,0.0007705365555011668,9.07610317768279e-06
20,116620,0.000774893834022805,9.07594845630438e-06
20,116630,0.0007743032736470922,9.075793723290771e-06
20,116640,0.0007800923514878378,9.07563897864241e-06
20,116650,0.0007792495569447055,9.075484222359733e-06
20,116660,0.0007836314471205696,9.075329454443182e-06
20,116670,0.0007769811752950772,9.0751746748932e-06
20,116680,0.0007878388612880371,9.07501988371023e-06
20,116690,0.0007714882609434426,9.074865080894714e-06
20,116700,0.0007800103456247599,9.07471026644709e-06
20,116710,0.0007768752650008537,9.074555440367804e-06
20,116720,0.0007749833894195035,9.074400602657295e-06
20,116730,0.000768043460266199,9.074245753316006e-06
20,116740,0.0007743948444840498,9.074090892344383e-06
20,116750,0.0007669380836887286,9.073936019742862e-06
20,116760,0.0007655243913177401,9.07378113551189e-06
20,116770,0.0007772199096507393,9.073626239651901e-06
20,116780,0.0007655486624571495,9.073471332163348e-06
20,116790,0.0007786509784637019,9.073316413046667e-06
20,116800,0.0007741153516690247,9.073161482302303e-06
20,116810,0.000768401232198812,9.073006539930699e-06
20,116820,0.0007827513618394732,9.072851585932292e-06
20,116830,0.000770287741033826,9.072696620307528e-06
20,116840,0.0007817325677024201,9.072541643056846e-06
20,116850,0.0007733135993476026,9.07238665418069e-06
20,116860,0.0007757037776173092,9.072231653679509e-06
20,116870,0.0007738459753454664,9.072076641553734e-06
20,116880,0.0007750187505735084,9.071921617803813e-06
20,116890,0.0007684367592446506,9.071766582430192e-06
20,116900,0.0007876058545662091,9.071611535433312e-06
20,116910,0.0007658831353182904,9.071456476813612e-06
20,116920,0.0007814827360562049,9.07130140657154e-06
20,116930,0.0007738885658909566,9.071146324707535e-06
20,116940,0.0007731665042228997,9.070991231222041e-06
20,116950,0.000767380882462021,9.070836126115498e-06
20,116960,0.0007734431957942434,9.070681009388351e-06
20,116970,0.0007754695689072832,9.070525881041043e-06
20,116980,0.0007793748183757998,9.070370741074016e-06
20,116990,0.0007723013623035513,9.07021558948771e-06
20,117000,0.0007679843693040311,9.070060426282579e-06
20,117010,0.0007654132510651835,9.069905251459052e-06
20,117020,0.0007763585585053079,9.06975006501758e-06
20,117030,0.0007754076927085407,9.069594866958602e-06
20,117040,0.000780007398861926,9.069439657282564e-06
20,117050,0.0007810891460394488,9.069284435989907e-06
20,117060,0.0007880373479565606,9.069129203081074e-06
20,117070,0.0007725234303507022,9.06897395855651e-06
20,117080,0.0007754640319035389,9.068818702416659e-06
20,117090,0.0007762316497974098,9.068663434661959e-06
20,117100,0.0007820211685611866,9.06850815529286e-06
20,117110,0.0007784903224091976,9.068352864309804e-06
20,117120,0.0007699589055846445,9.068197561713232e-06
20,117130,0.0007730904733762145,9.068042247503588e-06
20,117140,0.0007707919256063178,9.067886921681314e-06
20,117150,0.000777274594292976,9.067731584246853e-06
20,117160,0.0007775918216793797,9.067576235200648e-06
20,117170,0.0007791792129864916,9.067420874543148e-06
20,117180,0.0007725717310677282,9.067265502274791e-06
20,117190,0.000779322106973268,9.067110118396023e-06
20,117200,0.000761423644144088,9.066954722907285e-06
20,117210,0.0007755824437481352,9.066799315809024e-06
20,117220,0.0007888524269219488,9.066643897101681e-06
20,117230,0.0007744653936242685,9.066488466785702e-06
20,117240,0.0007737673819065094,9.066333024861532e-06
20,117250,0.0007720287147094495,9.06617757132961e-06
20,117260,0.000766447960631922,9.066022106190382e-06
20,117270,0.000777787012339104,9.065866629444292e-06
20,117280,0.0007705748052103446,9.065711141091783e-06
20,117290,0.0007801384519552811,9.065555641133297e-06
20,117300,0.0007691217542742379,9.065400129569283e-06
20,117310,0.0007774834812153131,9.065244606400184e-06
20,117320,0.0007707420649239793,9.06508907162644e-06
20,117330,0.000768093133228831,9.064933525248496e-06
20,117340,0.0007750551318167709,9.064777967266801e-06
20,117350,0.0007867584194173106,9.064622397681796e-06
20,117360,0.0007772552256938071,9.064466816493923e-06
20,117370,0.0007756295613944531,9.064311223703626e-06
20,117380,0.0007671196479350328,9.064155619311352e-06
20,117390,0.0007747898838715628,9.064000003317543e-06
20,117400,0.0007744590446236543,9.063844375722648e-06
20,117410,0.0007911768872872926,9.063688736527104e-06
20,117420,0.0007684403506573289,9.063533085731358e-06
20,117430,0.0007776224840199575,9.06337742333586e-06
20,117440,0.0007792034433805385,9.063221749341045e-06
20,117450,0.0007827573441318237,9.06306606374736e-06
20,117460,0.0007720925263129176,9.062910366555254e-06
20,117470,0.000773332356766332,9.062754657765168e-06
20,117480,0.0007756001708912663,9.062598937377549e-06
20,117490,0.000788379370351322,9.062443205392838e-06
20,117500,0.0007830967530026101,9.062287461811481e-06
20,117510,0.0007748822419671342,9.062131706633923e-06
20,117520,0.0007661907977308147,9.061975939860608e-06
20,117530,0.0007789506125845946,9.061820161491981e-06
20,117540,0.000773421449412126,9.061664371528488e-06
20,117550,0.0007804694265360012,9.06150856997057e-06
20,117560,0.0007720484092715197,9.061352756818675e-06
20,117570,0.0007798556747729891,9.061196932073244e-06
20,117580,0.0007702331684413366,9.061041095734726e-06
20,117590,0.0007802658030414023,9.060885247803564e-06
20,117600,0.0007690931000979616,9.060729388280203e-06
20,117610,0.0007784146029734984,9.060573517165089e-06
20,117620,0.0007701616763370111,9.06041763445867e-06
20,117630,0.0007716991123743356,9.060261740161384e-06
20,117640,0.000771206640638411,9.06010583427368e-06
20,117650,0.0007709482466452754,9.059949916796002e-06
20,117660,0.000774270218971651,9.059793987728796e-06
20,117670,0.0007768538591335528,9.059638047072509e-06
20,117680,0.0007645840509212576,9.059482094827582e-06
20,117690,0.0007725911011220888,9.05932613099446e-06
20,117700,0.0007691313556279055,9.059170155573592e-06
20,117710,0.0007757391605991871,9.05901416856542e-06
20,117720,0.0007722215406829491,9.058858169970392e-06
20,117730,0.000782490088022314,9.058702159788953e-06
20,117740,0.00077187679708004,9.058546138021546e-06
20,117750,0.0007691028818953783,9.058390104668616e-06
20,117760,0.0007732309197308496,9.05823405973061e-06
20,117770,0.00077570478169946,9.05807800320797e-06
20,117780,0.0007727589269052259,9.05792193510115e-06
20,117790,0.0007711498023127205,9.05776585541059e-06
20,117800,0.0007653382170246914,9.057609764136737e-06
20,validation,0.0007648233586223796,9.057609764136737e-06
21,117810,0.0007729710036073811,9.057453661280034e-06
21,117820,0.000768195632554125,9.057297546840929e-06
21,117830,0.0007758617357467301,9.057141420819865e-06
21,117840,0.0007795830024406314,9.05698528321729e-06
21,117850,0.0007640812065801584,9.05682913403365e-06
21,117860,0.0007782469925587065,9.056672973269394e-06
21,117870,0.0007842601029551587,9.056516800924962e-06
21,117880,0.0007717103595496156,9.0563606170008e-06
21,117890,0.0007818001307896338,9.056204421497358e-06
21,117900,0.0007674843538552522,9.056048214415077e-06
21,117910,0.0007685994612984359,9.055891995754407e-06
21,117920,0.000765231293917168,9.055735765515788e-06
21,117930,0.0007633782413904555,9.055579523699678e-06
21,117940,0.0007783772161928937,9.055423270306514e-06
21,117950,0.0007773499397444538,9.055267005336739e-06
21,117960,0.0007716634063399397,9.055110728790803e-06
21,117970,0.0007619903582963162,9.054954440669158e-06
21,117980,0.0007690155340242199,9.05479814097224e-06
21,117990,0.000782481896749232,9.054641829700502e-06
21,118000,0.000774619537696708,9.054485506854389e-06
21,118010,0.000770603129058145,9.054329172434344e-06
21,118020,0.0007731038756901399,9.054172826440813e-06
21,118030,0.0007678492213017307,9.054016468874245e-06
21,118040,0.0007689835649216547,9.053860099735087e-06
21,118050,0.0007767593939206563,9.053703719023785e-06
21,118060,0.0007677139146835543,9.05354732674078e-06
21,118070,0.0007794598408509046,9.053390922886528e-06
21,118080,0.0007686383221880532,9.05323450746147e-06
21,118090,0.0007722430789726787,9.053078080466053e-06
21,118100,0.0007736280342214741,9.052921641900722e-06
21,118110,0.0007760784952552058,9.05276519176593e-06
21,118120,0.0007732237441814504,9.052608730062116e-06
21,118130,0.0007785005887853912,9.052452256789733e-06
21,118140,0.0007734289887594059,9.052295771949226e-06
21,118150,0.0007729857141384856,9.052139275541035e-06
21,118160,0.0007701477559749038,9.051982767565612e-06
21,118170,0.0007828630943549797,9.051826248023405e-06
21,118180,0.0007706546108238399,9.051669716914858e-06
21,118190,0.000778970519604627,9.051513174240419e-06
21,118200,0.0007696184271480887,9.051356620000535e-06
21,118210,0.0007733772537903861,9.051200054195656e-06
21,118220,0.00077896994916955,9.051043476826221e-06
21,118230,0.0007775578094879166,9.050886887892682e-06
21,118240,0.0007692133105592803,9.050730287395489e-06
21,118250,0.00078213534434326,9.050573675335082e-06
21,118260,0.0007765190137433819,9.050417051711916e-06
21,118270,0.0007768867828417569,9.050260416526432e-06
21,118280,0.0007737047722912393,9.050103769779078e-06
21,118290,0.0007762661654851399,9.049947111470303e-06
21,118300,0.0007777176550007425,9.049790441600555e-06
21,118310,0.0007784037035889924,9.049633760170278e-06
21,118320,0.0007742986257653684,9.04947706717992e-06
21,118330,0.0007789504306856544,9.049320362629932e-06
21,118340,0.000774467008886859,9.049163646520759e-06
21,118350,0.0007693324179854244,9.049006918852848e-06
21,118360,0.000786067899025511,9.048850179626642e-06
21,118370,0.0007810897470335477,9.048693428842594e-06
21,118380,0.0007710954043432139,9.048536666501151e-06
21,118390,0.0007720042252913117,9.048379892602763e-06
21,118400,0.0007745115872239694,9.048223107147874e-06
21,118410,0.0007676453911699354,9.04806631013693e-06
21,118420,0.0007812963507603854,9.047909501570378e-06
21,118430,0.0007673987915040926,9.04775268144867e-06
21,118440,0.0007712405204074457,9.047595849772251e-06
21,118450,0.000774003785045352,9.047439006541569e-06
21,118460,0.0007767136339680292,9.047282151757072e-06
21,118470,0.0007785064080962912,9.047125285419205e-06
21,118480,0.0007679289803490974,9.046968407528421e-06
21,118490,0.0007792043499648571,9.046811518085164e-06
21,118500,0.0007792288713972085,9.046654617089889e-06
21,118510,0.0007744019050733186,9.046497704543033e-06
21,118520,0.0007745595663436688,9.04634078044505e-06
21,118530,0.0007854766721720808,9.046183844796389e-06
21,118540,0.0007791619675117545,9.046026897597496e-06
21,118550,0.0007685357035370543,9.045869938848816e-06
21,118560,0.0007708353194175288,9.0457129685508e-06
21,118570,0.0007797612197464332,9.045555986703902e-06
21,118580,0.0007711497761192731,9.04539899330856e-06
21,118590,0.0007740755871054716,9.045241988365233e-06
21,118600,0.000773421437770594,9.045084971874356e-06
21,118610,0.0007797334357746877,9.044927943836385e-06
21,118620,0.0007794638018822298,9.044770904251768e-06
21,118630,0.000770722258312162,9.044613853120951e-06
21,118640,0.0007784655637806282,9.044456790444391e-06
21,118650,0.0007660258546820842,9.04429971622252e-06
21,118660,0.0007696853412198834,9.044142630455796e-06
21,118670,0.0007849824454751797,9.043985533144672e-06
21,118680,0.0007791481344611383,9.043828424289587e-06
21,118690,0.0007674779364606366,9.043671303890993e-06
21,118700,0.0007713533370406366,9.043514171949344e-06
21,118710,0.0007672288862522692,9.043357028465084e-06
21,118720,0.0007670335151487962,9.043199873438656e-06
21,118730,0.0007736684798146598,9.043042706870519e-06
21,118740,0.000776717574626673,9.042885528761117e-06
21,118750,0.0007766305192490108,9.042728339110898e-06
21,118760,0.0007720551628153771,9.042571137920311e-06
21,118770,0.0007780943560646847,9.042413925189806e-06
21,118780,0.000779886326927226,9.042256700919833e-06
21,118790,0.0007761432920233346,9.042099465110831e-06
21,118800,0.0007735925886663608,9.041942217763262e-06
21,118810,0.000776294658135157,9.04178495887757e-06
21,118820,0.0007764202076941728,9.0416276884542e-06
21,118830,0.0007759407380945048,9.041470406493603e-06
21,118840,0.0007668072765227407,9.041313112996233e-06
21,118850,0.000773593560734298,9.041155807962535e-06
21,118860,0.0007816618395736441,9.040998491392956e-06
21,118870,0.0007751406403258443,9.040841163287944e-06
21,118880,0.0007750083357677795,9.040683823647951e-06
21,118890,0.0007801256680977531,9.040526472473432e-06
21,118900,0.000774066531448625,9.040369109764829e-06
21,118910,0.0007716555715887808,9.040211735522593e-06
21,118920,0.0007758912106510252,9.040054349747172e-06
21,118930,0.0007867403037380427,9.039896952439018e-06
21,118940,0.0007709673533099703,9.039739543598577e-06
21,118950,0.0007703667361056432,9.039582123226299e-06
21,118960,0.000774698490567971,9.039424691322632e-06
21,118970,0.00076941694424022,9.03926724788803e-06
21,118980,0.0007771550794132055,9.03910979292294e-06
21,118990,0.0007764682464767248,9.038952326427814e-06
21,119000,0.0007752128207357601,9.038794848403097e-06
21,119010,0.0007780615895171649,9.038637358849242e-06
21,119020,0.0007693521765759215,9.038479857766699e-06
21,119030,0.0007668130987440236,9.038322345155914e-06
21,119040,0.000768365703697782,9.038164821017337e-06
21,119050,0.0007699885201873258,9.038007285351422e-06
21,119060,0.0007715125699178315,9.037849738158616e-06
21,119070,0.0007699509602389298,9.037692179439369e-06
21,119080,0.0007728541328106076,9.037534609194128e-06
21,119090,0.0007720816778601147,9.037377027423342e-06
21,119100,0.0007706402087933384,9.03721943412747e-06
21,119110,0.0007681062415940687,9.037061829306952e-06
21,119120,0.0007656430825591087,9.036904212962242e-06
21,119130,0.0007773588309646584,9.036746585093792e-06
21,119140,0.0007746667455649004,9.03658894570205e-06
21,119150,0.0007819061051122844,9.036431294787464e-06
21,119160,0.0007747649055090734,9.036273632350485e-06
21,119170,0.0007687466510105878,9.036115958391567e-06
21,119180,0.0007670752180274575,9.035958272911152e-06
21,119190,0.0007747734838631005,9.035800575909697e-06
21,119200,0.0007625110316439531,9.03564286738765e-06
21,119210,0.0007735225139185787,9.035485147345463e-06
21,119220,0.0007786049391143024,9.035327415783581e-06
21,119230,0.0007818142417818308,9.03516967270246e-06
21,119240,0.0007771198055706919,9.035011918102551e-06
21,119250,0.0007723828835878521,9.034854151984302e-06
21,119260,0.0007766009628539906,9.03469637434816e-06
21,119270,0.0007823800129699521,9.034538585194577e-06
21,119280,0.0007718016378930769,9.034380784524006e-06
21,119290,0.0007676081295358017,9.034222972336897e-06
21,119300,0.000769986018713098,9.034065148633697e-06
21,119310,0.0007740774672129191,9.033907313414858e-06
21,119320,0.0007795443991199136,9.033749466680834e-06
21,119330,0.0007720947091002018,9.033591608432073e-06
21,119340,0.0007745104798232206,9.033433738669025e-06
21,119350,0.0007718077817116864,9.033275857392144e-06
21,119360,0.0007728579279500992,9.033117964601874e-06
21,119370,0.000766717219084967,9.032960060298673e-06
21,119380,0.0007664393575396389,9.03280214448299e-06
21,119390,0.0007670220729778521,9.032644217155272e-06
21,119400,0.0007679241651203483,9.032486278315972e-06
21,119410,0.000769552709243726,9.032328327965543e-06
21,119420,0.0007655630513909272,9.032170366104432e-06
21,119430,0.0007765348578686825,9.032012392733094e-06
21,119440,0.0007782759435940534,9.031854407851978e-06
21,119450,0.0007809089540387504,9.031696411461532e-06
21,119460,0.000775991975388024,9.031538403562213e-06
21,119470,0.000777415586344432,9.031380384154465e-06
21,119480,0.000766028420184739,9.031222353238747e-06
21,119490,0.0007687632387387567,9.0310643108155e-06
21,119500,0.0007691255159443244,9.03090625688518e-06
21,119510,0.0007687484845519066,9.030748191448245e-06
21,119520,0.0007853211907786317,9.03059011450514e-06
21,119530,0.0007715006853686646,9.030432026056319e-06
21,119540,0.000785164040280506,9.03027392610223e-06
21,119550,0.0007616072485689074,9.030115814643325e-06
21,119560,0.0007728908545686864,9.029957691680056e-06
21,119570,0.0007849270463339053,9.029799557212874e-06
21,119580,0.000765408485312946,9.02964141124223e-06
21,119590,0.0007917881841422059,9.029483253768576e-06
21,119600,0.0007708826786256396,9.029325084792365e-06
21,119610,0.000769900881277863,9.029166904314045e-06
21,119620,0.0007777516118949279,9.029008712334073e-06
21,119630,0.0007658487826120109,9.028850508852894e-06
21,119640,0.0007730490906396881,9.028692293870965e-06
21,119650,0.0007746289527858607,9.028534067388737e-06
21,119660,0.000766757846577093,9.028375829406659e-06
21,119670,0.0007777189763146452,9.028217579925182e-06
21,119680,0.0007700975664192811,9.028059318944761e-06
21,119690,0.0007773441699100657,9.027901046465847e-06
21,119700,0.0007693821054999717,9.027742762488893e-06
21,119710,0.0007788779214024544,9.027584467014342e-06
21,119720,0.0007717331551248207,9.027426160042654e-06
21,119730,0.0007644208264537156,9.027267841574285e-06
21,119740,0.0007742895555566064,9.027109511609679e-06
21,119750,0.0007755345330224372,9.026951170149294e-06
21,119760,0.0007768776195007376,9.026792817193575e-06
21,119770,0.000768333300948143,9.026634452742977e-06
21,119780,0.0007757028346532025,9.026476076797952e-06
21,119790,0.000778903487662319,9.026317689358955e-06
21,119800,0.0007696219690842554,9.026159290426433e-06
21,119810,0.0007716177700785921,9.026000880000846e-06
21,119820,0.0007754220481729135,9.025842458082635e-06
21,119830,0.0007714065490290522,9.025684024672264e-06
21,119840,0.0007772821394610218,9.025525579770177e-06
21,119850,0.0007704253497649916,9.02536712337683e-06
21,119860,0.000783468078589067,9.025208655492673e-06
21,119870,0.000763909486704506,9.025050176118163e-06
21,119880,0.000775069346127566,9.024891685253745e-06
21,119890,0.0007717345331911929,9.024733182899879e-06
21,119900,0.0007795960322255268,9.024574669057014e-06
21,119910,0.0007754737700452097,9.024416143725602e-06
21,119920,0.0007674820226384327,9.024257606906096e-06
21,119930,0.0007771209435304626,9.024099058598952e-06
21,119940,0.0007723793823970482,9.023940498804617e-06
21,119950,0.0007778858707752079,9.023781927523549e-06
21,119960,0.0007860586803872139,9.023623344756191e-06
21,119970,0.0007681140428758227,9.023464750503003e-06
21,119980,0.0007654426080989651,9.023306144764438e-06
21,119990,0.0007798269565682859,9.02314752754095e-06
21,120000,0.0007741126450127922,9.02298889883299e-06
21,120010,0.0007681234186748044,9.022830258641012e-06
21,120020,0.0007727306991000659,9.022671606965463e-06
21,120030,0.0007754222417133861,9.022512943806802e-06
21,120040,0.0007765636255498976,9.022354269165479e-06
21,120050,0.0007752178309601732,9.022195583041949e-06
21,120060,0.0007665536511922255,9.022036885436663e-06
21,120070,0.0007714451334322803,9.021878176350075e-06
21,120080,0.0007673975327634252,9.02171945578264e-06
21,120090,0.0007800090068485587,9.021560723734805e-06
21,120100,0.0007704649280640297,9.021401980207029e-06
21,120110,0.000780837943602819,9.02124322519976e-06
21,120120,0.0007745630005956628,9.021084458713461e-06
21,120130,0.0007732781989034266,9.020925680748574e-06
21,120140,0.0007731276244157926,9.020766891305557e-06
21,120150,0.0007787049515172839,9.020608090384865e-06
21,120160,0.000771900020481553,9.02044927798695e-06
21,120170,0.0007704830364673399,9.020290454112264e-06
21,120180,0.0007730472818366252,9.020131618761261e-06
21,120190,0.000774292515416164,9.019972771934398e-06
21,120200,0.0007694829982938245,9.01981391363212e-06
21,120210,0.0007824435146176257,9.019655043854888e-06
21,120220,0.0007644306810107081,9.019496162603153e-06
21,120230,0.0007590128312585875,9.019337269877372e-06
21,120240,0.0007777403778163716,9.019178365677989e-06
21,120250,0.0007731462537776679,9.019019450005465e-06
21,120260,0.000781190799898468,9.018860522860255e-06
21,120270,0.0007722013790044003,9.018701584242808e-06
21,120280,0.0007693879990256391,9.018542634153581e-06
21,120290,0.0007705919997533783,9.018383672593027e-06
21,120300,0.0007744743561488576,9.018224699561601e-06
21,120310,0.0007760138279991225,9.018065715059756e-06
21,120320,0.0007585701590869577,9.017906719087945e-06
21,120330,0.0007683649935643188,9.017747711646623e-06
21,120340,0.0007843636674806475,9.01758869273624e-06
21,120350,0.0007702483460889197,9.017429662357253e-06
21,120360,0.0007731332720140926,9.017270620510115e-06
21,120370,0.0007762975408695638,9.017111567195281e-06
21,120380,0.0007799874831107445,9.016952502413206e-06
21,120390,0.0007773508143145591,9.016793426164343e-06
21,120400,0.0007705226773396135,9.016634338449149e-06
21,120410,0.0007721164904069156,9.016475239268072e-06
21,120420,0.0007762626788462511,9.016316128621571e-06
21,120430,0.0007851143833249808,9.016157006510096e-06
21,120440,0.000768273686117027,9.015997872934103e-06
21,120450,0.0007767785355099477,9.015838727894046e-06
21,120460,0.0007735605759080498,9.015679571390383e-06
21,120470,0.0007720267327385955,9.01552040342356e-06
21,120480,0.0007721356727415696,9.01536122399404e-06
21,120490,0.0007871985551901161,9.015202033102273e-06
21,120500,0.0007651735460967757,9.015042830748714e-06
21,120510,0.0007691415812587366,9.014883616933824e-06
21,120520,0.0007770181851810776,9.014724391658051e-06
21,120530,0.0007841411046683788,9.014565154921848e-06
21,120540,0.0007756362145300954,9.014405906725673e-06
21,120550,0.0007752303426968865,9.014246647069978e-06
21,120560,0.0007796066085575149,9.014087375955218e-06
21,120570,0.0007789354465785436,9.013928093381847e-06
21,120580,0.0007719026107224636,9.013768799350323e-06
21,120590,0.0007752776858978905,9.0136094938611e-06
21,120600,0.0007756237260764465,9.01345017691463e-06
21,120610,0.0007780674524838104,9.013290848511374e-06
21,120620,0.0007709537865594029,9.013131508651782e-06
21,120630,0.0007739296474028379,9.01297215733631e-06
21,120640,0.0007730743425781839,9.012812794565408e-06
21,120650,0.0007654943256056868,9.012653420339533e-06
21,120660,0.0007812588810338639,9.012494034659146e-06
21,120670,0.0007762736553559078,9.012334637524696e-06
21,120680,0.0007756889288430103,9.012175228936642e-06
21,120690,0.0007699506764765828,9.012015808895433e-06
21,120700,0.0007696389759075828,9.011856377401534e-06
21,120710,0.0007701523063587956,9.011696934455393e-06
21,120720,0.0007774022145895288,9.011537480057467e-06
21,120730,0.0007816569108399561,9.011378014208207e-06
21,120740,0.0007730485289357602,9.011218536908075e-06
21,120750,0.0007755018916213885,9.01105904815752e-06
21,120760,0.0007799913248163648,9.010899547957004e-06
21,120770,0.0007740848086541519,9.010740036306974e-06
21,120780,0.00076297742780298,9.010580513207893e-06
21,120790,0.0007673468469874934,9.010420978660213e-06
21,120800,0.0007743642170680686,9.010261432664386e-06
21,120810,0.0007778963292366824,9.010101875220874e-06
21,120820,0.0007749568860162981,9.009942306330128e-06
21,120830,0.0007741074907244184,9.009782725992605e-06
21,120840,0.000773344817571342,9.009623134208764e-06
21,120850,0.0007742878588032909,9.009463530979055e-06
21,120860,0.0007713862782111392,9.009303916303935e-06
21,120870,0.0007806756591890007,9.009144290183859e-06
21,120880,0.000770374183775857,9.008984652619286e-06
21,120890,0.0007748028670903295,9.008825003610674e-06
21,120900,0.0007679727103095501,9.00866534315847e-06
21,120910,0.000772421968576964,9.008505671263132e-06
21,120920,0.0007690722050028852,9.008345987925126e-06
21,120930,0.0007729983481112868,9.008186293144897e-06
21,120940,0.0007757054510875605,9.008026586922902e-06
21,120950,0.00077398748107953,9.007866869259603e-06
21,120960,0.0007690546830417588,9.007707140155448e-06
21,120970,0.0007697089095017873,9.007547399610898e-06
21,120980,0.0007779401421430521,9.00738764762641e-06
21,120990,0.0007771012213197537,9.007227884202431e-06
21,121000,0.0007679459595237859,9.007068109339426e-06
21,121010,0.0007829438371118158,9.00690832303785e-06
21,121020,0.0007739825377939269,9.006748525298158e-06
21,121030,0.0007662226722459309,9.006588716120805e-06
21,121040,0.000772132478596177,9.006428895506248e-06
21,121050,0.0007755013342830353,9.006269063454945e-06
21,121060,0.0007749150550807826,9.006109219967351e-06
21,121070,0.0007764306748867967,9.005949365043921e-06
21,121080,0.0007733235062914901,9.005789498685112e-06
21,121090,0.0007683024115976878,9.005629620891381e-06
21,121100,0.0007802661129971966,9.005469731663183e-06
21,121110,0.0007677628411329352,9.005309831000976e-06
21,121120,0.0007703330455115066,9.005149918905221e-06
21,121130,0.000772276715724729,9.004989995376368e-06
21,121140,0.0007699033623794093,9.00483006041487e-06
21,121150,0.0007675215747440234,9.00467011402119e-06
21,121160,0.0007733753285720014,9.004510156195785e-06
21,121170,0.0007686375727644191,9.004350186939107e-06
21,121180,0.0007855370669858531,9.004190206251617e-06
21,121190,0.0007756146791507491,9.004030214133769e-06
21,121200,0.0007761557746562176,9.003870210586023e-06
21,121210,0.0007760987238725648,9.003710195608831e-06
21,121220,0.0007736377869150601,9.003550169202652e-06
21,121230,0.0007710049118031748,9.003390131367946e-06
21,121240,0.0007789923343807459,9.003230082105164e-06
21,121250,0.0007643124452442862,9.003070021414773e-06
21,121260,0.0007731657999102026,9.002909949297215e-06
21,121270,0.0007816549521521665,9.002749865752958e-06
21,121280,0.0007770609954604879,9.002589770782458e-06
21,121290,0.000776062675868161,9.002429664386167e-06
21,121300,0.000777288079552818,9.002269546564544e-06
21,121310,0.0007713127124588937,9.00210941731805e-06
21,121320,0.0007740721121081151,9.001949276647135e-06
21,121330,0.0007784052242641338,9.00178912455226e-06
21,121340,0.0007644922661711462,9.00162896103388e-06
21,121350,0.0007751912620733492,9.001468786092461e-06
21,121360,0.000781668494164478,9.001308599728454e-06
21,121370,0.0007781395033816807,9.001148401942311e-06
21,121380,0.0007716905573033727,9.000988192734496e-06
21,121390,0.0007828944202628919,9.000827972105467e-06
21,121400,0.0007760078267892822,9.000667740055676e-06
21,121410,0.000777579787245486,9.000507496585583e-06
21,121420,0.0007772179509629496,9.000347241695647e-06
21,121430,0.0007750761025818064,9.00018697538632e-06
21,121440,0.0007744410278974101,9.000026697658065e-06
21,121450,0.0007727156538749115,8.99986640851134e-06
21,121460,0.0007834169111447409,8.999706107946601e-06
21,121470,0.00076603068591794,8.999545795964308e-06
21,121480,0.0007812381692929194,8.99938547256491e-06
21,121490,0.000766728371672798,8.999225137748872e-06
21,121500,0.0007700259739067405,8.999064791516651e-06
21,121510,0.0007792435775627382,8.998904433868704e-06
21,121520,0.0007735914987279101,8.998744064805487e-06
21,121530,0.0007739920445601455,8.998583684327461e-06
21,121540,0.000786830933066085,8.998423292435082e-06
21,121550,0.0007679334550630302,8.99826288912881e-06
21,121560,0.0007649012506590225,8.998102474409103e-06
21,121570,0.0007712033664574846,8.997942048276415e-06
21,121580,0.0007701180074946024,8.997781610731208e-06
21,121590,0.0007807370173395612,8.997621161773934e-06
21,121600,0.0007685699820285663,8.997460701405058e-06
21,121610,0.0007715078972978517,8.997300229625036e-06
21,121620,0.0007742839414277115,8.997139746434324e-06
21,121630,0.0007677912712097169,8.99697925183338e-06
21,121640,0.000772140886692796,8.996818745822665e-06
21,121650,0.000772309338208288,8.996658228402636e-06
21,121660,0.0007788530943798833,8.996497699573752e-06
21,121670,0.0007711465063039213,8.996337159336469e-06
21,121680,0.0007822858169674873,8.996176607691248e-06
21,121690,0.000770407568779774,8.996016044638547e-06
21,121700,0.000768028199672699,8.99585547017882e-06
21,121710,0.0007736849947832525,8.995694884312527e-06
21,121720,0.000772036175476387,8.995534287040128e-06
21,121730,0.0007797149097314104,8.995373678362082e-06
21,121740,0.0007711316589848139,8.995213058278849e-06
21,121750,0.0007698103756411002,8.995052426790884e-06
21,121760,0.000777045454015024,8.994891783898648e-06
21,121770,0.000779960879299324,8.994731129602597e-06
21,121780,0.0007707898737862706,8.99457046390319e-06
21,121790,0.0007792417571181431,8.994409786800888e-06
21,121800,0.0007747189185465686,8.994249098296146e-06
21,121810,0.0007770835771225392,8.994088398389427e-06
21,121820,0.0007762745633954182,8.993927687081188e-06
21,121830,0.0007692966610193253,8.993766964371887e-06
21,121840,0.0007691801743931138,8.993606230261983e-06
21,121850,0.0007675827990169636,8.993445484751932e-06
21,121860,0.0007734552273177542,8.993284727842202e-06
21,121870,0.0007718393753748386,8.993123959533243e-06
21,121880,0.0007683225558139384,8.992963179825514e-06
21,121890,0.000764296187844593,8.992802388719478e-06
21,121900,0.0007766337032080627,8.99264158621559e-06
21,121910,0.0007686193930567242,8.992480772314314e-06
21,121920,0.0007791582800564357,8.99231994701611e-06
21,121930,0.000781858860864304,8.992159110321433e-06
21,121940,0.0007710531615884974,8.991998262230742e-06
21,121950,0.0007664412041776814,8.991837402744499e-06
21,121960,0.0007691099788644351,8.991676531863162e-06
21,121970,0.0007690070255193859,8.991515649587183e-06
21,121980,0.0007803228072589263,8.991354755917031e-06
21,121990,0.0007850974332541227,8.99119385085316e-06
21,122000,0.0007713230748777278,8.991032934396034e-06
21,122010,0.0007771137505187653,8.990872006546107e-06
21,122020,0.0007742159825284034,8.990711067303846e-06
21,122030,0.0007743018693872727,8.990550116669703e-06
21,122040,0.0007691390681429766,8.990389154644143e-06
21,122050,0.000770622631534934,8.99022818122762e-06
21,122060,0.0007672532883589156,8.990067196420593e-06
21,122070,0.0007677788933506235,8.989906200223533e-06
21,122080,0.0007706936783506535,8.98974519263689e-06
21,122090,0.0007793910888722167,8.989584173661116e-06
21,122100,0.000777990157075692,8.989423143296686e-06
21,122110,0.0007706230506300926,8.989262101544053e-06
21,122120,0.0007792611155309715,8.989101048403675e-06
21,122130,0.0007783153429045342,8.988939983876017e-06
21,122140,0.0007739190172287635,8.988778907961532e-06
21,122150,0.0007740404820651747,8.988617820660687e-06
21,122160,0.0007734838451142423,8.988456721973932e-06
21,122170,0.0007652267464436591,8.988295611901734e-06
21,122180,0.0007793056734954007,8.98813449044455e-06
21,122190,0.0007726002702838741,8.987973357602845e-06
21,122200,0.0007727525196969509,8.987812213377076e-06
21,122210,0.0007725847521214747,8.987651057767703e-06
21,122220,0.0007688077705097385,8.987489890775182e-06
21,122230,0.0007644799508852885,8.987328712399977e-06
21,122240,0.0007692794490139932,8.987167522642551e-06
21,122250,0.0007790572679368779,8.987006321503358e-06
21,122260,0.0007742255664197728,8.986845108982864e-06
21,122270,0.000770704030583147,8.986683885081525e-06
21,122280,0.000776241673156619,8.986522649799804e-06
21,122290,0.0007696852422668598,8.986361403138161e-06
21,122300,0.0007663533411687239,8.986200145097051e-06
21,122310,0.0007765992922941223,8.986038875676942e-06
21,122320,0.0007765929825836793,8.985877594878288e-06
21,122330,0.0007837909855879844,8.985716302701557e-06
21,122340,0.0007720776338828728,8.985554999147202e-06
21,122350,0.0007777034101309253,8.985393684215684e-06
21,122360,0.0007682740673772058,8.985232357907467e-06
21,122370,0.0007698260873439722,8.985071020223012e-06
21,122380,0.0007764179114019498,8.984909671162775e-06
21,122390,0.00077771000796929,8.984748310727222e-06
21,122400,0.0007706010263063944,8.984586938916812e-06
21,122410,0.0007868487169616856,8.984425555732e-06
21,122420,0.0007823336840374396,8.984264161173253e-06
21,122430,0.0007775301011861302,8.98410275524103e-06
21,122440,0.00077791439689463,8.98394133793579e-06
21,122450,0.0007725007744738832,8.983779909258e-06
21,122460,0.0007706661737756804,8.983618469208112e-06
21,122470,0.0007756559527479111,8.983457017786593e-06
21,122480,0.0007833688156097196,8.983295554993902e-06
21,122490,0.0007761247077723965,8.983134080830498e-06
21,122500,0.0007691484759561717,8.982972595296846e-06
21,122510,0.0007698110857745633,8.982811098393404e-06
21,122520,0.0007689725840464235,8.982649590120634e-06
21,122530,0.0007713260667514988,8.982488070478997e-06
21,122540,0.0007747405747068115,8.982326539468957e-06
21,122550,0.0007739564374787733,8.982164997090968e-06
21,122560,0.0007754666235996409,8.982003443345494e-06
21,122570,0.0007727251257165335,8.981841878232997e-06
21,122580,0.0007711612764978781,8.98168030175394e-06
21,122590,0.0007686871380428784,8.981518713908785e-06
21,122600,0.0007757374725770206,8.98135711469799e-06
21,122610,0.0007786797737935558,8.981195504122017e-06
21,122620,0.0007744430447928607,8.981033882181331e-06
21,122630,0.0007627525250427426,8.980872248876387e-06
21,122640,0.0007761434157146142,8.98071060420765e-06
21,122650,0.0007783210821799003,8.98054894817558e-06
21,122660,0.0007730271754553542,8.98038728078064e-06
21,122670,0.000772555980074685,8.980225602023286e-06
21,122680,0.0007680305599933491,8.98006391190399e-06
21,122690,0.0007723115544649773,8.979902210423207e-06
21,122700,0.0007807358197169378,8.9797404975814e-06
21,122710,0.0007702214861637913,8.97957877337903e-06
21,122720,0.0007879664641222916,8.979417037816559e-06
21,122730,0.0007665429031476379,8.979255290894449e-06
21,122740,0.0007877444309997371,8.97909353261316e-06
21,122750,0.0007793449709424748,8.978931762973153e-06
21,122760,0.0007726652300334536,8.978769981974894e-06
21,122770,0.0007750124830636195,8.978608189618841e-06
21,122780,0.0007761293643852695,8.978446385905456e-06
21,122790,0.0007690133512369357,8.978284570835205e-06
21,122800,0.0007769600226311014,8.978122744408546e-06
21,122810,0.0007736363651929423,8.977960906625947e-06
21,122820,0.0007675014901906253,8.977799057487861e-06
21,122830,0.0007675307075260208,8.977637196994756e-06
21,122840,0.0007712951657595113,8.977475325147092e-06
21,122850,0.0007678676178329625,8.977313441945329e-06
21,122860,0.0007752918725600466,8.977151547389933e-06
21,122870,0.0007761010841932149,8.976989641481369e-06
21,122880,0.0007733050762908534,8.976827724220087e-06
21,122890,0.0007751368437311612,8.976665795606559e-06
21,122900,0.0007746344344923273,8.976503855641246e-06
21,122910,0.0007733717502560467,8.976341904324612e-06
21,122920,0.0007729671458946542,8.976179941657117e-06
21,122930,0.0007644627752597445,8.97601796763922e-06
21,122940,0.0007745047827484086,8.97585598227139e-06
21,122950,0.000779075665923301,8.975693985554083e-06
21,122960,0.0007743197042145766,8.975531977487767e-06
21,122970,0.0007754159392789005,8.975369958072901e-06
21,122980,0.0007779163628583775,8.975207927309952e-06
21,122990,0.0007714523948379792,8.975045885199374e-06
21,123000,0.0007803275846526958,8.974883831741632e-06
21,123010,0.0007763811299810186,8.974721766937191e-06
21,123020,0.0007787131587974728,8.974559690786517e-06
21,123030,0.0007833105206373148,8.974397603290069e-06
21,123040,0.0007745259848888963,8.97423550444831e-06
21,123050,0.0007658496251679026,8.974073394261704e-06
21,123060,0.0007853081115172245,8.973911272730708e-06
21,123070,0.0007727545278612524,8.973749139855793e-06
21,123080,0.000774190177617129,8.973586995637417e-06
21,123090,0.0007735604434856212,8.973424840076039e-06
21,123100,0.0007747398354695179,8.97326267317213e-06
21,123110,0.0007633622182765976,8.973100494926154e-06
21,123120,0.0007698381916270592,8.972938305338565e-06
21,123130,0.000775012533995323,8.972776104409834e-06
21,123140,0.0007782602726365439,8.972613892140418e-06
21,123150,0.0007677269022678956,8.972451668530784e-06
21,123160,0.0007770138734485955,8.972289433581396e-06
21,123170,0.000778257033380214,8.972127187292714e-06
21,123180,0.0007755255530355499,8.971964929665202e-06
21,123190,0.0007770448151859456,8.97180266069932e-06
21,123200,0.0007721183195826598,8.971640380395537e-06
21,123210,0.0007760442080325448,8.971478088754315e-06
21,123220,0.0007815020566340537,8.971315785776115e-06
21,123230,0.0007807549423887395,8.971153471461403e-06
21,123240,0.0007723275921307504,8.970991145810638e-06
21,123250,0.0007856502299546265,8.970828808824288e-06
21,123260,0.0007800321080139838,8.970666460502817e-06
21,123270,0.0007691992621403187,8.970504100846683e-06
21,123280,0.0007711501530138776,8.970341729856352e-06
21,123290,0.0007766621143673546,8.970179347532287e-06
21,123300,0.0007679358241148293,8.970016953874953e-06
21,123310,0.0007717478947597556,8.969854548884813e-06
21,123320,0.0007770255615469068,8.969692132562335e-06
21,123330,0.0007740731831290759,8.969529704907971e-06
21,123340,0.0007787474707583897,8.969367265922196e-06
21,123350,0.0007777947903377935,8.96920481560547e-06
21,123360,0.0007680783368414268,8.969042353958255e-06
21,123370,0.0007695502019487322,8.968879880981017e-06
21,123380,0.0007794676290359347,8.96871739667422e-06
21,123390,0.0007752896650345065,8.968554901038323e-06
21,123400,0.0007699387468164786,8.968392394073795e-06
21,123410,0.0007780762112815864,8.968229875781099e-06
21,123420,0.000768090238852892,8.968067346160701e-06
21,123430,0.0007686574215767906,8.967904805213062e-06
21,123440,0.0007756570310448296,8.967742252938645e-06
21,123450,0.0007816805140464566,8.967579689337913e-06
21,123460,0.000774886402359698,8.967417114411335e-06
21,123470,0.0007669846701901406,8.96725452815937e-06
21,123480,0.0007750621560262516,8.967091930582484e-06
21,123490,0.0007689193633268587,8.966929321681143e-06
21,123500,0.0007740119952359236,8.966766701455814e-06
21,123510,0.0007694566273130476,8.966604069906953e-06
21,123520,0.0007816101278876886,8.966441427035028e-06
21,123530,0.0007757971863611602,8.966278772840505e-06
21,123540,0.0007825922730262391,8.966116107323844e-06
21,123550,0.000769396932446398,8.965953430485513e-06
21,123560,0.000769118923926726,8.965790742325978e-06
21,123570,0.0007714277802733704,8.9656280428457e-06
21,123580,0.0007774485522531905,8.965465332045149e-06
21,123590,0.0007706515621975995,8.96530260992478e-06
21,123600,0.0007700934453168884,8.96513987648507e-06
21,123610,0.00076950434158789,8.964977131726473e-06
21,123620,0.0007728461205260828,8.964814375649455e-06
21,123630,0.0007675754706724547,8.964651608254483e-06
21,123640,0.0007775752615998499,8.964488829542018e-06
21,123650,0.0007693650943110697,8.964326039512526e-06
21,123660,0.0007680046051973476,8.964163238166476e-06
21,123670,0.0007686437500524335,8.964000425504332e-06
21,123680,0.0007764219320961274,8.963837601526556e-06
21,123690,0.0007745844093733467,8.963674766233615e-06
21,validation,0.000763741074479185,8.963674766233615e-06
22,123700,0.0007758980282233097,8.96351191962597e-06
22,123710,0.0007780049054417759,8.963349061704087e-06
22,123720,0.0007782564309309237,8.963186192468435e-06
22,123730,0.0007764525144011714,8.963023311919476e-06
22,123740,0.0007713920844253152,8.962860420057673e-06
22,123750,0.0007729607008513995,8.962697516883492e-06
22,123760,0.0007661225172341802,8.962534602397398e-06
22,123770,0.0007817333287675865,8.962371676599857e-06
22,123780,0.0007776865531923249,8.962208739491338e-06
22,123790,0.0007748764663119801,8.962045791072299e-06
22,123800,0.0007708046425250359,8.96188283134321e-06
22,123810,0.000767085854022298,8.961719860304537e-06
22,123820,0.0007761838947772048,8.961556877956742e-06
22,123830,0.0007825309876352549,8.961393884300292e-06
22,123840,0.0007730570010608062,8.961230879335648e-06
22,123850,0.0007782373897498474,8.96106786306328e-06
22,123860,0.0007704889387241565,8.960904835483651e-06
22,123870,0.0007846144872019067,8.960741796597229e-06
22,123880,0.0007748745818389579,8.96057874640448e-06
22,123890,0.0007681011804379522,8.960415684905861e-06
22,123900,0.0007790223273332231,8.960252612101847e-06
22,123910,0.0007684595984756015,8.9600895279929e-06
22,123920,0.0007718634878983721,8.959926432579485e-06
22,123930,0.0007709857280133292,8.959763325862073e-06
22,123940,0.0007642693468369543,8.959600207841124e-06
22,123950,0.0007677062967559323,8.959437078517102e-06
22,123960,0.0007715291096246802,8.959273937890474e-06
22,123970,0.0007667966943699867,8.959110785961708e-06
22,123980,0.0007814693482941947,8.958947622731272e-06
22,123990,0.0007715535553870722,8.958784448199628e-06
22,124000,0.0007783818116877228,8.95862126236724e-06
22,124010,0.0007785012421663851,8.958458065234579e-06
22,124020,0.0007686575860134326,8.958294856802107e-06
22,124030,0.0007699458263232372,8.95813163707029e-06
22,124040,0.0007726828232989647,8.95796840603959e-06
22,124050,0.0007716075531789101,8.957805163710484e-06
22,124060,0.0007693702325923369,8.957641910083431e-06
22,124070,0.0007761453627608717,8.957478645158897e-06
22,124080,0.0007645222038263455,8.957315368937349e-06
22,124090,0.0007602179292007349,8.957152081419255e-06
22,124100,0.0007653462787857279,8.956988782605076e-06
22,124110,0.0007687379795243033,8.956825472495283e-06
22,124120,0.0007720694906311109,8.956662151090337e-06
22,124130,0.0007666129560675471,8.956498818390707e-06
22,124140,0.0007808921334799379,8.956335474396864e-06
22,124150,0.0007759836240438745,8.956172119109269e-06
22,124160,0.0007753965517622418,8.956008752528387e-06
22,124170,0.0007660195202333853,8.955845374654688e-06
22,124180,0.0007702777031227015,8.955681985488639e-06
22,124190,0.0007612080924445763,8.955518585030705e-06
22,124200,0.0007745260983938352,8.955355173281351e-06
22,124210,0.000762716073950287,8.955191750241045e-06
22,124220,0.0007714911989751272,8.955028315910255e-06
22,124230,0.000779110002622474,8.954864870289442e-06
22,124240,0.0007708350618486293,8.954701413379079e-06
22,124250,0.000772230928123463,8.954537945179626e-06
22,124260,0.0007700816000578924,8.954374465691553e-06
22,124270,0.0007744457761873491,8.954210974915327e-06
22,124280,0.0007709637488005683,8.95404747285142e-06
22,124290,0.0007723698057816364,8.953883959500287e-06
22,124300,0.0007637893097125926,8.953720434862402e-06
22,124310,0.0007783153501804919,8.953556898938228e-06
22,124320,0.0007772705852403306,8.953393351728238e-06
22,124330,0.0007784003289998509,8.953229793232901e-06
22,124340,0.0007674651322304271,8.953066223452678e-06
22,124350,0.0007730138982878998,8.952902642388033e-06
22,124360,0.0007745941489702091,8.952739050039439e-06
22,124370,0.0007720070439972914,8.952575446407357e-06
22,124380,0.0007707669428782538,8.952411831492262e-06
22,124390,0.0007787211929098703,8.952248205294615e-06
22,124400,0.0007712133243330755,8.952084567814882e-06
22,124410,0.0007760972031974234,8.951920919053532e-06
22,124420,0.000773220082919579,8.951757259011032e-06
22,124430,0.0007746177157969214,8.951593587687854e-06
22,124440,0.0007768740630126557,8.951429905084465e-06
22,124450,0.0007718314998783171,8.951266211201325e-06
22,124460,0.000771289473050274,8.951102506038903e-06
22,124470,0.0007700371657847427,8.950938789597667e-06
22,124480,0.0007734675382380374,8.950775061878089e-06
22,124490,0.0007732854166533798,8.950611322880634e-06
22,124500,0.0007786474059685133,8.950447572605768e-06
22,124510,0.0007800536564900539,8.95028381105396e-06
22,124520,0.0007738599626463837,8.950120038225674e-06
22,124530,0.000761446861724835,8.94995625412138e-06
22,124540,0.0007695772175793536,8.949792458741543e-06
22,124550,0.0007789002804202027,8.949628652086635e-06
22,124560,0.0007809523784089833,8.949464834157124e-06
22,124570,0.0007836263932404109,8.949301004953468e-06
22,124580,0.0007661956376978196,8.949137164476148e-06
22,124590,0.0007693430467043072,8.948973312725623e-06
22,124600,0.0007744606205960735,8.948809449702363e-06
22,124610,0.0007824419502867386,8.948645575406832e-06
22,124620,0.0007678376729018055,8.948481689839508e-06
22,124630,0.0007747016396024264,8.948317793000848e-06
22,124640,0.0007754601349006407,8.948153884891325e-06
22,124650,0.0007719187648035586,8.947989965511406e-06
22,124660,0.0007708851175266319,8.947826034861557e-06
22,124670,0.0007741777735645883,8.947662092942252e-06
22,124680,0.0007745403170702047,8.947498139753955e-06
22,124690,0.0007753626065095887,8.947334175297132e-06
22,124700,0.0007740030327113346,8.947170199572253e-06
22,124710,0.0007906144091975875,8.947006212579788e-06
22,124720,0.0007692788713029586,8.946842214320205e-06
22,124730,0.0007799981947755442,8.946678204793968e-06
22,124740,0.0007729663819191047,8.946514184001548e-06
22,124750,0.0007768102994305081,8.946350151943414e-06
22,124760,0.0007682921102968977,8.946186108620033e-06
22,124770,0.0007824217333109118,8.946022054031875e-06
22,124780,0.000768283341312781,8.945857988179406e-06
22,124790,0.0007761772765661589,8.945693911063096e-06
22,124800,0.0007725250761723146,8.945529822683408e-06
22,124810,0.0007734904065728188,8.945365723040819e-06
22,124820,0.0007654664877918549,8.945201612135794e-06
22,124830,0.00076953958341619,8.945037489968798e-06
22,124840,0.0007693962543271481,8.944873356540304e-06
22,124850,0.0007745592578430661,8.944709211850777e-06
22,124860,0.0007761331638903356,8.94454505590069e-06
22,124870,0.0007713888277066872,8.94438088869051e-06
22,124880,0.0007680226830416359,8.944216710220701e-06
22,124890,0.0007712721067946404,8.94405252049174e-06
22,124900,0.0007709284793236293,8.943888319504085e-06
22,124910,0.0007795231096679345,8.943724107258215e-06
22,124920,0.0007713030936429277,8.943559883754595e-06
22,124930,0.0007681493734708056,8.943395648993693e-06
22,124940,0.0007676584544242359,8.943231402975978e-06
22,124950,0.0007758935505989939,8.943067145701917e-06
22,124960,0.0007742988032987342,8.942902877171978e-06
22,124970,0.0007700832735281439,8.942738597386638e-06
22,124980,0.0007766771042952314,8.942574306346359e-06
22,124990,0.0007840832156944088,8.942410004051614e-06
22,125000,0.000771192972024437,8.942245690502867e-06
22,125010,0.0007750523247523233,8.94208136570059e-06
22,125020,0.0007736553743598051,8.941917029645253e-06
22,125030,0.0007713832383160479,8.941752682337321e-06
22,125040,0.0007628951309015975,8.941588323777266e-06
22,125050,0.0007607426319736988,8.941423953965561e-06
22,125060,0.0007763573245028965,8.94125957290267e-06
22,125070,0.0007763805173453875,8.941095180589064e-06
22,125080,0.0007807624293491243,8.940930777025213e-06
22,125090,0.0007776949496474116,8.940766362211583e-06
22,125100,0.000773732909874525,8.940601936148648e-06
22,125110,0.0007704532647039741,8.940437498836876e-06
22,125120,0.0007735050719929859,8.94027305027673e-06
22,125130,0.0007735879873507657,8.94010859046869e-06
22,125140,0.0007752355231787078,8.939944119413218e-06
22,125150,0.0007680043767322787,8.939779637110788e-06
22,125160,0.0007718002801993862,8.939615143561867e-06
22,125170,0.0007683648713282309,8.939450638766922e-06
22,125180,0.0007706698263064027,8.939286122726425e-06
22,125190,0.0007743520996882579,8.939121595440851e-06
22,125200,0.0007713175102253444,8.938957056910666e-06
22,125210,0.0007711253070738166,8.938792507136337e-06
22,125220,0.0007720581299508922,8.938627946118335e-06
22,125230,0.0007715519357589073,8.93846337385713e-06
22,125240,0.0007742114044958726,8.93829879035319e-06
22,125250,0.0007656618428882211,8.938134195606992e-06
22,125260,0.0007809422982973047,8.937969589618996e-06
22,125270,0.000774570574867539,8.937804972389673e-06
22,125280,0.0007682225128519349,8.937640343919498e-06
22,125290,0.000775317860825453,8.937475704208944e-06
22,125300,0.0007705541880568489,8.937311053258476e-06
22,125310,0.0007701489623286762,8.937146391068563e-06
22,125320,0.0007742842863081023,8.936981717639677e-06
22,125330,0.0007646757279871963,8.936817032972286e-06
22,125340,0.0007766461247229018,8.936652337066864e-06
22,125350,0.0007739281994872726,8.936487629923872e-06
22,125360,0.0007648111015441828,8.93632291154379e-06
22,125370,0.0007733093269052916,8.936158181927088e-06
22,125380,0.000772430062352214,8.935993441074231e-06
22,125390,0.000778971830732189,8.93582868898569e-06
22,125400,0.0007741476918454282,8.935663925661935e-06
22,125410,0.0007802939668181351,8.93549915110344e-06
22,125420,0.0007844456064049155,8.935334365310674e-06
22,125430,0.0007757820640108548,8.935169568284102e-06
22,125440,0.0007639902440132573,8.935004760024206e-06
22,125450,0.0007723034737864509,8.934839940531449e-06
22,125460,0.0007734259124845266,8.934675109806301e-06
22,125470,0.000771328636619728,8.934510267849234e-06
22,125480,0.0007675217435462399,8.934345414660719e-06
22,125490,0.0007633052940946073,8.934180550241226e-06
22,125500,0.0007688451238209382,8.934015674591224e-06
22,125510,0.0007728061071247793,8.933850787711189e-06
22,125520,0.0007776598795317113,8.933685889601582e-06
22,125530,0.000776524844695814,8.933520980262883e-06
22,125540,0.0007678390000364743,8.933356059695556e-06
22,125550,0.0007729395510978065,8.933191127900081e-06
22,125560,0.0007743942711385897,8.93302618487692e-06
22,125570,0.000767349888337776,8.932861230626547e-06
22,125580,0.000770541757810861,8.932696265149435e-06
22,125590,0.000771979964338243,8.93253128844605e-06
22,125600,0.0007723921327851713,8.93236630051686e-06
22,125610,0.0007701770911808125,8.932201301362347e-06
22,125620,0.0007747093361103908,8.93203629098298e-06
22,125630,0.0007847825123462825,8.931871269379226e-06
22,125640,0.0007684281357796861,8.931706236551553e-06
22,125650,0.0007919818614027463,8.93154119250044e-06
22,125660,0.0007683449526666664,8.93137613722635e-06
22,125670,0.0007765631715301424,8.931211070729759e-06
22,125680,0.0007761277884128504,8.93104599301114e-06
22,125690,0.0007710351856076159,8.930880904070956e-06
22,125700,0.0007770871729007922,8.930715803909689e-06
22,125710,0.0007717400090768934,8.9305506925278e-06
22,125720,0.0007669474696740509,8.930385569925767e-06
22,125730,0.0007642814394785091,8.930220436104059e-06
22,125740,0.0007668963677133434,8.930055291063148e-06
22,125750,0.0007776865677442402,8.929890134803503e-06
22,125760,0.0007791065145283939,8.929724967325601e-06
22,125770,0.0007776674290653318,8.929559788629912e-06
22,125780,0.0007726255818852223,8.929394598716907e-06
22,125790,0.0007742424611933529,8.929229397587054e-06
22,125800,0.000772504648193717,8.929064185240827e-06
22,125810,0.0007742898029391653,8.9288989616787e-06
22,125820,0.0007750519987894222,8.928733726901137e-06
22,125830,0.0007761102737276815,8.928568480908618e-06
22,125840,0.0007723765811533667,8.92840322370161e-06
22,125850,0.0007731688601779751,8.928237955280588e-06
22,125860,0.000771825211995747,8.928072675646027e-06
22,125870,0.0007754758873488754,8.927907384798391e-06
22,125880,0.000767310346418526,8.927742082738152e-06
22,125890,0.0007734155951766297,8.927576769465785e-06
22,125900,0.0007698278641328216,8.927411444981766e-06
22,125910,0.0007728565193247049,8.927246109286562e-06
22,125920,0.0007708856704994105,8.927080762380646e-06
22,125930,0.0007800294930348172,8.926915404264486e-06
22,125940,0.0007772902768920175,8.926750034938561e-06
22,125950,0.0007691540231462568,8.926584654403338e-06
22,125960,0.0007817348596290685,8.926419262659291e-06
22,125970,0.0007731907040579245,8.926253859706894e-06
22,125980,0.0007673436644836329,8.926088445546616e-06
22,125990,0.0007714572420809418,8.925923020178929e-06
22,126000,0.0007687361154239625,8.925757583604306e-06
22,126010,0.0007760361739201472,8.925592135823218e-06
22,126020,0.0007745094480924308,8.925426676836143e-06
22,126030,0.0007693149149417878,8.92526120664355e-06
22,126040,0.0007741760811768473,8.925095725245905e-06
22,126050,0.0007773848541546613,8.924930232643691e-06
22,126060,0.0007621417171321809,8.924764728837375e-06
22,126070,0.0007789787603542209,8.924599213827433e-06
22,126080,0.0007694351326790639,8.924433687614332e-06
22,126090,0.0007767466915538535,8.924268150198548e-06
22,126100,0.0007742129047983326,8.924102601580548e-06
22,126110,0.0007864223764045164,8.923937041760812e-06
22,126120,0.0007710623001912608,8.92377147073981e-06
22,126130,0.0007785791807691568,8.923605888518015e-06
22,126140,0.0007734540500678122,8.923440295095894e-06
22,126150,0.0007808178997947833,8.923274690473927e-06
22,126160,0.0007705796466325411,8.923109074652584e-06
22,126170,0.0007710784950177186,8.922943447632338e-06
22,126180,0.0007733411723165773,8.922777809413662e-06
22,126190,0.0007761354980175383,8.92261215999703e-06
22,126200,0.0007781597683788276,8.922446499382914e-06
22,126210,0.0007730057302978821,8.922280827571785e-06
22,126220,0.0007744520320557058,8.922115144564118e-06
22,126230,0.000772144210350234,8.921949450360382e-06
22,126240,0.0007751072771498002,8.921783744961057e-06
22,126250,0.0007704249685048126,8.921618028366612e-06
22,126260,0.0007749252297799104,8.921452300577522e-06
22,126270,0.0007708523931796663,8.921286561594256e-06
22,126280,0.0007638588125701062,8.921120811417294e-06
22,126290,0.0007661606810870581,8.920955050047101e-06
22,126300,0.000772603189398069,8.920789277484154e-06
22,126310,0.0007658803238882682,8.920623493728929e-06
22,126320,0.0007703772134846076,8.920457698781896e-06
22,126330,0.0007751351367915049,8.92029189264353e-06
22,126340,0.0007719476183410735,8.920126075314303e-06
22,126350,0.0007787039052345791,8.919960246794687e-06
22,126360,0.0007723614136921242,8.919794407085157e-06
22,126370,0.0007761398563161493,8.919628556186187e-06
22,126380,0.0007694734682445415,8.91946269409825e-06
22,126390,0.0007665272758458742,8.91929682082182e-06
22,126400,0.0007759061409160495,8.919130936357367e-06
22,126410,0.0007747008217847906,8.918965040705367e-06
22,126420,0.0007701557959080673,8.918799133866294e-06
22,126430,0.0007746476330794394,8.918633215840619e-06
22,126440,0.0007768408191623168,8.91846728662882e-06
22,126450,0.0007853001588955522,8.91830134623137e-06
22,126460,0.0007747114301309921,8.918135394648741e-06
22,126470,0.0007705082141910679,8.917969431881405e-06
22,126480,0.0007725509814918042,8.91780345792984e-06
22,126490,0.00077546213142341,8.917637472794518e-06
22,126500,0.0007782766449963675,8.91747147647591e-06
22,126510,0.0007815539720468222,8.917305468974495e-06
22,126520,0.0007688427853281611,8.917139450290744e-06
22,126530,0.0007684403331950307,8.91697342042513e-06
22,126540,0.0007660411662072875,8.916807379378127e-06
22,126550,0.0007689348843996414,8.916641327150207e-06
22,126560,0.0007835581360268406,8.916475263741853e-06
22,126570,0.0007749618671368808,8.916309189153532e-06
22,126580,0.0007697212859056891,8.916143103385716e-06
22,126590,0.0007809708855347708,8.915977006438883e-06
22,126600,0.0007686318363994359,8.915810898313509e-06
22,126610,0.0007657266265596263,8.915644779010064e-06
22,126620,0.0007746621864498593,8.915478648529022e-06
22,126630,0.0007799172613886185,8.915312506870864e-06
22,126640,0.0007717068656347692,8.915146354036055e-06
22,126650,0.0007809785296558403,8.914980190025074e-06
22,126660,0.0007695040229009464,8.914814014838394e-06
22,126670,0.0007751701719826086,8.914647828476491e-06
22,126680,0.000766022400057409,8.914481630939839e-06
22,126690,0.0007766739465296269,8.914315422228909e-06
22,126700,0.0007620444070198574,8.91414920234418e-06
22,126710,0.0007841620652470738,8.913982971286127e-06
22,126720,0.0007728159733233043,8.913816729055222e-06
22,126730,0.0007698550005443394,8.913650475651942e-06
22,126740,0.0007828838221030309,8.913484211076758e-06
22,126750,0.0007624015954206698,8.913317935330145e-06
22,126760,0.0007688850484555588,8.91315164841258e-06
22,126770,0.0007680538605200127,8.912985350324538e-06
22,126780,0.0007704660398303531,8.912819041066489e-06
22,126790,0.0007762334396829828,8.912652720638915e-06
22,126800,0.000774217999423854,8.912486389042287e-06
22,126810,0.0007839451180188917,8.912320046277077e-06
22,126820,0.0007818384256097488,8.912153692343768e-06
22,126830,0.0007801855215802788,8.911987327242822e-06
22,126840,0.000771393183094915,8.911820950974725e-06
22,126850,0.0007776665981509723,8.911654563539946e-06
22,126860,0.0007771260643494315,8.911488164938968e-06
22,126870,0.0007687023302423769,8.911321755172256e-06
22,126880,0.0007711267870035954,8.911155334240286e-06
22,126890,0.0007629522515344433,8.91098890214354e-06
22,126900,0.000781336885120254,8.910822458882487e-06
22,126910,0.0007729842225671745,8.91065600445761e-06
22,126920,0.0007678556241444312,8.910489538869375e-06
22,126930,0.0007702562812482938,8.910323062118257e-06
22,126940,0.0007771635835524648,8.910156574204739e-06
22,126950,0.0007600727869430557,8.909990075129294e-06
22,126960,0.0007759878266369925,8.909823564892397e-06
22,126970,0.0007743393667624331,8.90965704349452e-06
22,126980,0.0007811810850398616,8.909490510936138e-06
22,126990,0.0007695667503867299,8.90932396721773e-06
22,127000,0.0007704534189542755,8.909157412339774e-06
22,127010,0.0007703314535319806,8.908990846302737e-06
22,127020,0.0007699928144575097,8.908824269107101e-06
22,127030,0.0007819692997145467,8.908657680753338e-06
22,127040,0.0007799179395078682,8.908491081241925e-06
22,127050,0.0007676137334783563,8.908324470573338e-06
22,127060,0.0007720367357251234,8.90815784874805e-06
22,127070,0.0007667986996239051,8.907991215766543e-06
22,127080,0.0007652261105249637,8.907824571629287e-06
22,127090,0.0007651494393940083,8.907657916336763e-06
22,127100,0.0007711327125434763,8.90749124988944e-06
22,127110,0.0007695104271988384,8.907324572287793e-06
22,127120,0.0007756497812806628,8.907157883532304e-06
22,127130,0.0007754583159112372,8.906991183623446e-06
22,127140,0.0007728853524895385,8.906824472561694e-06
22,127150,0.0007765137095702812,8.906657750347527e-06
22,127160,0.0007769205360091292,8.90649101698142e-06
22,127170,0.000763225433183834,8.90632427246385e-06
22,127180,0.0007766736438497902,8.90615751679529e-06
22,127190,0.0007810242866980843,8.905990749976212e-06
22,127200,0.000778704222466331,8.905823972007102e-06
22,127210,0.0007800718012731522,8.90565718288843e-06
22,127220,0.0007753773490549066,8.905490382620673e-06
22,127230,0.0007711564525379798,8.90532357120431e-06
22,127240,0.0007706807475187816,8.905156748639812e-06
22,127250,0.0007718944514635951,8.904989914927661e-06
22,127260,0.0007778302780934609,8.904823070068325e-06
22,127270,0.0007750629039946943,8.90465621406229e-06
22,127280,0.0007713738290476611,8.904489346910025e-06
22,127290,0.0007684786454774439,8.904322468612009e-06
22,127300,0.0007685548451263458,8.904155579168719e-06
22,127310,0.0007841728875064291,8.903988678580627e-06
22,127320,0.0007776668760925532,8.90382176684822e-06
22,127330,0.000770851872221101,8.903654843971963e-06
22,127340,0.0007693434439715929,8.90348790995234e-06
22,127350,0.0007758511361316777,8.903320964789824e-06
22,127360,0.0007626492020790465,8.90315400848489e-06
22,127370,0.0007756142571452075,8.902987041038022e-06
22,127380,0.0007772522847517394,8.902820062449691e-06
22,127390,0.0007779463659971953,8.90265307272037e-06
22,127400,0.0007718208667938598,8.902486071850544e-06
22,127410,0.0007671291954466143,8.902319059840682e-06
22,127420,0.0007763459303532727,8.902152036691266e-06
22,127430,0.000782121394877322,8.901985002402771e-06
22,127440,0.000782055659510661,8.901817956975674e-06
22,127450,0.0007674272812437267,8.901650900410451e-06
22,127460,0.000768674940627534,8.901483832707582e-06
22,127470,0.0007737527063000016,8.901316753867542e-06
22,127480,0.0007709824902121909,8.901149663890803e-06
22,127490,0.0007723670350969769,8.90098256277785e-06
22,127500,0.0007799649640219285,8.900815450529156e-06
22,127510,0.000790525518823415,8.900648327145195e-06
22,127520,0.0007732746380497701,8.90048119262645e-06
22,127530,0.0007671072002267466,8.900314046973393e-06
22,127540,0.0007672592852031812,8.900146890186507e-06
22,127550,0.0007686923592700623,8.899979722266267e-06
22,127560,0.0007674091044464149,8.899812543213144e-06
22,127570,0.0007873314432799816,8.899645353027625e-06
22,127580,0.0007748911200906151,8.899478151710184e-06
22,127590,0.0007748455172986723,8.899310939261295e-06
22,127600,0.0007733718681265599,8.89914371568144e-06
22,127610,0.0007721075540757738,8.898976480971091e-06
22,127620,0.0007813943462679162,8.898809235130728e-06
22,127630,0.0007706857635639609,8.898641978160826e-06
22,127640,0.000776414223946631,8.898474710061865e-06
22,127650,0.0007731268429779448,8.898307430834327e-06
22,127660,0.0007680659022298641,8.898140140478683e-06
22,127670,0.0007713232844253071,8.897972838995415e-06
22,127680,0.0007726175594143569,8.897805526384993e-06
22,127690,0.0007795863290084526,8.897638202647903e-06
22,127700,0.0007781405380228535,8.897470867784616e-06
22,127710,0.0007810680457623675,8.897303521795615e-06
22,127720,0.0007717322077951394,8.897136164681376e-06
22,127730,0.0007698940564296209,8.896968796442374e-06
22,127740,0.0007705628144321964,8.896801417079093e-06
22,127750,0.0007817697623977438,8.896634026592005e-06
22,127760,0.0007739509921520949,8.89646662498159e-06
22,127770,0.0007724402370513418,8.896299212248327e-06
22,127780,0.0007692024810239673,8.896131788392693e-06
22,127790,0.000779815565329045,8.895964353415164e-06
22,127800,0.0007770449228701182,8.895796907316217e-06
22,127810,0.0007730519268079661,8.895629450096331e-06
22,127820,0.0007757066545309499,8.895461981755994e-06
22,127830,0.0007801358675351367,8.895294502295672e-06
22,127840,0.000771128325141035,8.895127011715844e-06
22,127850,0.0007659497743588873,8.894959510016993e-06
22,127860,0.0007740599001408555,8.89479199719959e-06
22,127870,0.0007719313507550396,8.894624473264123e-06
22,127880,0.0007769349555019288,8.894456938211067e-06
22,127890,0.0007729456163360737,8.894289392040896e-06
22,127900,0.0007795496872859076,8.894121834754087e-06
22,127910,0.0007715676212683319,8.893954266351127e-06
22,127920,0.0007746243922156282,8.893786686832489e-06
22,127930,0.0007701520531554706,8.893619096198656e-06
22,127940,0.0007761649176245555,8.893451494450099e-06
22,127950,0.0007683504518354312,8.8932838815873e-06
22,127960,0.0007640459822141565,8.893116257610736e-06
22,127970,0.0007760605032672175,8.892948622520882e-06
22,127980,0.0007807587098795921,8.892780976318226e-06
22,127990,0.0007723814720520749,8.892613319003237e-06
22,128000,0.000775576540036127,8.8924456505764e-06
22,128010,0.0007740356755675748,8.892277971038195e-06
22,128020,0.0007749916883767582,8.892110280389096e-06
22,128030,0.0007663988144486211,8.891942578629586e-06
22,128040,0.0007745381532004102,8.89177486576014e-06
22,128050,0.000773887083050795,8.891607141781236e-06
22,128060,0.0007737373540294356,8.891439406693352e-06
22,128070,0.0007720509631326423,8.891271660496973e-06
22,128080,0.0007664380027563311,8.891103903192575e-06
22,128090,0.0007616455390234479,8.890936134780638e-06
22,128100,0.0007794397053658031,8.890768355261638e-06
22,128110,0.0007736462546745315,8.890600564636057e-06
22,128120,0.0007728844182565808,8.890432762904364e-06
22,128130,0.0007800240113283508,8.89026495006705e-06
22,128140,0.0007736994826700539,8.89009712612459e-06
22,128150,0.0007650540472241118,8.889929291077464e-06
22,128160,0.0007731750301900319,8.889761444926149e-06
22,128170,0.0007739679291262292,8.889593587671125e-06
22,128180,0.0007798589096637443,8.88942571931287e-06
22,128190,0.0007731370438705198,8.889257839851867e-06
22,128200,0.0007761353335808963,8.889089949288592e-06
22,128210,0.0007831089067622087,8.888922047623525e-06
22,128220,0.0007719621993601323,8.888754134857145e-06
22,128230,0.0007899884731159545,8.888586210989934e-06
22,128240,0.0007735474093351512,8.888418276022366e-06
22,128250,0.0007728594893706032,8.88825032995493e-06
22,128260,0.0007723628761596047,8.88808237278809e-06
22,128270,0.0007680303315282799,8.88791440452234e-06
22,128280,0.0007728251381195149,8.88774642515815e-06
22,128290,0.0007899214717326686,8.887578434696008e-06
22,128300,0.0007780384359648451,8.88741043313639e-06
22,128310,0.0007817388643161394,8.887242420479769e-06
22,128320,0.000781097229628358,8.88707439672663e-06
22,128330,0.000774315324088093,8.886906361877455e-06
22,128340,0.0007691888517001642,8.886738315932721e-06
22,128350,0.0007653448061319069,8.886570258892905e-06
22,128360,0.0007728852171567269,8.886402190758495e-06
22,128370,0.0007716747059021145,8.886234111529964e-06
22,128380,0.0007838212914066389,8.886066021207792e-06
22,128390,0.0007703115072217769,8.885897919792462e-06
22,128400,0.0007617767216288485,8.88572980728445e-06
22,128410,0.0007776025289786048,8.885561683684243e-06
22,128420,0.0007693677398492582,8.885393548992315e-06
22,128430,0.000776308040076401,8.885225403209146e-06
22,128440,0.0007629030427779071,8.885057246335216e-06
22,128450,0.0007654531291336752,8.884889078371009e-06
22,128460,0.0007736414190731011,8.884720899316999e-06
22,128470,0.0007764575653709471,8.884552709173668e-06
22,128480,0.0007751026554615237,8.884384507941496e-06
22,128490,0.0007705252952291632,8.884216295620966e-06
22,128500,0.000770043495867867,8.884048072212557e-06
22,128510,0.0007731860023341142,8.883879837716748e-06
22,128520,0.0007710251418757253,8.88371159213402e-06
22,128530,0.0007756688923109323,8.88354333546485e-06
22,128540,0.0007861680787755176,8.883375067709725e-06
22,128550,0.0007700075046159328,8.883206788869122e-06
22,128560,0.0007741571826045402,8.883038498943523e-06
22,128570,0.0007765390444546938,8.882870197933406e-06
22,128580,0.0007741094406810588,8.882701885839252e-06
22,128590,0.0007786413916619495,8.882533562661536e-06
22,128600,0.0007669660481042229,8.882365228400746e-06
22,128610,0.0007730672208708711,8.882196883057362e-06
22,128620,0.0007761452332488261,8.882028526631863e-06
22,128630,0.0007711827536695636,8.88186015912473e-06
22,128640,0.0007715325758908875,8.881691780536441e-06
22,128650,0.0007783822351484559,8.88152339086748e-06
22,128660,0.0007659947994397953,8.881354990118327e-06
22,128670,0.0007788881150190719,8.881186578289463e-06
22,128680,0.0007718944034422748,8.881018155381372e-06
22,128690,0.0007758311257930472,8.880849721394528e-06
22,128700,0.0007736213985481299,8.880681276329414e-06
22,128710,0.0007698781788349153,8.88051282018651e-06
22,128720,0.0007742013651295564,8.880344352966299e-06
22,128730,0.0007665566328796557,8.880175874669262e-06
22,128740,0.0007782387750921771,8.880007385295876e-06
22,128750,0.0007750448319711722,8.879838884846627e-06
22,128760,0.0007789656621753239,8.879670373321998e-06
22,128770,0.0007676367167732678,8.879501850722467e-06
22,128780,0.0007706158445216714,8.879333317048508e-06
22,128790,0.0007707773518632166,8.879164772300614e-06
22,128800,0.0007766763257677667,8.87899621647926e-06
22,128810,0.0007628648003446869,8.878827649584928e-06
22,128820,0.0007700718240812421,8.878659071618094e-06
22,128830,0.0007755816128337755,8.878490482579247e-06
22,128840,0.0007859045654186048,8.878321882468864e-06
22,128850,0.0007699094523559324,8.878153271287427e-06
22,128860,0.0007682182753342204,8.877984649035418e-06
22,128870,0.0007724115479504689,8.877816015713319e-06
22,128880,0.0007676756096770987,8.87764737132161e-06
22,128890,0.000771104043815285,8.87747871586077e-06
22,128900,0.0007763926274492406,8.877310049331292e-06
22,128910,0.0007673803585930727,8.877141371733645e-06
22,128920,0.0007698068380705081,8.876972683068316e-06
22,128930,0.0007685473115998319,8.876803983335784e-06
22,128940,0.0007599906704854221,8.876635272536533e-06
22,128950,0.0007738746135146357,8.876466550671043e-06
22,128960,0.0007663287949981167,8.876297817739795e-06
22,128970,0.0007804467823007144,8.876129073743272e-06
22,128980,0.0007792405391228385,8.875960318681955e-06
22,128990,0.0007647129212273285,8.875791552556327e-06
22,129000,0.0007668740363442339,8.875622775366866e-06
22,129010,0.0007761092245345936,8.875453987114058e-06
22,129020,0.0007633557965164074,8.875285187798382e-06
22,129030,0.0007723291681031696,8.87511637742032e-06
22,129040,0.0007713600527495146,8.874947555980359e-06
22,129050,0.0007702534814598038,8.874778723478975e-06
22,129060,0.0007572995324153453,8.874609879916653e-06
22,129070,0.0007725517920334822,8.874441025293874e-06
22,129080,0.0007727801465080119,8.874272159611118e-06
22,129090,0.0007764798996504396,8.87410328286887e-06
22,129100,0.0007722604656009934,8.873934395067615e-06
22,129110,0.000777957662648987,8.873765496207824e-06
22,129120,0.0007688908284762874,8.873596586289989e-06
22,129130,0.0007701612208620645,8.873427665314593e-06
22,129140,0.0007679956266656518,8.873258733282111e-06
22,129150,0.0007690227779676206,8.873089790193028e-06
22,129160,0.0007757206476526336,8.872920836047829e-06
22,129170,0.0007766909868223593,8.872751870846992e-06
22,129180,0.0007756775798043236,8.872582894591002e-06
22,129190,0.0007769902789732441,8.872413907280346e-06
22,129200,0.0007660817413125187,8.8722449089155e-06
22,129210,0.0007637965463800356,8.872075899496948e-06
22,129220,0.0007753130616038106,8.871906879025169e-06
22,129230,0.0007787252427078783,8.871737847500651e-06
22,129240,0.0007727829288342036,8.871568804923879e-06
22,129250,0.0007739066539215855,8.871399751295329e-06
22,129260,0.0007714520048466511,8.87123068661548e-06
22,129270,0.0007667707424843684,8.871061610884826e-06
22,129280,0.0007772790675517172,8.870892524103838e-06
22,129290,0.0007753424302791245,8.870723426273006e-06
22,129300,0.0007736692277831025,8.870554317392812e-06
22,129310,0.0007627734070410953,8.870385197463737e-06
22,129320,0.0007767535222228618,8.870216066486265e-06
22,129330,0.0007747342693619429,8.87004692446088e-06
22,129340,0.0007754596925224178,8.869877771388062e-06
22,129350,0.0007699462308664805,8.869708607268297e-06
22,129360,0.0007886552601121366,8.869539432102066e-06
22,129370,0.000767153175547719,8.86937024588985e-06
22,129380,0.0007659221359062941,8.869201048632135e-06
22,129390,0.0007766493654344231,8.8690318403294e-06
22,129400,0.0007751547833322547,8.868862620982136e-06
22,129410,0.0007722139664110727,8.868693390590818e-06
22,129420,0.0007772433338686824,8.868524149155933e-06
22,129430,0.0007661266427021473,8.868354896677964e-06
22,129440,0.0007700179572566413,8.868185633157396e-06
22,129450,0.0007665585944778286,8.868016358594706e-06
22,129460,0.0007714685911196284,8.867847072990381e-06
22,129470,0.0007619467898621224,8.867677776344904e-06
22,129480,0.0007665940938750282,8.86750846865876e-06
22,129490,0.0007708963516051881,8.86733914993243e-06
22,129500,0.0007788361646817065,8.867169820166396e-06
22,129510,0.0007760121181490832,8.867000479361146e-06
22,129520,0.0007668992388062179,8.86683112751716e-06
22,129530,0.000766089794342406,8.866661764634921e-06
22,129540,0.0007671636325540021,8.866492390714911e-06
22,129550,0.0007727353178779595,8.866323005757618e-06
22,129560,0.0007678355599637143,8.866153609763524e-06
22,129570,0.0007723571688984521,8.86598420273311e-06
22,129580,0.0007736788829788566,8.865814784666864e-06
22,validation,0.0007666919118491933,8.865814784666864e-06
23,129590,0.0007740968823782169,8.865645355565268e-06
23,129600,0.000771260519104544,8.865475915428803e-06
23,129610,0.0007710396952461452,8.865306464257962e-06
23,129620,0.0007761600922094659,8.865137002053215e-06
23,129630,0.0007705291587626561,8.864967528815053e-06
23,129640,0.0007785796376992949,8.864798044543963e-06
23,129650,0.0007663293537916615,8.864628549240423e-06
23,129660,0.0007660968389245681,8.864459042904915e-06
23,129670,0.0007692896571825259,8.864289525537929e-06
23,129680,0.000772554482682608,8.864119997139944e-06
23,129690,0.0007690400205319747,8.86395045771145e-06
23,129700,0.0007684353360673413,8.863780907252922e-06
23,129710,0.0007749875716399401,8.863611345764852e-06
23,129720,0.00076987893844489,8.863441773247724e-06
23,129730,0.0007768239753204398,8.863272189702016e-06
23,129740,0.0007699938272708096,8.863102595128219e-06
23,129750,0.0007712295904639177,8.862932989526812e-06
23,129760,0.0007787274837028236,8.86276337289828e-06
23,129770,0.000775730368332006,8.862593745243107e-06
23,129780,0.0007734675338724629,8.862424106561782e-06
23,129790,0.0007764852460240945,8.862254456854785e-06
23,129800,0.0007736166124232113,8.862084796122602e-06
23,129810,0.0007786809786921368,8.861915124365712e-06
23,129820,0.0007701981288846583,8.861745441584606e-06
23,129830,0.0007693878578720614,8.861575747779761e-06
23,129840,0.0007805864966940134,8.861406042951668e-06
23,129850,0.0007702999166212976,8.861236327100808e-06
23,129860,0.0007709513069130481,8.861066600227668e-06
23,129870,0.000775141388294287,8.860896862332735e-06
23,129880,0.0007771442949888297,8.860727113416489e-06
23,129890,0.0007713994855294004,8.860557353479417e-06
23,129900,0.0007693568099057303,8.860387582522002e-06
23,129910,0.0007712386373896151,8.860217800544728e-06
23,129920,0.0007792594071361237,8.86004800754808e-06
23,129930,0.0007830288930563256,8.85987820353254e-06
23,129940,0.0007767923452774994,8.8597083884986e-06
23,129950,0.0007738524800515734,8.859538562446739e-06
23,129960,0.0007685263306484557,8.859368725377447e-06
23,129970,0.0007746409610263072,8.859198877291198e-06
23,129980,0.0007700868489337153,8.859029018188488e-06
23,129990,0.0007774370125844143,8.858859148069796e-06
23,130000,0.0007674192558624782,8.858689266935612e-06
23,130010,0.0007684161333600058,8.858519374786416e-06
23,130020,0.0007775413192575797,8.858349471622697e-06
23,130030,0.0007641332631465048,8.85817955744494e-06
23,130040,0.0007735951599897816,8.858009632253624e-06
23,130050,0.000764727393107023,8.857839696049238e-06
23,130060,0.000776921445503831,8.857669748832266e-06
23,130070,0.0007808462803950533,8.857499790603196e-06
23,130080,0.0007676568551687525,8.857329821362511e-06
23,130090,0.0007703076640609651,8.857159841110696e-06
23,130100,0.000769486665376462,8.856989849848239e-06
23,130110,0.0007708735240157693,8.856819847575621e-06
23,130120,0.0007672784005990252,8.856649834293331e-06
23,130130,0.0007746321323793381,8.856479810001853e-06
23,130140,0.0007702296788920648,8.856309774701673e-06
23,130150,0.0007650026818737388,8.856139728393272e-06
23,130160,0.0007797904763719998,8.855969671077141e-06
23,130170,0.000781620199268218,8.85579960275376e-06
23,130180,0.0007706623786361889,8.85562952342362e-06
23,130190,0.0007835659518605097,8.855459433087204e-06
23,130200,0.0007842922132113017,8.855289331744997e-06
23,130210,0.0007635440051672049,8.855119219397486e-06
23,130220,0.0007795954894390889,8.854949096045157e-06
23,130230,0.0007703808310907333,8.854778961688494e-06
23,130240,0.0007751406461466104,8.854608816327983e-06
23,130250,0.0007707105833105743,8.854438659964112e-06
23,130260,0.0007754501581075601,8.854268492597365e-06
23,130270,0.0007715351239312439,8.854098314228227e-06
23,130280,0.0007661149196792394,8.853928124857185e-06
23,130290,0.0007716009931755252,8.853757924484724e-06
23,130300,0.0007714339721133002,8.853587713111326e-06
23,130310,0.000774191872915253,8.85341749073748e-06
23,130320,0.000784631360147614,8.853247257363672e-06
23,130330,0.000772756825608667,8.853077012990394e-06
23,130340,0.0007788920804159715,8.852906757618123e-06
23,130350,0.0007709060519118793,8.852736491247348e-06
23,130360,0.0007748907242785207,8.85256621387856e-06
23,130370,0.0007724183800746687,8.85239592551224e-06
23,130380,0.0007740518951322884,8.852225626148872e-06
23,130390,0.0007795652738423087,8.852055315788948e-06
23,130400,0.0007704098228714429,8.85188499443295e-06
23,130410,0.0007618128787726163,8.851714662081365e-06
23,130420,0.0007784263085341082,8.85154431873468e-06
23,130430,0.0007674631429836153,8.85137396439338e-06
23,130440,0.0007700077287154273,8.85120359905795e-06
23,130450,0.0007718365275650286,8.851033222728881e-06
23,130460,0.0007723220129264519,8.850862835406659e-06
23,130470,0.0007652749045519158,8.850692437091765e-06
23,130480,0.000779927466646768,8.850522027784693e-06
23,130490,0.0007712608799920417,8.850351607485921e-06
23,130500,0.000774529630143661,8.85018117619594e-06
23,130510,0.000768174629774876,8.850010733915238e-06
23,130520,0.0007737725842162036,8.849840280644296e-06
23,130530,0.0007732147045317106,8.849669816383603e-06
23,130540,0.000788303067383822,8.84949934113365e-06
23,130550,0.000774939490656834,8.84932885489492e-06
23,130560,0.0007705717463977634,8.8491583576679e-06
23,130570,0.0007789104347466491,8.848987849453077e-06
23,130580,0.0007701952534262092,8.848817330250937e-06
23,130590,0.0007722714435658418,8.848646800061966e-06
23,130600,0.0007719586181337945,8.848476258886656e-06
23,130610,0.0007690732963965274,8.84830570672549e-06
23,130620,0.0007656320798560047,8.848135143578952e-06
23,130630,0.0007690682410611771,8.847964569447534e-06
23,130640,0.0007720310153672471,8.84779398433172e-06
23,130650,0.0007696073487750254,8.847623388231993e-06
23,130660,0.0007664750126423315,8.84745278114885e-06
23,130670,0.0007772402037517168,8.84728216308277e-06
23,130680,0.0007755303086014464,8.847111534034246e-06
23,130690,0.0007747198731522075,8.846940894003756e-06
23,130700,0.0007712875900324433,8.846770242991795e-06
23,130710,0.0007745943672489375,8.846599580998847e-06
23,130720,0.0007741377441561781,8.846428908025402e-06
23,130730,0.0007758030609693378,8.846258224071941e-06
23,130740,0.0007684203737881035,8.84608752913896e-06
23,130750,0.0007761333967209794,8.84591682322694e-06
23,130760,0.0007690318132517859,8.845746106336369e-06
23,130770,0.000776106362172868,8.845575378467738e-06
23,130780,0.0007668685968383216,8.845404639621534e-06
23,130790,0.0007690068712690846,8.845233889798241e-06
23,130800,0.0007731599078397266,8.845063128998346e-06
23,130810,0.000767592916963622,8.844892357222336e-06
23,130820,0.0007791044074110687,8.844721574470702e-06
23,130830,0.0007763594418065623,8.844550780743932e-06
23,130840,0.0007737867257674224,8.844379976042506e-06
23,130850,0.0007708723089308478,8.844209160366922e-06
23,130860,0.0007764763970044442,8.844038333717663e-06
23,130870,0.0007752149685984477,8.843867496095213e-06
23,130880,0.0007705613563302905,8.843696647500064e-06
23,130890,0.0007732632730039768,8.843525787932705e-06
23,130900,0.0007667152662179433,8.84335491739362e-06
23,130910,0.0007623402751050889,8.843184035883295e-06
23,130920,0.0007807281406712718,8.843013143402224e-06
23,130930,0.0007697502165683545,8.842842239950893e-06
23,130940,0.0007730553697911091,8.84267132552979e-06
23,130950,0.0007740317756542935,8.842500400139402e-06
23,130960,0.0007762149863992818,8.842329463780216e-06
23,130970,0.0007681619317736477,8.842158516452717e-06
23,130980,0.0007764736321405508,8.8419875581574e-06
23,130990,0.0007774565412546508,8.841816588894752e-06
23,131000,0.0007646445636055433,8.841645608665257e-06
23,131010,0.0007740881948848255,8.841474617469404e-06
23,131020,0.0007644047247595153,8.84130361530768e-06
23,131030,0.0007704057527007534,8.841132602180576e-06
23,131040,0.0007622933393577114,8.84096157808858e-06
23,131050,0.0007738841755781322,8.840790543032176e-06
23,131060,0.0007678735550143756,8.840619497011857e-06
23,131070,0.0007691794889979064,8.840448440028113e-06
23,131080,0.0007742395289824344,8.840277372081427e-06
23,131090,0.0007740879475022667,8.84010629317229e-06
23,131100,0.0007727191026788206,8.83993520330119e-06
23,131110,0.0007680974798859098,8.839764102468616e-06
23,131120,0.0007681511982809753,8.839592990675053e-06
23,131130,0.0007692874787608162,8.839421867920996e-06
23,131140,0.0007705225492827595,8.839250734206926e-06
23,131150,0.0007804810928064398,8.839079589533333e-06
23,131160,0.0007841022335924209,8.838908433900711e-06
23,131170,0.0007769898380502126,8.838737267309546e-06
23,131180,0.0007718328153714537,8.838566089760323e-06
23,131190,0.0007788388160406613,8.838394901253536e-06
23,131200,0.0007823831430869177,8.838223701789667e-06
23,131210,0.0007707610697252676,8.838052491369213e-06
23,131220,0.0007721308807958849,8.83788126999266e-06
23,131230,0.0007757509127259254,8.837710037660493e-06
23,131240,0.0007690214391914196,8.837538794373204e-06
23,131250,0.0007701037669903599,8.837367540131281e-06
23,131260,0.0007757594139548019,8.83719627493521e-06
23,131270,0.0007741765220998786,8.837024998785486e-06
23,131280,0.0007715175946941599,8.836853711682593e-06
23,131290,0.0007727982127107679,8.83668241362702e-06
23,131300,0.0007740401590126567,8.83651110461926e-06
23,131310,0.0007709606812568382,8.8363397846598e-06
23,131320,0.0007696738655795343,8.836168453749127e-06
23,131330,0.0007759262967738322,8.835997111887736e-06
23,131340,0.0007831000548321754,8.835825759076109e-06
23,131350,0.0007791672949679197,8.835654395314735e-06
23,131360,0.0007726978379650973,8.835483020604111e-06
23,131370,0.0007601756529766135,8.835311634944718e-06
23,131380,0.0007783270470099523,8.835140238337054e-06
23,131390,0.0007667164114536717,8.8349688307816e-06
23,131400,0.0007690033220569603,8.83479741227885e-06
23,131410,0.0007648362385225483,8.834625982829286e-06
23,131420,0.0007766508031636476,8.834454542433407e-06
23,131430,0.0007800072286045179,8.834283091091698e-06
23,131440,0.0007716415260802024,8.83411162880465e-06
23,131450,0.000774297361203935,8.83394015557275e-06
23,131460,0.0007762934284983203,8.833768671396489e-06
23,131470,0.0007656848902115599,8.833597176276355e-06
23,131480,0.0007690799262491054,8.833425670212837e-06
23,131490,0.0007693668521824292,8.833254153206425e-06
23,131500,0.0007675020737224259,8.833082625257617e-06
23,131510,0.0007672037274460309,8.832911086366886e-06
23,131520,0.0007706586853601038,8.832739536534737e-06
23,131530,0.0007714041363215074,8.83256797576165e-06
23,131540,0.0007706991702434606,8.832396404048124e-06
23,131550,0.0007787723850924521,8.832224821394641e-06
23,131560,0.0007682573865167796,8.832053227801696e-06
23,131570,0.0007699915237026288,8.831881623269772e-06
23,131580,0.0007701781767536886,8.831710007799365e-06
23,131590,0.0007708414283115417,8.831538381390964e-06
23,131600,0.0007784961591823958,8.831366744045059e-06
23,131610,0.0007862543789087795,8.831195095762139e-06
23,131620,0.0007769234827719628,8.831023436542692e-06
23,131630,0.0007729687786195427,8.830851766387206e-06
23,131640,0.0007743875583400949,8.830680085296176e-06
23,131650,0.0007683785210247151,8.830508393270092e-06
23,131660,0.0007799253886332737,8.830336690309444e-06
23,131670,0.0007679071219172329,8.830164976414723e-06
23,131680,0.0007707059266977012,8.829993251586411e-06
23,131690,0.0007749844284262509,8.829821515825012e-06
23,131700,0.0007619669515406713,8.829649769131007e-06
23,131710,0.0007758351945085452,8.829478011504885e-06
23,131720,0.0007607488223584369,8.829306242947139e-06
23,131730,0.0007786333459080196,8.829134463458261e-06
23,131740,0.0007771166085149162,8.82896267303874e-06
23,131750,0.0007660646340809763,8.828790871689067e-06
23,131760,0.0007786779038724489,8.828619059409733e-06
23,131770,0.0007818293233867735,8.828447236201226e-06
23,131780,0.0007711672165896745,8.828275402064036e-06
23,131790,0.000770023008226417,8.828103556998659e-06
23,131800,0.0007743470225250349,8.827931701005579e-06
23,131810,0.0007709234254434705,8.827759834085291e-06
23,131820,0.0007631672910065391,8.827587956238289e-06
23,131830,0.0007649950668564998,8.827416067465053e-06
23,131840,0.0007752027755486778,8.82724416776608e-06
23,131850,0.0007737637963145972,8.827072257141858e-06
23,131860,0.0007715582672972232,8.826900335592882e-06
23,131870,0.0007772042634314857,8.826728403119642e-06
23,131880,0.0007779918916639872,8.826556459722622e-06
23,131890,0.0007794872042723,8.826384505402322e-06
23,131900,0.0007716685882769525,8.82621254015923e-06
23,131910,0.0007746264469460583,8.826040563993834e-06
23,131920,0.0007691239734413102,8.825868576906626e-06
23,131930,0.0007683269213885069,8.8256965788981e-06
23,131940,0.0007719514964264816,8.825524569968747e-06
23,131950,0.0007713590384810232,8.825352550119053e-06
23,131960,0.0007668414313229733,8.825180519349509e-06
23,131970,0.0007678756970562971,8.82500847766061e-06
23,131980,0.0007819535094313323,8.824836425052845e-06
23,131990,0.0007773919161991217,8.82466436152671e-06
23,132000,0.0007732626079814509,8.824492287082691e-06
23,132010,0.0007649420396774075,8.824320201721277e-06
23,132020,0.000770274734531995,8.824148105442965e-06
23,132030,0.0007807285568560473,8.823975998248246e-06
23,132040,0.0007767796749249101,8.82380388013761e-06
23,132050,0.0007700167523580603,8.823631751111544e-06
23,132060,0.000768806024279911,8.823459611170549e-06
23,132070,0.000779344751208555,8.823287460315105e-06
23,132080,0.0007712642647675239,8.82311529854571e-06
23,132090,0.0007699356516241096,8.822943125862854e-06
23,132100,0.0007628349951119163,8.822770942267029e-06
23,132110,0.000772903359029442,8.822598747758726e-06
23,132120,0.0007735201419563964,8.822426542338437e-06
23,132130,0.0007759579530102201,8.822254326006653e-06
23,132140,0.0007861910169594921,8.822082098763864e-06
23,132150,0.0007683246236410922,8.821909860610564e-06
23,132160,0.0007690206111874431,8.82173761154725e-06
23,132170,0.0007734537808573805,8.821565351574404e-06
23,132180,0.0007752037607133388,8.821393080692527e-06
23,132190,0.0007672862455365248,8.821220798902097e-06
23,132200,0.000764658757543657,8.82104850620362e-06
23,132210,0.0007619508876814507,8.82087620259758e-06
23,132220,0.0007713127619354054,8.820703888084474e-06
23,132230,0.0007639573814230971,8.820531562664786e-06
23,132240,0.0007713276689173654,8.820359226339013e-06
23,132250,0.0007827235604054295,8.820186879107653e-06
23,132260,0.0007716904074186459,8.82001452097119e-06
23,132270,0.0007710043413680977,8.819842151930112e-06
23,132280,0.0007791791795170866,8.819669771984922e-06
23,132290,0.0007673458763747476,8.819497381136103e-06
23,132300,0.0007667389349080622,8.819324979384154e-06
23,132310,0.0007728250813670457,8.819152566729562e-06
23,132320,0.0007777235732646659,8.818980143172825e-06
23,132330,0.0007651642852579243,8.818807708714429e-06
23,132340,0.0007640832889592275,8.818635263354867e-06
23,132350,0.0007671204031794332,8.818462807094637e-06
23,132360,0.0007677640562178567,8.818290339934225e-06
23,132370,0.0007672435385757126,8.818117861874124e-06
23,132380,0.0007705877083935774,8.81794537291483e-06
23,132390,0.000765951666107867,8.817772873056834e-06
23,132400,0.0007722929512965494,8.817600362300625e-06
23,132410,0.0007653749824385158,8.8174278406467e-06
23,132420,0.0007753006459097378,8.81725530809555e-06
23,132430,0.000773776657297276,8.817082764647668e-06
23,132440,0.0007772321434458717,8.816910210303547e-06
23,132450,0.0007731891368166544,8.816737645063676e-06
23,132460,0.000776789711380843,8.81656506892855e-06
23,132470,0.0007690710481256247,8.816392481898667e-06
23,132480,0.0007683600779273547,8.81621988397451e-06
23,132490,0.0007651581967365928,8.816047275156576e-06
23,132500,0.0007713535262155346,8.815874655445355e-06
23,132510,0.0007759235173580236,8.815702024841342e-06
23,132520,0.0007659570663236081,8.815529383345035e-06
23,132530,0.0007689600184676238,8.815356730956921e-06
23,132540,0.0007781718057231046,8.815184067677491e-06
23,132550,0.0007658225309569388,8.815011393507241e-06
23,132560,0.0007798257734975777,8.814838708446666e-06
23,132570,0.0007772361597744747,8.814666012496258e-06
23,132580,0.0007744935588561929,8.814493305656505e-06
23,132590,0.0007692471728660167,8.814320587927904e-06
23,132600,0.0007828163681551813,8.814147859310948e-06
23,132610,0.0007639034301973879,8.813975119806133e-06
23,132620,0.000768398106447421,8.813802369413944e-06
23,132630,0.0007737460429780186,8.813629608134883e-06
23,132640,0.0007692016748478637,8.813456835969437e-06
23,132650,0.0007686038879910484,8.8132840529181e-06
23,132660,0.0007697819513850845,8.813111258981366e-06
23,132670,0.000769731828768272,8.812938454159733e-06
23,132680,0.0007677610308746808,8.81276563845369e-06
23,132690,0.0007754934558761306,8.812592811863727e-06
23,132700,0.0007692308266996405,8.812419974390342e-06
23,132710,0.0007745294686174021,8.81224712603403e-06
23,132720,0.0007670936029171571,8.812074266795279e-06
23,132730,0.0007713646846241318,8.811901396674585e-06
23,132740,0.0007727402975433506,8.811728515672441e-06
23,132750,0.0007757617859169841,8.81155562378934e-06
23,132760,0.0007679858186747878,8.81138272102578e-06
23,132770,0.0007745567214442418,8.81120980738225e-06
23,132780,0.0007700080779613927,8.811036882859245e-06
23,132790,0.000772036584385205,8.81086394745726e-06
23,132800,0.0007668587626540102,8.810691001176783e-06
23,132810,0.0007671965257031843,8.810518044018314e-06
23,132820,0.0007606024897540921,8.810345075982344e-06
23,132830,0.0007688399622566065,8.810172097069368e-06
23,132840,0.0007753050944302232,8.809999107279873e-06
23,132850,0.0007740983186522499,8.809826106614364e-06
23,132860,0.0007717191896517761,8.809653095073327e-06
23,132870,0.0007679187066969462,8.809480072657263e-06
23,132880,0.0007625274753081614,8.809307039366659e-06
23,132890,0.0007762831592117436,8.809133995202009e-06
23,132900,0.0007739990644040518,8.80896094016381e-06
23,132910,0.0007660032613785007,8.80878787425256e-06
23,132920,0.0007683994408580475,8.80861479746874e-06
23,132930,0.0007744260990875774,8.808441709812855e-06
23,132940,0.0007629885789356195,8.808268611285402e-06
23,132950,0.0007641769596375525,8.808095501886868e-06
23,132960,0.000769223112729378,8.807922381617744e-06
23,132970,0.0007674407897866331,8.807749250478535e-06
23,132980,0.0007769205127260649,8.807576108469726e-06
23,132990,0.0007707555938395673,8.807402955591814e-06
23,133000,0.0007711909856880084,8.807229791845295e-06
23,133010,0.0007668445963645354,8.807056617230663e-06
23,133020,0.00077509139518952,8.80688343174841e-06
23,133030,0.0007719293804257177,8.80671023539903e-06
23,133040,0.0007799560888088308,8.806537028183023e-06
23,133050,0.0007646501180715859,8.806363810100877e-06
23,133060,0.0007648295722901821,8.806190581153091e-06
23,133070,0.0007680827286094428,8.806017341340153e-06
23,133080,0.0007755445956718176,8.805844090662568e-06
23,133090,0.000772434551618062,8.805670829120825e-06
23,133100,0.0007714374965871683,8.805497556715416e-06
23,133110,0.0007739635067991913,8.805324273446837e-06
23,133120,0.0007652100335690192,8.805150979315585e-06
23,133130,0.0007684037933358922,8.80497767432215e-06
23,133140,0.0007816791126970202,8.80480435846703e-06
23,133150,0.0007621603654115461,8.804631031750722e-06
23,133160,0.0007702959206653759,8.804457694173718e-06
23,133170,0.0007710976336966269,8.804284345736512e-06
23,133180,0.0007722991605987772,8.804110986439603e-06
23,133190,0.0007675128421396948,8.803937616283483e-06
23,133200,0.0007711022466537542,8.803764235268646e-06
23,133210,0.0007753638361464255,8.803590843395587e-06
23,133220,0.0007730725381406955,8.8034174406648e-06
23,133230,0.0007697379405726679,8.803244027076785e-06
23,133240,0.0007739595530438237,8.80307060263203e-06
23,133250,0.0007627650353242643,8.802897167331034e-06
23,133260,0.0007700660149566828,8.802723721174294e-06
23,133270,0.0007640587398782372,8.802550264162304e-06
23,133280,0.000782801365130581,8.802376796295555e-06
23,133290,0.0007666191173484549,8.802203317574551e-06
23,133300,0.0007705759519012645,8.80202982799978e-06
23,133310,0.0007677171815885231,8.80185632757174e-06
23,133320,0.0007706447519012728,8.80168281629092e-06
23,133330,0.0007689393940381705,8.801509294157826e-06
23,133340,0.000770186830777675,8.801335761172942e-06
23,133350,0.0007633119545062072,8.801162217336773e-06
23,133360,0.0007716269901720807,8.80098866264981e-06
23,133370,0.0007712229868047871,8.800815097112546e-06
23,133380,0.0007770991505822167,8.800641520725485e-06
23,133390,0.0007641716249054298,8.800467933489115e-06
23,133400,0.0007731652847724035,8.800294335403934e-06
23,133410,0.0007790703821228817,8.800120726470432e-06
23,133420,0.0007698568180785515,8.799947106689113e-06
23,133430,0.0007847950328141451,8.799773476060468e-06
23,133440,0.0007757939180009999,8.799599834584994e-06
23,133450,0.0007811075745848938,8.799426182263184e-06
23,133460,0.0007738988337223418,8.799252519095542e-06
23,133470,0.0007793780678184703,8.799078845082556e-06
23,133480,0.0007757162602501921,8.798905160224725e-06
23,133490,0.000762256421148777,8.798731464522539e-06
23,133500,0.0007747057868982665,8.798557757976501e-06
23,133510,0.0007682368450332433,8.798384040587108e-06
23,133520,0.0007702976756263525,8.798210312354848e-06
23,133530,0.0007698769302805885,8.79803657328022e-06
23,133540,0.0007653542037587614,8.797862823363723e-06
23,133550,0.0007679645728785545,8.797689062605852e-06
23,133560,0.000773403410858009,8.797515291007101e-06
23,133570,0.0007600503580761143,8.797341508567967e-06
23,133580,0.0007745152499410324,8.797167715288943e-06
23,133590,0.0007762313485727646,8.79699391117053e-06
23,133600,0.0007687500270549208,8.796820096213222e-06
23,133610,0.0007778038940159604,8.796646270417517e-06
23,133620,0.0007678569891140796,8.79647243378391e-06
23,133630,0.0007770212148898281,8.796298586312895e-06
23,133640,0.0007703132359893061,8.796124728004972e-06
23,133650,0.0007747287672827952,8.795950858860638e-06
23,133660,0.0007696364205912687,8.795776978880384e-06
23,133670,0.0007723995353444479,8.79560308806471e-06
23,133680,0.0007717686079558917,8.79542918641411e-06
23,133690,0.0007925504134618678,8.795255273929083e-06
23,133700,0.00076673312287312,8.795081350610125e-06
23,133710,0.000779013373539783,8.794907416457732e-06
23,133720,0.0007760168169625104,8.794733471472399e-06
23,133730,0.0007744305796222762,8.794559515654625e-06
23,133740,0.0007689357531489804,8.794385549004907e-06
23,133750,0.0007765406378894114,8.794211571523736e-06
23,133760,0.0007789354771375656,8.794037583211616e-06
23,133770,0.000775134121067822,8.79386358406904e-06
23,133780,0.0007699308494920843,8.793689574096509e-06
23,133790,0.0007706736883847043,8.793515553294509e-06
23,133800,0.0007726875133812427,8.793341521663546e-06
23,133810,0.0007718341672443784,8.793167479204115e-06
23,133820,0.0007745662893285043,8.792993425916715e-06
23,133830,0.0007718122316873632,8.792819361801836e-06
23,133840,0.0007780731888487935,8.79264528685998e-06
23,133850,0.0007722765527432785,8.792471201091646e-06
23,133860,0.0007659751805476845,8.792297104497327e-06
23,133870,0.000772028334904462,8.792122997077516e-06
23,133880,0.0007707577911787667,8.791948878832715e-06
23,133890,0.0007671744533581659,8.791774749763429e-06
23,133900,0.0007802366686519235,8.791600609870145e-06
23,133910,0.0007753159356070683,8.791426459153362e-06
23,133920,0.0007694662199355662,8.791252297613575e-06
23,133930,0.0007738915548543445,8.791078125251283e-06
23,133940,0.0007681585630052723,8.790903942066985e-06
23,133950,0.0007601635923492722,8.790729748061176e-06
23,133960,0.0007727659161901102,8.790555543234354e-06
23,133970,0.0007628896055393852,8.79038132758702e-06
23,133980,0.0007668243546504527,8.790207101119667e-06
23,133990,0.0007715079467743636,8.79003286383279e-06
23,134000,0.0007702044415054843,8.789858615726888e-06
23,134010,0.0007675823871977627,8.78968435680246e-06
23,134020,0.0007732392085017636,8.789510087060003e-06
23,134030,0.0007741741952486336,8.789335806500018e-06
23,134040,0.0007699274370679631,8.789161515122996e-06
23,134050,0.0007669835948036052,8.788987212929439e-06
23,134060,0.0007705375755904242,8.788812899919847e-06
23,134070,0.0007723579125013202,8.788638576094707e-06
23,134080,0.0007704340605414473,8.788464241454526e-06
23,134090,0.0007741915003862232,8.7882898959998e-06
23,134100,0.0007761973582091741,8.788115539731028e-06
23,134110,0.0007743203284917399,8.787941172648704e-06
23,134120,0.0007735432547633537,8.787766794753328e-06
23,134130,0.000768112791411113,8.787592406045394e-06
23,134140,0.0007704660791205243,8.787418006525405e-06
23,134150,0.0007745348775642924,8.787243596193854e-06
23,134160,0.0007716773878200911,8.787069175051244e-06
23,134170,0.0007642224139999599,8.786894743098068e-06
23,134180,0.0007702803428401239,8.786720300334828e-06
23,134190,0.0007773295714287087,8.786545846762021e-06
23,134200,0.0007735079678241163,8.786371382380146e-06
23,134210,0.0007759530359180643,8.7861969071897e-06
23,134220,0.0007867353619076312,8.786022421191179e-06
23,134230,0.0007763484449242241,8.785847924385082e-06
23,134240,0.0007730610333965159,8.78567341677191e-06
23,134250,0.0007629296334926039,8.785498898352157e-06
23,134260,0.0007690591693972238,8.785324369126322e-06
23,134270,0.000767047650879249,8.785149829094906e-06
23,134280,0.0007600938071846031,8.784975278258405e-06
23,134290,0.000775433336093556,8.784800716617317e-06
23,134300,0.0007678615787881426,8.784626144172136e-06
23,134310,0.0007664103904971853,8.784451560923371e-06
23,134320,0.0007740643486613408,8.784276966871513e-06
23,134330,0.0007724936047452502,8.784102362017064e-06
23,134340,0.0007715707266470418,8.78392774636052e-06
23,134350,0.000767424629884772,8.78375311990238e-06
23,134360,0.000765962568402756,8.783578482643143e-06
23,134370,0.0007764127250993625,8.783403834583306e-06
23,134380,0.0007733241698588244,8.783229175723368e-06
23,134390,0.0007743437396129593,8.783054506063832e-06
23,134400,0.0007708015269599855,8.78287982560519e-06
23,134410,0.0007770922995405272,8.782705134347945e-06
23,134420,0.0007733158403425477,8.782530432292599e-06
23,134430,0.0007724808339844457,8.782355719439637e-06
23,134440,0.0007738428306765855,8.782180995789572e-06
23,134450,0.000765476081869565,8.782006261342895e-06
23,134460,0.0007675690998439678,8.781831516100106e-06
23,134470,0.0007662255782634019,8.781656760061705e-06
23,134480,0.0007689301666687243,8.78148199322819e-06
23,134490,0.0007638967013917863,8.781307215600062e-06
23,134500,0.0007701707261730916,8.781132427177823e-06
23,134510,0.0007739773544017225,8.780957627961962e-06
23,134520,0.0007832131552277133,8.780782817952985e-06
23,134530,0.0007863486142014154,8.78060799715139e-06
23,134540,0.0007646530168130993,8.780433165557672e-06
23,134550,0.0007712117803748697,8.780258323172337e-06
23,134560,0.0007750219097943045,8.780083469995881e-06
23,134570,0.0007746931805741042,8.779908606028805e-06
23,134580,0.0007771897115162573,8.779733731271604e-06
23,134590,0.0007810951661667786,8.779558845724778e-06
23,134600,0.0007831786744645797,8.779383949388827e-06
23,134610,0.0007689443387789652,8.77920904226425e-06
23,134620,0.0007748391493805684,8.77903412435155e-06
23,134630,0.0007825336753739976,8.77885919565122e-06
23,134640,0.0007739262262475676,8.778684256163764e-06
23,134650,0.0007669851489481516,8.778509305889678e-06
23,134660,0.0007699826208408922,8.778334344829464e-06
23,134670,0.000767315860139206,8.778159372983624e-06
23,134680,0.00076556631247513,8.777984390352656e-06
23,134690,0.0007717443353612907,8.777809396937058e-06
23,134700,0.0007744128059130162,8.777634392737326e-06
23,134710,0.0007763514935504645,8.777459377753962e-06
23,134720,0.0007663697950192727,8.77728435198747e-06
23,134730,0.0007635532281710766,8.777109315438345e-06
23,134740,0.0007639802119228988,8.776934268107089e-06
23,134750,0.0007780247193295509,8.776759209994204e-06
23,134760,0.0007713453131145797,8.776584141100183e-06
23,134770,0.000769969772954937,8.77640906142553e-06
23,134780,0.0007789501614752226,8.776233970970741e-06
23,134790,0.0007773230739985594,8.776058869736323e-06
23,134800,0.0007747984549496322,8.77588375772277e-06
23,134810,0.0007755394035484642,8.775708634930585e-06
23,134820,0.0007759368789265864,8.775533501360261e-06
23,134830,0.0007730312237981707,8.775358357012304e-06
23,134840,0.0007682249255594797,8.775183201887217e-06
23,134850,0.0007748728763544932,8.775008035985495e-06
23,134860,0.0007854465322452598,8.77483285930764e-06
23,134870,0.0007709954792517238,8.774657671854152e-06
23,134880,0.0007620504780788906,8.774482473625533e-06
23,134890,0.0007648196100490169,8.774307264622275e-06
23,134900,0.0007718067543464712,8.774132044844886e-06
23,134910,0.0007639409392140805,8.773956814293857e-06
23,134920,0.0007648926577530802,8.7737815729697e-06
23,134930,0.0007788996343151667,8.773606320872911e-06
23,134940,0.0007601423392770811,8.773431058003989e-06
23,134950,0.0007732750396826305,8.773255784363436e-06
23,134960,0.0007625595564604736,8.77308049995175e-06
23,134970,0.0007722280017333106,8.772905204769431e-06
23,134980,0.0007671312749153003,8.77272989881698e-06
23,134990,0.0007744600632577203,8.772554582094903e-06
23,135000,0.0007738005006103776,8.772379254603694e-06
23,135010,0.0007699681038502604,8.772203916343855e-06
23,135020,0.000775518358568661,8.772028567315887e-06
23,135030,0.0007697075256146491,8.771853207520285e-06
23,135040,0.0007747625248157419,8.771677836957563e-06
23,135050,0.0007762431618175469,8.771502455628214e-06
23,135060,0.0007683034869842231,8.771327063532737e-06
23,135070,0.000772210827562958,8.771151660671632e-06
23,135080,0.0007637509217602201,8.770976247045403e-06
23,135090,0.000770853363792412,8.770800822654549e-06
23,135100,0.0007713303086347878,8.77062538749957e-06
23,135110,0.0007626822480233385,8.770449941580968e-06
23,135120,0.0007749051874270663,8.770274484899246e-06
23,135130,0.0007712865975918248,8.770099017454898e-06
23,135140,0.0007731589139439165,8.76992353924843e-06
23,135150,0.0007798393664415926,8.769748050280345e-06
23,135160,0.00077284036524361,8.76957255055114e-06
23,135170,0.0007638885013875552,8.769397040061319e-06
23,135180,0.0007754712030873633,8.769221518811378e-06
23,135190,0.0007752290883217938,8.769045986801827e-06
23,135200,0.0007710470745223574,8.768870444033158e-06
23,135210,0.0007682034629397094,8.768694890505876e-06
23,135220,0.0007713744053035044,8.768519326220482e-06
23,135230,0.0007722800321062096,8.768343751177476e-06
23,135240,0.0007666250297916122,8.768168165377363e-06
23,135250,0.0007666166449780575,8.767992568820642e-06
23,135260,0.0007782635104376823,8.767816961507812e-06
23,135270,0.0007749531010631471,8.767641343439376e-06
23,135280,0.0007650212821317837,8.767465714615834e-06
23,135290,0.0007725460032816044,8.767290075037691e-06
23,135300,0.0007763033907394856,8.767114424705443e-06
23,135310,0.0007714121136814355,8.766938763619599e-06
23,135320,0.0007710903882980347,8.76676309178065e-06
23,135330,0.0007783845867379569,8.766587409189107e-06
23,135340,0.0007741692228592002,8.766411715845467e-06
23,135350,0.0007699749956373125,8.76623601175023e-06
23,135360,0.0007849844841985032,8.766060296903899e-06
23,135370,0.0007835663287551142,8.765884571306979e-06
23,135380,0.0007729589560767636,8.76570883495997e-06
23,135390,0.0007702122791670262,8.76553308786337e-06
23,135400,0.0007737237290712074,8.765357330017685e-06
23,135410,0.0007753677331493237,8.765181561423416e-06
23,135420,0.0007707720971666276,8.765005782081062e-06
23,135430,0.0007707631870289334,8.764829991991129e-06
23,135440,0.0007565587933640927,8.764654191154115e-06
23,135450,0.0007769369622110389,8.764478379570524e-06
23,135460,0.0007644467637874185,8.764302557240855e-06
23,135470,0.0007671645696973429,8.764126724165615e-06
23,validation,0.0007664060103707016,8.764126724165615e-06
24,135480,0.0007738005515420809,8.763950880345302e-06
24,135490,0.0007792229182086884,8.763775025780416e-06
24,135500,0.0007669439306482673,8.763599160471467e-06
24,135510,0.0007607906882185489,8.76342328441895e-06
24,135520,0.000769490358652547,8.76324739762337e-06
24,135530,0.0007644957498996518,8.763071500085226e-06
24,135540,0.0007680860144319013,8.762895591805022e-06
24,135550,0.0007788207978592254,8.762719672783264e-06
24,135560,0.0007741280671325513,8.762543743020444e-06
24,135570,0.0007820890605216846,8.762367802517076e-06
24,135580,0.0007793577111442574,8.762191851273653e-06
24,135590,0.0007688993486226536,8.762015889290682e-06
24,135600,0.0007717240296187811,8.761839916568668e-06
24,135610,0.0007747561670839786,8.761663933108108e-06
24,135620,0.0007698376895859838,8.761487938909507e-06
24,135630,0.0007791733267367817,8.761311933973365e-06
24,135640,0.000775638673803769,8.761135918300188e-06
24,135650,0.0007658693415578455,8.760959891890478e-06
24,135660,0.0007758145555271767,8.760783854744736e-06
24,135670,0.0007682865631068126,8.760607806863463e-06
24,135680,0.0007696955843130126,8.76043174824716e-06
24,135690,0.0007673935615457594,8.760255678896336e-06
24,135700,0.0007775642705382779,8.760079598811489e-06
24,135710,0.0007758711362839676,8.759903507993121e-06
24,135720,0.0007699895824771374,8.75972740644174e-06
24,135730,0.0007795572688337416,8.759551294157845e-06
24,135740,0.0007798696577083319,8.759375171141937e-06
24,135750,0.0007742328336462379,8.759199037394522e-06
24,135760,0.000777311620186083,8.759022892916099e-06
24,135770,0.000772227844572626,8.758846737707175e-06
24,135780,0.0007811485353158786,8.758670571768252e-06
24,135790,0.0007662773175979964,8.758494395099832e-06
24,135800,0.0007684084383072331,8.758318207702421e-06
24,135810,0.0007823051448212937,8.758142009576517e-06
24,135820,0.0007734349186648614,8.757965800722626e-06
24,135830,0.0007692204802879132,8.757789581141247e-06
24,135840,0.0007658911985345186,8.757613350832891e-06
24,135850,0.0007660978677449747,8.757437109798053e-06
24,135860,0.0007662549585802481,8.757260858037237e-06
24,135870,0.0007631488522747531,8.757084595550951e-06
24,135880,0.00076958657882642,8.756908322339695e-06
24,135890,0.0007645384132047184,8.756732038403972e-06
24,135900,0.0007675134969758802,8.756555743744286e-06
24,135910,0.0007777123333653435,8.75637943836114e-06
24,135920,0.0007701084221480414,8.75620312225504e-06
24,135930,0.000765423069242388,8.756026795426482e-06
24,135940,0.000773126342392061,8.755850457875979e-06
24,135950,0.0007765632341033778,8.755674109604026e-06
24,135960,0.0007759806409012526,8.755497750611127e-06
24,135970,0.0007822844956535846,8.755321380897794e-06
24,135980,0.0007903423305833712,8.755145000464521e-06
24,135990,0.0007611944471136667,8.754968609311818e-06
24,136000,0.0007705098527367227,8.754792207440183e-06
24,136010,0.0007714442792348564,8.754615794850122e-06
24,136020,0.0007739917084109039,8.754439371542146e-06
24,136030,0.0007713709594099783,8.754262937516748e-06
24,136040,0.0007747530500637368,8.754086492774434e-06
24,136050,0.0007856188938603736,8.753910037315706e-06
24,136060,0.0007720557856373489,8.753733571141076e-06
24,136070,0.0007769612566335127,8.753557094251041e-06
24,136080,0.0007768906842102296,8.753380606646103e-06
24,136090,0.0007666745150345378,8.75320410832677e-06
24,136100,0.0007631434753420762,8.753027599293543e-06
24,136110,0.0007836206292267889,8.752851079546929e-06
24,136120,0.0007746760820737109,8.752674549087432e-06
24,136130,0.0007787932278006338,8.752498007915553e-06
24,136140,0.0007656584901269525,8.7523214560318e-06
24,136150,0.0007809865594026633,8.752144893436674e-06
24,136160,0.0007885930812335574,8.751968320130677e-06
24,136170,0.0007692890052567237,8.751791736114312e-06
24,136180,0.0007757339582894928,8.751615141388092e-06
24,136190,0.0007714340157690458,8.751438535952516e-06
24,136200,0.0007726814044872298,8.751261919808084e-06
24,136210,0.0007704571427893824,8.751085292955307e-06
24,136220,0.0007690261874813587,8.750908655394682e-06
24,136230,0.0007657882553758099,8.750732007126722e-06
24,136240,0.0007734216225799174,8.750555348151923e-06
24,136250,0.0007653871856746264,8.750378678470792e-06
24,136260,0.0007711880185524932,8.750201998083837e-06
24,136270,0.0007704268544330261,8.75002530699156e-06
24,136280,0.0007698137458646671,8.749848605194461e-06
24,136290,0.0007702250557485967,8.749671892693052e-06
24,136300,0.0007704299801844171,8.749495169487833e-06
24,136310,0.0007714987150393426,8.749318435579307e-06
24,136320,0.0007633014305611141,8.749141690967983e-06
24,136330,0.0007746320712612941,8.748964935654363e-06
24,136340,0.0007669195532798768,8.748788169638948e-06
24,136350,0.0007674891705391928,8.74861139292225e-06
24,136360,0.0007667011057492345,8.748434605504774e-06
24,136370,0.0007743220921838656,8.74825780738702e-06
24,136380,0.000768965802853927,8.74808099856949e-06
24,136390,0.0007748159507173114,8.747904179052698e-06
24,136400,0.000766182816005312,8.74772734883714e-06
24,136410,0.0007769402393023484,8.74755050792332e-06
24,136420,0.0007759335785522127,8.747373656311748e-06
24,136430,0.0007776205224217848,8.747196794002927e-06
24,136440,0.0007712401376920752,8.747019920997362e-06
24,136450,0.0007688365672947839,8.746843037295559e-06
24,136460,0.0007640226031071506,8.74666614289802e-06
24,136470,0.000771793285093736,8.746489237805254e-06
24,136480,0.000769854153622873,8.746312322017761e-06
24,136490,0.0007808300433680415,8.746135395536051e-06
24,136500,0.0007794938122970052,8.745958458360626e-06
24,136510,0.0007676397610339335,8.745781510491995e-06
24,136520,0.0007698957342654467,8.745604551930662e-06
24,136530,0.0007690714686759748,8.745427582677127e-06
24,136540,0.0007699014808167704,8.745250602731898e-06
24,136550,0.0007626349819474853,8.745073612095483e-06
24,136560,0.0007635233647306449,8.744896610768384e-06
24,136570,0.0007722668655333109,8.744719598751107e-06
24,136580,0.0007694992207689211,8.74454257604416e-06
24,136590,0.0007740518718492239,8.74436554264804e-06
24,136600,0.0007704000192461536,8.744188498563263e-06
24,136610,0.0007780558938975446,8.744011443790327e-06
24,136620,0.0007724386930931359,8.743834378329747e-06
24,136630,0.0007680519789573738,8.743657302182016e-06
24,136640,0.0007769116244162432,8.743480215347646e-06
24,136650,0.0007661769894184544,8.743303117827136e-06
24,136660,0.0007737473308225162,8.743126009621004e-06
24,136670,0.0007701364433160051,8.742948890729746e-06
24,136680,0.0007720337613136509,8.742771761153872e-06
24,136690,0.0007733487043878994,8.742594620893884e-06
24,136700,0.0007702434799284674,8.742417469950286e-06
24,136710,0.0007724207767751068,8.742240308323591e-06
24,136720,0.0007696470318478532,8.7420631360143e-06
24,136730,0.0007772392433253117,8.741885953022924e-06
24,136740,0.0007706835865974427,8.741708759349962e-06
24,136750,0.000760155169700738,8.741531554995922e-06
24,136760,0.00077163507376099,8.741354339961312e-06
24,136770,0.000768806853739079,8.741177114246634e-06
24,136780,0.0007746691029751674,8.740999877852396e-06
24,136790,0.0007712335995165632,8.740822630779103e-06
24,136800,0.0007652045213035307,8.740645373027263e-06
24,136810,0.000765123951714486,8.74046810459738e-06
24,136820,0.0007777687453199178,8.740290825489958e-06
24,136830,0.0007687661433010361,8.740113535705512e-06
24,136840,0.0007742330155451782,8.739936235244539e-06
24,136850,0.000771137053379789,8.739758924107545e-06
24,136860,0.0007831977287423796,8.73958160229504e-06
24,136870,0.0007708248638664372,8.739404269807533e-06
24,136880,0.000765869757742621,8.739226926645525e-06
24,136890,0.000764625906595029,8.739049572809525e-06
24,136900,0.0007740812361589633,8.738872208300037e-06
24,136910,0.0007711641577770934,8.738694833117568e-06
24,136920,0.0007672005551285111,8.738517447262628e-06
24,136930,0.0007672877458389849,8.73834005073572e-06
24,136940,0.0007701667142100632,8.73816264353735e-06
24,136950,0.0007636920068762265,8.737985225668025e-06
24,136960,0.0007719116489170119,8.737807797128253e-06
24,136970,0.000762721242790576,8.73763035791854e-06
24,136980,0.0007714627907262183,8.737452908039385e-06
24,136990,0.000777188569190912,8.737275447491303e-06
24,137000,0.0007671308994758874,8.737097976274803e-06
24,137010,0.0007864519604481756,8.736920494390386e-06
24,137020,0.0007654523200471884,8.73674300183856e-06
24,137030,0.0007701674359850586,8.736565498619829e-06
24,137040,0.0007683263174840249,8.736387984734707e-06
24,137050,0.0007858751821913757,8.736210460183693e-06
24,137060,0.0007740248256595805,8.736032924967297e-06
24,137070,0.0007708100645686499,8.735855379086025e-06
24,137080,0.0007719785819062964,8.735677822540385e-06
24,137090,0.0007637888003955595,8.735500255330882e-06
24,137100,0.0007692683269851841,8.735322677458023e-06
24,137110,0.0007600904704304413,8.735145088922315e-06
24,137120,0.0007720129142398946,8.734967489724265e-06
24,137130,0.0007732497542747296,8.734789879864383e-06
24,137140,0.00077981023787288,8.734612259343174e-06
24,137150,0.0007760650827549399,8.734434628161148e-06
24,137160,0.0007747055875370278,8.734256986318803e-06
24,137170,0.0007685685835895128,8.734079333816654e-06
24,137180,0.0007704893767368049,8.733901670655211e-06
24,137190,0.0007733952981652692,8.733723996834973e-06
24,137200,0.0007759729967801831,8.733546312356455e-06
24,137210,0.0007734749538940379,8.733368617220157e-06
24,137220,0.0007799759696354158,8.733190911426593e-06
24,137230,0.0007744539660052397,8.73301319497626e-06
24,137240,0.0007755855855066329,8.732835467869675e-06
24,137250,0.0007724712762865239,8.73265773010734e-06
24,137260,0.0007697326160268858,8.732479981689765e-06
24,137270,0.000773627009766642,8.732302222617458e-06
24,137280,0.0007672728577745147,8.732124452890922e-06
24,137290,0.0007786407979438082,8.73194667251067e-06
24,137300,0.0007774000958306714,8.731768881477207e-06
24,137310,0.0007626926395460032,8.731591079791039e-06
24,137320,0.0007862860773457214,8.731413267452675e-06
24,137330,0.0007730057011940516,8.731235444462625e-06
24,137340,0.0007729500575806014,8.731057610821395e-06
24,137350,0.0007761604836559855,8.730879766529493e-06
24,137360,0.0007725083240075038,8.730701911587424e-06
24,137370,0.0007658344256924465,8.730524045995696e-06
24,137380,0.0007746546252747066,8.730346169754823e-06
24,137390,0.00076972011156613,8.730168282865302e-06
24,137400,0.0007666626246646046,8.729990385327648e-06
24,137410,0.0007719298489973881,8.729812477142372e-06
24,137420,0.0007652835600310936,8.729634558309971e-06
24,137430,0.0007613188048708252,8.729456628830963e-06
24,137440,0.0007665285855182446,8.729278688705851e-06
24,137450,0.0007711006634053773,8.729100737935145e-06
24,137460,0.0007669644575798884,8.72892277651935e-06
24,137470,0.0007689637015573681,8.72874480445898e-06
24,137480,0.0007730114681180567,8.728566821754537e-06
24,137490,0.0007749059892375954,8.72838882840653e-06
24,137500,0.0007727527670795098,8.728210824415473e-06
24,137510,0.0007709167490247638,8.728032809781867e-06
24,137520,0.0007726449824986049,8.727854784506221e-06
24,137530,0.0007772466924507171,8.727676748589044e-06
24,137540,0.0007699719673837536,8.727498702030846e-06
24,137550,0.0007755671016639098,8.727320644832136e-06
24,137560,0.000776371495157946,8.72714257699342e-06
24,137570,0.0007663184209377506,8.726964498515208e-06
24,137580,0.0007743312235106714,8.726786409398004e-06
24,137590,0.0007634550594957545,8.72660830964232e-06
24,137600,0.0007654428685782477,8.726430199248667e-06
24,137610,0.0007760212523862719,8.726252078217548e-06
24,137620,0.0007651072184671648,8.726073946549475e-06
24,137630,0.0007854618714191019,8.72589580424496e-06
24,137640,0.0007721212445176207,8.725717651304502e-06
24,137650,0.0007671577448491008,8.725539487728616e-06
24,137660,0.0007638435650733299,8.725361313517808e-06
24,137670,0.0007751914527034387,8.725183128672588e-06
24,137680,0.0007739372973446733,8.725004933193463e-06
24,137690,0.0007675853121327236,8.724826727080947e-06
24,137700,0.0007717388027231209,8.724648510335539e-06
24,137710,0.0007644751109182834,8.724470282957758e-06
24,137720,0.0007659013062948361,8.724292044948107e-06
24,137730,0.0007748996693408116,8.724113796307094e-06
24,137740,0.0007736026236671022,8.723935537035232e-06
24,137750,0.0007775785590638407,8.723757267133028e-06
24,137760,0.0007637607835931703,8.723578986600987e-06
24,137770,0.0007577542113722303,8.723400695439622e-06
24,137780,0.0007558287819847463,8.723222393649445e-06
24,137790,0.0007727918142336422,8.723044081230962e-06
24,137800,0.0007652317217434756,8.722865758184683e-06
24,137810,0.000777085316076409,8.722687424511112e-06
24,137820,0.0007726655283477158,8.722509080210764e-06
24,137830,0.0007661547017050907,8.722330725284141e-06
24,137840,0.0007730396842816844,8.72215235973176e-06
24,137850,0.0007767138275085017,8.721973983554125e-06
24,137860,0.0007632573062437587,8.72179559675175e-06
24,137870,0.0007752846693620085,8.72161719932514e-06
24,137880,0.0007794130549882538,8.721438791274804e-06
24,137890,0.0007646116224350407,8.721260372601257e-06
24,137900,0.0007691567516303621,8.721081943305001e-06
24,137910,0.0007630028514540755,8.720903503386546e-06
24,137920,0.0007638556024176069,8.720725052846407e-06
24,137930,0.0007762957131490112,8.720546591685094e-06
24,137940,0.0007771003045490942,8.72036811990311e-06
24,137950,0.0007766653681755998,8.720189637500967e-06
24,137960,0.0007760117470752448,8.720011144479177e-06
24,137970,0.0007688539815717376,8.719832640838243e-06
24,137980,0.0007625108264619485,8.719654126578677e-06
24,137990,0.0007788503877236508,8.719475601700998e-06
24,138000,0.000776345792110078,8.719297066205704e-06
24,138010,0.0007750272692646831,8.719118520093307e-06
24,138020,0.0007695933236391284,8.718939963364317e-06
24,138030,0.000766549285617657,8.718761396019253e-06
24,138040,0.0007765627742628567,8.718582818058616e-06
24,138050,0.0007742327245068737,8.718404229482913e-06
24,138060,0.0007734409795375542,8.718225630292655e-06
24,138070,0.00077634116896661,8.718047020488355e-06
24,138080,0.0007659330862225034,8.717868400070521e-06
24,138090,0.000769989428226836,8.717689769039667e-06
24,138100,0.0007593260306748562,8.7175111273963e-06
24,138110,0.0007751894183456898,8.717332475140932e-06
24,138120,0.0007764181893435307,8.717153812274064e-06
24,138130,0.0007671938874409534,8.716975138796218e-06
24,138140,0.0007695953871007077,8.716796454707898e-06
24,138150,0.0007770965516101568,8.716617760009616e-06
24,138160,0.0007719240427832119,8.716439054701879e-06
24,138170,0.0007704061456024646,8.7162603387852e-06
24,138180,0.0007848296852898785,8.71608161226009e-06
24,138190,0.0007731018631602637,8.715902875127054e-06
24,138200,0.0007701462192926556,8.715724127386612e-06
24,138210,0.0007849293644540012,8.715545369039268e-06
24,138220,0.0007663503929506987,8.715366600085528e-06
24,138230,0.0007738212734693661,8.715187820525907e-06
24,138240,0.0007745626964606345,8.715009030360915e-06
24,138250,0.0007693472842220217,8.714830229591064e-06
24,138260,0.0007798513121088036,8.71465141821686e-06
24,138270,0.000769611811847426,8.714472596238815e-06
24,138280,0.0007684121446800418,8.714293763657446e-06
24,138290,0.000766795915842522,8.714114920473257e-06
24,138300,0.0007775396821671166,8.713936066686758e-06
24,138310,0.0007682547307922505,8.713757202298461e-06
24,138320,0.0007636857189936564,8.713578327308878e-06
24,138330,0.0007709390483796597,8.713399441718516e-06
24,138340,0.0007705240466748364,8.713220545527888e-06
24,138350,0.0007680886832531542,8.713041638737505e-06
24,138360,0.0007637328075361438,8.712862721347876e-06
24,138370,0.0007702950490056536,8.71268379335952e-06
24,138380,0.0007795313198585063,8.712504854772939e-06
24,138390,0.0007780889660352841,8.712325905588641e-06
24,138400,0.0007683523188461549,8.712146945807147e-06
24,138410,0.0007643393066246063,8.711967975428958e-06
24,138420,0.0007703001028858125,8.711788994454589e-06
24,138430,0.0007678475842112676,8.711610002884554e-06
24,138440,0.0007668109872611239,8.711431000719359e-06
24,138450,0.0007758808889775537,8.711251987959518e-06
24,138460,0.0007703666371526196,8.711072964605542e-06
24,138470,0.0007688841942581348,8.710893930657943e-06
24,138480,0.0007727745934971609,8.710714886117227e-06
24,138490,0.000773586482682731,8.710535830983909e-06
24,138500,0.0007721286121523008,8.710356765258498e-06
24,138510,0.0007725627277977764,8.71017768894151e-06
24,138520,0.0007679989037569612,8.709998602033456e-06
24,138530,0.0007705191615968943,8.709819504534842e-06
24,138540,0.0007727158037596383,8.709640396446183e-06
24,138550,0.0007719353176071308,8.709461277767984e-06
24,138560,0.0007781819687807002,8.709282148500763e-06
24,138570,0.0007710398771450856,8.70910300864503e-06
24,138580,0.0007762512439512647,8.708923858201292e-06
24,138590,0.0007664391392609104,8.708744697170063e-06
24,138600,0.0007691961378441192,8.708565525551856e-06
24,138610,0.0007732023092103191,8.708386343347183e-06
24,138620,0.0007628457649843767,8.708207150556557e-06
24,138630,0.0007742755318759009,8.708027947180484e-06
24,138640,0.0007701245835050939,8.707848733219483e-06
24,138650,0.0007678097565076313,8.707669508674057e-06
24,138660,0.0007685667515033855,8.70749027354472e-06
24,138670,0.0007606705679791048,8.70731102783199e-06
24,138680,0.000762292450235691,8.707131771536374e-06
24,138690,0.000768892327323556,8.706952504658383e-06
24,138700,0.0007741195251583122,8.706773227198525e-06
24,138710,0.0007752700505079702,8.706593939157321e-06
24,138720,0.0007728430005954578,8.706414640535275e-06
24,138730,0.0007734441751381382,8.706235331332904e-06
24,138740,0.0007764615511405282,8.70605601155072e-06
24,138750,0.0007726914409431629,8.705876681189226e-06
24,138760,0.000771150337823201,8.705697340248944e-06
24,138770,0.0007708906719926744,8.705517988730385e-06
24,138780,0.0007775485224556177,8.705338626634055e-06
24,138790,0.0007717218075413258,8.705159253960471e-06
24,138800,0.0007705444368184544,8.704979870710144e-06
24,138810,0.0007626967097166925,8.704800476883583e-06
24,138820,0.0007823069012374617,8.704621072481306e-06
24,138830,0.0007792445976519957,8.704441657503821e-06
24,138840,0.0007798778329743073,8.704262231951638e-06
24,138850,0.0007761972665321082,8.704082795825275e-06
24,138860,0.000780679497984238,8.70390334912524e-06
24,138870,0.0007720540161244571,8.703723891852048e-06
24,138880,0.0007734308368526399,8.703544424006212e-06
24,138890,0.0007649246690561995,8.703364945588238e-06
24,138900,0.0007754046862828546,8.703185456598644e-06
24,138910,0.0007657364476472139,8.703005957037941e-06
24,138920,0.000777032200130634,8.70282644690664e-06
24,138930,0.0007784223489579745,8.702646926205254e-06
24,138940,0.0007738854255876504,8.702467394934299e-06
24,138950,0.0007720323541434483,8.70228785309428e-06
24,138960,0.000768504900042899,8.702108300685718e-06
24,138970,0.0007748153555439786,8.701928737709122e-06
24,138980,0.0007740194865618833,8.701749164165003e-06
24,138990,0.000764014529704582,8.701569580053876e-06
24,139000,0.0007679814327275381,8.701389985376254e-06
24,139010,0.0007762472800095566,8.701210380132645e-06
24,139020,0.0007756834223982878,8.701030764323567e-06
24,139030,0.0007795953657478094,8.70085113794953e-06
24,139040,0.0007678214693441987,8.700671501011047e-06
24,139050,0.0007624997262610123,8.700491853508632e-06
24,139060,0.000766361493151635,8.7003121954428e-06
24,139070,0.0007689341015066019,8.70013252681406e-06
24,139080,0.0007714549428783357,8.699952847622924e-06
24,139090,0.0007634060719283297,8.699773157869905e-06
24,139100,0.0007776847618515603,8.699593457555519e-06
24,139110,0.0007731584992143326,8.69941374668028e-06
24,139120,0.0007646126541658305,8.699234025244695e-06
24,139130,0.0007669332102523185,8.699054293249281e-06
24,139140,0.0007719208690105007,8.698874550694552e-06
24,139150,0.0007764531546854414,8.69869479758102e-06
24,139160,0.0007723292263108305,8.698515033909198e-06
24,139170,0.0007682280265726149,8.698335259679599e-06
24,139180,0.0007723838250967674,8.698155474892738e-06
24,139190,0.00077652421023231,8.697975679549123e-06
24,139200,0.0007701919064857065,8.697795873649272e-06
24,139210,0.0007651641717529856,8.697616057193694e-06
24,139220,0.0007667244033655151,8.697436230182905e-06
24,139230,0.0007612238463480024,8.697256392617425e-06
24,139240,0.000767993634508457,8.697076544497759e-06
24,139250,0.0007746531307930127,8.696896685824423e-06
24,139260,0.0007749355208943599,8.696716816597925e-06
24,139270,0.0007651051011634991,8.696536936818786e-06
24,139280,0.0007716508800513111,8.696357046487515e-06
24,139290,0.0007777083344990388,8.69617714560463e-06
24,139300,0.0007699576090089977,8.695997234170638e-06
24,139310,0.0007668933758395724,8.695817312186058e-06
24,139320,0.0007802470674505458,8.695637379651405e-06
24,139330,0.0007705724012339488,8.695457436567187e-06
24,139340,0.0007785414898535236,8.69527748293392e-06
24,139350,0.0007749427502858452,8.69509751875212e-06
24,139360,0.0007684036099817604,8.694917544022298e-06
24,139370,0.0007722606358584017,8.694737558744968e-06
24,139380,0.0007745542097836733,8.694557562920643e-06
24,139390,0.0007710381454671734,8.694377556549842e-06
24,139400,0.0007741873152554036,8.694197539633073e-06
24,139410,0.0007701246548094786,8.69401751217085e-06
24,139420,0.000762907687749248,8.69383747416369e-06
24,139430,0.0007726020223344677,8.693657425612104e-06
24,139440,0.0007742018860881217,8.69347736651661e-06
24,139450,0.000769408539053984,8.693297296877718e-06
24,139460,0.0007674966269405558,8.693117216695944e-06
24,139470,0.0007641022049938329,8.6929371259718e-06
24,139480,0.0007667910555028356,8.692757024705806e-06
24,139490,0.0007730723620625213,8.692576912898468e-06
24,139500,0.0007644217126653529,8.692396790550302e-06
24,139510,0.0007791537340381183,8.69221665766183e-06
24,139520,0.0007770443626213819,8.692036514233558e-06
24,139530,0.0007674761698581278,8.691856360266005e-06
24,139540,0.0007666096338653005,8.691676195759683e-06
24,139550,0.0007654518805793487,8.6914960207151e-06
24,139560,0.0007683169038500637,8.69131583513278e-06
24,139570,0.0007814883967512288,8.691135639013236e-06
24,139580,0.0007661603784072214,8.69095543235698e-06
24,139590,0.0007685404125368223,8.690775215164525e-06
24,139600,0.0007706321033765562,8.690594987436385e-06
24,139610,0.0007688873825827613,8.690414749173078e-06
24,139620,0.0007700685018789954,8.690234500375123e-06
24,139630,0.0007741621986497193,8.690054241043026e-06
24,139640,0.0007823932784958743,8.689873971177305e-06
24,139650,0.0007724172959569842,8.68969369077847e-06
24,139660,0.000777256561559625,8.689513399847038e-06
24,139670,0.0007705808879109099,8.689333098383526e-06
24,139680,0.0007690473634283989,8.689152786388446e-06
24,139690,0.0007783131906762719,8.688972463862316e-06
24,139700,0.0007775956823024899,8.68879213080565e-06
24,139710,0.0007767979404889047,8.688611787218964e-06
24,139720,0.0007732286569080316,8.68843143310277e-06
24,139730,0.0007727678836090489,8.688251068457583e-06
24,139740,0.0007793883429258132,8.688070693283923e-06
24,139750,0.0007714400184340776,8.6878903075823e-06
24,139760,0.0007689151228987613,8.687709911353224e-06
24,139770,0.0007656568341189995,8.687529504597214e-06
24,139780,0.0007673069834709168,8.68734908731479e-06
24,139790,0.0007690032784012147,8.687168659506464e-06
24,139800,0.0007610643573570996,8.68698822117275e-06
24,139810,0.0007665601282496937,8.686807772314164e-06
24,139820,0.0007694701358559542,8.686627312931221e-06
24,139830,0.0007756024584523402,8.686446843024435e-06
24,139840,0.0007790338306222111,8.686266362594324e-06
24,139850,0.0007710241145105102,8.6860858716414e-06
24,139860,0.0007716727093793451,8.685905370166176e-06
24,139870,0.0007723084592726082,8.685724858169172e-06
24,139880,0.0007799234939739109,8.685544335650904e-06
24,139890,0.0007661439056391827,8.685363802611882e-06
24,139900,0.0007761488479445689,8.685183259052628e-06
24,139910,0.000773905347159598,8.685002704973651e-06
24,139920,0.0007749872995191254,8.684822140375472e-06
24,139930,0.0007639455041498877,8.6846415652586e-06
24,139940,0.0007687519551836885,8.684460979623555e-06
24,139950,0.0007743783935438842,8.684280383470854e-06
24,139960,0.0007709824029006996,8.684099776801012e-06
24,139970,0.000779388620867394,8.68391915961454e-06
24,139980,0.0007658187809283845,8.683738531911956e-06
24,139990,0.0007798470454872586,8.683557893693777e-06
24,140000,0.0007808078240486793,8.683377244960518e-06
24,140010,0.0007756501800031401,8.683196585712694e-06
24,140020,0.0007753095575026237,8.68301591595082e-06
24,140030,0.0007678541209315882,8.682835235675411e-06
24,140040,0.0007741787951090372,8.68265454488699e-06
24,140050,0.0007727067844825797,8.682473843586063e-06
24,140060,0.0007737373933196068,8.682293131773152e-06
24,140070,0.0007642259137355723,8.682112409448773e-06
24,140080,0.0007724010298261419,8.68193167661344e-06
24,140090,0.0007701258567976765,8.681750933267671e-06
24,140100,0.0007773662990075536,8.681570179411973e-06
24,140110,0.0007738560685538688,8.681389415046872e-06
24,140120,0.0007748864038148895,8.681208640172885e-06
24,140130,0.0007692956351093017,8.681027854790518e-06
24,140140,0.0007759648113278672,8.680847058900296e-06
24,140150,0.0007680122987949289,8.680666252502734e-06
24,140160,0.0007732112208032049,8.680485435598343e-06
24,140170,0.0007662709045689553,8.680304608187642e-06
24,140180,0.0007747905881842599,8.680123770271145e-06
24,140190,0.0007692839164519683,8.679942921849375e-06
24,140200,0.0007728569849859922,8.679762062922844e-06
24,140210,0.0007628308114362881,8.679581193492065e-06
24,140220,0.0007594920607516541,8.679400313557557e-06
24,140230,0.0007657880953047425,8.679219423119839e-06
24,140240,0.0007649092338397167,8.679038522179429e-06
24,140250,0.0007681407194468192,8.678857610736838e-06
24,140260,0.0007853279385017231,8.678676688792583e-06
24,140270,0.0007761203931295313,8.67849575634718e-06
24,140280,0.0007723531787632965,8.67831481340115e-06
24,140290,0.0007824446205631831,8.678133859955005e-06
24,140300,0.0007691742575843818,8.677952896009264e-06
24,140310,0.0007712366816122085,8.677771921564443e-06
24,140320,0.0007811991337803193,8.677590936621058e-06
24,140330,0.0007673660613363609,8.677409941179625e-06
24,140340,0.0007722127062152139,8.677228935240662e-06
24,140350,0.0007625105325132608,8.677047918804685e-06
24,140360,0.0007734186554444022,8.676866891872212e-06
24,140370,0.0007631017797393724,8.676685854443759e-06
24,140380,0.0007798750797519461,8.676504806519839e-06
24,140390,0.000761693701497279,8.676323748100974e-06
24,140400,0.0007583153725136071,8.67614267918768e-06
24,140410,0.0007795233628712595,8.675961599780472e-06
24,140420,0.0007687961144256406,8.67578050987987e-06
24,140430,0.0007600522381835617,8.675599409486385e-06
24,140440,0.0007766273425659165,8.675418298600541e-06
24,140450,0.0007672264226130209,8.675237177222856e-06
24,140460,0.0007684347918257117,8.675056045353838e-06
24,140470,0.0007687007397180422,8.67487490299401e-06
24,140480,0.000768981328292284,8.674693750143889e-06
24,140490,0.0007791095631546341,8.674512586803991e-06
24,140500,0.0007672386622289195,8.674331412974833e-06
24,140510,0.0007708394303335808,8.674150228656933e-06
24,140520,0.0007724299546680413,8.673969033850808e-06
24,140530,0.0007748233023448847,8.673787828556974e-06
24,140540,0.0007714884850429371,8.67360661277595e-06
24,140550,0.000760522262135055,8.673425386508255e-06
24,140560,0.0007746600938844494,8.6732441497544e-06
24,140570,0.0007725881951046176,8.673062902514909e-06
24,140580,0.0007878762538894079,8.672881644790293e-06
24,140590,0.0007764252426568419,8.672700376581074e-06
24,140600,0.0007738630272797308,8.672519097887772e-06
24,140610,0.0007712513892329299,8.6723378087109e-06
24,140620,0.0007750987875624559,8.672156509050975e-06
24,140630,0.0007653219683561475,8.671975198908516e-06
24,140640,0.0007675347398617305,8.671793878284041e-06
24,140650,0.0007703951836447231,8.671612547178071e-06
24,140660,0.0007724743103608488,8.671431205591118e-06
24,140670,0.000773600465618074,8.6712498535237e-06
24,140680,0.000765732114086859,8.671068490976339e-06
24,140690,0.0007663023643544875,8.670887117949546e-06
24,140700,0.0007760216089081951,8.670705734443844e-06
24,140710,0.0007691939172218554,8.670524340459753e-06
24,140720,0.0007668077712878584,8.670342935997786e-06
24,140730,0.00077010339446133,8.670161521058464e-06
24,140740,0.0007667689584195615,8.669980095642299e-06
24,140750,0.0007672072970308363,8.669798659749811e-06
24,140760,0.0007705386815359816,8.669617213381525e-06
24,140770,0.0007734584854915738,8.669435756537954e-06
24,140780,0.0007759921179967932,8.66925428921961e-06
24,140790,0.0007789540308294819,8.66907281142702e-06
24,140800,0.0007512039665016346,8.668891323160696e-06
24,140810,0.0007768665804178455,8.668709824421162e-06
24,140820,0.0007577759999549017,8.668528315208934e-06
24,140830,0.000762737299373839,8.668346795524525e-06
24,140840,0.0007596190873300657,8.668165265368464e-06
24,140850,0.0007764076042803936,8.667983724741255e-06
24,140860,0.0007714484367170371,8.667802173643427e-06
24,140870,0.0007812325638951734,8.667620612075497e-06
24,140880,0.0007775247082463465,8.66743904003798e-06
24,140890,0.0007729334305622616,8.667257457531397e-06
24,140900,0.0007744357018964364,8.667075864556262e-06
24,140910,0.0007798614853527397,8.666894261113097e-06
24,140920,0.0007704572388320231,8.666712647202422e-06
24,140930,0.0007721701855189167,8.666531022824752e-06
24,140940,0.0007677688568946905,8.666349387980607e-06
24,140950,0.0007641441756277345,8.6661677426705e-06
24,140960,0.0007676519730011932,8.665986086894963e-06
24,140970,0.0007694322717725298,8.6658044206545e-06
24,140980,0.0007761627814034,8.665622743949636e-06
24,140990,0.0007706033953581936,8.665441056780893e-06
24,141000,0.0007699310925090685,8.66525935914878e-06
24,141010,0.0007668497957638464,8.66507765105383e-06
24,141020,0.0007690395301324317,8.66489593249655e-06
24,141030,0.0007694069034187123,8.66471420347746e-06
24,141040,0.0007671896251849831,8.66453246399708e-06
24,141050,0.0007602687241160312,8.66435071405593e-06
24,141060,0.0007750617849524132,8.66416895365453e-06
24,141070,0.000775837902619969,8.663987182793394e-06
24,141080,0.0007748086616629734,8.663805401473048e-06
24,141090,0.0007693052102695219,8.663623609694005e-06
24,141100,0.0007772163400659338,8.663441807456784e-06
24,141110,0.0007704915449721738,8.663259994761909e-06
24,141120,0.0007677961635636165,8.663078171609897e-06
24,141130,0.0007635701302206144,8.662896338001266e-06
24,141140,0.0007684376963879913,8.662714493936532e-06
24,141150,0.0007673346801311709,8.662532639416217e-06
24,141160,0.0007773767603794113,8.662350774440845e-06
24,141170,0.0007631619140738621,8.662168899010928e-06
24,141180,0.0007691410195548087,8.661987013126992e-06
24,141190,0.0007636641443241388,8.66180511678955e-06
24,141200,0.0007670181876164861,8.661623209999124e-06
24,141210,0.0007687296427320689,8.661441292756229e-06
24,141220,0.0007664614138775505,8.661259365061387e-06
24,141230,0.0007758123625535517,8.66107742691512e-06
24,141240,0.0007694305182667448,8.660895478317947e-06
24,141250,0.0007750697404844686,8.660713519270383e-06
24,141260,0.000773836909502279,8.660531549772953e-06
24,141270,0.0007740818764432333,8.66034956982617e-06
24,141280,0.0007752220873953774,8.660167579430565e-06
24,141290,0.000774107885081321,8.659985578586645e-06
24,141300,0.0007787813461618498,8.659803567294932e-06
24,141310,0.000770731370721478,8.65962154555595e-06
24,141320,0.0007742657384369522,8.659439513370214e-06
24,141330,0.0007734340164461172,8.659257470738246e-06
24,141340,0.0007769576244754717,8.65907541766057e-06
24,141350,0.0007747170922812074,8.6588933541377e-06
24,141360,0.0007755731770885178,8.658711280170158e-06
24,validation,0.000762006820878014,8.658711280170158e-06
25,141370,0.0007638039722223766,8.65852919575846e-06
25,141380,0.0007783980836393312,8.658347100903128e-06
25,141390,0.0007719085668213666,8.658164995604682e-06
25,141400,0.0007791319658281282,8.657982879863643e-06
25,141410,0.0007843926709028893,8.657800753680532e-06
25,141420,0.0007798829727107659,8.657618617055864e-06
25,141430,0.0007813026866642758,8.657436469990164e-06
25,141440,0.0007673721265746281,8.657254312483948e-06
25,141450,0.0007682754978304729,8.657072144537742e-06
25,141460,0.0007736942352494225,8.656889966152065e-06
25,141470,0.0007762960362015293,8.656707777327428e-06
25,141480,0.0007676531589822845,8.656525578064358e-06
25,141490,0.0007614283429575153,8.656343368363373e-06
25,141500,0.0007716672189417295,8.656161148224994e-06
25,141510,0.0007696514279814438,8.655978917649745e-06
25,141520,0.0007660491624847055,8.655796676638145e-06
25,141530,0.0007690892540267669,8.655614425190711e-06
25,141540,0.0007645859368494712,8.65543216330796e-06
25,141550,0.0007618725969223306,8.655249890990415e-06
25,141560,0.000773542045499198,8.655067608238599e-06
25,141570,0.0007665288605494425,8.654885315053032e-06
25,141580,0.0007700100773945452,8.654703011434233e-06
25,141590,0.0007721679270616733,8.654520697382727e-06
25,141600,0.0007755294849630445,8.654338372899027e-06
25,141610,0.0007706372125539929,8.654156037983655e-06
25,141620,0.0007768497191136703,8.653973692637133e-06
25,141630,0.0007773912919219583,8.653791336859982e-06
25,141640,0.0007741722161881625,8.65360897065272e-06
25,141650,0.0007819485908839852,8.653426594015875e-06
25,141660,0.0007728025142569096,8.653244206949962e-06
25,141670,0.0007713370505371131,8.6530618094555e-06
25,141680,0.0007648102779057808,8.652879401533011e-06
25,141690,0.0007630631764186547,8.652696983183017e-06
25,141700,0.0007742278685327619,8.65251455440604e-06
25,141710,0.0007669260885450058,8.652332115202597e-06
25,141720,0.0007712075428571552,8.652149665573213e-06
25,141730,0.0007675363434827886,8.651967205518405e-06
25,141740,0.0007740131812170147,8.651784735038693e-06
25,141750,0.0007696823406149634,8.651602254134605e-06
25,141760,0.0007782080181641504,8.651419762806654e-06
25,141770,0.0007730301760602742,8.651237261055365e-06
25,141780,0.0007744325455860234,8.651054748881256e-06
25,141790,0.0007788945746142416,8.650872226284854e-06
25,141800,0.0007721258400124498,8.650689693266677e-06
25,141810,0.0007689193051191978,8.650507149827244e-06
25,141820,0.0007707225944614038,8.650324595967077e-06
25,141830,0.0007670864986721426,8.650142031686696e-06
25,141840,0.0007587885847897269,8.649959456986626e-06
25,141850,0.0007790571486111731,8.649776871867387e-06
25,141860,0.0007744731788989156,8.649594276329498e-06
25,141870,0.0007712609163718298,8.64941167037348e-06
25,141880,0.0007672995750908739,8.649229053999852e-06
25,141890,0.0007657748443307354,8.649046427209141e-06
25,141900,0.0007680797367356718,8.648863790001865e-06
25,141910,0.0007695060194237157,8.648681142378548e-06
25,141920,0.0007701908602030016,8.64849848433971e-06
25,141930,0.0007729403572739102,8.648315815885873e-06
25,141940,0.0007595912378747017,8.648133137017557e-06
25,141950,0.0007658431117306463,8.647950447735284e-06
25,141960,0.0007687967736274003,8.647767748039575e-06
25,141970,0.0007746682764263824,8.647585037930954e-06
25,141980,0.0007616080751176923,8.647402317409942e-06
25,141990,0.0007729363584076054,8.647219586477055e-06
25,142000,0.0007752713630907238,8.647036845132822e-06
25,142010,0.0007698531306232325,8.64685409337776e-06
25,142020,0.0007551328933914192,8.646671331212394e-06
25,142030,0.0007630706342752092,8.646488558637241e-06
25,142040,0.0007683481657295489,8.646305775652828e-06
25,142050,0.0007783239911077544,8.646122982259676e-06
25,142060,0.0007641948774107732,8.645940178458304e-06
25,142070,0.0007751025259494781,8.645757364249235e-06
25,142080,0.0007673877305933275,8.645574539632991e-06
25,142090,0.0007678754758671856,8.645391704610097e-06
25,142100,0.0007740667104371823,8.645208859181067e-06
25,142110,0.0007763382891425863,8.645026003346428e-06
25,142120,0.00077077502355678,8.6448431371067e-06
25,142130,0.0007726594238192774,8.644660260462415e-06
25,142140,0.0007681130024138838,8.644477373414082e-06
25,142150,0.000766258173098322,8.64429447596223e-06
25,142160,0.0007689727848628536,8.644111568107377e-06
25,142170,0.0007700435366132296,8.643928649850047e-06
25,142180,0.0007790387331624516,8.643745721190763e-06
25,142190,0.0007697434033616447,8.643562782130046e-06
25,142200,0.0007592962254420855,8.643379832668419e-06
25,142210,0.0007670258288271725,8.643196872806408e-06
25,142220,0.0007689678954193369,8.643013902544531e-06
25,142230,0.0007741998182609677,8.642830921883306e-06
25,142240,0.0007710320947808214,8.642647930823258e-06
25,142250,0.0007797706872224808,8.642464929364916e-06
25,142260,0.0007706620905082672,8.642281917508794e-06
25,142270,0.0007781898268149235,8.64209889525542e-06
25,142280,0.0007725738396402448,8.641915862605315e-06
25,142290,0.0007795211757184006,8.641732819558998e-06
25,142300,0.0007645202873391101,8.641549766117e-06
25,142310,0.0007723611357505433,8.641366702279836e-06
25,142320,0.0007717658736510202,8.641183628048028e-06
25,142330,0.0007725348332314751,8.641000543422106e-06
25,142340,0.0007715735322562979,8.640817448402583e-06
25,142350,0.0007652182830497622,8.640634342989986e-06
25,142360,0.0007716906344285235,8.64045122718484e-06
25,142370,0.0007729655393632129,8.640268100987668e-06
25,142380,0.00077090456179576,8.640084964398991e-06
25,142390,0.0007717860775301233,8.63990181741933e-06
25,142400,0.0007709383266046643,8.639718660049213e-06
25,142410,0.0007647616468602791,8.639535492289155e-06
25,142420,0.0007718327338807284,8.639352314139683e-06
25,142430,0.0007675994202145375,8.639169125601322e-06
25,142440,0.0007718697699601762,8.63898592667459e-06
25,142450,0.0007691465594689362,8.638802717360013e-06
25,142460,0.0007651600637473165,8.638619497658112e-06
25,142470,0.0007669204613193869,8.638436267569414e-06
25,142480,0.0007722687063505873,8.638253027094442e-06
25,142490,0.0007636567344889045,8.638069776233715e-06
25,142500,0.0007759490559692494,8.637886514987757e-06
25,142510,0.0007682789771934039,8.63770324335709e-06
25,142520,0.0007644067765795625,8.637519961342243e-06
25,142530,0.0007705947558861226,8.637336668943734e-06
25,142540,0.0007757197643513791,8.637153366162088e-06
25,142550,0.0007638947921805084,8.63697005299783e-06
25,142560,0.0007726509429630823,8.63678672945148e-06
25,142570,0.0007773902136250398,8.63660339552356e-06
25,142580,0.0007711424506851472,8.6364200512146e-06
25,142590,0.0007763230474665761,8.636236696525119e-06
25,142600,0.0007721884205238893,8.63605333145564e-06
25,142610,0.0007740345972706564,8.635869956006692e-06
25,142620,0.0007749802243779413,8.635686570178791e-06
25,142630,0.0007654314002138563,8.635503173972458e-06
25,142640,0.0007762378547340631,8.635319767388227e-06
25,142650,0.0007776262282277459,8.635136350426615e-06
25,142660,0.0007787849637679756,8.634952923088147e-06
25,142670,0.0007721964939264581,8.634769485373344e-06
25,142680,0.0007816214390913955,8.634586037282733e-06
25,142690,0.0007713981467531994,8.634402578816836e-06
25,142700,0.0007670673658140004,8.634219109976178e-06
25,142710,0.0007733677062788046,8.634035630761283e-06
25,142720,0.0007712589285802096,8.633852141172671e-06
25,142730,0.0007752844656351953,8.633668641210874e-06
25,142740,0.000774031008768361,8.633485130876404e-06
25,142750,0.000769772651256062,8.633301610169798e-06
25,142760,0.0007631732776644639,8.633118079091572e-06
25,142770,0.000775129921385087,8.632934537642249e-06
25,142780,0.0007699366222368553,8.632750985822355e-06
25,142790,0.0007617344497703016,8.632567423632415e-06
25,142800,0.0007679792295675724,8.632383851072951e-06
25,142810,0.00077478626917582,8.632200268144488e-06
25,142820,0.0007689925376325845,8.632016674847553e-06
25,142830,0.0007736785963061266,8.631833071182665e-06
25,142840,0.0007707141441642307,8.63164945715035e-06
25,142850,0.0007737672378425487,8.631465832751136e-06
25,142860,0.0007726878888206557,8.631282197985538e-06
25,142870,0.0007674496024264953,8.631098552854087e-06
25,142880,0.0007658813032321632,8.630914897357306e-06
25,142890,0.0007628873689100147,8.630731231495719e-06
25,142900,0.0007727309086476453,8.630547555269853e-06
25,142910,0.0007758552092127502,8.63036386868023e-06
25,142920,0.0007700313901295886,8.630180171727374e-06
25,142930,0.0007725450617726892,8.62999646441181e-06
25,142940,0.0007827697685570456,8.62981274673406e-06
25,142950,0.000775607326067984,8.629629018694651e-06
25,142960,0.0007765412447042763,8.629445280294111e-06
25,142970,0.0007750474615022541,8.629261531532955e-06
25,142980,0.0007743411406408995,8.629077772411713e-06
25,142990,0.0007722192749497481,8.628894002930913e-06
25,143000,0.0007666915669688023,8.628710223091078e-06
25,143010,0.000764952575264033,8.628526432892727e-06
25,143020,0.0007772360724629835,8.628342632336389e-06
25,143030,0.0007767919480102137,8.62815882142259e-06
25,143040,0.0007685168340685778,8.62797500015185e-06
25,143050,0.0007704629300860689,8.6277911685247e-06
25,143060,0.0007777352308039553,8.62760732654166e-06
25,143070,0.000772285032144282,8.627423474203255e-06
25,143080,0.0007747029361780733,8.627239611510011e-06
25,143090,0.0007682714393013157,8.627055738462454e-06
25,143100,0.0007714894105447458,8.626871855061108e-06
25,143110,0.0007709503610385583,8.626687961306499e-06
25,143120,0.0007735553357633763,8.62650405719915e-06
25,143130,0.0007661323164938949,8.626320142739585e-06
25,143140,0.0007743034177110531,8.62613621792833e-06
25,143150,0.0007668816309887917,8.62595228276591e-06
25,143160,0.0007642755444976501,8.625768337252853e-06
25,143170,0.0007671445200685412,8.625584381389678e-06
25,143180,0.0007697270586504601,8.625400415176915e-06
25,143190,0.0007676910419831984,8.62521643861509e-06
25,143200,0.000769823108566925,8.625032451704724e-06
25,143210,0.0007578167103929446,8.62484845444635e-06
25,143220,0.0007626373975654132,8.62466444684048e-06
25,143230,0.0007753573037916795,8.62448042888765e-06
25,143240,0.0007696585889789276,8.62429640058838e-06
25,143250,0.0007729355143965222,8.624112361943201e-06
25,143260,0.0007738606713246554,8.623928312952633e-06
25,143270,0.0007812975163687952,8.623744253617201e-06
25,143280,0.0007724106326350011,8.623560183937437e-06
25,143290,0.000761417557077948,8.623376103913857e-06
25,143300,0.0007594331342261285,8.623192013546997e-06
25,143310,0.0007619609765242785,8.623007912837376e-06
25,143320,0.0007702053640969098,8.622823801785519e-06
25,143330,0.000767985159473028,8.622639680391952e-06
25,143340,0.000775387667817995,8.6224555486572e-06
25,143350,0.000783372952719219,8.622271406581792e-06
25,143360,0.000776780339947436,8.622087254166255e-06
25,143370,0.0007639605973963626,8.621903091411114e-06
25,143380,0.0007689467252930625,8.62171891831689e-06
25,143390,0.0007704792864387855,8.62153473488411e-06
25,143400,0.0007697324064793066,8.6213505411133e-06
25,143410,0.0007630000283825211,8.62116633700499e-06
25,143420,0.0007664094286155887,8.620982122559703e-06
25,143430,0.0007649559396668337,8.62079789777796e-06
25,143440,0.000772593350848183,8.620613662660296e-06
25,143450,0.0007726850744802505,8.62042941720723e-06
25,143460,0.0007730224984697998,8.620245161419295e-06
25,143470,0.000771496893139556,8.620060895297008e-06
25,143480,0.0007722287220531144,8.619876618840899e-06
25,143490,0.0007672498017200269,8.619692332051496e-06
25,143500,0.0007664278047741391,8.619508034929317e-06
25,143510,0.0007779346211464145,8.619323727474897e-06
25,143520,0.0007746660194243304,8.619139409688761e-06
25,143530,0.0007754763268167153,8.618955081571433e-06
25,143540,0.000770610167819541,8.618770743123439e-06
25,143550,0.0007703995011979713,8.618586394345309e-06
25,143560,0.0007674285356188193,8.618402035237566e-06
25,143570,0.0007703670737100766,8.618217665800734e-06
25,143580,0.0007711446087341756,8.618033286035342e-06
25,143590,0.0007730417637503706,8.617848895941916e-06
25,143600,0.0007758931227726863,8.617664495520981e-06
25,143610,0.0007696271888562479,8.617480084773069e-06
25,143620,0.0007746551389573141,8.6172956636987e-06
25,143630,0.000780922468402423,8.617111232298404e-06
25,143640,0.0007752010758849793,8.616926790572707e-06
25,143650,0.0007646084544830956,8.616742338522135e-06
25,143660,0.0007734056009212509,8.616557876147215e-06
25,143670,0.0007648547572898679,8.616373403448471e-06
25,143680,0.0007738736632745712,8.616188920426432e-06
25,143690,0.0007710708479862661,8.616004427081628e-06
25,143700,0.0007711162994382902,8.615819923414579e-06
25,143710,0.000765216078434605,8.615635409425811e-06
25,143720,0.0007646977523108944,8.61545088511586e-06
25,143730,0.0007743195164948702,8.615266350485241e-06
25,143740,0.0007735030216281303,8.615081805534489e-06
25,143750,0.000772460266307462,8.614897250264129e-06
25,143760,0.000760506080405321,8.614712684674685e-06
25,143770,0.0007693876163102686,8.614528108766686e-06
25,143780,0.0007763270739815199,8.61434352254066e-06
25,143790,0.0007750232340185903,8.614158925997134e-06
25,143800,0.000773323982139118,8.613974319136634e-06
25,143810,0.0007664964214200153,8.613789701959689e-06
25,143820,0.0007774130092002452,8.613605074466817e-06
25,143830,0.0007742463669274003,8.613420436658553e-06
25,143840,0.0007663550262805073,8.613235788535425e-06
25,143850,0.0007749457436148076,8.61305113009796e-06
25,143860,0.0007725097515503877,8.612866461346683e-06
25,143870,0.0007667074198252522,8.612681782282123e-06
25,143880,0.0007830779810319654,8.612497092904804e-06
25,143890,0.0007739894994301722,8.612312393215257e-06
25,143900,0.0007658448012080044,8.612127683214004e-06
25,143910,0.0007787182054016738,8.611942962901579e-06
25,143920,0.0007703225943259894,8.611758232278504e-06
25,143930,0.0007676611727220008,8.611573491345309e-06
25,143940,0.0007722608992480673,8.611388740102516e-06
25,143950,0.0007691083897952921,8.611203978550657e-06
25,143960,0.0007772256576572545,8.611019206690259e-06
25,143970,0.0007704215560806916,8.610834424521851e-06
25,143980,0.0007714231760473922,8.610649632045957e-06
25,143990,0.0007706097341724672,8.610464829263109e-06
25,144000,0.0007734407161478884,8.61028001617383e-06
25,144010,0.0007766363691189326,8.610095192778651e-06
25,144020,0.0007760864798910915,8.609910359078098e-06
25,144030,0.0007720255423919298,8.609725515072699e-06
25,144040,0.0007594370195874945,8.609540660762983e-06
25,144050,0.0007819241101969965,8.609355796149479e-06
25,144060,0.0007698565605096519,8.609170921232707e-06
25,144070,0.000773309289070312,8.6089860360132e-06
25,144080,0.0007699886875343508,8.608801140491489e-06
25,144090,0.0007685148681048304,8.608616234668096e-06
25,144100,0.0007680401235120372,8.608431318543547e-06
25,144110,0.0007705601849011146,8.608246392118381e-06
25,144120,0.0007641864969627932,8.608061455393117e-06
25,144130,0.0007735173683613539,8.607876508368282e-06
25,144140,0.0007652016662177631,8.60769155104441e-06
25,144150,0.0007656610934645868,8.607506583422023e-06
25,144160,0.0007707904631388374,8.607321605501652e-06
25,144170,0.0007733272344921716,8.607136617283822e-06
25,144180,0.0007718695298535749,8.606951618769069e-06
25,144190,0.0007726775394985453,8.606766609957913e-06
25,144200,0.0007661858500796371,8.606581590850886e-06
25,144210,0.0007869753360864706,8.606396561448513e-06
25,144220,0.0007649555351235903,8.606211521751327e-06
25,144230,0.0007678141570067965,8.606026471759855e-06
25,144240,0.0007732842801488005,8.605841411474622e-06
25,144250,0.0007709849218372255,8.605656340896158e-06
25,144260,0.000763065136561636,8.60547126002499e-06
25,144270,0.0007775357080390677,8.605286168861651e-06
25,144280,0.0007680486596655101,8.605101067406663e-06
25,144290,0.0007681275877985172,8.604915955660558e-06
25,144300,0.0007622173492563888,8.604730833623865e-06
25,144310,0.0007617417795700021,8.60454570129711e-06
25,144320,0.0007746213595964946,8.604360558680825e-06
25,144330,0.00076789836602984,8.604175405775534e-06
25,144340,0.0007636254245880991,8.603990242581768e-06
25,144350,0.0007636702343006618,8.60380506910006e-06
25,144360,0.0007726541327429004,8.603619885330926e-06
25,144370,0.0007695646971114911,8.603434691274907e-06
25,144380,0.0007748846561298706,8.60324948693253e-06
25,144390,0.0007609654712723568,8.603064272304318e-06
25,144400,0.0007791907613864169,8.602879047390803e-06
25,144410,0.0007771143820718863,8.602693812192518e-06
25,144420,0.000761365941434633,8.602508566709981e-06
25,144430,0.0007748012212687172,8.602323310943728e-06
25,144440,0.0007676882247324102,8.602138044894289e-06
25,144450,0.0007716713429545053,8.601952768562187e-06
25,144460,0.0007683524017920718,8.601767481947957e-06
25,144470,0.0007695420063100755,8.601582185052128e-06
25,144480,0.0007648480532225221,8.601396877875226e-06
25,144490,0.0007754479840514249,8.601211560417776e-06
25,144500,0.0007699980531469918,8.601026232680317e-06
25,144510,0.000778589944820851,8.600840894663368e-06
25,144520,0.00076487562910188,8.600655546367467e-06
25,144530,0.00078093492629705,8.600470187793133e-06
25,144540,0.0007617777970153839,8.6002848189409e-06
25,144550,0.0007680473121581598,8.600099439811304e-06
25,144560,0.0007594979484565555,8.599914050404863e-06
25,144570,0.0007750434597255662,8.599728650722113e-06
25,144580,0.0007673681684536858,8.599543240763583e-06
25,144590,0.0007802984167938122,8.5993578205298e-06
25,144600,0.000768380869703833,8.599172390021297e-06
25,144610,0.0007664719698368571,8.598986949238601e-06
25,144620,0.0007711168393143452,8.598801498182237e-06
25,144630,0.0007692950282944366,8.598616036852738e-06
25,144640,0.000774191004165914,8.598430565250635e-06
25,144650,0.0007702757982769981,8.598245083376455e-06
25,144660,0.00077357504342217,8.59805959123073e-06
25,144670,0.0007604089609230869,8.597874088813986e-06
25,144680,0.0007614134447067045,8.597688576126757e-06
25,144690,0.0007653176144231111,8.597503053169571e-06
25,144700,0.0007771675504045561,8.597317519942953e-06
25,144710,0.0007799561222782358,8.597131976447443e-06
25,144720,0.0007643604825716465,8.59694642268356e-06
25,144730,0.0007728774449788034,8.596760858651836e-06
25,144740,0.0007774351368425414,8.596575284352806e-06
25,144750,0.0007762081557302735,8.596389699786996e-06
25,144760,0.0007738042259006761,8.596204104954933e-06
25,144770,0.000774559202545788,8.59601849985715e-06
25,144780,0.0007718659151578322,8.595832884494178e-06
25,144790,0.0007794589531840757,8.595647258866545e-06
25,144800,0.0007697926339460537,8.59546162297478e-06
25,144810,0.000763302663108334,8.595275976819415e-06
25,144820,0.0007626600738149137,8.595090320400976e-06
25,144830,0.0007760342487017624,8.59490465372e-06
25,144840,0.0007685968375881203,8.594718976777012e-06
25,144850,0.0007749967335257679,8.594533289572547e-06
25,144860,0.0007738708256511017,8.594347592107127e-06
25,144870,0.0007727604475803673,8.594161884381288e-06
25,144880,0.0007758588733850047,8.593976166395557e-06
25,144890,0.0007823253123206086,8.593790438150465e-06
25,144900,0.0007700151269091292,8.593604699646542e-06
25,144910,0.0007730037817964331,8.59341895088432e-06
25,144920,0.0007663209296879358,8.593233191864328e-06
25,144930,0.0007712243852438406,8.593047422587098e-06
25,144940,0.0007698137036641128,8.592861643053162e-06
25,144950,0.0007673558604437858,8.592675853263044e-06
25,144960,0.0007673146261367946,8.592490053217278e-06
25,144970,0.0007696113883866928,8.592304242916393e-06
25,144980,0.0007817505131242796,8.592118422360919e-06
25,144990,0.0007724497627350502,8.59193259155139e-06
25,145000,0.0007675645028939471,8.591746750488335e-06
25,145010,0.0007726902040303685,8.591560899172282e-06
25,145020,0.0007677332338062115,8.591375037603762e-06
25,145030,0.0007742613801383412,8.59118916578331e-06
25,145040,0.0007735009814496151,8.591003283711454e-06
25,145050,0.000780717511952389,8.590817391388723e-06
25,145060,0.0007654925080714748,8.590631488815646e-06
25,145070,0.0007597063944558613,8.590445575992756e-06
25,145080,0.000765277042228263,8.590259652920588e-06
25,145090,0.0007799144324962981,8.590073719599665e-06
25,145100,0.0007695293257711455,8.589887776030522e-06
25,145110,0.0007756848572171293,8.589701822213692e-06
25,145120,0.0007686010168981739,8.589515858149701e-06
25,145130,0.0007752676494419575,8.58932988383908e-06
25,145140,0.00077076686284272,8.589143899282362e-06
25,145150,0.0007774167504976503,8.58895790448008e-06
25,145160,0.0007687973746214993,8.588771899432762e-06
25,145170,0.0007664205113542265,8.58858588414094e-06
25,145180,0.0007656423316802829,8.588399858605147e-06
25,145190,0.0007732082682196051,8.588213822825909e-06
25,145200,0.0007588220629259013,8.588027776803759e-06
25,145210,0.0007709458805038594,8.587841720539234e-06
25,145220,0.0007772853772621602,8.587655654032856e-06
25,145230,0.0007726338415523059,8.58746957728516e-06
25,145240,0.0007773848643410019,8.587283490296675e-06
25,145250,0.0007707263212068938,8.58709739306794e-06
25,145260,0.0007635163026861846,8.586911285599478e-06
25,145270,0.0007695478707319126,8.586725167891826e-06
25,145280,0.0007683804768021219,8.586539039945513e-06
25,145290,0.0007678486887016333,8.586352901761064e-06
25,145300,0.0007660265007871203,8.586166753339019e-06
25,145310,0.000767422336502932,8.585980594679908e-06
25,145320,0.0007726983632892371,8.585794425784256e-06
25,145330,0.0007688876590691508,8.585608246652603e-06
25,145340,0.0007742408895865082,8.585422057285471e-06
25,145350,0.0007670811319258064,8.585235857683403e-06
25,145360,0.0007696834858506919,8.585049647846923e-06
25,145370,0.0007723992690443992,8.584863427776562e-06
25,145380,0.0007726559590082616,8.584677197472851e-06
25,145390,0.0007662425196031108,8.58449095693633e-06
25,145400,0.0007780574014759623,8.584304706167522e-06
25,145410,0.0007775333026074805,8.584118445166963e-06
25,145420,0.0007614751608343794,8.583932173935185e-06
25,145430,0.0007692567727644928,8.583745892472721e-06
25,145440,0.0007637508984771557,8.583559600780093e-06
25,145450,0.000774876750074327,8.583373298857845e-06
25,145460,0.0007702123082708568,8.5831869867065e-06
25,145470,0.0007777445483952762,8.583000664326596e-06
25,145480,0.0007843750339816325,8.58281433171866e-06
25,145490,0.0007625394122442231,8.582627988883226e-06
25,145500,0.0007723267379333265,8.58244163582083e-06
25,145510,0.0007721005342318676,8.582255272531996e-06
25,145520,0.0007660320654395036,8.582068899017265e-06
25,145530,0.0007757542116451077,8.58188251527716e-06
25,145540,0.0007717127518844791,8.581696121312216e-06
25,145550,0.0007720710738794879,8.581509717122967e-06
25,145560,0.0007681165967369452,8.581323302709948e-06
25,145570,0.0007696999775362201,8.581136878073683e-06
25,145580,0.0007675899643800221,8.58095044321471e-06
25,145590,0.0007730428784270771,8.580763998133562e-06
25,145600,0.0007593946982524357,8.580577542830765e-06
25,145610,0.0007736701707472093,8.580391077306858e-06
25,145620,0.0007714062303421088,8.580204601562371e-06
25,145630,0.0007703496274189092,8.580018115597834e-06
25,145640,0.0007600816708873027,8.579831619413783e-06
25,145650,0.0007822978630429133,8.579645113010748e-06
25,145660,0.0007567561042378657,8.579458596389259e-06
25,145670,0.0007695072636124677,8.579272069549853e-06
25,145680,0.0007629759027622641,8.579085532493064e-06
25,145690,0.0007669649261515587,8.578898985219422e-06
25,145700,0.0007715419385931454,8.578712427729454e-06
25,145710,0.0007605459104524925,8.578525860023698e-06
25,145720,0.000778932002140209,8.578339282102689e-06
25,145730,0.0007583118465845473,8.578152693966956e-06
25,145740,0.0007765534115605987,8.577966095617033e-06
25,145750,0.0007661851050215773,8.577779487053449e-06
25,145760,0.0007779949679388664,8.577592868276744e-06
25,145770,0.000768818921642378,8.577406239287446e-06
25,145780,0.0007719849454588257,8.577219600086085e-06
25,145790,0.0007764078007312492,8.577032950673199e-06
25,145800,0.0007621648837812245,8.57684629104932e-06
25,145810,0.0007680345166590997,8.576659621214975e-06
25,145820,0.0007680769529542885,8.576472941170703e-06
25,145830,0.0007697811437537895,8.576286250917037e-06
25,145840,0.0007790179079165683,8.57609955045451e-06
25,145850,0.000775004326715134,8.575912839783653e-06
25,145860,0.0007681067669182084,8.575726118904995e-06
25,145870,0.0007683020681724884,8.575539387819074e-06
25,145880,0.0007737461477518081,8.575352646526423e-06
25,145890,0.0007836060627596452,8.575165895027572e-06
25,145900,0.0007708713106694631,8.574979133323058e-06
25,145910,0.000770585566351656,8.574792361413412e-06
25,145920,0.0007663724158192053,8.574605579299168e-06
25,145930,0.0007715209867455997,8.574418786980857e-06
25,145940,0.0007766334878397174,8.574231984459018e-06
25,145950,0.0007753161553409882,8.574045171734178e-06
25,145960,0.0007729708377155475,8.573858348806875e-06
25,145970,0.0007860119119868613,8.57367151567764e-06
25,145980,0.0007702750284806825,8.573484672347008e-06
25,145990,0.0007599363554618322,8.573297818815506e-06
25,146000,0.0007630284773767926,8.573110955083673e-06
25,146010,0.0007720427252934315,8.572924081152043e-06
25,146020,0.0007779431980452501,8.572737197021149e-06
25,146030,0.0007743476162431762,8.57255030269152e-06
25,146040,0.0007732544821919873,8.572363398163693e-06
25,146050,0.0007740972519968637,8.572176483438205e-06
25,146060,0.0007720674868323841,8.571989558515584e-06
25,146070,0.0007594460228574462,8.571802623396361e-06
25,146080,0.000768460740800947,8.571615678081076e-06
25,146090,0.0007710739519097842,8.571428722570262e-06
25,146100,0.0007702523027546704,8.571241756864451e-06
25,146110,0.0007747571988147683,8.571054780964178e-06
25,146120,0.0007787508890032768,8.570867794869976e-06
25,146130,0.0007721670495811849,8.57068079858238e-06
25,146140,0.0007728185024461709,8.570493792101922e-06
25,146150,0.0007701776732574217,8.570306775429139e-06
25,146160,0.0007728797689196653,8.570119748564559e-06
25,146170,0.0007722101348917932,8.569932711508717e-06
25,146180,0.0007721571193542331,8.569745664262153e-06
25,146190,0.00076901002030354,8.569558606825398e-06
25,146200,0.0007722391179413535,8.569371539198982e-06
25,146210,0.0007715558807831258,8.569184461383443e-06
25,146220,0.0007603974008816294,8.568997373379315e-06
25,146230,0.0007672979743801988,8.56881027518713e-06
25,146240,0.0007719885034020989,8.568623166807422e-06
25,146250,0.0007767186994897202,8.568436048240725e-06
25,146260,0.0007761545275570825,8.568248919487576e-06
25,146270,0.0007695142980082892,8.568061780548508e-06
25,146280,0.0007849436689866707,8.567874631424057e-06
25,146290,0.0007759886706480756,8.56768747211475e-06
25,146300,0.0007681237431825138,8.567500302621127e-06
25,146310,0.0007732742276857607,8.567313122943724e-06
25,146320,0.0007796557998517528,8.567125933083073e-06
25,146330,0.0007611610810272396,8.566938733039709e-06
25,146340,0.0007717916130786761,8.566751522814163e-06
25,146350,0.0007855901480070316,8.566564302406975e-06
25,146360,0.0007681595379835926,8.566377071818677e-06
25,146370,0.0007740620727417991,8.566189831049802e-06
25,146380,0.0007710537844104693,8.566002580100884e-06
25,146390,0.0007794335935614071,8.565815318972463e-06
25,146400,0.0007664923425181769,8.565628047665066e-06
25,146410,0.0007641972464625723,8.565440766179231e-06
25,146420,0.0007701309426920489,8.565253474515493e-06
25,146430,0.0007768625364406033,8.565066172674384e-06
25,146440,0.0007645350822713226,8.564878860656445e-06
25,146450,0.0007728223834419623,8.564691538462204e-06
25,146460,0.0007649482606211677,8.564504206092198e-06
25,146470,0.0007693424588069319,8.564316863546963e-06
25,146480,0.0007651088541024365,8.564129510827033e-06
25,146490,0.0007759146334137768,8.563942147932947e-06
25,146500,0.0007740477201878093,8.563754774865234e-06
25,146510,0.0007690603510127403,8.563567391624428e-06
25,146520,0.0007840123580535874,8.563379998211067e-06
25,146530,0.0007599394026328809,8.563192594625685e-06
25,146540,0.0007691955717746169,8.563005180868815e-06
25,146550,0.0007721594098256901,8.562817756941002e-06
25,146560,0.0007685706732445396,8.562630322842766e-06
25,146570,0.0007835730211809278,8.562442878574653e-06
25,146580,0.0007626727703609504,8.56225542413719e-06
25,146590,0.0007712508260738105,8.562067959530924e-06
25,146600,0.00077385710173985,8.561880484756378e-06
25,146610,0.0007719223183812574,8.561692999814092e-06
25,146620,0.0007745600727503188,8.561505504704603e-06
25,146630,0.0007800961946486496,8.561317999428446e-06
25,146640,0.0007699350535403937,8.56113048398615e-06
25,146650,0.0007696777931414545,8.560942958378257e-06
25,146660,0.0007612374902237207,8.560755422605301e-06
25,146670,0.0007719805202214048,8.560567876667817e-06
25,146680,0.0007642819429747761,8.56038032056634e-06
25,146690,0.0007831501949112861,8.560192754301403e-06
25,146700,0.0007713055834756233,8.560005177873542e-06
25,146710,0.0007771411299472674,8.559817591283296e-06
25,146720,0.0007724887793301605,8.559629994531197e-06
25,146730,0.0007699620182393119,8.559442387617784e-06
25,146740,0.0007688319907174446,8.559254770543592e-06
25,146750,0.000764079563668929,8.559067143309154e-06
25,146760,0.0007677135348785668,8.558879505915008e-06
25,146770,0.0007617505194502882,8.558691858361688e-06
25,146780,0.000772049478837289,8.55850420064973e-06
25,146790,0.0007714470499195159,8.558316532779673e-06
25,146800,0.0007673692438402214,8.558128854752048e-06
25,146810,0.0007681370654609054,8.557941166567391e-06
25,146820,0.0007772495300741866,8.557753468226243e-06
25,146830,0.0007639131203177386,8.557565759729131e-06
25,146840,0.0007737477353657596,8.557378041076594e-06
25,146850,0.0007644207144039683,8.557190312269171e-06
25,146860,0.0007731347432127222,8.557002573307398e-06
25,146870,0.000775599863845855,8.556814824191808e-06
25,146880,0.0007725842398940586,8.556627064922938e-06
25,146890,0.0007635072601260618,8.556439295501325e-06
25,146900,0.0007638588969712146,8.556251515927505e-06
25,146910,0.0007687926263315603,8.556063726202015e-06
25,146920,0.0007678299225517549,8.555875926325388e-06
25,146930,0.0007727881878963671,8.555688116298163e-06
25,146940,0.0007722199079580606,8.555500296120875e-06
25,146950,0.0007725154282525182,8.555312465794055e-06
25,146960,0.0007641720527317374,8.555124625318246e-06
25,146970,0.0007775672595016658,8.554936774693982e-06
25,146980,0.0007876858930103481,8.554748913921803e-06
25,146990,0.0007691749458899722,8.554561043002241e-06
25,147000,0.000774818885838613,8.55437316193583e-06
25,147010,0.000778889523644466,8.554185270723108e-06
25,147020,0.0007770163720124401,8.553997369364619e-06
25,147030,0.0007621639248100109,8.553809457860885e-06
25,147040,0.0007741406705463305,8.553621536212455e-06
25,147050,0.0007722137801465579,8.55343360441986e-06
25,147060,0.0007695329710259101,8.55324566248364e-06
25,147070,0.000772761866392102,8.553057710404327e-06
25,147080,0.0007774948695441708,8.552869748182463e-06
25,147090,0.0007645548248547129,8.55268177581858e-06
25,147100,0.0007658743023057468,8.552493793313214e-06
25,147110,0.0007619707772391847,8.552305800666902e-06
25,147120,0.0007721290909103117,8.55211779788018e-06
25,147130,0.0007761764398310334,8.551929784953589e-06
25,147140,0.000765066160238348,8.551741761887663e-06
25,147150,0.000762526350445114,8.551553728682938e-06
25,147160,0.0007658397938939743,8.55136568533995e-06
25,147170,0.0007700289817876183,8.55117763185924e-06
25,147180,0.0007733828620985151,8.550989568241341e-06
25,147190,0.0007732710408163257,8.550801494486793e-06
25,147200,0.0007749857919407076,8.55061341059613e-06
25,147210,0.0007738538683042861,8.550425316569886e-06
25,147220,0.0007782418397255242,8.550237212408605e-06
25,147230,0.0007751829689368606,8.550049098112824e-06
25,147240,0.0007736023180768825,8.54986097368307e-06
25,147250,0.0007687761637498625,8.549672839119888e-06
25,validation,0.0007609427557326853,8.549672839119888e-06
26,147260,0.0007641060612513684,8.549484694423817e-06
26,147270,0.0007709127603447996,8.549296539595394e-06
26,147280,0.0007857541451812722,8.549108374635152e-06
26,147290,0.000770226125314366,8.548920199543627e-06
26,147300,0.0007710527162998915,8.548732014321361e-06
26,147310,0.0007709569821599871,8.548543818968884e-06
26,147320,0.0007684230571612717,8.548355613486739e-06
26,147330,0.0007750969525659457,8.548167397875465e-06
26,147340,0.0007721318659605458,8.547979172135593e-06
26,147350,0.0007762191409710795,8.547790936267664e-06
26,147360,0.0007722299385932274,8.547602690272217e-06
26,147370,0.0007786796864820643,8.547414434149785e-06
26,147380,0.0007717722735833377,8.547226167900912e-06
26,147390,0.000775133645220194,8.547037891526127e-06
26,147400,0.0007738939035334623,8.54684960502597e-06
26,147410,0.0007675394255784341,8.546661308400982e-06
26,147420,0.0007727215372142381,8.546473001651694e-06
26,147430,0.0007719771194388158,8.546284684778654e-06
26,147440,0.0007734152371995152,8.546096357782392e-06
26,147450,0.0007672029634704813,8.545908020663448e-06
26,147460,0.0007696560409385711,8.545719673422356e-06
26,147470,0.0007769202755298465,8.545531316059658e-06
26,147480,0.0007696426546317525,8.545342948575893e-06
26,147490,0.0007736911094980314,8.545154570971594e-06
26,147500,0.0007641112795681692,8.544966183247302e-06
26,147510,0.0007750499542453326,8.544777785403552e-06
26,147520,0.0007667666839552111,8.544589377440883e-06
26,147530,0.000768548141059,8.544400959359832e-06
26,147540,0.0007677573041291908,8.544212531160939e-06
26,147550,0.0007629576968611217,8.544024092844742e-06
26,147560,0.000774321990320459,8.543835644411777e-06
26,147570,0.0007683775285840966,8.543647185862584e-06
26,147580,0.0007694543557590805,8.543458717197698e-06
26,147590,0.0007711618018220179,8.543270238417658e-06
26,147600,0.0007648211350897327,8.543081749523002e-06
26,147610,0.0007779817140544764,8.542893250514272e-06
26,147620,0.0007747969444608315,8.542704741392002e-06
26,147630,0.0007751661003567279,8.54251622215673e-06
26,147640,0.0007659428869374096,8.542327692808997e-06
26,147650,0.0007671287254197523,8.542139153349338e-06
26,147660,0.0007732078214758076,8.541950603778289e-06
26,147670,0.0007582501188153401,8.541762044096394e-06
26,147680,0.0007615897047799081,8.541573474304189e-06
26,147690,0.00077929368999321,8.541384894402213e-06
26,147700,0.0007621070879395119,8.541196304391005e-06
26,147710,0.0007694002182688565,8.541007704271103e-06
26,147720,0.0007732340207439847,8.54081909404304e-06
26,147730,0.00076793389453087,8.540630473707363e-06
26,147740,0.0007670365812373348,8.540441843264604e-06
26,147750,0.0007633976740180515,8.540253202715301e-06
26,147760,0.0007779324965667911,8.540064552059998e-06
26,147770,0.0007672144667594694,8.539875891299229e-06
26,147780,0.0007800207880791278,8.539687220433538e-06
26,147790,0.0007727844742476009,8.539498539463458e-06
26,147800,0.0007638432914973236,8.539309848389529e-06
26,147810,0.000760447501670569,8.539121147212292e-06
26,147820,0.0007735088234767317,8.538932435932282e-06
26,147830,0.0007784137502312659,8.538743714550038e-06
26,147840,0.000762873949133791,8.5385549830661e-06
26,147850,0.0007703291164943949,8.538366241481009e-06
26,147860,0.0007591357483761386,8.5381774897953e-06
26,147870,0.0007723273476585746,8.537988728009516e-06
26,147880,0.0007656685978872702,8.537799956124196e-06
26,147890,0.0007614854650455527,8.537611174139868e-06
26,147900,0.0007707975630182773,8.537422382057081e-06
26,147910,0.0007700511065195315,8.537233579876373e-06
26,147920,0.0007593308924697339,8.537044767598282e-06
26,147930,0.0007612377943587489,8.536855945223347e-06
26,147940,0.0007675157379708253,8.53666711275211e-06
26,147950,0.0007658537171664647,8.536478270185104e-06
26,147960,0.0007726567258941942,8.536289417522868e-06
26,147970,0.0007716341118793934,8.536100554765944e-06
26,147980,0.0007710120698902756,8.535911681914878e-06
26,147990,0.0007704232921241783,8.535722798970198e-06
26,148000,0.0007681106202653609,8.535533905932447e-06
26,148010,0.00076887891482329,8.535345002802165e-06
26,148020,0.0007742322050035,8.535156089579891e-06
26,148030,0.0007710352743742987,8.534967166266166e-06
26,148040,0.0007610258078784681,8.534778232861527e-06
26,148050,0.0007708990728133358,8.534589289366512e-06
26,148060,0.0007806403591530398,8.534400335781666e-06
26,148070,0.0007629894258570858,8.534211372107522e-06
26,148080,0.0007706150805461221,8.534022398344626e-06
26,148090,0.0007657691181520931,8.533833414493509e-06
26,148100,0.0007687544741202145,8.533644420554717e-06
26,148110,0.0007807846239302308,8.533455416528788e-06
26,148120,0.0007772514509269968,8.533266402416258e-06
26,148130,0.0007676938534132205,8.53307737821767e-06
26,148140,0.0007698472763877362,8.532888343933566e-06
26,148150,0.0007659875293029473,8.53269929956448e-06
26,148160,0.0007642022057552822,8.532510245110958e-06
26,148170,0.00077158801141195,8.532321180573535e-06
26,148180,0.0007744782444206067,8.532132105952753e-06
26,148190,0.0007674884633161129,8.53194302124915e-06
26,148200,0.0007738909043837338,8.531753926463265e-06
26,148210,0.0007649724517250434,8.53156482159564e-06
26,148220,0.0007726252995780669,8.531375706646815e-06
26,148230,0.0007712564896792173,8.531186581617327e-06
26,148240,0.0007774512530886568,8.53099744650772e-06
26,148250,0.0007624306585057638,8.530808301318532e-06
26,148260,0.0007687764344154857,8.530619146050296e-06
26,148270,0.0007681493516429327,8.530429980703564e-06
26,148280,0.0007739774271612986,8.530240805278864e-06
26,148290,0.0007705838463152759,8.530051619776748e-06
26,148300,0.0007683320014621131,8.529862424197748e-06
26,148310,0.0007627900384250097,8.529673218542408e-06
26,148320,0.0007637648785021156,8.529484002811265e-06
26,148330,0.0007715142099186778,8.529294777004864e-06
26,148340,0.000760519117466174,8.529105541123744e-06
26,148350,0.000769218684581574,8.528916295168439e-06
26,148360,0.000774447682488244,8.528727039139496e-06
26,148370,0.0007684795986278915,8.528537773037451e-06
26,148380,0.0007655632245587185,8.528348496862844e-06
26,148390,0.000778408019687049,8.52815921061622e-06
26,148400,0.0007683520685532129,8.527969914298118e-06
26,148410,0.000766083066991996,8.527780607909075e-06
26,148420,0.0007717724030953831,8.527591291449632e-06
26,148430,0.0007780399901093914,8.527401964920335e-06
26,148440,0.0007693668507272377,8.527212628321717e-06
26,148450,0.0007700466725509615,8.527023281654324e-06
26,148460,0.0007788979928591289,8.526833924918695e-06
26,148470,0.0007697986497078092,8.526644558115368e-06
26,148480,0.0007688843441428616,8.526455181244887e-06
26,148490,0.0007691880251513794,8.52626579430779e-06
26,148500,0.0007749846394290216,8.526076397304616e-06
26,148510,0.0007745068884105421,8.52588699023591e-06
26,148520,0.0007738647109363228,8.525697573102208e-06
26,148530,0.0007649692313862034,8.52550814590406e-06
26,148540,0.0007762846726109274,8.525318708641994e-06
26,148550,0.0007714428109466098,8.525129261316563e-06
26,148560,0.0007613687295815908,8.5249398039283e-06
26,148570,0.0007751260534860193,8.524750336477745e-06
26,148580,0.0007748125179205089,8.524560858965441e-06
26,148590,0.0007679609479964711,8.524371371391931e-06
26,148600,0.0007643216798896902,8.524181873757755e-06
26,148610,0.0007718609253061005,8.523992366063453e-06
26,148620,0.0007713767510722392,8.52380284830957e-06
26,148630,0.0007610400585690512,8.523613320496638e-06
26,148640,0.0007694212428759784,8.523423782625207e-06
26,148650,0.0007746599658275954,8.523234234695812e-06
26,148660,0.0007659035894903355,8.523044676708997e-06
26,148670,0.0007687029821681789,8.522855108665302e-06
26,148680,0.0007745780239929445,8.52266553056527e-06
26,148690,0.000764761888422072,8.522475942409438e-06
26,148700,0.0007765292932162993,8.522286344198355e-06
26,148710,0.0007750367280095815,8.522096735932555e-06
26,148720,0.000773629528703168,8.521907117612581e-06
26,148730,0.0007651448555407113,8.521717489238976e-06
26,148740,0.000765379449876491,8.521527850812278e-06
26,148750,0.0007753136873361654,8.52133820233303e-06
26,148760,0.0007617877985467203,8.521148543801778e-06
26,148770,0.0007697069289861247,8.520958875219058e-06
26,148780,0.0007685037169721908,8.520769196585412e-06
26,148790,0.0007695170119404794,8.520579507901382e-06
26,148800,0.0007607027611811646,8.520389809167512e-06
26,148810,0.0007754692967864684,8.520200100384341e-06
26,148820,0.000772106638760306,8.520010381552409e-06
26,148830,0.0007672079285839572,8.519820652672256e-06
26,148840,0.0007776458543958142,8.519630913744431e-06
26,148850,0.0007777416511089542,8.519441164769471e-06
26,148860,0.0007607046529301443,8.519251405747917e-06
26,148870,0.000767756711866241,8.519061636680314e-06
26,148880,0.000766536824812647,8.518871857567198e-06
26,148890,0.0007805222805473023,8.518682068409118e-06
26,148900,0.0007814265802153386,8.518492269206608e-06
26,148910,0.0007820153259672225,8.518302459960215e-06
26,148920,0.0007678090172703378,8.518112640670482e-06
26,148930,0.0007659444832825101,8.517922811337942e-06
26,148940,0.0007728589538601227,8.517732971963147e-06
26,148950,0.0007709491852438078,8.517543122546637e-06
26,148960,0.0007674533306271769,8.517353263088954e-06
26,148970,0.0007733294551144354,8.517163393590636e-06
26,148980,0.0007689956764806993,8.516973514052223e-06
26,148990,0.0007796886638971046,8.516783624474264e-06
26,149000,0.0007656485991901718,8.5165937248573e-06
26,149010,0.0007718613036558963,8.516403815201871e-06
26,149020,0.0007798113423632459,8.51621389550852e-06
26,149030,0.0007743589521851391,8.516023965777789e-06
26,149040,0.0007717295389738865,8.51583402601022e-06
26,149050,0.000760895556595642,8.515644076206354e-06
26,149060,0.0007662640273338183,8.515454116366736e-06
26,149070,0.0007614025846123696,8.515264146491907e-06
26,149080,0.0007629787956830114,8.515074166582409e-06
26,149090,0.0007693565974477678,8.51488417663878e-06
26,149100,0.0007657083944650367,8.514694176661571e-06
26,149110,0.0007711491067311728,8.514504166651317e-06
26,149120,0.0007696145577938296,8.514314146608568e-06
26,149130,0.000763693438784685,8.514124116533857e-06
26,149140,0.0007702494898694567,8.513934076427732e-06
26,149150,0.0007676070788875223,8.513744026290734e-06
26,149160,0.0007740515138721094,8.51355396612341e-06
26,149170,0.0007731589343165979,8.513363895926294e-06
26,149180,0.0007664305259822868,8.513173815699934e-06
26,149190,0.0007691859442275018,8.512983725444873e-06
26,149200,0.0007695996813708915,8.51279362516165e-06
26,149210,0.0007716835069004447,8.512603514850812e-06
26,149220,0.0007711864032899029,8.512413394512899e-06
26,149230,0.0007602361714816652,8.512223264148457e-06
26,149240,0.0007772984157782048,8.512033123758025e-06
26,149250,0.000766340151312761,8.511842973342148e-06
26,149260,0.000765631443937309,8.511652812901372e-06
26,149270,0.0007794304910930805,8.511462642436229e-06
26,149280,0.0007688633733778261,8.51127246194727e-06
26,149290,0.0007654356231796555,8.51108227143504e-06
26,149300,0.0007729202741757035,8.510892070900073e-06
26,149310,0.0007739293418126182,8.51070186034292e-06
26,149320,0.0007801067491527648,8.510511639764123e-06
26,149330,0.0007796328311087563,8.510321409164222e-06
26,149340,0.0007842290913686156,8.51013116854376e-06
26,149350,0.0007748980555334128,8.509940917903287e-06
26,149360,0.0007587826185044833,8.509750657243338e-06
26,149370,0.0007688364043133334,8.509560386564456e-06
26,149380,0.0007696658110944554,8.509370105867187e-06
26,149390,0.000772375012456905,8.509179815152073e-06
26,149400,0.0007749400436296128,8.508989514419663e-06
26,149410,0.0007708382734563202,8.508799203670491e-06
26,149420,0.0007724311959464102,8.508608882905106e-06
26,149430,0.0007781980704749002,8.508418552124053e-06
26,149440,0.0007679836184252053,8.508228211327867e-06
26,149450,0.0007676271125092171,8.508037860517099e-06
26,149460,0.0007733336271485313,8.50784749969229e-06
26,149470,0.0007730139579507523,8.507657128853985e-06
26,149480,0.0007669383601751178,8.507466748002724e-06
26,149490,0.0007625840487889945,8.507276357139052e-06
26,149500,0.0007668232792639174,8.507085956263512e-06
26,149510,0.0007586426945636049,8.50689554537665e-06
26,149520,0.0007767773931846023,8.506705124479006e-06
26,149530,0.0007790615913108922,8.506514693571132e-06
26,149540,0.0007648372513358482,8.506324252653561e-06
26,149550,0.0007717061598668806,8.506133801726842e-06
26,149560,0.0007699162946664727,8.505943340791511e-06
26,149570,0.0007673961343243718,8.505752869848123e-06
26,149580,0.000777755628223531,8.505562388897215e-06
26,149590,0.0007691595077631062,8.505371897939333e-06
26,149600,0.0007589704284328036,8.50518139697502e-06
26,149610,0.0007716603897279129,8.50499088600482e-06
26,149620,0.0007696584463701584,8.504800365029278e-06
26,149630,0.00077991296275286,8.504609834048938e-06
26,149640,0.0007696333646890708,8.50441929306434e-06
26,149650,0.0007667455560294911,8.504228742076031e-06
26,149660,0.000773118440702092,8.504038181084554e-06
26,149670,0.0007719015964539721,8.503847610090456e-06
26,149680,0.0007672242310945876,8.503657029094278e-06
26,149690,0.0007712666993029417,8.503466438096565e-06
26,149700,0.0007719759159954265,8.50327583709786e-06
26,149710,0.000762223603669554,8.50308522609871e-06
26,149720,0.0007693135194131173,8.502894605099654e-06
26,149730,0.000774293665017467,8.502703974101238e-06
26,149740,0.0007726521085714923,8.502513333104002e-06
26,149750,0.0007761039567412808,8.5023226821085e-06
26,149760,0.0007694079948123544,8.502132021115273e-06
26,149770,0.000767769590311218,8.501941350124863e-06
26,149780,0.0007655441630049608,8.501750669137816e-06
26,149790,0.0007720040128333494,8.501559978154675e-06
26,149800,0.0007736282088444569,8.501369277175982e-06
26,149810,0.000765982421580702,8.501178566202288e-06
26,149820,0.0007649734281585551,8.500987845234135e-06
26,149830,0.0007615606489707715,8.500797114272061e-06
26,149840,0.0007651311520021409,8.500606373316618e-06
26,149850,0.0007766392998746596,8.50041562236835e-06
26,149860,0.0007656075817067176,8.500224861427797e-06
26,149870,0.0007747070136247202,8.500034090495506e-06
26,149880,0.0007666898556635716,8.499843309572021e-06
26,149890,0.0007709339042776265,8.499652518657889e-06
26,149900,0.0007813108823029324,8.499461717753653e-06
26,149910,0.0007762814129819162,8.49927090685986e-06
26,149920,0.0007724735201918519,8.499080085977048e-06
26,149930,0.0007662634845473804,8.498889255105765e-06
26,149940,0.0007716315172729083,8.498698414246555e-06
26,149950,0.0007749073207378388,8.498507563399968e-06
26,149960,0.0007678234425839037,8.498316702566545e-06
26,149970,0.0007647843696759082,8.498125831746827e-06
26,149980,0.0007719892426393926,8.497934950941366e-06
26,149990,0.0007669886748772114,8.497744060150702e-06
26,150000,0.0007686822485993615,8.497553159375383e-06
26,150010,0.0007687568213441409,8.497362248615953e-06
26,150020,0.0007727858959697188,8.497171327872955e-06
26,150030,0.000771379993238952,8.496980397146936e-06
26,150040,0.0007725296803982928,8.49678945643844e-06
26,150050,0.0007693195264437235,8.496598505748015e-06
26,150060,0.0007664806384127588,8.496407545076203e-06
26,150070,0.0007715800165897235,8.49621657442355e-06
26,150080,0.0007666791367228142,8.496025593790602e-06
26,150090,0.0007706335440161639,8.4958346031779e-06
26,150100,0.0007685535689233802,8.495643602585993e-06
26,150110,0.0007681581977522,8.49545259201543e-06
26,150120,0.0007692572122323327,8.495261571466751e-06
26,150130,0.0007721505142399111,8.495070540940504e-06
26,150140,0.0007802220570738427,8.49487950043723e-06
26,150150,0.0007763747969875113,8.494688449957473e-06
26,150160,0.0007702818795223721,8.494497389501787e-06
26,150170,0.0007661945128347725,8.494306319070712e-06
26,150180,0.0007691452105063946,8.494115238664792e-06
26,150190,0.00077882424229756,8.493924148284577e-06
26,150200,0.0007701209076913073,8.493733047930606e-06
26,150210,0.0007666954217711464,8.49354193760343e-06
26,150220,0.0007699313238845206,8.493350817303592e-06
26,150230,0.0007607915365952067,8.493159687031639e-06
26,150240,0.0007674315871554427,8.492968546788118e-06
26,150250,0.0007739263979601673,8.492777396573573e-06
26,150260,0.0007660439019673503,8.49258623638855e-06
26,150270,0.000781970046227798,8.492395066233595e-06
26,150280,0.0007650252620805987,8.492203886109248e-06
26,150290,0.0007737965235719458,8.492012696016062e-06
26,150300,0.0007679982794797979,8.491821495954584e-06
26,150310,0.0007638677823706531,8.491630285925354e-06
26,150320,0.0007710128411417827,8.491439065928918e-06
26,150330,0.0007664330580155366,8.491247835965823e-06
26,150340,0.0007603367776027881,8.49105659603662e-06
26,150350,0.0007739274253253825,8.490865346141848e-06
26,150360,0.0007779158957418985,8.490674086282058e-06
26,150370,0.0007810246825101785,8.490482816457794e-06
26,150380,0.0007726668351097033,8.490291536669599e-06
26,150390,0.0007698236149735749,8.49010024691802e-06
26,150400,0.0007701298396568746,8.489908947203609e-06
26,150410,0.0007740958171780221,8.489717637526906e-06
26,150420,0.0007677869318285956,8.48952631788846e-06
26,150430,0.0007621145399753004,8.489334988288813e-06
26,150440,0.000759708350233268,8.489143648728518e-06
26,150450,0.0007693332416238263,8.488952299208119e-06
26,150460,0.000772372676874511,8.488760939728157e-06
26,150470,0.0007723831047769635,8.48856957028918e-06
26,150480,0.0007712847640505059,8.488378190891739e-06
26,150490,0.0007676313296542504,8.488186801536374e-06
26,150500,0.0007743129739537835,8.487995402223636e-06
26,150510,0.0007612719695316626,8.487803992954073e-06
26,150520,0.0007689408070291392,8.487612573728227e-06
26,150530,0.0007742300236714072,8.487421144546647e-06
26,150540,0.0007612553294165992,8.487229705409879e-06
26,150550,0.0007726814481429755,8.487038256318466e-06
26,150560,0.0007782073196722195,8.48684679727296e-06
26,150570,0.000770221563288942,8.486655328273904e-06
26,150580,0.000779739949211944,8.486463849321843e-06
26,150590,0.0007661143390578218,8.48627236041733e-06
26,150600,0.000771056480880361,8.486080861560906e-06
26,150610,0.0007670975581277161,8.48588935275312e-06
26,150620,0.0007595349889015779,8.48569783399452e-06
26,150630,0.0007651565116248093,8.485506305285646e-06
26,150640,0.0007646662750630639,8.48531476662705e-06
26,150650,0.0007611924040247686,8.485123218019281e-06
26,150660,0.0007606644969200715,8.484931659462884e-06
26,150670,0.0007814122058334761,8.4847400909584e-06
26,150680,0.0007685798671445809,8.484548512506383e-06
26,150690,0.0007700122354435734,8.484356924107381e-06
26,150700,0.0007650811952771619,8.484165325761934e-06
26,150710,0.000761024234816432,8.483973717470596e-06
26,150720,0.0007671922212466598,8.48378209923391e-06
26,150730,0.0007677440589759498,8.483590471052427e-06
26,150740,0.0007809375732904301,8.483398832926686e-06
26,150750,0.0007727212971076369,8.483207184857242e-06
26,150760,0.0007671883606235497,8.483015526844638e-06
26,150770,0.0007690305967116729,8.48282385888942e-06
26,150780,0.0007669778977287934,8.482632180992137e-06
26,150790,0.0007725620496785268,8.482440493153337e-06
26,150800,0.0007791900527081452,8.482248795373566e-06
26,150810,0.0007596800060127862,8.482057087653369e-06
26,150820,0.0007805016692145727,8.481865369993299e-06
26,150830,0.000775255604821723,8.481673642393899e-06
26,150840,0.0007632619890500791,8.481481904855714e-06
26,150850,0.0007693468360230327,8.481290157379295e-06
26,150860,0.0007719981440459378,8.481098399965189e-06
26,150870,0.0007692834260524251,8.480906632613945e-06
26,150880,0.0007658044080017134,8.480714855326108e-06
26,150890,0.0007742988091195002,8.480523068102222e-06
26,150900,0.0007697752414969727,8.480331270942843e-06
26,150910,0.00077196935453685,8.480139463848514e-06
26,150920,0.0007627168743056245,8.479947646819785e-06
26,150930,0.0007707899334491229,8.479755819857198e-06
26,150940,0.0007739763896097429,8.479563982961305e-06
26,150950,0.0007651731299120002,8.479372136132652e-06
26,150960,0.0007753084180876612,8.479180279371788e-06
26,150970,0.0007635426256456413,8.47898841267926e-06
26,150980,0.000769537866290193,8.47879653605561e-06
26,150990,0.0007675415283301846,8.478604649501394e-06
26,151000,0.0007635162735823541,8.47841275301716e-06
26,151010,0.0007698892135522329,8.47822084660345e-06
26,151020,0.0007761338332784362,8.478028930260815e-06
26,151030,0.0007731569727184251,8.477837003989806e-06
26,151040,0.0007747314128209837,8.477645067790965e-06
26,151050,0.0007656854519154877,8.47745312166484e-06
26,151060,0.000761959761439357,8.477261165611983e-06
26,151070,0.0007644789962796493,8.477069199632942e-06
26,151080,0.0007631893618963659,8.476877223728263e-06
26,151090,0.0007730159020866267,8.476685237898494e-06
26,151100,0.0007637455666554161,8.47649324214418e-06
26,151110,0.0007697639914113096,8.476301236465873e-06
26,151120,0.0007724397393758409,8.476109220864122e-06
26,151130,0.0007731355843134224,8.47591719533947e-06
26,151140,0.0007826942834071815,8.47572515989247e-06
26,151150,0.0007715423533227294,8.475533114523671e-06
26,151160,0.0007641688513103873,8.475341059233616e-06
26,151170,0.0007698182220337912,8.47514899402286e-06
26,151180,0.0007658942515263333,8.474956918891945e-06
26,151190,0.0007726516734692269,8.474764833841423e-06
26,151200,0.0007748884410830215,8.474572738871841e-06
26,151210,0.0007722433831077068,8.474380633983748e-06
26,151220,0.0007742815680103377,8.47418851917769e-06
26,151230,0.0007690093945711852,8.473996394454219e-06
26,151240,0.0007679514688788913,8.473804259813881e-06
26,151250,0.0007691801045439206,8.473612115257226e-06
26,151260,0.0007694478481425904,8.4734199607848e-06
26,151270,0.0007715637184446678,8.473227796397153e-06
26,151280,0.0007674908614717424,8.473035622094838e-06
26,151290,0.0007747017240035348,8.472843437878396e-06
26,151300,0.0007761486602248624,8.47265124374838e-06
26,151310,0.0007718555556493812,8.472459039705335e-06
26,151320,0.0007729314922471531,8.472266825749815e-06
26,151330,0.0007757831743219867,8.472074601882365e-06
26,151340,0.0007711250014835969,8.471882368103533e-06
26,151350,0.0007703968542045914,8.471690124413873e-06
26,151360,0.0007759029889712111,8.471497870813928e-06
26,151370,0.0007693049949011766,8.47130560730425e-06
26,151380,0.0007751706390990876,8.471113333885388e-06
26,151390,0.000769746424339246,8.470921050557888e-06
26,151400,0.0007703287657932378,8.470728757322304e-06
26,151410,0.000772140319168102,8.470536454179178e-06
26,151420,0.0007757369079627096,8.470344141129065e-06
26,151430,0.0007830012444173917,8.470151818172512e-06
26,151440,0.0007659535403945483,8.469959485310066e-06
26,151450,0.0007698148998315445,8.469767142542275e-06
26,151460,0.0007641249831067398,8.469574789869695e-06
26,151470,0.0007687693112529815,8.469382427292873e-06
26,151480,0.0007663389784283935,8.469190054812352e-06
26,151490,0.0007726045878371224,8.46899767242868e-06
26,151500,0.0007682966257561929,8.468805280142413e-06
26,151510,0.0007705828131292946,8.468612877954102e-06
26,151520,0.0007597569667268545,8.46842046586429e-06
26,151530,0.0007773030403768643,8.468228043873531e-06
26,151540,0.0007665807963348926,8.468035611982372e-06
26,151550,0.0007766864640871063,8.467843170191357e-06
26,151560,0.0007647906648344361,8.467650718501044e-06
26,151570,0.000768689185497351,8.46745825691198e-06
26,151580,0.0007758955369354225,8.467265785424714e-06
26,151590,0.0007751677301712334,8.467073304039795e-06
26,151600,0.0007705636788159608,8.466880812757768e-06
26,151610,0.0007654271001229062,8.466688311579191e-06
26,151620,0.000775735147180967,8.466495800504608e-06
26,151630,0.0007847766668419353,8.46630327953457e-06
26,151640,0.0007649302933714353,8.466110748669626e-06
26,151650,0.0007698897767113522,8.465918207910324e-06
26,151660,0.0007692705141380429,8.465725657257219e-06
26,151670,0.0007737469975836576,8.465533096710858e-06
26,151680,0.0007738763742963783,8.46534052627179e-06
26,151690,0.0007787717200699263,8.465147945940563e-06
26,151700,0.0007648646860616282,8.464955355717728e-06
26,151710,0.0007735215374850668,8.464762755603837e-06
26,151720,0.0007684859141591005,8.464570145599439e-06
26,151730,0.000764661145512946,8.464377525705082e-06
26,151740,0.0007808156486134977,8.464184895921318e-06
26,151750,0.000771263471688144,8.463992256248695e-06
26,151760,0.0007642455864697695,8.463799606687761e-06
26,151770,0.0007633879373315721,8.463606947239069e-06
26,151780,0.0007673850457649679,8.463414277903171e-06
26,151790,0.0007760285006952472,8.463221598680612e-06
26,151800,0.0007758126623230055,8.463028909571946e-06
26,151810,0.0007704789939452894,8.462836210577722e-06
26,151820,0.0007664036282221786,8.46264350169849e-06
26,151830,0.0007657452195417136,8.4624507829348e-06
26,151840,0.0007675867716898211,8.4622580542872e-06
26,151850,0.0007745361799607053,8.462065315756243e-06
26,151860,0.0007598265146953054,8.461872567342476e-06
26,151870,0.0007806186797097326,8.46167980904645e-06
26,151880,0.0007718169756117277,8.461487040868718e-06
26,151890,0.0007704319374170155,8.461294262809832e-06
26,151900,0.0007700879563344641,8.461101474870335e-06
26,151910,0.0007764560228679329,8.460908677050786e-06
26,151920,0.000771160020667594,8.460715869351728e-06
26,151930,0.0007725640418357216,8.460523051773714e-06
26,151940,0.000764946524577681,8.460330224317299e-06
26,151950,0.0007650686980923638,8.460137386983025e-06
26,151960,0.0007682505020056851,8.459944539771446e-06
26,151970,0.000772342988057062,8.459751682683117e-06
26,151980,0.0007646009107702412,8.459558815718581e-06
26,151990,0.0007751281504170039,8.459365938878393e-06
26,152000,0.0007748005649773405,8.459173052163102e-06
26,152010,0.0007641087446245365,8.458980155573259e-06
26,152020,0.0007719769753748551,8.458787249109417e-06
26,152030,0.0007665203462238423,8.458594332772124e-06
26,152040,0.0007735373961622827,8.458401406561933e-06
26,152050,0.0007730994781013577,8.458208470479392e-06
26,152060,0.0007710979596595279,8.458015524525051e-06
26,152070,0.0007733327118330635,8.457822568699465e-06
26,152080,0.0007750582779408432,8.45762960300318e-06
26,152090,0.0007675158689380624,8.457436627436752e-06
26,152100,0.0007628813880728557,8.45724364200073e-06
26,152110,0.0007713079176028258,8.457050646695663e-06
26,152120,0.0007665990458917805,8.4568576415221e-06
26,152130,0.0007657399895833805,8.456664626480597e-06
26,152140,0.0007732035955996253,8.456471601571705e-06
26,152150,0.0007645488425623625,8.456278566795971e-06
26,152160,0.0007686551834922284,8.456085522153952e-06
26,152170,0.0007731522375252098,8.455892467646192e-06
26,152180,0.0007666492863791063,8.455699403273243e-06
26,152190,0.00076836287335027,8.455506329035661e-06
26,152200,0.000781739896046929,8.455313244933992e-06
26,152210,0.0007641477597644553,8.45512015096879e-06
26,152220,0.0007664502394618466,8.454927047140607e-06
26,152230,0.0007719401517533697,8.454733933449994e-06
26,152240,0.0007624574966030196,8.454540809897501e-06
26,152250,0.000775445050385315,8.454347676483678e-06
26,152260,0.0007721640984527766,8.454154533209084e-06
26,152270,0.0007791471653035842,8.453961380074264e-06
26,152280,0.0007580187171697617,8.453768217079763e-06
26,152290,0.000774827814893797,8.453575044226145e-06
26,152300,0.0007652556174434721,8.453381861513952e-06
26,152310,0.0007791967102093623,8.453188668943744e-06
26,152320,0.0007672210078453644,8.452995466516064e-06
26,152330,0.0007722747366642579,8.452802254231462e-06
26,152340,0.0007759956584777683,8.4526090320905e-06
26,152350,0.0007685826232773252,8.452415800093719e-06
26,152360,0.00077670925820712,8.452222558241677e-06
26,152370,0.0007663704716833309,8.452029306534927e-06
26,152380,0.0007715326981269754,8.451836044974017e-06
26,152390,0.000766410339565482,8.451642773559502e-06
26,152400,0.0007698876070207915,8.451449492291931e-06
26,152410,0.0007739555367152207,8.451256201171854e-06
26,152420,0.0007610201646457426,8.451062900199822e-06
26,152430,0.0007690358062973246,8.450869589376393e-06
26,152440,0.0007721903020865284,8.450676268702115e-06
26,152450,0.0007630043197423219,8.45048293817754e-06
26,152460,0.0007619842595886439,8.450289597803222e-06
26,152470,0.0007602055236930028,8.450096247579712e-06
26,152480,0.0007680381866521203,8.449902887507558e-06
26,152490,0.0007635240064701065,8.44970951758732e-06
26,152500,0.0007712050981353968,8.449516137819541e-06
26,152510,0.0007718505541561172,8.449322748204777e-06
26,152520,0.0007649862076505088,8.449129348743583e-06
26,152530,0.0007749034048174507,8.448935939436505e-06
26,152540,0.0007706624557613396,8.448742520284102e-06
26,152550,0.0007654061148059555,8.44854909128692e-06
26,152560,0.000765984333702363,8.448355652445514e-06
26,152570,0.000765711790882051,8.448162203760434e-06
26,152580,0.000764078889915254,8.447968745232235e-06
26,152590,0.000777165187173523,8.44777527686147e-06
26,152600,0.0007789763330947608,8.447581798648687e-06
26,152610,0.0007712213162449188,8.447388310594443e-06
26,152620,0.0007723351023741998,8.447194812699288e-06
26,152630,0.0007743098001810723,8.447001304963774e-06
26,152640,0.0007717430402408353,8.446807787388456e-06
26,152650,0.000764153982163407,8.446614259973881e-06
26,152660,0.0007723011643975043,8.446420722720605e-06
26,152670,0.0007635603877133689,8.446227175629181e-06
26,152680,0.0007604032653034666,8.446033618700156e-06
26,152690,0.0007725493298494256,8.44584005193409e-06
26,152700,0.0007682139577809721,8.445646475331536e-06
26,152710,0.0007671954444958828,8.44545288889304e-06
26,152720,0.0007643028220627456,8.44525929261916e-06
26,152730,0.0007798847058438697,8.445065686510447e-06
26,152740,0.0007691742459428497,8.44487207056745e-06
26,152750,0.0007807578585925512,8.444678444790728e-06
26,152760,0.0007692881175898947,8.444484809180828e-06
26,152770,0.0007687047545914538,8.44429116373831e-06
26,152780,0.000772589935513679,8.44409750846372e-06
26,152790,0.0007684503929340281,8.443903843357612e-06
26,152800,0.0007708389486651868,8.443710168420537e-06
26,152810,0.0007690573707805015,8.443516483653057e-06
26,152820,0.0007687444842304104,8.443322789055713e-06
26,152830,0.0007647738792002201,8.443129084629067e-06
26,152840,0.0007734365790383891,8.442935370373668e-06
26,152850,0.0007753145240712911,8.442741646290073e-06
26,152860,0.0007759406813420356,8.442547912378825e-06
26,152870,0.0007703908486291766,8.442354168640489e-06
26,152880,0.0007644905301276595,8.442160415075606e-06
26,152890,0.000775378686375916,8.441966651684739e-06
26,152900,0.0007793197117280216,8.441772878468438e-06
26,152910,0.00077989075507503,8.44157909542726e-06
26,152920,0.0007686980286962352,8.441385302561752e-06
26,152930,0.0007761962900985965,8.441191499872467e-06
26,152940,0.0007786030488205143,8.440997687359964e-06
26,152950,0.0007681043629418127,8.440803865024791e-06
26,152960,0.000769986683735624,8.440610032867503e-06
26,152970,0.0007682931449380703,8.440416190888653e-06
26,152980,0.0007672337145777419,8.440222339088791e-06
26,152990,0.0007651151128811762,8.44002847746848e-06
26,153000,0.0007747505369479768,8.439834606028265e-06
26,153010,0.0007749539538053796,8.439640724768702e-06
26,153020,0.0007690619488130324,8.439446833690345e-06
26,153030,0.0007710674239206128,8.439252932793745e-06
26,153040,0.0007696864558965899,8.439059022079457e-06
26,153050,0.0007683263291255572,8.438865101548038e-06
26,153060,0.0007722958951489999,8.438671171200038e-06
26,153070,0.000769002734159585,8.438477231036013e-06
26,153080,0.0007614922869834118,8.438283281056511e-06
26,153090,0.0007688806043006479,8.438089321262092e-06
26,153100,0.0007719225119217299,8.437895351653303e-06
26,153110,0.0007670460880035535,8.437701372230704e-06
26,153120,0.0007747176525299438,8.437507382994847e-06
26,153130,0.0007702694507315754,8.437313383946286e-06
26,153140,0.0007602255107485689,8.437119375085575e-06
26,validation,0.0007585803105030209,8.437119375085575e-06
27,153150,0.000773484083765652,8.436925356413264e-06
27,153160,0.0007665627577807753,8.43673132792991e-06
27,153170,0.0007712412101682276,8.436537289636065e-06
27,153180,0.0007668455611565151,8.436343241532285e-06
27,153190,0.0007675581029616296,8.436149183619122e-06
27,153200,0.0007691214676015079,8.435955115897135e-06
27,153210,0.0007724138500634581,8.435761038366869e-06
27,153220,0.0007737490625004283,8.435566951028886e-06
27,153230,0.0007738602231256663,8.43537285388374e-06
27,153240,0.0007698595742112957,8.435178746931983e-06
27,153250,0.0007676128501771019,8.434984630174167e-06
27,153260,0.0007735419421806,8.434790503610847e-06
27,153270,0.0007652934466022999,8.434596367242579e-06
27,153280,0.0007722774287685751,8.434402221069915e-06
27,153290,0.0007659608018002473,8.434208065093411e-06
27,153300,0.0007742279893136583,8.434013899313623e-06
27,153310,0.0007722957103396765,8.433819723731102e-06
27,153320,0.0007659188093384727,8.433625538346403e-06
27,153330,0.0007708447898039595,8.433431343160077e-06
27,153340,0.0007560825149994343,8.433237138172684e-06
27,153350,0.0007700861708144658,8.433042923384775e-06
27,153360,0.0007714920269791038,8.432848698796906e-06
27,153370,0.0007741582114249468,8.43265446440963e-06
27,153380,0.0007729104123427532,8.432460220223503e-06
27,153390,0.0007743981783278287,8.432265966239079e-06
27,153400,0.000769740910618566,8.43207170245691e-06
27,153410,0.00076580708991969,8.431877428877554e-06
27,153420,0.0007709351426456123,8.431683145501566e-06
27,153430,0.0007675672226469033,8.4314888523295e-06
27,153440,0.0007732268393738195,8.431294549361906e-06
27,153450,0.0007697115201153793,8.431100236599344e-06
27,153460,0.0007743232155917212,8.430905914042367e-06
27,153470,0.0007589199420181104,8.430711581691529e-06
27,153480,0.0007730108889518305,8.430517239547389e-06
27,153490,0.000774191043456085,8.430322887610497e-06
27,153500,0.000771033730416093,8.430128525881406e-06
27,153510,0.0007748141084448434,8.429934154360675e-06
27,153520,0.0007691959574003704,8.42973977304886e-06
27,153530,0.0007641722142579966,8.429545381946515e-06
27,153540,0.0007733310601906852,8.429350981054192e-06
27,153550,0.0007737293679383583,8.429156570372446e-06
27,153560,0.0007754288686555809,8.428962149901834e-06
27,153570,0.0007735064093139954,8.428767719642913e-06
27,153580,0.0007675661778193899,8.428573279596234e-06
27,153590,0.0007669342157896608,8.428378829762352e-06
27,153600,0.0007697380162426271,8.428184370141827e-06
27,153610,0.0007753855577902868,8.42798990073521e-06
27,153620,0.0007680969763896428,8.427795421543055e-06
27,153630,0.0007690522645134479,8.427600932565923e-06
27,153640,0.0007663543612579816,8.42740643380436e-06
27,153650,0.0007626237274962477,8.427211925258928e-06
27,153660,0.0007577974029118195,8.427017406930183e-06
27,153670,0.0007692521918215789,8.426822878818674e-06
27,153680,0.0007654553657630459,8.42662834092496e-06
27,153690,0.0007768284573103301,8.426433793249602e-06
27,153700,0.0007669222526601515,8.426239235793145e-06
27,153710,0.0007575910232844763,8.426044668556148e-06
27,153720,0.0007643388889846392,8.425850091539172e-06
27,153730,0.0007720000125118531,8.425655504742766e-06
27,153740,0.0007680035923840478,8.42546090816749e-06
27,153750,0.0007803251515724695,8.425266301813891e-06
27,153760,0.0007706773947575129,8.425071685682535e-06
27,153770,0.0007657387177459896,8.424877059773972e-06
27,153780,0.0007697642868151888,8.424682424088758e-06
27,153790,0.0007700844333157874,8.42448777862745e-06
27,153800,0.0007741025488940067,8.424293123390606e-06
27,153810,0.0007603858466609381,8.424098458378775e-06
27,153820,0.0007809153830748983,8.423903783592518e-06
27,153830,0.0007669756130781025,8.42370909903239e-06
27,153840,0.0007661994692170993,8.423514404698944e-06
27,153850,0.0007641959469765424,8.423319700592738e-06
27,153860,0.0007660719202249311,8.423124986714326e-06
27,153870,0.0007708015298703685,8.422930263064265e-06
27,153880,0.0007677463887375779,8.422735529643111e-06
27,153890,0.0007669888014788739,8.422540786451422e-06
27,153900,0.0007640342912054621,8.422346033489748e-06
27,153910,0.0007704773466684855,8.422151270758654e-06
27,153920,0.0007671543295145965,8.421956498258693e-06
27,153930,0.0007770180673105642,8.421761715990414e-06
27,153940,0.0007729866134468465,8.42156692395438e-06
27,153950,0.0007705570882535539,8.42137212215114e-06
27,153960,0.0007781988111673856,8.421177310581258e-06
27,153970,0.0007679565693251789,8.420982489245287e-06
27,153980,0.000777064185240306,8.420787658143782e-06
27,153990,0.000769809854682535,8.420592817277302e-06
27,154000,0.0007682076407945714,8.420397966646397e-06
27,154010,0.0007705039868596942,8.420203106251631e-06
27,154020,0.0007696463595493697,8.420008236093555e-06
27,154030,0.0007668487567570991,8.419813356172732e-06
27,154040,0.0007719730929238723,8.419618466489712e-06
27,154050,0.0007715538493357598,8.419423567045052e-06
27,154060,0.000767381046898663,8.419228657839311e-06
27,154070,0.0007678724810830318,8.419033738873046e-06
27,154080,0.0007812795462086798,8.418838810146807e-06
27,154090,0.0007805353190633469,8.418643871661152e-06
27,154100,0.0007641734424396417,8.418448923416644e-06
27,154110,0.0007693798761465587,8.418253965413835e-06
27,154120,0.0007680927141336725,8.41805899765328e-06
27,154130,0.0007730555356829428,8.417864020135543e-06
27,154140,0.0007704674557317048,8.417669032861171e-06
27,154150,0.0007653373322682455,8.417474035830726e-06
27,154160,0.0007697392749832942,8.41727902904476e-06
27,154170,0.0007722298381850123,8.417084012503835e-06
27,154180,0.0007652099317056127,8.416888986208507e-06
27,154190,0.000765747002151329,8.416693950159333e-06
27,154200,0.0007666778779821472,8.416498904356864e-06
27,154210,0.0007732975936960429,8.416303848801658e-06
27,154220,0.0007662332427571528,8.41610878349428e-06
27,154230,0.0007626828009961173,8.415913708435281e-06
27,154240,0.0007674952226807364,8.415718623625216e-06
27,154250,0.0007690953847486527,8.415523529064648e-06
27,154260,0.0007729803503025324,8.41532842475413e-06
27,154270,0.0007663212803890928,8.41513331069422e-06
27,154280,0.0007671310944715515,8.414938186885467e-06
27,154290,0.0007719744797213935,8.414743053328442e-06
27,154300,0.0007732719139312395,8.414547910023695e-06
27,154310,0.0007728399854386226,8.414352756971784e-06
27,154320,0.0007780618048855103,8.414157594173266e-06
27,154330,0.0007690339072723873,8.413962421628695e-06
27,154340,0.000761157920351252,8.41376723933863e-06
27,154350,0.0007609415115439333,8.413572047303631e-06
27,154360,0.0007710567879257724,8.413376845524254e-06
27,154370,0.0007627298211446032,8.413181634001057e-06
27,154380,0.0007651561274542473,8.41298641273459e-06
27,154390,0.0007654008135432376,8.412791181725419e-06
27,154400,0.0007743343667243607,8.412595940974098e-06
27,154410,0.0007676228677155451,8.412400690481187e-06
27,154420,0.0007699487032368779,8.412205430247237e-06
27,154430,0.0007653953347471542,8.412010160272812e-06
27,154440,0.0007762878347421065,8.411814880558462e-06
27,154450,0.000765780039364472,8.41161959110475e-06
27,154460,0.0007691306294873357,8.411424291912236e-06
27,154470,0.0007735454564681277,8.411228982981471e-06
27,154480,0.0007670728635275736,8.411033664313017e-06
27,154490,0.0007715724670561031,8.410838335907429e-06
27,154500,0.0007714808045420796,8.410642997765264e-06
27,154510,0.0007653582637431101,8.410447649887081e-06
27,154520,0.0007717907137703152,8.410252292273438e-06
27,154530,0.0007647311053005978,8.410056924924895e-06
27,154540,0.0007650426094187423,8.409861547842007e-06
27,154550,0.000778515826095827,8.409666161025331e-06
27,154560,0.0007607593623106369,8.409470764475425e-06
27,154570,0.000773067343106959,8.40927535819285e-06
27,154580,0.0007692422281252221,8.409079942178159e-06
27,154590,0.000775899933069013,8.408884516431915e-06
27,154600,0.0007670364866498858,8.408689080954674e-06
27,154610,0.0007747430398012512,8.408493635746989e-06
27,154620,0.0007633173270733096,8.408298180809425e-06
27,154630,0.0007680291659198701,8.408102716142534e-06
27,154640,0.0007605676582898013,8.407907241746876e-06
27,154650,0.0007736878222203813,8.40771175762301e-06
27,154660,0.000767168146558106,8.407516263771497e-06
27,154670,0.0007652762535144575,8.40732076019289e-06
27,154680,0.0007689883495913818,8.407125246887749e-06
27,154690,0.0007685244374442846,8.406929723856632e-06
27,154700,0.0007791859621647746,8.406734191100096e-06
27,154710,0.0007718805412878282,8.406538648618699e-06
27,154720,0.0007772442419081925,8.406343096413002e-06
27,154730,0.0007708820921834557,8.406147534483562e-06
27,154740,0.0007651443753275088,8.405951962830938e-06
27,154750,0.000765456871886272,8.405756381455687e-06
27,154760,0.0007739172069705091,8.405560790358366e-06
27,154770,0.0007688172408961691,8.40536518953954e-06
27,154780,0.0007690473285038024,8.405169578999758e-06
27,154790,0.0007667222162126562,8.40497395873958e-06
27,154800,0.0007701547918259166,8.404778328759573e-06
27,154810,0.0007642136624781415,8.404582689060283e-06
27,154820,0.00077164654067019,8.404387039642278e-06
27,154830,0.0007763980465824716,8.404191380506116e-06
27,154840,0.0007627942279214039,8.403995711652351e-06
27,154850,0.0007631045431480744,8.403800033081547e-06
27,154860,0.000769064160704147,8.403604344794254e-06
27,154870,0.0007699832698563114,8.40340864679104e-06
27,154880,0.0007706706077442505,8.403212939072461e-06
27,154890,0.000774180013104342,8.40301722163907e-06
27,154900,0.0007636665759491734,8.402821494491429e-06
27,154910,0.0007697411230765284,8.4026257576301e-06
27,154920,0.0007650116618606261,8.402430011055638e-06
27,154930,0.0007613723806571215,8.402234254768607e-06
27,154940,0.0007691701190196909,8.402038488769555e-06
27,154950,0.0007667683923500589,8.401842713059052e-06
27,154960,0.0007609332591528074,8.401646927637651e-06
27,154970,0.0007708766104769894,8.401451132505913e-06
27,154980,0.0007746010756818578,8.401255327664401e-06
27,154990,0.0007691774968407116,8.401059513113667e-06
27,155000,0.0007653018474229611,8.400863688854269e-06
27,155010,0.0007657753289095126,8.400667854886766e-06
27,155020,0.0007650478655705228,8.400472011211723e-06
27,155030,0.0007703798575676047,8.4002761578297e-06
27,155040,0.0007637854476342909,8.400080294741248e-06
27,155050,0.0007638212846359238,8.399884421946932e-06
27,155060,0.0007756249397061765,8.39968853944731e-06
27,155070,0.0007702331553446129,8.399492647242945e-06
27,155080,0.0007830094153177924,8.399296745334385e-06
27,155090,0.0007640337251359596,8.399100833722201e-06
27,155100,0.0007700225585722364,8.39890491240695e-06
27,155110,0.000775996973970905,8.398708981389183e-06
27,155120,0.0007742699046502822,8.398513040669467e-06
27,155130,0.0007735902661806904,8.39831709024836e-06
27,155140,0.0007697921711951494,8.398121130126418e-06
27,155150,0.0007763487883494236,8.397925160304205e-06
27,155160,0.0007741796580376104,8.397729180782278e-06
27,155170,0.0007694500818615779,8.397533191561196e-06
27,155180,0.0007657664260477758,8.397337192641524e-06
27,155190,0.0007640723313670605,8.397141184023817e-06
27,155200,0.0007742433692328632,8.39694516570863e-06
27,155210,0.0007681974719162099,8.396749137696532e-06
27,155220,0.0007647206395631656,8.396553099988072e-06
27,155230,0.0007649834675248713,8.39635705258382e-06
27,155240,0.0007688191195484251,8.39616099548433e-06
27,155250,0.0007670018210774288,8.395964928690161e-06
27,155260,0.000762572568783071,8.395768852201875e-06
27,155270,0.0007710553982178681,8.395572766020027e-06
27,155280,0.0007705149808316492,8.395376670145184e-06
27,155290,0.0007652166605112143,8.3951805645779e-06
27,155300,0.0007717410422628747,8.39498444931874e-06
27,155310,0.0007811352261342108,8.394788324368262e-06
27,155320,0.0007723973030806518,8.394592189727027e-06
27,155330,0.0007698049419559539,8.39439604539559e-06
27,155340,0.000768346674158238,8.394199891374515e-06
27,155350,0.0007657594032934868,8.394003727664361e-06
27,155360,0.0007811990959453396,8.393807554265686e-06
27,155370,0.0007844299194402992,8.393611371179049e-06
27,155380,0.0007779186998959631,8.393415178405018e-06
27,155390,0.0007700976973865181,8.393218975944149e-06
27,155400,0.0007664044183911755,8.393022763796996e-06
27,155410,0.0007725741277681663,8.392826541964126e-06
27,155420,0.0007757292114547454,8.392630310446098e-06
27,155430,0.0007683615840505809,8.392434069243472e-06
27,155440,0.0007636561713297851,8.39223781835681e-06
27,155450,0.0007626146471011452,8.392041557786667e-06
27,155460,0.0007738772736047394,8.391845287533606e-06
27,155470,0.000765526934992522,8.391649007598184e-06
27,155480,0.0007723245798842981,8.391452717980967e-06
27,155490,0.0007600148848723621,8.391256418682516e-06
27,155500,0.000765665624930989,8.391060109703385e-06
27,155510,0.0007735703780781478,8.390863791044134e-06
27,155520,0.0007788180897478013,8.39066746270533e-06
27,155530,0.0007724965907982551,8.390471124687532e-06
27,155540,0.0007717592030530796,8.390274776991295e-06
27,155550,0.0007664359523914755,8.390078419617186e-06
27,155560,0.0007754420148557983,8.389882052565762e-06
27,155570,0.0007749210242764093,8.389685675837584e-06
27,155580,0.0007735589810181409,8.389489289433216e-06
27,155590,0.0007644065233762377,8.389292893353214e-06
27,155600,0.0007607684718095697,8.389096487598138e-06
27,155610,0.000773141639365349,8.388900072168552e-06
27,155620,0.0007732648678938858,8.38870364706502e-06
27,155630,0.0007654153654584662,8.388507212288097e-06
27,155640,0.0007710389938438311,8.388310767838343e-06
27,155650,0.0007762799170450308,8.388114313716323e-06
27,155660,0.0007635523186763748,8.387917849922598e-06
27,155670,0.0007605699240230024,8.38772137645772e-06
27,155680,0.0007694048719713465,8.387524893322262e-06
27,155690,0.000775475089903921,8.387328400516775e-06
27,155700,0.0007794671051669866,8.387131898041825e-06
27,155710,0.0007610356144141405,8.38693538589797e-06
27,155720,0.0007685671153012663,8.386738864085775e-06
27,155730,0.0007816534649464301,8.386542332605801e-06
27,155740,0.0007683418749365957,8.386345791458607e-06
27,155750,0.0007660020448383876,8.386149240644752e-06
27,155760,0.0007686271463171579,8.3859526801648e-06
27,155770,0.000777098286198452,8.385756110019307e-06
27,155780,0.0007706174525083042,8.385559530208841e-06
27,155790,0.000778099636954721,8.385362940733962e-06
27,155800,0.0007616312010213732,8.385166341595227e-06
27,155810,0.0007703437935560941,8.3849697327932e-06
27,155820,0.0007612281217006966,8.384773114328447e-06
27,155830,0.0007679604372242465,8.384576486201518e-06
27,155840,0.0007734987681033089,8.384379848412987e-06
27,155850,0.0007666335484827869,8.384183200963404e-06
27,155860,0.000772638748458121,8.383986543853336e-06
27,155870,0.0007719139801338315,8.383789877083346e-06
27,155880,0.000773956444754731,8.38359320065399e-06
27,155890,0.000768612940737512,8.383396514565835e-06
27,155900,0.0007616646485985257,8.38319981881944e-06
27,155910,0.0007658604241441936,8.38300311341537e-06
27,155920,0.0007725967676378787,8.382806398354176e-06
27,155930,0.0007810767798218875,8.382609673636429e-06
27,155940,0.0007741920766420663,8.38241293926269e-06
27,155950,0.0007682856201427057,8.38221619523352e-06
27,155960,0.0007703662748099305,8.382019441549477e-06
27,155970,0.000771797682682518,8.381822678211129e-06
27,155980,0.0007715385072515346,8.381625905219033e-06
27,155990,0.0007631118103745394,8.381429122573747e-06
27,156000,0.0007703907496761531,8.381232330275837e-06
27,156010,0.0007761418106383644,8.381035528325866e-06
27,156020,0.000773006584495306,8.380838716724398e-06
27,156030,0.0007753123441943898,8.380641895471986e-06
27,156040,0.0007721497662714682,8.380445064569203e-06
27,156050,0.0007757987536024302,8.380248224016602e-06
27,156060,0.0007802992549841292,8.38005137381475e-06
27,156070,0.0007740405737422407,8.379854513964204e-06
27,156080,0.0007624388323165475,8.379657644465527e-06
27,156090,0.0007600677345180884,8.379460765319286e-06
27,156100,0.0007757552593830042,8.37926387652604e-06
27,156110,0.0007764947207760997,8.37906697808635e-06
27,156120,0.000767995738715399,8.37887007000078e-06
27,156130,0.0007718698718235827,8.378673152269891e-06
27,156140,0.0007648156402865425,8.378476224894245e-06
27,156150,0.0007757013474474661,8.378279287874408e-06
27,156160,0.0007691688777413219,8.378082341210935e-06
27,156170,0.0007701506474404596,8.377885384904394e-06
27,156180,0.0007650489191291854,8.377688418955345e-06
27,156190,0.0007676649867789819,8.37749144336435e-06
27,156200,0.0007826205168385058,8.377294458131973e-06
27,156210,0.0007757879080600104,8.377097463258772e-06
27,156220,0.0007714708510320634,8.376900458745315e-06
27,156230,0.0007718934750300833,8.376703444592163e-06
27,156240,0.0007696474145632237,8.376506420799875e-06
27,156250,0.0007627482089446857,8.376309387369015e-06
27,156260,0.0007791396987158805,8.376112344300145e-06
27,156270,0.0007662145304493606,8.37591529159383e-06
27,156280,0.0007749900672934019,8.375718229250632e-06
27,156290,0.0007634636247530579,8.37552115727111e-06
27,156300,0.0007684973694267682,8.375324075655829e-06
27,156310,0.0007724459384917282,8.375126984405354e-06
27,156320,0.0007718549662968145,8.374929883520243e-06
27,156330,0.0007627324506756849,8.374732773001064e-06
27,156340,0.0007749569194857031,8.374535652848376e-06
27,156350,0.0007704653602559119,8.374338523062738e-06
27,156360,0.0007819780745194294,8.374141383644717e-06
27,156370,0.0007724232651526109,8.373944234594877e-06
27,156380,0.0007709545810939744,8.37374707591378e-06
27,156390,0.0007716981679550372,8.373549907601986e-06
27,156400,0.0007709018434979952,8.373352729660067e-06
27,156410,0.0007774010649882257,8.37315554208857e-06
27,156420,0.0007656743997358716,8.372958344888075e-06
27,156430,0.0007634519613930024,8.372761138059132e-06
27,156440,0.000773357175057754,8.37256392160231e-06
27,156450,0.0007705073439865373,8.37236669551817e-06
27,156460,0.0007598236916237511,8.372169459807278e-06
27,156470,0.0007621940050739794,8.371972214470193e-06
27,156480,0.0007726832933258265,8.371774959507482e-06
27,156490,0.0007636750378878787,8.371577694919708e-06
27,156500,0.0007663079493795521,8.37138042070743e-06
27,156510,0.0007628745297552086,8.371183136871213e-06
27,156520,0.0007739192296867259,8.370985843411618e-06
27,156530,0.0007700416710576974,8.370788540329212e-06
27,156540,0.0007681879083975217,8.370591227624558e-06
27,156550,0.0007672657680814155,8.370393905298217e-06
27,156560,0.0007687013247050345,8.370196573350751e-06
27,156570,0.0007623533587320708,8.36999923178273e-06
27,156580,0.0007702580100158229,8.36980188059471e-06
27,156590,0.0007681949151447043,8.369604519787256e-06
27,156600,0.0007780007537803613,8.36940714936093e-06
27,156610,0.0007687253018957563,8.369209769316303e-06
27,156620,0.0007677077272091992,8.369012379653931e-06
27,156630,0.0007718063410720788,8.368814980374382e-06
27,156640,0.0007652681495528668,8.368617571478218e-06
27,156650,0.000767869061382953,8.368420152966001e-06
27,156660,0.0007731988094747067,8.368222724838296e-06
27,156670,0.0007701700858888216,8.368025287095667e-06
27,156680,0.0007763419271213934,8.36782783973868e-06
27,156690,0.0007640911557245998,8.367630382767893e-06
27,156700,0.0007768580471747555,8.36743291618387e-06
27,156710,0.000759477133397013,8.367235439987178e-06
27,156720,0.0007688683617743663,8.367037954178376e-06
27,156730,0.000767316302517429,8.366840458758034e-06
27,156740,0.0007747047551674769,8.366642953726708e-06
27,156750,0.0007636570648173801,8.366445439084971e-06
27,156760,0.0007676323439227417,8.366247914833381e-06
27,156770,0.0007717126587522215,8.366050380972502e-06
27,156780,0.0007732136306003667,8.365852837502904e-06
27,156790,0.0007671435567317531,8.365655284425146e-06
27,156800,0.0007565593550680204,8.365457721739792e-06
27,156810,0.0007810447408701293,8.365260149447407e-06
27,156820,0.0007709388955845499,8.36506256754855e-06
27,156830,0.0007689888021559455,8.364864976043795e-06
27,156840,0.0007780762010952459,8.364667374933699e-06
27,156850,0.0007661126132006757,8.364469764218823e-06
27,156860,0.0007662857504328713,8.36427214389974e-06
27,156870,0.0007706596341449767,8.364074513977005e-06
27,156880,0.000772627534752246,8.363876874451186e-06
27,156890,0.0007695468113524839,8.363679225322853e-06
27,156900,0.0007691006219829432,8.363481566592558e-06
27,156910,0.0007675148342968897,8.363283898260878e-06
27,156920,0.0007690401151194237,8.363086220328374e-06
27,156930,0.0007608913423609921,8.362888532795602e-06
27,156940,0.000764486457046587,8.362690835663132e-06
27,156950,0.0007682480922085232,8.362493128931534e-06
27,156960,0.0007660554780159145,8.362295412601362e-06
27,156970,0.0007685989694437012,8.362097686673186e-06
27,156980,0.000767965504201129,8.361899951147572e-06
27,156990,0.0007730685509159229,8.361702206025081e-06
27,157000,0.000778623836231418,8.36150445130628e-06
27,157010,0.000774452742189169,8.361306686991729e-06
27,157020,0.0007720906098256819,8.361108913081995e-06
27,157030,0.0007688038473133928,8.360911129577643e-06
27,157040,0.0007711200218182058,8.360713336479239e-06
27,157050,0.0007598448733915575,8.360515533787348e-06
27,157060,0.0007688500569202006,8.36031772150253e-06
27,157070,0.00076961121376371,8.360119899625357e-06
27,157080,0.0007737136620562524,8.359922068156387e-06
27,157090,0.0007692012382904067,8.359724227096189e-06
27,157100,0.000764293601969257,8.359526376445326e-06
27,157110,0.000765141956799198,8.35932851620436e-06
27,157120,0.0007702154602156953,8.35913064637386e-06
27,157130,0.0007633334054844454,8.35893276695439e-06
27,157140,0.000777237128932029,8.358734877946516e-06
27,157150,0.0007749218624667263,8.358536979350798e-06
27,157160,0.000769226677948609,8.358339071167804e-06
27,157170,0.0007536465651355683,8.358141153398098e-06
27,157180,0.0007798086633556523,8.357943226042247e-06
27,157190,0.0007701780501520261,8.357745289100816e-06
27,157200,0.000776172943005804,8.35754734257437e-06
27,157210,0.0007690522616030648,8.357349386463473e-06
27,157220,0.0007785183857777156,8.357151420768686e-06
27,157230,0.0007574209477752448,8.356953445490581e-06
27,157240,0.0007720405454165302,8.35675546062972e-06
27,157250,0.000769271477474831,8.356557466186666e-06
27,157260,0.0007678989510168322,8.356359462161987e-06
27,157270,0.0007683817922952585,8.356161448556255e-06
27,157280,0.0007761561995721422,8.355963425370024e-06
27,157290,0.0007765392962028273,8.355765392603864e-06
27,157300,0.000770955250482075,8.35556735025834e-06
27,157310,0.0007699205860262737,8.355369298334016e-06
27,157320,0.0007547526038251817,8.355171236831459e-06
27,157330,0.000768451286421623,8.354973165751236e-06
27,157340,0.0007705953597906044,8.354775085093912e-06
27,157350,0.0007736379266134463,8.354576994860047e-06
27,157360,0.0007676088571315631,8.354378895050212e-06
27,157370,0.000776047034014482,8.35418078566497e-06
27,157380,0.0007686311801080592,8.353982666704889e-06
27,157390,0.0007700720816501416,8.353784538170527e-06
27,157400,0.0007665528464713134,8.353586400062459e-06
27,157410,0.0007724391980445944,8.353388252381242e-06
27,157420,0.0007673400192288683,8.353190095127447e-06
27,157430,0.0007711703001405112,8.352991928301645e-06
27,157440,0.0007667670128284952,8.352793751904395e-06
27,157450,0.0007673455649637617,8.352595565936261e-06
27,157460,0.0007732544938335196,8.352397370397811e-06
27,157470,0.0007687025165068917,8.352199165289613e-06
27,157480,0.0007710613950621337,8.35200095061223e-06
27,157490,0.0007611449094838464,8.351802726366232e-06
27,157500,0.0007635799105628393,8.351604492552179e-06
27,157510,0.0007671247105463407,8.351406249170638e-06
27,157520,0.0007611544657265767,8.351207996222176e-06
27,157530,0.0007771885371766985,8.351009733707362e-06
27,157540,0.0007760568274534307,8.35081146162676e-06
27,157550,0.0007669096681638621,8.350613179980935e-06
27,157560,0.0007750585602479987,8.350414888770452e-06
27,157570,0.0007591907880851068,8.350216587995878e-06
27,157580,0.0007699612848227844,8.35001827765778e-06
27,157590,0.0007672429754165932,8.349819957756724e-06
27,157600,0.0007678157620830462,8.349621628293273e-06
27,157610,0.000770972874306608,8.349423289267997e-06
27,157620,0.0007786897520418278,8.349224940681462e-06
27,157630,0.0007761345419567077,8.349026582534231e-06
27,157640,0.0007712712977081537,8.348828214826877e-06
27,157650,0.0007644691388122738,8.348629837559962e-06
27,157660,0.0007686857294174843,8.348431450734047e-06
27,157670,0.0007672180363442749,8.34823305434971e-06
27,157680,0.0007643857694347389,8.348034648407506e-06
27,157690,0.0007648637576494366,8.347836232908004e-06
27,157700,0.0007718765831668861,8.347637807851772e-06
27,157710,0.0007602174213388936,8.347439373239379e-06
27,157720,0.0007643598102731631,8.347240929071391e-06
27,157730,0.0007715618194197305,8.347042475348373e-06
27,157740,0.0007616488466737791,8.34684401207089e-06
27,157750,0.0007724479146418162,8.346645539239511e-06
27,157760,0.0007666164587135428,8.346447056854798e-06
27,157770,0.0007696743967244401,8.346248564917326e-06
27,157780,0.0007662162213819101,8.346050063427654e-06
27,157790,0.0007705683616222815,8.345851552386352e-06
27,157800,0.0007712404738413171,8.345653031793983e-06
27,157810,0.0007701144815655426,8.345454501651117e-06
27,157820,0.0007770037133013829,8.345255961958321e-06
27,157830,0.0007815255477908068,8.345057412716163e-06
27,157840,0.0007735511666396633,8.344858853925209e-06
27,157850,0.0007759521962725557,8.344660285586022e-06
27,157860,0.0007639659568667411,8.344461707699174e-06
27,157870,0.0007726100157015026,8.344263120265229e-06
27,157880,0.000780035395291634,8.344064523284751e-06
27,157890,0.0007781923181028105,8.343865916758307e-06
27,157900,0.0007723250673734583,8.343667300686472e-06
27,157910,0.0007635910194949248,8.34346867506981e-06
27,157920,0.0007688784447964281,8.343270039908882e-06
27,157930,0.0007786725414916872,8.343071395204262e-06
27,157940,0.0007725182367721571,8.342872740956514e-06
27,157950,0.0007703912808210589,8.342674077166202e-06
27,157960,0.0007766976239508949,8.342475403833898e-06
27,157970,0.0007749322190647945,8.342276720960164e-06
27,157980,0.0007656019122805446,8.342078028545575e-06
27,157990,0.0007658563306904399,8.341879326590697e-06
27,158000,0.0007656335830688477,8.341680615096089e-06
27,158010,0.0007735872233752162,8.341481894062322e-06
27,158020,0.0007653568463865668,8.341283163489964e-06
27,158030,0.0007651296036783606,8.341084423379585e-06
27,158040,0.000764915301988367,8.34088567373175e-06
27,158050,0.0007753674988634885,8.340686914547028e-06
27,158060,0.0007733995953458361,8.340488145825985e-06
27,158070,0.0007674205451621674,8.340289367569182e-06
27,158080,0.0007667398866033182,8.340090579777197e-06
27,158090,0.0007654808709048666,8.339891782450595e-06
27,158100,0.000769303621200379,8.33969297558994e-06
27,158110,0.0007589856002596207,8.339494159195801e-06
27,158120,0.000771972218353767,8.339295333268743e-06
27,158130,0.0007650296203792096,8.339096497809339e-06
27,158140,0.0007757054772810079,8.338897652818154e-06
27,158150,0.0007783786277286709,8.338698798295757e-06
27,158160,0.000771589414216578,8.338499934242713e-06
27,158170,0.0007819211401510983,8.338301060659589e-06
27,158180,0.0007737426523817702,8.338102177546953e-06
27,158190,0.000760658984654583,8.337903284905378e-06
27,158200,0.0007720700756181032,8.337704382735424e-06
27,158210,0.0007718543289229273,8.337505471037664e-06
27,158220,0.0007699519395828247,8.337306549812666e-06
27,158230,0.0007647103819181211,8.337107619060997e-06
27,158240,0.000774288721731864,8.336908678783222e-06
27,158250,0.0007650946252397262,8.336709728979915e-06
27,158260,0.0007639351271791384,8.336510769651637e-06
27,158270,0.000760243683180306,8.33631180079896e-06
27,158280,0.0007693725608987733,8.33611282242245e-06
27,158290,0.000768311822321266,8.335913834522679e-06
27,158300,0.0007667464858968742,8.335714837100209e-06
27,158310,0.0007667877958738244,8.335515830155615e-06
27,158320,0.0007674736494664102,8.335316813689456e-06
27,158330,0.0007669593745958992,8.33511778770231e-06
27,158340,0.0007767918243189342,8.334918752194739e-06
27,158350,0.0007768904950353317,8.334719707167313e-06
27,158360,0.0007783012464642523,8.334520652620601e-06
27,158370,0.000765525303722825,8.334321588555167e-06
27,158380,0.000769321809639223,8.33412251497158e-06
27,158390,0.0007589587112306617,8.333923431870415e-06
27,158400,0.0007634017645614221,8.333724339252232e-06
27,158410,0.0007677223882637919,8.333525237117606e-06
27,158420,0.0007725133415078745,8.3333261254671e-06
27,158430,0.0007753574391244911,8.333127004301288e-06
27,158440,0.0007709164419793523,8.332927873620734e-06
27,158450,0.0007697108245338313,8.332728733426004e-06
27,158460,0.0007756532038911245,8.332529583717676e-06
27,158470,0.0007717889689956791,8.33233042449631e-06
27,158480,0.0007682595431106166,8.33213125576248e-06
27,158490,0.0007683570162043908,8.331932077516752e-06
27,158500,0.0007671143932384439,8.331732889759694e-06
27,158510,0.0007748556381557137,8.331533692491878e-06
27,158520,0.0007639841292984784,8.331334485713866e-06
27,158530,0.0007753224068437703,8.33113526942623e-06
27,158540,0.0007672479274333455,8.33093604362954e-06
27,158550,0.0007737522973911837,8.330736808324366e-06
27,158560,0.0007647857317351736,8.330537563511268e-06
27,158570,0.0007703207287704572,8.330338309190829e-06
27,158580,0.000765225090435706,8.330139045363603e-06
27,158590,0.0007794965844368562,8.329939772030168e-06
27,158600,0.0007766342780087143,8.329740489191092e-06
27,158610,0.0007685546748689375,8.329541196846941e-06
27,158620,0.0007656436922843568,8.329341894998282e-06
27,158630,0.0007653938722796738,8.32914258364569e-06
27,158640,0.0007651155159692281,8.328943262789732e-06
27,158650,0.0007788108676322736,8.328743932430978e-06
27,158660,0.0007658765898668207,8.328544592569993e-06
27,158670,0.0007678461392060853,8.328345243207346e-06
27,158680,0.0007681033690460028,8.328145884343607e-06
27,158690,0.0007739640277577564,8.327946515979352e-06
27,158700,0.0007710963211138732,8.327747138115141e-06
27,158710,0.0007737728941719979,8.327547750751547e-06
27,158720,0.0007723195289145224,8.327348353889141e-06
27,158730,0.0007638630544533954,8.327148947528487e-06
27,158740,0.0007652008542208932,8.32694953167016e-06
27,158750,0.0007720189023530111,8.326750106314725e-06
27,158760,0.000765162550669629,8.326550671462757e-06
27,158770,0.0007697773529798724,8.326351227114819e-06
27,158780,0.0007730364566668868,8.32615177327148e-06
27,158790,0.000769302163098473,8.325952309933311e-06
27,158800,0.0007642714568646625,8.325752837100884e-06
27,158810,0.0007669040292967111,8.325553354774766e-06
27,158820,0.0007783507884596475,8.325353862955527e-06
27,158830,0.0007661044015549122,8.325154361643738e-06
27,158840,0.0007638012088136746,8.324954850839967e-06
27,158850,0.0007657714275410398,8.324755330544781e-06
27,158860,0.0007669756072573364,8.324555800758751e-06
27,158870,0.0007673708896618336,8.324356261482451e-06
27,158880,0.0007688396130106412,8.32415671271645e-06
27,158890,0.0007709527519182302,8.323957154461309e-06
27,158900,0.0007764465524815023,8.323757586717607e-06
27,158910,0.000776633784698788,8.323558009485911e-06
27,158920,0.0007724095892626792,8.323358422766788e-06
27,158930,0.0007710172983934172,8.323158826560815e-06
27,158940,0.0007722723996266723,8.32295922086855e-06
27,158950,0.0007738790489383973,8.322759605690576e-06
27,158960,0.0007699867957853713,8.322559981027452e-06
27,158970,0.0007762823399389163,8.32236034687975e-06
27,158980,0.0007601262550451793,8.322160703248044e-06
27,158990,0.0007714141058386304,8.321961050132905e-06
27,159000,0.0007662861520657316,8.321761387534896e-06
27,159010,0.0007706320524448529,8.321561715454593e-06
27,159020,0.0007656102650798857,8.321362033892562e-06
27,159030,0.0007615883514517918,8.321162342849376e-06
27,validation,0.000761218587285839,8.321162342849376e-06
28,159040,0.0007741141482256353,8.3209626423256e-06
28,159050,0.0007572942893602885,8.320762932321812e-06
28,159060,0.0007696833272348158,8.320563212838578e-06
28,159070,0.0007665240511414595,8.320363483876466e-06
28,159080,0.0007732907048193738,8.320163745436049e-06
28,159090,0.0007678654917981475,8.319963997517893e-06
28,159100,0.0007696310378378258,8.319764240122574e-06
28,159110,0.0007719337314483709,8.31956447325066e-06
28,159120,0.0007742291971226223,8.319364696902717e-06
28,159130,0.0007680030306801201,8.319164911079322e-06
28,159140,0.0007702761940890923,8.318965115781044e-06
28,159150,0.0007711606172961183,8.318765311008452e-06
28,159160,0.0007654711502254941,8.31856549676211e-06
28,159170,0.0007611845663632265,8.318365673042596e-06
28,159180,0.0007623826502822339,8.318165839850486e-06
28,159190,0.000761607481399551,8.31796599718634e-06
28,159200,0.0007620145042892545,8.31776614505073e-06
28,159210,0.000760222268581856,8.317566283444228e-06
28,159220,0.0007705039897700772,8.317366412367404e-06
28,159230,0.0007755928440019488,8.317166531820833e-06
28,159240,0.0007636863723746502,8.316966641805084e-06
28,159250,0.0007742473273538053,8.316766742320724e-06
28,159260,0.0007623328157933429,8.316566833368325e-06
28,159270,0.0007796107791364193,8.316366914948458e-06
28,159280,0.00076890972268302,8.316166987061697e-06
28,159290,0.000782301725121215,8.315967049708606e-06
28,159300,0.0007718456268776207,8.315767102889755e-06
28,159310,0.0007645117992069573,8.315567146605721e-06
28,159320,0.0007628611812833697,8.315367180857077e-06
28,159330,0.0007687379402341321,8.315167205644386e-06
28,159340,0.000770188367459923,8.314967220968223e-06
28,159350,0.0007686646975344047,8.314767226829162e-06
28,159360,0.000773010189004708,8.314567223227764e-06
28,159370,0.0007597636664286256,8.314367210164608e-06
28,159380,0.0007718422872130758,8.31416718764026e-06
28,159390,0.0007658944799914026,8.3139671556553e-06
28,159400,0.0007734322294709273,8.31376711421029e-06
28,159410,0.0007647541715414263,8.313567063305805e-06
28,159420,0.0007686835175263696,8.313367002942415e-06
28,159430,0.0007789945579133928,8.313166933120687e-06
28,159440,0.0007670546372537501,8.3129668538412e-06
28,159450,0.0007672901003388688,8.312766765104522e-06
28,159460,0.0007616934177349322,8.312566666911224e-06
28,159470,0.0007737691208603792,8.312366559261874e-06
28,159480,0.0007749907104880548,8.312166442157048e-06
28,159490,0.000768534505914431,8.311966315597313e-06
28,159500,0.0007722889422439039,8.311766179583247e-06
28,159510,0.0007757106417557225,8.311566034115418e-06
28,159520,0.0007765054513583891,8.311365879194396e-06
28,159530,0.0007714029590715655,8.311165714820749e-06
28,159540,0.0007710035395575687,8.31096554099505e-06
28,159550,0.0007697373293922282,8.310765357717876e-06
28,159560,0.0007682842828216963,8.310565164989796e-06
28,159570,0.0007736747575108892,8.310364962811378e-06
28,159580,0.0007746411647531204,8.310164751183199e-06
28,159590,0.0007636353344423697,8.309964530105824e-06
28,159600,0.0007629686951986514,8.309764299579829e-06
28,159610,0.0007657230627955869,8.309564059605785e-06
28,159620,0.0007704608404310421,8.30936381018426e-06
28,159630,0.000766184319218155,8.309163551315833e-06
28,159640,0.0007853153365431353,8.308963283001068e-06
28,159650,0.0007701034788624383,8.30876300524054e-06
28,159660,0.0007703861992922612,8.30856271803482e-06
28,159670,0.0007784582485328428,8.308362421384479e-06
28,159680,0.000766151794232428,8.308162115290097e-06
28,159690,0.0007609769396367483,8.307961799752236e-06
28,159700,0.0007674574619159103,8.307761474771473e-06
28,159710,0.0007733944090432489,8.307561140348374e-06
28,159720,0.0007695525608141906,8.307360796483513e-06
28,159730,0.0007628806954016909,8.307160443177467e-06
28,159740,0.0007686070894123986,8.306960080430807e-06
28,159750,0.000760716461809352,8.306759708244101e-06
28,159760,0.0007727128351689317,8.306559326617918e-06
28,159770,0.0007592224923428148,8.30635893555284e-06
28,159780,0.0007690459620789624,8.306158535049432e-06
28,159790,0.0007628629027749412,8.305958125108267e-06
28,159800,0.0007613882029545493,8.305757705729918e-06
28,159810,0.0007635115864104592,8.305557276914953e-06
28,159820,0.0007719806788372808,8.30535683866395e-06
28,159830,0.0007709742421866396,8.30515639097748e-06
28,159840,0.0007721058296738192,8.304955933856118e-06
28,159850,0.0007713407583651132,8.304755467300429e-06
28,159860,0.0007665268756682053,8.304554991310989e-06
28,159870,0.0007723839327809401,8.30435450588837e-06
28,159880,0.0007665363664273173,8.304154011033145e-06
28,159890,0.0007643829900189302,8.303953506745886e-06
28,159900,0.0007718542809016072,8.303752993027164e-06
28,159910,0.0007684772965149023,8.303552469877551e-06
28,159920,0.0007642117387149483,8.303351937297623e-06
28,159930,0.0007640019510290586,8.30315139528795e-06
28,159940,0.0007688026395044291,8.302950843849103e-06
28,159950,0.0007712020349572412,8.302750282981654e-06
28,159960,0.0007711553189437836,8.302549712686181e-06
28,159970,0.0007705494630499743,8.302349132963254e-06
28,159980,0.0007696404005400838,8.302148543813439e-06
28,159990,0.0007731294521363452,8.301947945237322e-06
28,160000,0.0007643786448170432,8.301747337235464e-06
28,160010,0.0007665102239116095,8.301546719808444e-06
28,160020,0.0007721218789811245,8.301346092956833e-06
28,160030,0.0007765963775455021,8.301145456681202e-06
28,160040,0.0007697942608501762,8.300944810982126e-06
28,160050,0.0007687933539273217,8.300744155860175e-06
28,160060,0.0007715090367128141,8.30054349131592e-06
28,160070,0.0007652092346688733,8.300342817349942e-06
28,160080,0.0007715437401202508,8.300142133962804e-06
28,160090,0.0007716332343989051,8.299941441155086e-06
28,160100,0.0007740361674223095,8.299740738927361e-06
28,160110,0.0007692647181102074,8.2995400272802e-06
28,160120,0.0007662064468604512,8.299339306214173e-06
28,160130,0.0007730534780421294,8.29913857572986e-06
28,160140,0.0007809785034623929,8.298937835827825e-06
28,160150,0.0007635010275407694,8.298737086508646e-06
28,160160,0.0007654199653188698,8.298536327772894e-06
28,160170,0.0007568227694719099,8.29833555962115e-06
28,160180,0.0007626597711350769,8.29813478205398e-06
28,160190,0.0007734535174677148,8.297933995071952e-06
28,160200,0.0007640495081432165,8.297733198675647e-06
28,160210,0.0007742637972114608,8.297532392865638e-06
28,160220,0.0007644628305570222,8.297331577642495e-06
28,160230,0.0007789049297571183,8.297130753006796e-06
28,160240,0.0007709329685894773,8.296929918959107e-06
28,160250,0.0007814538010279649,8.296729075500008e-06
28,160260,0.0007694512387388386,8.296528222630072e-06
28,160270,0.0007591498128022067,8.296327360349867e-06
28,160280,0.0007680252543650567,8.296126488659973e-06
28,160290,0.0007715228464803658,8.295925607560958e-06
28,160300,0.0007631215747096575,8.295724717053395e-06
28,160310,0.000775633513694629,8.295523817137863e-06
28,160320,0.0007734145547146909,8.295322907814932e-06
28,160330,0.0007796274338033981,8.295121989085176e-06
28,160340,0.0007714807899901644,8.294921060949165e-06
28,160350,0.0007632834764081054,8.294720123407478e-06
28,160360,0.0007674875334487297,8.294519176460687e-06
28,160370,0.000774916587397456,8.294318220109367e-06
28,160380,0.0007679197282413953,8.294117254354088e-06
28,160390,0.0007636553564225323,8.293916279195425e-06
28,160400,0.000767909390560817,8.293715294633954e-06
28,160410,0.000766098580788821,8.293514300670245e-06
28,160420,0.0007644309444003738,8.293313297304876e-06
28,160430,0.0007665267519769258,8.293112284538416e-06
28,160440,0.0007708869277848862,8.292911262371445e-06
28,160450,0.0007640519077540376,8.292710230804532e-06
28,160460,0.0007631718573975377,8.292509189838253e-06
28,160470,0.0007689465681323781,8.292308139473179e-06
28,160480,0.0007638612732989714,8.292107079709885e-06
28,160490,0.0007732948419288732,8.291906010548949e-06
28,160500,0.000765691979904659,8.29170493199094e-06
28,160510,0.000767064798856154,8.291503844036433e-06
28,160520,0.0007719221655861475,8.291302746686e-06
28,160530,0.000769510907412041,8.29110163994022e-06
28,160540,0.0007626008402439766,8.290900523799666e-06
28,160550,0.0007631512766238302,8.29069939826491e-06
28,160560,0.000765833277546335,8.290498263336529e-06
28,160570,0.0007771416334435342,8.290297119015094e-06
28,160580,0.0007761183675029314,8.29009596530118e-06
28,160590,0.0007691083228564821,8.289894802195362e-06
28,160600,0.0007594932743813841,8.289693629698215e-06
28,160610,0.0007782117580063642,8.289492447810314e-06
28,160620,0.0007719529399764723,8.289291256532231e-06
28,160630,0.0007749659358523786,8.289090055864536e-06
28,160640,0.000773872972058598,8.28888884580781e-06
28,160650,0.0007676489680306987,8.288687626362625e-06
28,160660,0.000769333730568178,8.288486397529559e-06
28,160670,0.0007707287470111624,8.288285159309183e-06
28,160680,0.0007669185171835125,8.28808391170207e-06
28,160690,0.0007699893962126226,8.287882654708797e-06
28,160700,0.0007724409355432727,8.287681388329939e-06
28,160710,0.0007682022711378522,8.28748011256607e-06
28,160720,0.0007648096274351701,8.287278827417762e-06
28,160730,0.0007732183366897516,8.287077532885592e-06
28,160740,0.0007751475233817473,8.286876228970136e-06
28,160750,0.0007740652697975747,8.286674915671968e-06
28,160760,0.000769131220295094,8.28647359299166e-06
28,160770,0.0007820730592356995,8.286272260929784e-06
28,160780,0.0007731301622698084,8.286070919486922e-06
28,160790,0.0007827585010090843,8.285869568663645e-06
28,160800,0.0007630846637766809,8.28566820846053e-06
28,160810,0.0007652557935216465,8.28546683887815e-06
28,160820,0.0007775715086609126,8.285265459917079e-06
28,160830,0.0007776715938234702,8.28506407157789e-06
28,160840,0.0007820833649020642,8.28486267386116e-06
28,160850,0.0007681149640120567,8.284661266767469e-06
28,160860,0.0007721262503764592,8.284459850297385e-06
28,160870,0.0007649338163901121,8.284258424451486e-06
28,160880,0.0007612717352458277,8.284056989230345e-06
28,160890,0.0007747261741315014,8.28385554463454e-06
28,160900,0.0007812080075382255,8.283654090664647e-06
28,160910,0.0007691830978728831,8.283452627321235e-06
28,160920,0.0007734289029031061,8.283251154604884e-06
28,160930,0.0007650180588825606,8.283049672516168e-06
28,160940,0.0007678751324419863,8.282848181055667e-06
28,160950,0.0007725568430032581,8.282646680223945e-06
28,160960,0.0007698668225202709,8.282445170021586e-06
28,160970,0.0007648992890608497,8.282243650449161e-06
28,160980,0.0007762285458738916,8.282042121507249e-06
28,160990,0.000766823823505547,8.281840583196423e-06
28,161000,0.000767344499763567,8.28163903551726e-06
28,161010,0.0007540218546637333,8.28143747847033e-06
28,161020,0.0007658551025087946,8.281235912056211e-06
28,161030,0.0007659928684006445,8.281034336275479e-06
28,161040,0.0007598343785502948,8.280832751128712e-06
28,161050,0.0007689435864449477,8.280631156616488e-06
28,161060,0.0007708302000537515,8.280429552739375e-06
28,161070,0.0007763886314933188,8.280227939497953e-06
28,161080,0.0007743280846625566,8.280026316892793e-06
28,161090,0.0007693237625062465,8.279824684924472e-06
28,161100,0.0007662459218408913,8.279623043593568e-06
28,161110,0.0007690429876674897,8.279421392900659e-06
28,161120,0.0007791522089974024,8.279219732846318e-06
28,161130,0.0007648197846719995,8.279018063431115e-06
28,161140,0.0007741182300378569,8.278816384655634e-06
28,161150,0.0007666968085686676,8.278614696520445e-06
28,161160,0.0007696839864365756,8.278412999026126e-06
28,161170,0.0007606939238030463,8.278211292173254e-06
28,161180,0.0007621813289006241,8.278009575962405e-06
28,161190,0.0007750764707452618,8.277807850394152e-06
28,161200,0.0007664073462365196,8.277606115469075e-06
28,161210,0.0007767031551338732,8.277404371187744e-06
28,161220,0.0007671074257814326,8.277202617550739e-06
28,161230,0.0007706087184487842,8.277000854558636e-06
28,161240,0.0007735982595477253,8.276799082212007e-06
28,161250,0.0007676552515476941,8.276597300511431e-06
28,161260,0.0007689412843319587,8.276395509457484e-06
28,161270,0.0007730624376563356,8.27619370905074e-06
28,161280,0.0007709987956332043,8.275991899291782e-06
28,161290,0.0007607133578858338,8.275790080181181e-06
28,161300,0.0007744629969238303,8.275588251719513e-06
28,161310,0.0007774762590997852,8.275386413907353e-06
28,161320,0.0007712420148891397,8.27518456674528e-06
28,161330,0.0007735958919511178,8.274982710233869e-06
28,161340,0.0007647057413123548,8.274780844373695e-06
28,161350,0.0007670008912100455,8.274578969165336e-06
28,161360,0.0007630610649357549,8.274377084609368e-06
28,161370,0.0007676902023376897,8.274175190706366e-06
28,161380,0.0007669646642170847,8.273973287456907e-06
28,161390,0.0007766730384901167,8.273771374861567e-06
28,161400,0.0007649076884263196,8.273569452920924e-06
28,161410,0.000758696545381099,8.27336752163555e-06
28,161420,0.0007695586944464594,8.27316558100603e-06
28,161430,0.0007624411344295367,8.272963631032931e-06
28,161440,0.0007646480808034539,8.272761671716836e-06
28,161450,0.0007692052211496048,8.272559703058316e-06
28,161460,0.0007661783471121453,8.272357725057956e-06
28,161470,0.0007761287401081064,8.27215573771632e-06
28,161480,0.000775437151605729,8.271953741033997e-06
28,161490,0.0007734864237136207,8.271751735011558e-06
28,161500,0.0007662212461582384,8.271549719649581e-06
28,161510,0.0007779028281220234,8.271347694948639e-06
28,161520,0.0007784867208101787,8.271145660909313e-06
28,161530,0.0007657558322534896,8.270943617532179e-06
28,161540,0.000773293494421523,8.270741564817811e-06
28,161550,0.0007655953973880968,8.27053950276679e-06
28,161560,0.0007595381641294808,8.27033743137969e-06
28,161570,0.0007737773979897611,8.270135350657091e-06
28,161580,0.0007708235207246616,8.269933260599565e-06
28,161590,0.0007705791882472112,8.269731161207691e-06
28,161600,0.000772278146177996,8.269529052482045e-06
28,161610,0.0007634286943357439,8.269326934423205e-06
28,161620,0.0007725229123025201,8.26912480703175e-06
28,161630,0.0007679951246245763,8.268922670308252e-06
28,161640,0.0007755378712317907,8.268720524253293e-06
28,161650,0.0007688506957492791,8.268518368867446e-06
28,161660,0.0007657387279323303,8.26831620415129e-06
28,161670,0.0007708279154030605,8.268114030105402e-06
28,161680,0.0007669785132748075,8.267911846730361e-06
28,161690,0.0007627038037753665,8.267709654026741e-06
28,161700,0.0007662598422029987,8.267507451995125e-06
28,161710,0.0007799487735610455,8.267305240636082e-06
28,161720,0.0007703824856434949,8.267103019950195e-06
28,161730,0.0007727045391220599,8.266900789938036e-06
28,161740,0.0007686837736400776,8.266698550600187e-06
28,161750,0.0007689426696742885,8.266496301937227e-06
28,161760,0.00076881070563104,8.266294043949729e-06
28,161770,0.0007707524229772389,8.26609177663827e-06
28,161780,0.0007659090581000783,8.26588950000343e-06
28,161790,0.0007709377532592043,8.265687214045784e-06
28,161800,0.0007662041505682283,8.265484918765913e-06
28,161810,0.0007652671833056956,8.26528261416439e-06
28,161820,0.0007686581302550621,8.265080300241794e-06
28,161830,0.0007668301448575221,8.264877976998708e-06
28,161840,0.000757567014079541,8.264675644435701e-06
28,161850,0.0007661278868908994,8.264473302553355e-06
28,161860,0.0007692952363868244,8.264270951352247e-06
28,161870,0.0007729344913968817,8.264068590832955e-06
28,161880,0.0007679555710637942,8.263866220996055e-06
28,161890,0.0007670094710192643,8.263663841842127e-06
28,161900,0.0007728266820777207,8.26346145337175e-06
28,161910,0.0007743289912468754,8.263259055585498e-06
28,161920,0.0007654748304048553,8.263056648483949e-06
28,161930,0.0007711386715527624,8.262854232067682e-06
28,161940,0.0007680013790377417,8.262651806337279e-06
28,161950,0.0007700281232246198,8.262449371293311e-06
28,161960,0.0007757187690003776,8.26224692693636e-06
28,161970,0.0007695457752561197,8.262044473267003e-06
28,161980,0.0007686060387641191,8.261842010285817e-06
28,161990,0.000764736274140887,8.261639537993377e-06
28,162000,0.0007631408312590793,8.261437056390268e-06
28,162010,0.0007727816089754924,8.26123456547706e-06
28,162020,0.0007715625033597462,8.261032065254338e-06
28,162030,0.0007708883538725785,8.260829555722677e-06
28,162040,0.0007674210457480513,8.26062703688266e-06
28,162050,0.0007613151508849114,8.26042450873486e-06
28,162060,0.0007642219279659912,8.260221971279853e-06
28,162070,0.0007646834390470758,8.26001942451822e-06
28,162080,0.0007706407617661172,8.259816868450538e-06
28,162090,0.0007703317984123713,8.25961430307739e-06
28,162100,0.0007676824956433847,8.259411728399348e-06
28,162110,0.000766766544256825,8.259209144416992e-06
28,162120,0.0007727460964815691,8.259006551130903e-06
28,162130,0.0007816856465069578,8.258803948541656e-06
28,162140,0.0007674355307244695,8.258601336649833e-06
28,162150,0.0007731879202765412,8.258398715456006e-06
28,162160,0.0007710794408922084,8.258196084960761e-06
28,162170,0.0007814805270754733,8.257993445164673e-06
28,162180,0.0007709252837230452,8.257790796068318e-06
28,162190,0.0007678315843804739,8.257588137672279e-06
28,162200,0.000769796389795374,8.257385469977134e-06
28,162210,0.0007673025553231127,8.25718279298346e-06
28,162220,0.0007630505409906618,8.256980106691834e-06
28,162230,0.0007722024383838288,8.256777411102834e-06
28,162240,0.0007614212183398194,8.256574706217044e-06
28,162250,0.0007592608555569314,8.256371992035037e-06
28,162260,0.0007712015227298251,8.256169268557396e-06
28,162270,0.0007744360671495087,8.255966535784701e-06
28,162280,0.0007713413462624884,8.255763793717526e-06
28,162290,0.0007657589798327536,8.255561042356448e-06
28,162300,0.0007693538020248525,8.25535828170205e-06
28,162310,0.0007647713951882906,8.25515551175491e-06
28,162320,0.0007664674674742855,8.254952732515607e-06
28,162330,0.0007696625412791036,8.254749943984721e-06
28,162340,0.000771282345522195,8.254547146162829e-06
28,162350,0.0007661757394089363,8.254344339050511e-06
28,162360,0.0007707086377195082,8.254141522648344e-06
28,162370,0.0007665871147764846,8.253938696956908e-06
28,162380,0.0007669721642741934,8.25373586197678e-06
28,162390,0.0007608510743011721,8.253533017708545e-06
28,162400,0.0007729132528766058,8.25333016415278e-06
28,162410,0.0007697631954215467,8.25312730131006e-06
28,162420,0.0007646858502994291,8.252924429180963e-06
28,162430,0.0007676607478060759,8.252721547766074e-06
28,162440,0.0007694462896324694,8.25251865706597e-06
28,162450,0.0007644788725883699,8.25231575708123e-06
28,162460,0.000775402766885236,8.252112847812434e-06
28,162470,0.0007666648700251244,8.251909929260157e-06
28,162480,0.0007716417836491019,8.251707001424986e-06
28,162490,0.0007677281901123933,8.251504064307492e-06
28,162500,0.0007733369173365645,8.25130111790826e-06
28,162510,0.0007686231707339174,8.251098162227866e-06
28,162520,0.0007673858723137527,8.250895197266891e-06
28,162530,0.0007626501261256634,8.250692223025915e-06
28,162540,0.0007694203566643409,8.250489239505515e-06
28,162550,0.0007708257035119459,8.25028624670627e-06
28,162560,0.0007639420407940633,8.250083244628766e-06
28,162570,0.0007657574096811004,8.249880233273577e-06
28,162580,0.0007669256185181439,8.249677212641284e-06
28,162590,0.0007637861606781372,8.249474182732466e-06
28,162600,0.0007714221923379228,8.249271143547702e-06
28,162610,0.0007633726898347958,8.249068095087573e-06
28,162620,0.0007745106791844592,8.248865037352658e-06
28,162630,0.0007607076709973626,8.248661970343534e-06
28,162640,0.0007771518037770874,8.248458894060785e-06
28,162650,0.0007734589526080526,8.248255808504985e-06
28,162660,0.000762869356549345,8.248052713676719e-06
28,162670,0.0007653407330508344,8.24784960957657e-06
28,162680,0.0007752765901386738,8.24764649620511e-06
28,162690,0.0007692705432418734,8.247443373562922e-06
28,162700,0.0007710001184022986,8.247240241650586e-06
28,162710,0.0007674016276723705,8.24703710046868e-06
28,162720,0.0007674380220123566,8.246833950017785e-06
28,162730,0.0007753025536658242,8.246630790298486e-06
28,162740,0.0007687668214202858,8.246427621311355e-06
28,162750,0.0007618885327246971,8.246224443056978e-06
28,162760,0.0007692198749282397,8.246021255535931e-06
28,162770,0.0007687162578804418,8.245818058748795e-06
28,162780,0.0007683329982683062,8.245614852696148e-06
28,162790,0.0007725125062279404,8.245411637378575e-06
28,162800,0.0007716167747275904,8.245208412796654e-06
28,162810,0.0007786356989527122,8.245005178950969e-06
28,162820,0.0007744028451270423,8.24480193584209e-06
28,162830,0.0007733846476185135,8.244598683470602e-06
28,162840,0.0007625961719895713,8.24439542183709e-06
28,162850,0.0007642930504516698,8.24419215094213e-06
28,162860,0.0007728911019512452,8.243988870786299e-06
28,162870,0.0007585192637634463,8.243785581370182e-06
28,162880,0.0007692821571254171,8.243582282694359e-06
28,162890,0.0007704367555561476,8.24337897475941e-06
28,162900,0.0007791049181832932,8.243175657565913e-06
28,162910,0.0007700456189922988,8.242972331114453e-06
28,162920,0.0007745522641926073,8.242768995405605e-06
28,162930,0.0007557774370070547,8.242565650439955e-06
28,162940,0.0007723340400843881,8.242362296218078e-06
28,162950,0.0007686704484513029,8.242158932740561e-06
28,162960,0.0007701954920776189,8.241955560007976e-06
28,162970,0.0007698077999521047,8.241752178020911e-06
28,162980,0.0007738689208053984,8.241548786779945e-06
28,162990,0.000766046071657911,8.241345386285655e-06
28,163000,0.0007672944921068847,8.241141976538624e-06
28,163010,0.0007653118023881689,8.240938557539432e-06
28,163020,0.0007570695146569052,8.240735129288657e-06
28,163030,0.0007645203018910251,8.24053169178689e-06
28,163040,0.0007651488689589314,8.240328245034703e-06
28,163050,0.0007709337631240488,8.24012478903268e-06
28,163060,0.0007682755953283049,8.239921323781398e-06
28,163070,0.0007703962168307043,8.239717849281437e-06
28,163080,0.0007736007959465497,8.239514365533387e-06
28,163090,0.0007755404498311691,8.239310872537819e-06
28,163100,0.0007646433892659842,8.239107370295321e-06
28,163110,0.0007719379864283838,8.238903858806471e-06
28,163120,0.0007712960243225098,8.238700338071848e-06
28,163130,0.0007607134655700065,8.238496808092037e-06
28,163140,0.0007767224655253812,8.238293268867615e-06
28,163150,0.0007801541112712584,8.238089720399163e-06
28,163160,0.0007704211777308956,8.237886162687263e-06
28,163170,0.0007689106423640624,8.237682595732495e-06
28,163180,0.0007678585869143718,8.237479019535442e-06
28,163190,0.0007627928265719674,8.237275434096686e-06
28,163200,0.0007723511007498018,8.23707183941681e-06
28,163210,0.00076882532594027,8.236868235496391e-06
28,163220,0.0007648847240488976,8.236664622336011e-06
28,163230,0.0007739130800473504,8.236460999936254e-06
28,163240,0.0007805068205925636,8.236257368297696e-06
28,163250,0.0007694530184380711,8.236053727420926e-06
28,163260,0.0007634162087924779,8.235850077306515e-06
28,163270,0.0007728241907898336,8.235646417955052e-06
28,163280,0.00077112915168982,8.23544274936712e-06
28,163290,0.0007589981250930579,8.235239071543295e-06
28,163300,0.0007682605471927672,8.235035384484161e-06
28,163310,0.0007651380816241726,8.234831688190295e-06
28,163320,0.0007609169828356245,8.23462798266228e-06
28,163330,0.0007610744971316308,8.234424267900701e-06
28,163340,0.0007776234720950015,8.23422054390614e-06
28,163350,0.0007811459217919037,8.234016810679172e-06
28,163360,0.0007579680765047671,8.233813068220387e-06
28,163370,0.0007595654737087899,8.233609316530363e-06
28,163380,0.000764242086734157,8.233405555609681e-06
28,163390,0.0007640929150511511,8.233201785458923e-06
28,163400,0.0007639479939825833,8.232998006078668e-06
28,163410,0.0007627618499100208,8.232794217469504e-06
28,163420,0.0007628461302374489,8.232590419632008e-06
28,163430,0.0007697490189457312,8.232386612566761e-06
28,163440,0.0007750279590254649,8.23218279627435e-06
28,163450,0.0007831957744201645,8.231978970755353e-06
28,163460,0.0007630300140590407,8.231775136010355e-06
28,163470,0.0007734527025604621,8.231571292039933e-06
28,163480,0.0007744192465906964,8.231367438844672e-06
28,163490,0.0007712016638834029,8.23116357642515e-06
28,163500,0.0007700122907408514,8.230959704781957e-06
28,163510,0.0007684610769501887,8.230755823915668e-06
28,163520,0.0007659723560209386,8.230551933826865e-06
28,163530,0.0007668661739444361,8.230348034516133e-06
28,163540,0.0007701558541157282,8.230144125984055e-06
28,163550,0.0007775002406560815,8.22994020823121e-06
28,163560,0.0007755277591058985,8.229736281258183e-06
28,163570,0.0007821359904482961,8.229532345065555e-06
28,163580,0.000780814976315014,8.229328399653903e-06
28,163590,0.0007683537740376778,8.229124445023815e-06
28,163600,0.0007737004707450978,8.228920481175871e-06
28,163610,0.0007721064815996216,8.228716508110654e-06
28,163620,0.0007673130457988009,8.228512525828749e-06
28,163630,0.0007790654402924702,8.228308534330737e-06
28,163640,0.0007681766845053062,8.228104533617198e-06
28,163650,0.0007741868394077756,8.227900523688712e-06
28,163660,0.0007707827069680206,8.227696504545868e-06
28,163670,0.0007758845124044456,8.227492476189243e-06
28,163680,0.0007692917672102339,8.227288438619427e-06
28,163690,0.0007660557341296225,8.227084391836993e-06
28,163700,0.0007695880587561987,8.226880335842529e-06
28,163710,0.0007674398075323552,8.226676270636613e-06
28,163720,0.0007671358602237887,8.226472196219827e-06
28,163730,0.0007748294898192398,8.226268112592766e-06
28,163740,0.0007650430867215618,8.226064019756e-06
28,163750,0.0007699747628066689,8.225859917710115e-06
28,163760,0.0007706867312663235,8.225655806455695e-06
28,163770,0.0007757207087706774,8.22545168599332e-06
28,163780,0.0007624996927916072,8.225247556323575e-06
28,163790,0.0007585734565509482,8.225043417447041e-06
28,163800,0.0007741249341052025,8.224839269364305e-06
28,163810,0.0007588817170471884,8.224635112075942e-06
28,163820,0.0007725092291366308,8.22443094558254e-06
28,163830,0.0007732687256066128,8.224226769884678e-06
28,163840,0.0007649999155546539,8.224022584982945e-06
28,163850,0.0007636699447175488,8.22381839087792e-06
28,163860,0.0007707913930062205,8.223614187570185e-06
28,163870,0.0007672403982724064,8.223409975060327e-06
28,163880,0.0007673483632970601,8.223205753348928e-06
28,163890,0.0007789495779434219,8.223001522436566e-06
28,163900,0.0007693109306273981,8.222797282323832e-06
28,163910,0.0007713351194979623,8.222593033011302e-06
28,163920,0.0007715830361121334,8.222388774499564e-06
28,163930,0.0007741931709460914,8.222184506789198e-06
28,163940,0.0007777647027978673,8.221980229880785e-06
28,163950,0.000765721318020951,8.221775943774911e-06
28,163960,0.0007606845581904053,8.221571648472158e-06
28,163970,0.0007671340601518751,8.22136734397311e-06
28,163980,0.0007678940586629323,8.221163030278352e-06
28,163990,0.0007659194423467853,8.220958707388463e-06
28,164000,0.0007683800213271752,8.22075437530403e-06
28,164010,0.0007623522091307677,8.220550034025634e-06
28,164020,0.0007687724937568419,8.220345683553864e-06
28,164030,0.0007600116965477355,8.220141323889297e-06
28,164040,0.0007715535059105605,8.219936955032515e-06
28,164050,0.0007662768824957312,8.21973257698411e-06
28,164060,0.0007708507459028625,8.219528189744658e-06
28,164070,0.000764644287119154,8.219323793314744e-06
28,164080,0.0007774263503961265,8.219119387694948e-06
28,164090,0.000766330916667357,8.218914972885862e-06
28,164100,0.0007695624852203764,8.218710548888067e-06
28,164110,0.0007724527269601822,8.21850611570214e-06
28,164120,0.0007886554492870345,8.21830167332867e-06
28,164130,0.0007729983888566495,8.218097221768235e-06
28,164140,0.0007736492552794516,8.217892761021428e-06
28,164150,0.0007677019908442161,8.217688291088827e-06
28,164160,0.0007631842498085461,8.217483811971017e-06
28,164170,0.0007700759451836348,8.217279323668583e-06
28,164180,0.0007683906223974191,8.217074826182105e-06
28,164190,0.0007699807887547649,8.216870319512167e-06
28,164200,0.0007689358564675785,8.216665803659353e-06
28,164210,0.0007676214241655544,8.216461278624253e-06
28,164220,0.0007653878899873234,8.216256744407446e-06
28,164230,0.0007776331520290115,8.216052201009515e-06
28,164240,0.0007691416627494617,8.215847648431043e-06
28,164250,0.0007623324388987384,8.215643086672617e-06
28,164260,0.0007692212515394203,8.21543851573482e-06
28,164270,0.0007666136763873509,8.215233935618239e-06
28,164280,0.0007702638496994041,8.215029346323454e-06
28,164290,0.000767432690190617,8.214824747851051e-06
28,164300,0.0007627022845554166,8.214620140201609e-06
28,164310,0.0007750282951747067,8.214415523375717e-06
28,164320,0.0007698843532125465,8.21421089737396e-06
28,164330,0.0007744094866211527,8.214006262196917e-06
28,164340,0.0007604637808981351,8.213801617845173e-06
28,164350,0.0007656616609892808,8.213596964319317e-06
28,164360,0.0007741640016320162,8.213392301619933e-06
28,164370,0.000767634493240621,8.213187629747601e-06
28,164380,0.0007686095690587535,8.212982948702906e-06
28,164390,0.000766207932610996,8.212778258486436e-06
28,164400,0.0007698282337514683,8.21257355909877e-06
28,164410,0.0007711978585575707,8.212368850540496e-06
28,164420,0.0007708453369559721,8.212164132812197e-06
28,164430,0.0007679640882997774,8.211959405914458e-06
28,164440,0.0007714504536124878,8.211754669847865e-06
28,164450,0.0007596910567372107,8.211549924613e-06
28,164460,0.0007650635074242018,8.211345170210446e-06
28,164470,0.0007694686151808127,8.211140406640792e-06
28,164480,0.0007652422660612501,8.210935633904616e-06
28,164490,0.0007681633200263604,8.210730852002513e-06
28,164500,0.0007714784180279822,8.210526060935057e-06
28,164510,0.0007685713368118741,8.210321260702839e-06
28,164520,0.0007686136232223362,8.210116451306439e-06
28,164530,0.0007722171663772315,8.209911632746445e-06
28,164540,0.0007681112809223122,8.209706805023442e-06
28,164550,0.0007631116473930888,8.209501968138014e-06
28,164560,0.0007655693625565618,8.209297122090742e-06
28,164570,0.0007671881699934601,8.209092266882218e-06
28,164580,0.0007664633085369132,8.208887402513023e-06
28,164590,0.0007764735230011866,8.208682528983738e-06
28,164600,0.0007807480244082399,8.208477646294956e-06
28,164610,0.0007668355596251784,8.208272754447253e-06
28,164620,0.00078081535466481,8.208067853441224e-06
28,164630,0.0007639270988875069,8.207862943277445e-06
28,164640,0.0007635326983290723,8.207658023956504e-06
28,164650,0.0007621683151228353,8.207453095478984e-06
28,164660,0.0007696901928284205,8.207248157845475e-06
28,164670,0.0007725165225565434,8.207043211056555e-06
28,164680,0.0007628913663211279,8.206838255112813e-06
28,164690,0.000775964955391828,8.206633290014834e-06
28,164700,0.0007684961965424009,8.206428315763207e-06
28,164710,0.0007724450770183466,8.206223332358512e-06
28,164720,0.0007664379663765429,8.206018339801333e-06
28,164730,0.0007680242313654162,8.205813338092263e-06
28,164740,0.0007651334395632148,8.205608327231882e-06
28,164750,0.0007695144813624211,8.205403307220772e-06
28,164760,0.0007611772423842921,8.20519827805952e-06
28,164770,0.000764964078553021,8.204993239748718e-06
28,164780,0.0007767533083097079,8.20478819228894e-06
28,164790,0.0007749236028757878,8.204583135680776e-06
28,164800,0.0007740333952824585,8.204378069924815e-06
28,164810,0.0007725127492449246,8.204172995021641e-06
28,164820,0.0007654539673239924,8.203967910971839e-06
28,164830,0.0007661685289349407,8.203762817775993e-06
28,164840,0.0007644143712241203,8.20355771543469e-06
28,164850,0.0007618301009642891,8.203352603948512e-06
28,164860,0.0007651218184037134,8.20314748331805e-06
28,164870,0.0007600387063575909,8.202942353543887e-06
28,164880,0.0007693376930546947,8.202737214626605e-06
28,164890,0.0007791447365889325,8.202532066566792e-06
28,164900,0.0007737248917692341,8.20232690936504e-06
28,164910,0.0007741755354800261,8.202121743021926e-06
28,164920,0.0007727729724138043,8.20191656753804e-06
28,validation,0.0007584498962387443,8.20191656753804e-06
29,164930,0.0007774228302878327,8.201711382913966e-06
29,164940,0.0007642730095540174,8.201506189150288e-06
29,164950,0.0007649486942682415,8.201300986247592e-06
29,164960,0.0007671825573197567,8.201095774206467e-06
29,164970,0.0007737945896224118,8.2008905530275e-06
29,164980,0.0007663726908504031,8.200685322711274e-06
29,164990,0.0007662107513169759,8.200480083258376e-06
29,165000,0.0007596142269903794,8.20027483466939e-06
29,165010,0.0007646169950021432,8.200069576944904e-06
29,165020,0.0007671746716368943,8.199864310085502e-06
29,165030,0.0007769329007714987,8.19965903409177e-06
29,165040,0.0007713316750596278,8.199453748964292e-06
29,165050,0.0007661111638299189,8.199248454703662e-06
29,165060,0.0007734714439720848,8.19904315131046e-06
29,165070,0.0007762837369227782,8.19883783878527e-06
29,165080,0.00076679868507199,8.198632517128682e-06
29,165090,0.0007663055395823903,8.198427186341283e-06
29,165100,0.0007636647584149614,8.198221846423654e-06
29,165110,0.0007710650155786424,8.198016497376387e-06
29,165120,0.0007675138404010795,8.197811139200066e-06
29,165130,0.0007676128443563357,8.197605771895277e-06
29,165140,0.0007698632922256366,8.197400395462604e-06
29,165150,0.000775082578184083,8.197195009902638e-06
29,165160,0.0007706343327299692,8.196989615215962e-06
29,165170,0.0007696214277530089,8.196784211403163e-06
29,165180,0.0007653702297830023,8.196578798464829e-06
29,165190,0.0007661359079065733,8.196373376401543e-06
29,165200,0.0007741667490336114,8.196167945213894e-06
29,165210,0.0007646791316801682,8.195962504902466e-06
29,165220,0.0007782377753756008,8.195757055467847e-06
29,165230,0.0007686579396249725,8.195551596910622e-06
29,165240,0.0007755979138892144,8.195346129231383e-06
29,165250,0.0007722601818386466,8.19514065243071e-06
29,165260,0.0007739026288618333,8.194935166509192e-06
29,165270,0.00077940245391801,8.194729671467416e-06
29,165280,0.0007634783964022063,8.19452416730597e-06
29,165290,0.0007686707976972684,8.194318654025433e-06
29,165300,0.0007649471153854392,8.194113131626402e-06
29,165310,0.0007650377534446307,8.193907600109459e-06
29,165320,0.0007705701355007477,8.193702059475192e-06
29,165330,0.0007709985686233267,8.193496509724183e-06
29,165340,0.0007684998272452503,8.193290950857027e-06
29,165350,0.0007659948751097545,8.193085382874305e-06
29,165360,0.0007580813704407774,8.192879805776603e-06
29,165370,0.0007621585798915475,8.19267421956451e-06
29,165380,0.0007699837355175987,8.192468624238614e-06
29,165390,0.00076996183488518,8.192263019799503e-06
29,165400,0.0007655077657545916,8.192057406247762e-06
29,165410,0.0007715568441199138,8.191851783583974e-06
29,165420,0.0007635855072294362,8.191646151808733e-06
29,165430,0.000763227189600002,8.191440510922619e-06
29,165440,0.0007819683494744822,8.191234860926222e-06
29,165450,0.0007718329565250316,8.191029201820127e-06
29,165460,0.0007658697213628329,8.190823533604926e-06
29,165470,0.0007714785577263683,8.190617856281204e-06
29,165480,0.0007699510577367618,8.190412169849547e-06
29,165490,0.0007839169978979043,8.190206474310546e-06
29,165500,0.0007721023488556967,8.19000076966478e-06
29,165510,0.0007778317507472819,8.189795055912843e-06
29,165520,0.000770236479002051,8.189589333055325e-06
29,165530,0.0007678578520426526,8.189383601092804e-06
29,165540,0.0007654483197256923,8.189177860025875e-06
29,165550,0.0007722110996837728,8.18897210985512e-06
29,165560,0.000766852096421644,8.188766350581127e-06
29,165570,0.0007650558356544934,8.188560582204487e-06
29,165580,0.0007692803366808221,8.188354804725788e-06
29,165590,0.0007734302897006273,8.188149018145612e-06
29,165600,0.0007668454069062135,8.187943222464555e-06
29,165610,0.0007731465273536741,8.187737417683194e-06
29,165620,0.0007690349011681974,8.187531603802123e-06
29,165630,0.0007653065025806427,8.187325780821924e-06
29,165640,0.0007669935439480469,8.187119948743188e-06
29,165650,0.0007750668344669975,8.186914107566507e-06
29,165660,0.0007675991771975533,8.186708257292462e-06
29,165670,0.0007738013096968644,8.186502397921643e-06
29,165680,0.0007615068228915335,8.186296529454636e-06
29,165690,0.0007639906092663296,8.186090651892035e-06
29,165700,0.0007575754760182463,8.18588476523442e-06
29,165710,0.0007640372743480839,8.185678869482383e-06
29,165720,0.0007770273776259273,8.185472964636511e-06
29,165730,0.0007658970047486947,8.185267050697393e-06
29,165740,0.0007669907514355145,8.185061127665613e-06
29,165750,0.0007662916468689218,8.184855195541758e-06
29,165760,0.0007695400374359451,8.184649254326425e-06
29,165770,0.0007685446413233876,8.184443304020193e-06
29,165780,0.0007704810122959316,8.18423734462365e-06
29,165790,0.0007606538609252311,8.184031376137389e-06
29,165800,0.0007728715354460292,8.183825398561993e-06
29,165810,0.0007617149371071717,8.183619411898057e-06
29,165820,0.0007723663220531307,8.183413416146165e-06
29,165830,0.0007752104720566422,8.183207411306903e-06
29,165840,0.0007706169242737814,8.183001397380863e-06
29,165850,0.0007670007486012766,8.182795374368627e-06
29,165860,0.0007771741104079411,8.18258934227079e-06
29,165870,0.0007828849673387594,8.182383301087934e-06
29,165880,0.0007780799016472884,8.182177250820653e-06
29,165890,0.0007701182854361832,8.181971191469529e-06
29,165900,0.0007688305340707302,8.181765123035155e-06
29,165910,0.000770128905423917,8.18155904551812e-06
29,165920,0.0007747643918264657,8.181352958919011e-06
29,165930,0.0007666016157600097,8.181146863238415e-06
29,165940,0.0007720086170593277,8.180940758476917e-06
29,165950,0.0007649333550943993,8.180734644635111e-06
29,165960,0.0007706713280640542,8.180528521713585e-06
29,165970,0.0007718541848589667,8.18032238971292e-06
29,165980,0.0007714151084655896,8.180116248633715e-06
29,165990,0.0007643301782081835,8.179910098476549e-06
29,166000,0.0007721565722022205,8.179703939242018e-06
29,166010,0.0007761520071653649,8.179497770930712e-06
29,166020,0.0007755664104479364,8.179291593543212e-06
29,166030,0.0007701502981944941,8.179085407080106e-06
29,166040,0.0007770007854560391,8.178879211541989e-06
29,166050,0.000764666241593659,8.178673006929446e-06
29,166060,0.00077250407775864,8.178466793243067e-06
29,166070,0.0007721024812781252,8.17826057048344e-06
29,166080,0.0007698682748014106,8.178054338651155e-06
29,166090,0.0007811904346453957,8.177848097746799e-06
29,166100,0.0007727915362920612,8.17764184777096e-06
29,166110,0.000775592880381737,8.177435588724232e-06
29,166120,0.000764534407062456,8.1772293206072e-06
29,166130,0.0007621410375577397,8.177023043420446e-06
29,166140,0.0007713878978393041,8.17681675716457e-06
29,166150,0.0007734861865174026,8.176610461840155e-06
29,166160,0.0007673820218769833,8.17640415744779e-06
29,166170,0.0007625130456290208,8.176197843988067e-06
29,166180,0.0007703897776082159,8.17599152146157e-06
29,166190,0.000767058970814105,8.175785189868894e-06
29,166200,0.000765535946993623,8.175578849210627e-06
29,166210,0.0007719999630353412,8.175372499487353e-06
29,166220,0.0007642079814104365,8.175166140699668e-06
29,166230,0.0007546522218035534,8.174959772848157e-06
29,166240,0.0007650603409274481,8.174753395933408e-06
29,166250,0.0007661289288080298,8.174547009956011e-06
29,166260,0.0007816507379175164,8.174340614916557e-06
29,166270,0.0007673024010728113,8.174134210815633e-06
29,166280,0.0007624187928740866,8.173927797653827e-06
29,166290,0.0007734599988907576,8.173721375431733e-06
29,166300,0.0007736789673799648,8.173514944149937e-06
29,166310,0.0007728458323981613,8.173308503809028e-06
29,166320,0.0007740340792224743,8.173102054409595e-06
29,166330,0.0007726657277089544,8.17289559595223e-06
29,166340,0.0007731688063358889,8.17268912843752e-06
29,166350,0.0007645327539648861,8.172482651866056e-06
29,166360,0.0007705544456257484,8.172276166238423e-06
29,166370,0.0007713559607509524,8.172069671555215e-06
29,166380,0.0007650962143088691,8.171863167817021e-06
29,166390,0.0007656307410798036,8.171656655024434e-06
29,166400,0.0007684630603762343,8.171450133178034e-06
29,166410,0.0007670976323424839,8.17124360227842e-06
29,166420,0.000770697910047602,8.17103706232618e-06
29,166430,0.0007676877867197618,8.1708305133219e-06
29,166440,0.0007711354948696681,8.170623955266167e-06
29,166450,0.0007636847207322716,8.170417388159576e-06
29,166460,0.0007714048479101621,8.170210812002715e-06
29,166470,0.0007684683077968658,8.17000422679617e-06
29,166480,0.0007701150156208313,8.169797632540542e-06
29,166490,0.0007799455343047157,8.169591029236407e-06
29,166500,0.0007758956722682341,8.169384416884365e-06
29,166510,0.0007624161124113015,8.169177795485e-06
29,166520,0.0007678868918446825,8.168971165038906e-06
29,166530,0.0007718710301560349,8.16876452554667e-06
29,166540,0.0007647788064787164,8.168557877008878e-06
29,166550,0.0007663424214115367,8.168351219426128e-06
29,166560,0.0007812490934156814,8.168144552799003e-06
29,166570,0.0007710997830145061,8.1679378771281e-06
29,166580,0.0007740388187812641,8.167731192414001e-06
29,166590,0.0007739683278487064,8.167524498657303e-06
29,166600,0.0007647203499800525,8.167317795858592e-06
29,166610,0.0007704088537138886,8.167111084018462e-06
29,166620,0.0007743416485027409,8.166904363137494e-06
29,166630,0.0007659309427253902,8.16669763321629e-06
29,166640,0.0007655330744455568,8.16649089425543e-06
29,166650,0.0007668047794140875,8.16628414625551e-06
29,166660,0.0007601442033774218,8.166077389217118e-06
29,166670,0.0007610407192260027,8.165870623140845e-06
29,166680,0.0007675879533053376,8.165663848027285e-06
29,166690,0.0007745720446109772,8.165457063877022e-06
29,166700,0.0007676275112316943,8.165250270690647e-06
29,166710,0.000764213624643162,8.165043468468754e-06
29,166720,0.0007749018201138823,8.16483665721193e-06
29,166730,0.0007734453669399954,8.164629836920767e-06
29,166740,0.0007706939621130005,8.164423007595858e-06
29,166750,0.0007724189999862574,8.164216169237789e-06
29,166760,0.0007638045644853264,8.164009321847151e-06
29,166770,0.0007728441371000372,8.16380246542454e-06
29,166780,0.0007686058495892211,8.163595599970539e-06
29,166790,0.0007809342627297155,8.163388725485741e-06
29,166800,0.0007747936571831815,8.163181841970736e-06
29,166810,0.0007608149477164261,8.162974949426114e-06
29,166820,0.000773064921668265,8.162768047852472e-06
29,166830,0.0007679510177695193,8.162561137250392e-06
29,166840,0.000777782397926785,8.16235421762047e-06
29,166850,0.0007683013973291963,8.162147288963297e-06
29,166860,0.0007661229945369996,8.161940351279463e-06
29,166870,0.0007665487748454324,8.161733404569555e-06
29,166880,0.0007682480500079691,8.161526448834166e-06
29,166890,0.0007634447334567084,8.16131948407389e-06
29,166900,0.0007655257621081546,8.161112510289309e-06
29,166910,0.0007732740457868203,8.160905527481022e-06
29,166920,0.0007643724515219219,8.160698535649617e-06
29,166930,0.0007682887080591172,8.160491534795686e-06
29,166940,0.0007676102046389133,8.16028452491982e-06
29,166950,0.0007771105287247337,8.160077506022613e-06
29,166960,0.0007612826084368861,8.159870478104646e-06
29,166970,0.0007699785550357774,8.159663441166519e-06
29,166980,0.0007678201756789349,8.159456395208819e-06
29,166990,0.0007871110254200175,8.159249340232139e-06
29,167000,0.0007696579326875508,8.159042276237069e-06
29,167010,0.000762559640861582,8.1588352032242e-06
29,167020,0.000764744087064173,8.158628121194125e-06
29,167030,0.0007820064332918264,8.158421030147434e-06
29,167040,0.0007664652017410844,8.158213930084716e-06
29,167050,0.0007576658957987092,8.158006821006564e-06
29,167060,0.0007659460607101211,8.15779970291357e-06
29,167070,0.0007693698629736901,8.157592575806326e-06
29,167080,0.000760137487668544,8.15738543968542e-06
29,167090,0.00077600058139069,8.157178294551444e-06
29,167100,0.0007656132846022956,8.15697114040499e-06
29,167110,0.000771459288080223,8.156763977246653e-06
29,167120,0.0007717514046817087,8.15655680507702e-06
29,167130,0.0007681961564230733,8.156349623896684e-06
29,167140,0.0007756504332064652,8.156142433706234e-06
29,167150,0.0007704611038207076,8.155935234506267e-06
29,167160,0.0007692093902733177,8.155728026297365e-06
29,167170,0.0007645882229553535,8.155520809080128e-06
29,167180,0.0007689326128456741,8.155313582855143e-06
29,167190,0.0007637553237145767,8.155106347623005e-06
29,167200,0.0007571490583359263,8.154899103384303e-06
29,167210,0.0007688456753385253,8.15469185013963e-06
29,167220,0.0007623846584465354,8.154484587889577e-06
29,167230,0.0007771162141580135,8.154277316634735e-06
29,167240,0.0007629952728166246,8.154070036375694e-06
29,167250,0.0007707626122282818,8.153862747113052e-06
29,167260,0.0007691708669881336,8.153655448847399e-06
29,167270,0.0007657001799088903,8.153448141579323e-06
29,167280,0.000766619699425064,8.153240825309415e-06
29,167290,0.0007688890807912685,8.15303350003827e-06
29,167300,0.0007612866655108518,8.15282616576648e-06
29,167310,0.000765518624393735,8.152618822494631e-06
29,167320,0.0007685597563977353,8.152411470223322e-06
29,167330,0.0007648520142538473,8.152204108953147e-06
29,167340,0.0007693635619943961,8.15199673868469e-06
29,167350,0.0007747622599708847,8.151789359418552e-06
29,167360,0.0007717881511780433,8.151581971155315e-06
29,167370,0.0007639387345989235,8.151374573895581e-06
29,167380,0.0007776217928039842,8.151167167639935e-06
29,167390,0.0007838639910914935,8.150959752388969e-06
29,167400,0.0007679780683247373,8.150752328143275e-06
29,167410,0.0007688414596486836,8.15054489490345e-06
29,167420,0.0007724804454483092,8.15033745267008e-06
29,167430,0.0007691146427532658,8.150130001443761e-06
29,167440,0.0007682976531214081,8.149922541225086e-06
29,167450,0.000766827879124321,8.149715072014643e-06
29,167460,0.0007642152500920929,8.149507593813027e-06
29,167470,0.0007578302174806595,8.14930010662083e-06
29,167480,0.0007587492451420984,8.14909261043864e-06
29,167490,0.0007557444085250608,8.148885105267057e-06
29,167500,0.0007671710467548109,8.148677591106671e-06
29,167510,0.0007659140057512559,8.148470067958076e-06
29,167520,0.0007616520611918532,8.14826253582186e-06
29,167530,0.0007726222233031877,8.148054994698617e-06
29,167540,0.0007726028197794221,8.147847444588941e-06
29,167550,0.000773523525276687,8.147639885493423e-06
29,167560,0.0007697189095779323,8.147432317412658e-06
29,167570,0.0007630650026840158,8.147224740347233e-06
29,167580,0.0007678067675442435,8.147017154297746e-06
29,167590,0.0007708107877988368,8.146809559264783e-06
29,167600,0.0007679943519178777,8.146601955248942e-06
29,167610,0.0007628078034031204,8.146394342250815e-06
29,167620,0.0007716593871009536,8.146186720270992e-06
29,167630,0.0007628907711477949,8.14597908931007e-06
29,167640,0.0007666099016205407,8.145771449368637e-06
29,167650,0.0007747589217615313,8.145563800447293e-06
29,167660,0.000770478998310864,8.145356142546622e-06
29,167670,0.0007643277014722117,8.145148475667224e-06
29,167680,0.0007779841747833416,8.144940799809688e-06
29,167690,0.0007640828902367502,8.14473311497461e-06
29,167700,0.0007683371004532091,8.144525421162579e-06
29,167710,0.000767449612612836,8.144317718374188e-06
29,167720,0.0007623037032317369,8.14411000661003e-06
29,167730,0.0007718007458606736,8.143902285870703e-06
29,167740,0.0007758456864394248,8.143694556156798e-06
29,167750,0.0007730162411462516,8.143486817468903e-06
29,167760,0.0007633785586222075,8.143279069807615e-06
29,167770,0.0007709593701292761,8.143071313173521e-06
29,167780,0.0007757827435852959,8.142863547567222e-06
29,167790,0.0007701378432102502,8.142655772989309e-06
29,167800,0.0007761205211863853,8.142447989440377e-06
29,167810,0.0007694049025303684,8.142240196921016e-06
29,167820,0.0007698248227825388,8.14203239543182e-06
29,167830,0.000776078616036102,8.141824584973379e-06
29,167840,0.0007657449343241752,8.141616765546286e-06
29,167850,0.0007623329365742393,8.141408937151139e-06
29,167860,0.0007734130165772512,8.141201099788528e-06
29,167870,0.00077433808328351,8.140993253459049e-06
29,167880,0.0007654494693269953,8.14078539816329e-06
29,167890,0.0007716408566921019,8.140577533901856e-06
29,167900,0.0007663100303034298,8.14036966067533e-06
29,167910,0.0007648550075828098,8.140161778484311e-06
29,167920,0.000768774987955112,8.139953887329391e-06
29,167930,0.0007716311534750276,8.13974598721116e-06
29,167940,0.0007663834607228637,8.13953807813021e-06
29,167950,0.0007716555002843962,8.139330160087142e-06
29,167960,0.0007631849308381788,8.139122233082544e-06
29,167970,0.0007737810985418037,8.13891429711701e-06
29,167980,0.000764709507348016,8.138706352191136e-06
29,167990,0.0007631048400071449,8.138498398305515e-06
29,168000,0.000758710531226825,8.138290435460742e-06
29,168010,0.0007642089651199058,8.138082463657402e-06
29,168020,0.0007656478323042393,8.137874482896097e-06
29,168030,0.0007663695781957358,8.13766649317742e-06
29,168040,0.0007725519331870601,8.137458494501963e-06
29,168050,0.0007573120776214637,8.13725048687032e-06
29,168060,0.0007714656356256455,8.137042470283089e-06
29,168070,0.0007675604021642358,8.13683444474086e-06
29,168080,0.0007649742939975113,8.136626410244225e-06
29,168090,0.0007729487755568698,8.13641836679378e-06
29,168100,0.0007715493920841254,8.136210314390116e-06
29,168110,0.0007658882183022797,8.13600225303383e-06
29,168120,0.0007659670431166887,8.13579418272552e-06
29,168130,0.000770599176757969,8.13558610346577e-06
29,168140,0.0007689068486797623,8.13537801525518e-06
29,168150,0.0007659134527784772,8.135169918094348e-06
29,168160,0.000752611961797811,8.13496181198386e-06
29,168170,0.0007622954959515482,8.134753696924311e-06
29,168180,0.0007645191028132104,8.134545572916304e-06
29,168190,0.0007736896659480408,8.134337439960423e-06
29,168200,0.0007766292692394927,8.134129298057267e-06
29,168210,0.0007697278648265638,8.133921147207429e-06
29,168220,0.0007699494366534054,8.133712987411502e-06
29,168230,0.0007679113856283948,8.13350481867008e-06
29,168240,0.0007672842388274149,8.13329664098376e-06
29,168250,0.0007633477638592012,8.133088454353134e-06
29,168260,0.0007669752012589015,8.132880258778796e-06
29,168270,0.0007591654823045247,8.132672054261343e-06
29,168280,0.0007771290285745636,8.132463840801367e-06
29,168290,0.0007709190133027732,8.132255618399466e-06
29,168300,0.0007688828554819338,8.132047387056231e-06
29,168310,0.0007707133845542558,8.131839146772257e-06
29,168320,0.0007667013953323476,8.13163089754814e-06
29,168330,0.0007667711150133982,8.131422639384467e-06
29,168340,0.0007650218540220521,8.131214372281845e-06
29,168350,0.0007606926301377825,8.131006096240858e-06
29,168360,0.0007694485335377977,8.130797811262108e-06
29,168370,0.000766677588399034,8.130589517346185e-06
29,168380,0.0007629278145032004,8.130381214493685e-06
29,168390,0.0007621438970090821,8.1301729027052e-06
29,168400,0.0007667033321922645,8.129964581981325e-06
29,168410,0.000768804911058396,8.129756252322661e-06
29,168420,0.0007780848929542116,8.129547913729795e-06
29,168430,0.0007704559815465472,8.129339566203328e-06
29,168440,0.0007646457059308886,8.129131209743848e-06
29,168450,0.0007736830288195051,8.128922844351959e-06
29,168460,0.0007763286514091306,8.128714470028248e-06
29,168470,0.000757440461893566,8.128506086773313e-06
29,168480,0.0007604925238410942,8.128297694587747e-06
29,168490,0.0007720154098933563,8.128089293472147e-06
29,168500,0.0007679662070586347,8.127880883427101e-06
29,168510,0.0007804324064636603,8.127672464453214e-06
29,168520,0.0007730031153187156,8.127464036551075e-06
29,168530,0.0007700264701270497,8.12725559972128e-06
29,168540,0.0007699509340454824,8.127047153964424e-06
29,168550,0.0007778836865327321,8.126838699281103e-06
29,168560,0.0007686682904022746,8.126630235671911e-06
29,168570,0.0007697458364418708,8.126421763137446e-06
29,168580,0.0007764710098854266,8.1262132816783e-06
29,168590,0.0007632385037140922,8.12600479129507e-06
29,168600,0.0007710360165219753,8.12579629198835e-06
29,168610,0.0007659207680262626,8.125587783758737e-06
29,168620,0.0007768441311782226,8.125379266606826e-06
29,168630,0.000767290752264671,8.125170740533205e-06
29,168640,0.0007723106318735516,8.124962205538478e-06
29,168650,0.0007706926699029282,8.12475366162324e-06
29,168660,0.0007632630877196789,8.12454510878808e-06
29,168670,0.000765106406470295,8.124336547033598e-06
29,168680,0.0007660774048417807,8.124127976360388e-06
29,168690,0.0007629763553268277,8.123919396769047e-06
29,168700,0.0007656751738977619,8.123710808260167e-06
29,168710,0.0007718090797425248,8.123502210834349e-06
29,168720,0.0007768430179567077,8.123293604492181e-06
29,168730,0.0007695276624872349,8.123084989234265e-06
29,168740,0.0007691101811360568,8.122876365061194e-06
29,168750,0.0007640128431376069,8.122667731973566e-06
29,168760,0.0007631285450770519,8.12245908997197e-06
29,168770,0.000765081393183209,8.12225043905701e-06
29,168780,0.000767699012067169,8.122041779229274e-06
29,168790,0.0007653743668925017,8.121833110489362e-06
29,168800,0.0007689943682635202,8.121624432837869e-06
29,168810,0.0007711164449574425,8.121415746275389e-06
29,168820,0.0007703673662035726,8.121207050802522e-06
29,168830,0.0007617599781951867,8.120998346419859e-06
29,168840,0.0007710313526331447,8.120789633127994e-06
29,168850,0.0007648814193089491,8.120580910927528e-06
29,168860,0.0007779015591950156,8.120372179819056e-06
29,168870,0.0007651220832485706,8.120163439803175e-06
29,168880,0.0007749846234219149,8.119954690880475e-06
29,168890,0.0007766448441543616,8.119745933051561e-06
29,168900,0.0007747435214696453,8.119537166317022e-06
29,168910,0.0007681984716327861,8.119328390677454e-06
29,168920,0.0007598098934977316,8.119119606133459e-06
29,168930,0.0007636227033799514,8.118910812685624e-06
29,168940,0.0007655164532479829,8.118702010334552e-06
29,168950,0.0007633340021129698,8.118493199080833e-06
29,168960,0.0007749550451990217,8.118284378925072e-06
29,168970,0.0007760781678371132,8.118075549867856e-06
29,168980,0.0007722362366621383,8.117866711909784e-06
29,168990,0.0007704383751843125,8.117657865051453e-06
29,169000,0.0007718494176515377,8.117449009293461e-06
29,169010,0.0007657136578927748,8.117240144636399e-06
29,169020,0.0007563953811768442,8.117031271080872e-06
29,169030,0.0007611826556967571,8.11682238862747e-06
29,169040,0.00076248496043263,8.116613497276789e-06
29,169050,0.0007793334487359971,8.116404597029428e-06
29,169060,0.0007633534129126929,8.11619568788598e-06
29,169070,0.0007632648223079741,8.115986769847041e-06
29,169080,0.0007761856075376273,8.115777842913213e-06
29,169090,0.0007678241090616211,8.11556890708509e-06
29,169100,0.0007621445678523743,8.115359962363266e-06
29,169110,0.0007792396063450724,8.115151008748338e-06
29,169120,0.0007747541341814213,8.114942046240903e-06
29,169130,0.0007645497084013186,8.11473307484156e-06
29,169140,0.0007742638088529929,8.114524094550902e-06
29,169150,0.0007687228076974862,8.114315105369525e-06
29,169160,0.0007638665891136042,8.114106107298033e-06
29,169170,0.000775752188928891,8.113897100337013e-06
29,169180,0.0007613796304212883,8.11368808448707e-06
29,169190,0.0007757111292448826,8.113479059748791e-06
29,169200,0.0007663413809495978,8.113270026122781e-06
29,169210,0.0007714643841609358,8.113060983609637e-06
29,169220,0.0007588747685076669,8.112851932209948e-06
29,169230,0.0007709232697379776,8.112642871924316e-06
29,169240,0.000769182262592949,8.112433802753335e-06
29,169250,0.0007602248937473633,8.112224724697607e-06
29,169260,0.0007641418822458945,8.112015637757724e-06
29,169270,0.0007681757619138807,8.111806541934282e-06
29,169280,0.0007685040633077732,8.111597437227886e-06
29,169290,0.000773081902298145,8.111388323639125e-06
29,169300,0.0007653301494428889,8.1111792011686e-06
29,169310,0.0007684657452045941,8.110970069816908e-06
29,169320,0.0007648894330486654,8.11076092958464e-06
29,169330,0.0007674441352719441,8.110551780472398e-06
29,169340,0.0007608453233842738,8.11034262248078e-06
29,169350,0.0007659906856133602,8.11013345561038e-06
29,169360,0.0007698380606598221,8.109924279861797e-06
29,169370,0.0007651363135664725,8.109715095235628e-06
29,169380,0.0007654858432943,8.109505901732468e-06
29,169390,0.0007673497064388357,8.109296699352917e-06
29,169400,0.000760143822117243,8.109087488097577e-06
29,169410,0.0007684236217755825,8.108878267967034e-06
29,169420,0.000765270488045644,8.108669038961892e-06
29,169430,0.0007600962358992547,8.108459801082745e-06
29,169440,0.0007718118198681624,8.10825055433019e-06
29,169450,0.0007691355189308525,8.108041298704829e-06
29,169460,0.0007575695504783653,8.107832034207256e-06
29,169470,0.0007733325095614419,8.107622760838068e-06
29,169480,0.0007707371798460371,8.107413478597866e-06
29,169490,0.0007769717223709449,8.107204187487243e-06
29,169500,0.0007607735533383676,8.106994887506801e-06
29,169510,0.0007660939445486292,8.106785578657135e-06
29,169520,0.0007697238048422149,8.10657626093884e-06
29,169530,0.000765503611182794,8.106366934352516e-06
29,169540,0.0007722381938947364,8.106157598898763e-06
29,169550,0.0007672857027500868,8.105948254578174e-06
29,169560,0.0007731204212177545,8.10573890139135e-06
29,169570,0.0007661496289074421,8.105529539338883e-06
29,169580,0.0007713053477345966,8.105320168421378e-06
29,169590,0.0007780172192724422,8.105110788639426e-06
29,169600,0.0007665671349968762,8.104901399993632e-06
29,169610,0.0007641048316145316,8.104692002484585e-06
29,169620,0.0007652014843188228,8.104482596112895e-06
29,169630,0.0007700600195676087,8.10427318087915e-06
29,169640,0.0007671918137930334,8.104063756783953e-06
29,169650,0.0007680843555135652,8.10385432382789e-06
29,169660,0.0007604685102705844,8.103644882011571e-06
29,169670,0.000768374462495558,8.10343543133559e-06
29,169680,0.000766160614148248,8.10322597180055e-06
29,169690,0.0007670194216188974,8.103016503407038e-06
29,169700,0.0007626438964507543,8.102807026155663e-06
29,169710,0.0007699880108702927,8.102597540047014e-06
29,169720,0.0007669448488741182,8.1023880450817e-06
29,169730,0.0007586972962599248,8.102178541260313e-06
29,169740,0.0007685395001317374,8.101969028583445e-06
29,169750,0.0007743356269202195,8.101759507051702e-06
29,169760,0.0007673607440665364,8.10154997666568e-06
29,169770,0.0007672944164369255,8.10134043742598e-06
29,169780,0.0007654409346287139,8.101130889333193e-06
29,169790,0.0007765125279547647,8.100921332387924e-06
29,169800,0.0007668652891879902,8.100711766590766e-06
29,169810,0.000769844464957714,8.100502191942321e-06
29,169820,0.0007770731332129799,8.100292608443188e-06
29,169830,0.0007763311281451024,8.100083016093962e-06
29,169840,0.0007655678040464408,8.099873414895241e-06
29,169850,0.0007675789282075129,8.099663804847623e-06
29,169860,0.0007629382307641208,8.099454185951713e-06
29,169870,0.0007675074564758689,8.099244558208101e-06
29,169880,0.0007720546695054509,8.099034921617388e-06
29,169890,0.0007649800521903671,8.098825276180172e-06
29,169900,0.0007683539210120217,8.098615621897055e-06
29,169910,0.0007676259512663818,8.098405958768635e-06
29,169920,0.0007630858017364517,8.098196286795504e-06
29,169930,0.0007785244219121523,8.097986605978268e-06
29,169940,0.0007706225471338258,8.097776916317525e-06
29,169950,0.000767624212312512,8.097567217813872e-06
29,169960,0.0007703119685174898,8.097357510467904e-06
29,169970,0.0007645424600923433,8.097147794280224e-06
29,169980,0.0007683621864998713,8.096938069251431e-06
29,169990,0.0007764064881484956,8.09672833538212e-06
29,170000,0.0007720796784269623,8.096518592672892e-06
29,170010,0.0007697479595663026,8.096308841124346e-06
29,170020,0.0007799870218150318,8.096099080737082e-06
29,170030,0.0007718839755398222,8.095889311511696e-06
29,170040,0.0007638959912583233,8.095679533448787e-06
29,170050,0.0007666101795621216,8.095469746548955e-06
29,170060,0.0007732085534371436,8.095259950812798e-06
29,170070,0.0007636258713318966,8.095050146240919e-06
29,170080,0.000772609050909523,8.09484033283391e-06
29,170090,0.000769025960471481,8.094630510592373e-06
29,170100,0.00076604021305684,8.094420679516906e-06
29,170110,0.0007672624065889977,8.094210839608112e-06
29,170120,0.000754846990457736,8.094000990866585e-06
29,170130,0.0007602229874464683,8.093791133292927e-06
29,170140,0.0007668587903026491,8.093581266887732e-06
29,170150,0.0007702898365096188,8.093371391651606e-06
29,170160,0.0007662902542506344,8.093161507585148e-06
29,170170,0.0007657963302335702,8.092951614688953e-06
29,170180,0.0007688289784709923,8.09274171296362e-06
29,170190,0.0007658000555238688,8.092531802409753e-06
29,170200,0.000773189088795334,8.092321883027949e-06
29,170210,0.0007661338662728667,8.092111954818803e-06
29,170220,0.0007715821368037723,8.091902017782916e-06
29,170230,0.0007646576428669505,8.091692071920894e-06
29,170240,0.0007603767779073678,8.09148211723333e-06
29,170250,0.0007642464304808527,8.091272153720823e-06
29,170260,0.0007481094493414275,8.091062181383975e-06
29,170270,0.000770082010421902,8.090852200223384e-06
29,170280,0.0007692453989875502,8.090642210239649e-06
29,170290,0.0007665754223125987,8.090432211433371e-06
29,170300,0.0007663559401407838,8.090222203805149e-06
29,170310,0.0007627149985637516,8.09001218735558e-06
29,170320,0.0007803136439179071,8.089802162085267e-06
29,170330,0.0007693753534113057,8.089592127994808e-06
29,170340,0.0007710674341069535,8.089382085084805e-06
29,170350,0.0007585358573123812,8.089172033355853e-06
29,170360,0.0007762259716400876,8.08896197280855e-06
29,170370,0.0007678209236473777,8.088751903443504e-06
29,170380,0.0007713837636401878,8.088541825261311e-06
29,170390,0.0007730763070867396,8.08833173826257e-06
29,170400,0.0007803779022651725,8.088121642447877e-06
29,170410,0.0007695796346524731,8.087911537817838e-06
29,170420,0.0007665145079954528,8.087701424373053e-06
29,170430,0.0007661440773517825,8.087491302114118e-06
29,170440,0.0007670886887353845,8.087281171041628e-06
29,170450,0.0007744963892037048,8.087071031156194e-06
29,170460,0.0007656079033040442,8.086860882458407e-06
29,170470,0.0007791339288814926,8.086650724948872e-06
29,170480,0.0007672649982850999,8.086440558628189e-06
29,170490,0.0007684601208893582,8.086230383496953e-06
29,170500,0.0007766136739519425,8.086020199555767e-06
29,170510,0.000772672401217278,8.085810006805234e-06
29,170520,0.000759882718557492,8.08559980524595e-06
29,170530,0.0007667783080250955,8.085389594878517e-06
29,170540,0.0007738609216175974,8.085179375703532e-06
29,170550,0.0007686073397053405,8.084969147721597e-06
29,170560,0.0007632178894709796,8.084758910933315e-06
29,170570,0.0007623807832715102,8.08454866533928e-06
29,170580,0.0007676939916564151,8.084338410940102e-06
29,170590,0.0007671014842344448,8.08412814773637e-06
29,170600,0.0007597917356179096,8.083917875728691e-06
29,170610,0.0007600662938784808,8.083707594917664e-06
29,170620,0.0007664301389013416,8.083497305303886e-06
29,170630,0.0007702355753281154,8.083287006887964e-06
29,170640,0.0007679964823182671,8.083076699670492e-06
29,170650,0.0007698886503931134,8.082866383652078e-06
29,170660,0.0007644538869499229,8.082656058833315e-06
29,170670,0.0007625883619766683,8.0824457252148e-06
29,170680,0.000775510228413623,8.08223538279714e-06
29,170690,0.000768419545784127,8.082025031580934e-06
29,170700,0.0007684587180847302,8.081814671566785e-06
29,170710,0.0007707984565058723,8.081604302755291e-06
29,170720,0.0007693664956605063,8.081393925147054e-06
29,170730,0.0007592340771225281,8.081183538742668e-06
29,170740,0.0007661529642064125,8.080973143542742e-06
29,170750,0.0007712468956015073,8.08076273954787e-06
29,170760,0.0007783066845149734,8.080552326758659e-06
29,170770,0.0007658434769837186,8.08034190517571e-06
29,170780,0.0007599877484608442,8.080131474799616e-06
29,170790,0.0007640776442713105,8.079921035630984e-06
29,170800,0.0007655330235138535,8.079710587670412e-06
29,170810,0.0007604286452988162,8.079500130918503e-06
29,validation,0.0007573056791443378,8.079500130918503e-06
30,170820,0.0007658189890207722,8.079289665375858e-06
30,170830,0.0007670973631320522,8.079079191043073e-06
30,170840,0.0007726638548774644,8.078868707920756e-06
30,170850,0.0007629997024196201,8.0786582160095e-06
30,170860,0.0007818540834705345,8.07844771530991e-06
30,170870,0.0007684647658606991,8.078237205822587e-06
30,170880,0.0007639766510692426,8.078026687548133e-06
30,170890,0.0007607655963511207,8.077816160487149e-06
30,170900,0.0007571221227408386,8.077605624640233e-06
30,170910,0.0007703621944529004,8.077395080007987e-06
30,170920,0.000771288237592671,8.07718452659101e-06
30,170930,0.0007708520453888923,8.07697396438991e-06
30,170940,0.0007705404408625327,8.07676339340528e-06
30,170950,0.0007588655178551562,8.076552813637725e-06
30,170960,0.0007794741934048944,8.076342225087843e-06
30,170970,0.0007675403612665832,8.076131627756241e-06
30,170980,0.0007684196316404268,8.075921021643517e-06
30,170990,0.0007656118148588576,8.075710406750268e-06
30,171000,0.0007612234796397388,8.075499783077101e-06
30,171010,0.0007726615236606449,8.075289150624617e-06
30,171020,0.000773215368099045,8.07507850939342e-06
30,171030,0.000768694916041568,8.074867859384105e-06
30,171040,0.0007677778878132813,8.074657200597275e-06
30,171050,0.0007730456505669281,8.07444653303353e-06
30,171060,0.0007709287281613798,8.074235856693477e-06
30,171070,0.000762913399375975,8.074025171577714e-06
30,171080,0.000767877887119539,8.073814477686837e-06
30,171090,0.0007705917712883093,8.07360377502146e-06
30,171100,0.0007739786728052422,8.073393063582173e-06
