epoch,step,recon_loss,lr
1,10,0.9229568481445312,1.9900000000000002e-07
1,20,0.9221207916736603,2.9799999999999994e-07
1,30,0.9145613178610801,3.969999999999998e-07
1,40,0.9062585517764092,4.959999999999999e-07
1,50,0.8981246322393417,5.949999999999999e-07
1,60,0.8871033251285553,6.939999999999998e-07
1,70,0.8710949301719666,7.93e-07
1,80,0.8571641519665718,8.920000000000001e-07
1,90,0.8379446566104889,9.909999999999995e-07
1,100,0.8151483118534089,1.0899999999999997e-06
1,110,0.7875262022018432,1.1890000000000002e-06
1,120,0.7564631164073944,1.288e-06
1,130,0.7218327850103379,1.3869999999999996e-06
1,140,0.6841548159718513,1.4859999999999994e-06
1,150,0.6449146807193756,1.5849999999999994e-06
1,160,0.6079855889081955,1.6839999999999997e-06
1,170,0.5721144005656242,1.782999999999999e-06
1,180,0.5388915672898292,1.8819999999999987e-06
1,190,0.5055481716990471,1.9809999999999998e-06
1,200,0.47282174080610273,2.079999999999999e-06
1,210,0.44206055253744125,2.179e-06
1,220,0.41021555438637736,2.2779999999999988e-06
1,230,0.3798480436205864,2.3769999999999986e-06
1,240,0.3498824514448643,2.4759999999999984e-06
1,250,0.3208896182477474,2.574999999999998e-06
1,260,0.2945924162864685,2.6739999999999976e-06
1,270,0.2694545216858387,2.772999999999997e-06
1,280,0.24719056449830532,2.871999999999997e-06
1,290,0.22628921680152417,2.9709999999999966e-06
1,300,0.20819625705480577,3.069999999999996e-06
1,310,0.19153432585299016,3.168999999999996e-06
1,320,0.17736967392265796,3.2679999999999952e-06
1,330,0.1656993877142668,3.366999999999995e-06
1,340,0.15529253333806992,3.465999999999996e-06
1,350,0.1465060219168663,3.5649999999999947e-06
1,360,0.1381395235657692,3.6639999999999953e-06
1,370,0.13088023327291012,3.7629999999999956e-06
1,380,0.12540315594524143,3.861999999999997e-06
1,390,0.12048187367618084,3.960999999999998e-06
1,400,0.11503336057066918,4.059999999999999e-06
1,410,0.11025494076311587,4.1589999999999995e-06
1,420,0.10677255783230066,4.258e-06
1,430,0.10268576052039861,4.356999999999998e-06
1,440,0.09940603990107776,4.4559999999999985e-06
1,450,0.09603670910000801,4.555e-06
1,460,0.0936627633869648,4.654e-06
1,470,0.09084284286946058,4.752999999999998e-06
1,480,0.08812771067023277,4.8519999999999995e-06
1,490,0.08494771718978883,4.950999999999998e-06
1,500,0.08344743140041827,5.049999999999999e-06
1,510,0.08086275216192007,5.1489999999999985e-06
1,520,0.07897140607237815,5.247999999999998e-06
1,530,0.07698699571192265,5.346999999999998e-06
1,540,0.07515671849250793,5.446e-06
1,550,0.07308408096432686,5.545e-06
1,560,0.07152884732931852,5.644000000000001e-06
1,570,0.06991761978715658,5.743e-06
1,580,0.0694411987438798,5.842e-06
1,590,0.06788627337664366,5.941000000000001e-06
1,600,0.06585596073418856,6.040000000000001e-06
1,610,0.06377539429813624,6.138999999999999e-06
1,620,0.06289855837821962,6.237999999999999e-06
1,630,0.06180938985198736,6.3370000000000005e-06
1,640,0.06055092038586736,6.4360000000000016e-06
1,650,0.0591584955342114,6.535000000000001e-06
1,660,0.058455609157681464,6.633999999999999e-06
1,670,0.05696912724524736,6.732999999999999e-06
1,680,0.056125952210277316,6.831999999999998e-06
1,690,0.0549602534621954,6.930999999999996e-06
1,700,0.05443108603358269,7.029999999999995e-06
1,710,0.05331703349947929,7.128999999999995e-06
1,720,0.05208550710231066,7.227999999999993e-06
1,730,0.05143100898712873,7.326999999999996e-06
1,740,0.0499213183298707,7.426e-06
1,750,0.04949682056903838,7.525e-06
1,760,0.048788853269070384,7.6239999999999985e-06
1,770,0.047985516116023065,7.723e-06
1,780,0.047301009949296716,7.821999999999999e-06
1,790,0.04690165333449841,7.921e-06
1,800,0.04536313051357865,8.020000000000001e-06
1,810,0.04465935546904802,8.118999999999998e-06
1,820,0.044214746542274946,8.217999999999997e-06
1,830,0.043459771946072576,8.316999999999998e-06
1,840,0.04250500369817019,8.415999999999999e-06
1,850,0.042265070695430035,8.514999999999997e-06
1,860,0.041425971686840056,8.613999999999994e-06
1,870,0.04118305845186114,8.712999999999996e-06
1,880,0.04009288884699345,8.811999999999993e-06
1,890,0.03939214805141092,8.910999999999991e-06
1,900,0.03910435223951936,9.00999999999999e-06
1,910,0.03836608184501529,9.10899999999999e-06
1,920,0.03750401651486754,9.207999999999992e-06
1,930,0.03723464170470833,9.306999999999996e-06
1,940,0.03646791307255626,9.406e-06
1,950,0.03610525606200099,9.505000000000003e-06
1,960,0.03552100621163845,9.604000000000002e-06
1,970,0.03497906113043427,9.703000000000005e-06
1,980,0.03414780050516129,9.802000000000005e-06
1,990,0.033554229000583295,9.901000000000007e-06
1,1000,0.032859636330977084,1e-05
1,1010,0.03273061770014465,9.999999999555183e-06
1,1020,0.03210240048356354,9.999999998220723e-06
1,1030,0.03162574321031571,9.999999995996623e-06
1,1040,0.031405854923650625,9.999999992882884e-06
1,1050,0.030440058978274464,9.999999988879505e-06
1,1060,0.030217275861650704,9.999999983986487e-06
1,1070,0.02958199162967503,9.999999978203829e-06
1,1080,0.029353803442791104,9.999999971531532e-06
1,1090,0.029013514937832947,9.999999963969593e-06
1,1100,0.02848507077433169,9.999999955518016e-06
1,1110,0.027896276488900185,9.9999999461768e-06
1,1120,0.027666435390710828,9.999999935945945e-06
1,1130,0.027085077343508603,9.999999924825447e-06
1,1140,0.026992092607542872,9.999999912815311e-06
1,1150,0.02665437329560518,9.999999899915536e-06
1,1160,0.0258951666764915,9.999999886126121e-06
1,1170,0.02601676220074296,9.999999871447066e-06
1,1180,0.025241929292678832,9.99999985587837e-06
1,1190,0.025445635430514812,9.999999839420037e-06
1,1200,0.024679601890966293,9.999999822072062e-06
1,1210,0.024169194931164387,9.99999980383445e-06
1,1220,0.02409878331236541,9.999999784707197e-06
1,1230,0.02352580293081701,9.999999764690303e-06
1,1240,0.023324129451066256,9.999999743783768e-06
1,1250,0.022777188615873457,9.999999721987597e-06
1,1260,0.022741427877917886,9.999999699301785e-06
1,1270,0.022506132535636426,9.999999675726336e-06
1,1280,0.022099086735397577,9.999999651261246e-06
1,1290,0.021930331084877252,9.999999625906516e-06
1,1300,0.021657869592309,9.999999599662145e-06
1,1310,0.02155339242890477,9.999999572528132e-06
1,1320,0.020902086887508633,9.999999544504483e-06
1,1330,0.02084304932504892,9.999999515591196e-06
1,1340,0.020487977704033256,9.999999485788267e-06
1,1350,0.020283282874152063,9.999999455095698e-06
1,1360,0.020082332612946632,9.99999942351349e-06
1,1370,0.01981964996084571,9.999999391041647e-06
1,1380,0.019475088641047477,9.999999357680158e-06
1,1390,0.019550153706222772,9.999999323429033e-06
1,1400,0.019082417944446206,9.99999928828827e-06
1,1410,0.01872653383761644,9.999999252257865e-06
1,1420,0.01853010677732527,9.999999215337825e-06
1,1430,0.01831413796171546,9.999999177528143e-06
1,1440,0.018016920331865548,9.99999913882882e-06
1,1450,0.0179665373172611,9.999999099239859e-06
1,1460,0.017633023997768758,9.999999058761257e-06
1,1470,0.017484935978427527,9.999999017393015e-06
1,1480,0.017391665326431393,9.999998975135136e-06
1,1490,0.017111858492717145,9.999998931987615e-06
1,1500,0.01690094475634396,9.999998887950458e-06
1,1510,0.01669132150709629,9.999998843023663e-06
1,1520,0.01643346571363509,9.999998797207227e-06
1,1530,0.016321371681988238,9.99999875050114e-06
1,1540,0.016383210476487876,9.999998702905413e-06
1,1550,0.016077469498850406,9.999998654420049e-06
1,1560,0.015740596153773365,9.999998605045045e-06
1,1570,0.01553864125162363,9.999998554780402e-06
1,1580,0.015500307246111332,9.999998503626121e-06
1,1590,0.01543144031893462,9.9999984515822e-06
1,1600,0.015155099099501967,9.999998398648639e-06
1,1610,0.015057117468677461,9.99999834482544e-06
1,1620,0.014867970999330281,9.999998290112603e-06
1,1630,0.014645938645116985,9.999998234510127e-06
1,1640,0.014496201532892883,9.99999817801801e-06
1,1650,0.014481371687725186,9.999998120636254e-06
1,1660,0.014147535944357515,9.999998062364861e-06
1,1670,0.014321280876174569,9.999998003203826e-06
1,1680,0.013819790119305253,9.999997943153154e-06
1,1690,0.013782349554821847,9.999997882212844e-06
1,1700,0.013868869747966528,9.999997820382895e-06
1,1710,0.013727598497644065,9.999997757663307e-06
1,1720,0.01356524166185409,9.99999769405408e-06
1,1730,0.013321336009539662,9.999997629555215e-06
1,1740,0.01348416416440159,9.999997564166712e-06
1,1750,0.01314818940591067,9.999997497888568e-06
1,1760,0.01296559798065573,9.999997430720773e-06
1,1770,0.012824236555024982,9.999997362663344e-06
1,1780,0.012704550451599062,9.999997293716277e-06
1,1790,0.012562418542802335,9.999997223879569e-06
1,1800,0.012435038830153643,9.999997153153222e-06
1,1810,0.012308601802214979,9.999997081537232e-06
1,1820,0.012162651028484107,9.99999700903161e-06
1,1830,0.011979708960279823,9.999996935636347e-06
1,1840,0.011930764885619283,9.999996861351446e-06
1,1850,0.011892085778526962,9.999996786176906e-06
1,1860,0.011776474793441592,9.999996710112727e-06
1,1870,0.011543039069510997,9.999996633158913e-06
1,1880,0.01176214979495853,9.99999655531546e-06
1,1890,0.011471937620081009,9.999996476582368e-06
1,1900,0.011362764635123312,9.999996396959627e-06
1,1910,0.011266321665607393,9.999996316447248e-06
1,1920,0.01105285787489265,9.999996235045232e-06
1,1930,0.011023864871822298,9.999996152753576e-06
1,1940,0.010873236740007997,9.999996069572286e-06
1,1950,0.010727252555079758,9.999995985501356e-06
1,1960,0.010767090739682315,9.999995900540788e-06
1,1970,0.010559585969895124,9.99999581469058e-06
1,1980,0.010460509406402708,9.999995727950737e-06
1,1990,0.010378008265979588,9.999995640321252e-06
1,2000,0.010405247448943555,9.999995551802126e-06
1,2010,0.010195101611316204,9.999995462393355e-06
1,2020,0.010242054215632379,9.999995372094949e-06
1,2030,0.010028165415860713,9.999995280906904e-06
1,2040,0.009948192723095417,9.999995188829221e-06
1,2050,0.009950064588338137,9.999995095861902e-06
1,2060,0.009749798686243594,9.999995002004943e-06
1,2070,0.009710220852866769,9.99999490725835e-06
1,2080,0.009593464131467043,9.99999481162212e-06
1,2090,0.009525525290519,9.999994715096237e-06
1,2100,0.009452194557525218,9.999994617680719e-06
1,2110,0.009302414604462683,9.999994519375564e-06
1,2120,0.009194064186885953,9.999994420180773e-06
1,2130,0.009149280865676701,9.999994320096344e-06
1,2140,0.009052574611268937,9.999994219122276e-06
1,2150,0.009065435058437286,9.999994117258572e-06
1,2160,0.008898657886311412,9.999994014505225e-06
1,2170,0.008836280601099132,9.999993910862236e-06
1,2180,0.008692718995735049,9.999993806329609e-06
1,2190,0.008663891814649105,9.999993700907345e-06
1,2200,0.00869082142598927,9.999993594595443e-06
1,2210,0.008503069961443543,9.999993487393905e-06
1,2220,0.008392278687097132,9.999993379302731e-06
1,2230,0.008164313819725067,9.999993270321912e-06
1,2240,0.008301609265618026,9.999993160451452e-06
1,2250,0.008068378688767553,9.999993049691359e-06
1,2260,0.008200941211543977,9.999992938041629e-06
1,2270,0.00816566030262038,9.99999282550226e-06
1,2280,0.007835479127243162,9.999992712073252e-06
1,2290,0.007933159987442196,9.999992597754602e-06
1,2300,0.0076600670232437554,9.999992482546316e-06
1,2310,0.007590767496731132,9.999992366448392e-06
1,2320,0.007546381535939872,9.999992249460831e-06
1,2330,0.007467172318138182,9.999992131583628e-06
1,2340,0.0074549932382069525,9.99999201281679e-06
1,2350,0.007291418255772441,9.999991893160308e-06
1,2360,0.007282959518488496,9.99999177261419e-06
1,2370,0.007130842609331011,9.999991651178433e-06
1,2380,0.007234597497154027,9.999991528853043e-06
1,2390,0.006969577039126307,9.999991405638013e-06
1,2400,0.006926358246710152,9.999991281533343e-06
1,2410,0.006843787350226193,9.999991156539032e-06
1,2420,0.0067802475183270875,9.99999103065509e-06
1,2430,0.006649883138015866,9.999990903881508e-06
1,2440,0.00662495456635952,9.999990776218284e-06
1,2450,0.006543299462646247,9.999990647665422e-06
1,2460,0.006434229505248367,9.999990518222924e-06
1,2470,0.006343123852275312,9.999990387890791e-06
1,2480,0.006323697476182133,9.99999025666902e-06
1,2490,0.006300496391486377,9.999990124557606e-06
1,2500,0.006179888802580535,9.999989991556555e-06
1,2510,0.006110818649176508,9.999989857665868e-06
1,2520,0.00606008964823559,9.999989722885546e-06
1,2530,0.006042718992102891,9.999989587215578e-06
1,2540,0.005912077974062413,9.999989450655976e-06
1,2550,0.005827088095247745,9.999989313206738e-06
1,2560,0.005772580532357097,9.999989174867862e-06
1,2570,0.005776928935665638,9.999989035639342e-06
1,2580,0.005894627142697573,9.999988895521189e-06
1,2590,0.005656346015166491,9.9999887545134e-06
1,2600,0.005564476188737899,9.999988612615974e-06
1,2610,0.005462588113732635,9.999988469828903e-06
1,2620,0.005521389865316451,9.999988326152198e-06
1,2630,0.005476662702858448,9.99998818158586e-06
1,2640,0.005760471988469362,9.999988036129883e-06
1,2650,0.0052455121302045875,9.999987889784267e-06
1,2660,0.005216067458968609,9.999987742549011e-06
1,2670,0.005160220549441874,9.999987594424121e-06
1,2680,0.005191947717685253,9.999987445409585e-06
1,2690,0.0051729387952946125,9.999987295505418e-06
1,2700,0.005075190204661339,9.999987144711617e-06
1,2710,0.0050200545229017735,9.99998699302817e-06
1,2720,0.00500428912928328,9.999986840455092e-06
1,2730,0.004944477498065681,9.99998668699238e-06
1,2740,0.00490407629404217,9.999986532640024e-06
1,2750,0.004885546304285527,9.999986377398031e-06
1,2760,0.004870645131450147,9.999986221266406e-06
1,2770,0.004763101658318191,9.999986064245138e-06
1,2780,0.0047652909066528085,9.999985906334234e-06
1,2790,0.004727265133988112,9.999985747533694e-06
1,2800,0.00462379427626729,9.999985587843513e-06
1,2810,0.004637191537767649,9.999985427263698e-06
1,2820,0.004584667668677866,9.999985265794251e-06
1,2830,0.004559442272875458,9.99998510343516e-06
1,2840,0.004591473611071706,9.999984940186434e-06
1,2850,0.004568634554743767,9.999984776048075e-06
1,2860,0.004427549673710019,9.99998461102007e-06
1,2870,0.004370783164631575,9.999984445102431e-06
1,2880,0.0043949398677796125,9.999984278295162e-06
1,2890,0.004447796999011188,9.99998411059825e-06
1,2900,0.0042811140418052675,9.999983942011703e-06
1,2910,0.004273036820814014,9.999983772535516e-06
1,2920,0.004250502726063132,9.999983602169696e-06
1,2930,0.004309186548925936,9.999983430914244e-06
1,2940,0.004197768727317452,9.999983258769146e-06
1,2950,0.004210169130237773,9.999983085734416e-06
1,2960,0.004218701971694827,9.999982911810048e-06
1,2970,0.0040601481043268,9.999982736996047e-06
1,2980,0.004097301623551175,9.999982561292406e-06
1,2990,0.004035991535056382,9.999982384699125e-06
1,3000,0.004063819517614319,9.999982207216214e-06
1,3010,0.003959873260464519,9.999982028843657e-06
1,3020,0.0040388882451225065,9.999981849581468e-06
1,3030,0.0038938119017984715,9.999981669429643e-06
1,3040,0.003933057794347405,9.999981488388181e-06
1,3050,0.0038710555119905623,9.999981306457087e-06
1,3060,0.003877194813685492,9.999981123636351e-06
1,3070,0.003801324556116015,9.999980939925984e-06
1,3080,0.00384009889094159,9.999980755325974e-06
1,3090,0.0038546384021174163,9.999980569836334e-06
1,3100,0.0037867137172725054,9.999980383457054e-06
1,3110,0.003807689843233675,9.999980196188143e-06
1,3120,0.003697830601595342,9.999980008029589e-06
1,3130,0.003710177936591208,9.999979818981406e-06
1,3140,0.003682269447017461,9.999979629043579e-06
1,3150,0.0036751048814039674,9.99997943821612e-06
1,3160,0.003648149076616392,9.999979246499022e-06
1,3170,0.0036025036592036482,9.999979053892293e-06
1,3180,0.003617551235947758,9.999978860395926e-06
1,3190,0.0035867307044100015,9.999978666009923e-06
1,3200,0.0035182260733563455,9.999978470734284e-06
1,3210,0.0035245532286353413,9.999978274569012e-06
1,3220,0.0034897008095867935,9.999978077514096e-06
1,3230,0.0034696051618084314,9.99997787956955e-06
1,3240,0.003471737605286762,9.999977680735365e-06
1,3250,0.003441925818333402,9.999977481011547e-06
1,3260,0.0034805158327799288,9.999977280398092e-06
1,3270,0.0033740453305654227,9.999977078895003e-06
1,3280,0.003433575131930411,9.999976876502279e-06
1,3290,0.0033290918159764264,9.999976673219916e-06
1,3300,0.003483428951585665,9.999976469047918e-06
1,3310,0.003300103743094951,9.999976263986283e-06
1,3320,0.0032970462110824884,9.999976058035016e-06
1,3330,0.003305508871562779,9.999975851194113e-06
1,3340,0.0033033156651072204,9.999975643463573e-06
1,3350,0.0032070352172013372,9.999975434843397e-06
1,3360,0.0032818017003592107,9.999975225333585e-06
1,3370,0.0032336111587937923,9.999975014934142e-06
1,3380,0.003135605400893837,9.999974803645061e-06
1,3390,0.003227376221911982,9.999974591466347e-06
1,3400,0.0031565660727210345,9.999974378397996e-06
1,3410,0.0031985794019419697,9.99997416444001e-06
1,3420,0.003103857859969139,9.999973949592393e-06
1,3430,0.003240330668631941,9.999973733855133e-06
1,3440,0.00313557117478922,9.999973517228244e-06
1,3450,0.003130953822983429,9.999973299711721e-06
1,3460,0.0031229770858772097,9.99997308130556e-06
1,3470,0.0030147918849252166,9.999972862009763e-06
1,3480,0.0029926465649623424,9.999972641824333e-06
1,3490,0.0029958336264826356,9.999972420749264e-06
1,3500,0.003003000281751156,9.999972198784564e-06
1,3510,0.0030260777974035593,9.99997197593023e-06
1,3520,0.0030932981695514167,9.999971752186255e-06
1,3530,0.0029944061127025632,9.999971527552653e-06
1,3540,0.003089177515357733,9.999971302029414e-06
1,3550,0.002908758498961106,9.999971075616539e-06
1,3560,0.002876898122485727,9.999970848314032e-06
1,3570,0.0028750439407303928,9.99997062012189e-06
1,3580,0.0028668432147242132,9.999970391040111e-06
1,3590,0.0029025841096881775,9.999970161068697e-06
1,3600,0.0028821895888540895,9.99996993020765e-06
1,3610,0.0028592863236553967,9.999969698456967e-06
1,3620,0.002842479181708768,9.999969465816651e-06
1,3630,0.002809309313306585,9.999969232286701e-06
1,3640,0.00275719192577526,9.999968997867121e-06
1,3650,0.002774266124470159,9.999968762557902e-06
1,3660,0.002757902321172878,9.999968526359048e-06
1,3670,0.00273158973432146,9.999968289270564e-06
1,3680,0.0026975809247232973,9.999968051292444e-06
1,3690,0.0026721714122686533,9.999967812424691e-06
1,3700,0.002663739531999454,9.999967572667302e-06
1,3710,0.002693653450114653,9.99996733202028e-06
1,3720,0.002645777224097401,9.999967090483624e-06
1,3730,0.0026639478805009272,9.999966848057335e-06
1,3740,0.002651166159193963,9.99996660474141e-06
1,3750,0.002670402021612972,9.999966360535853e-06
1,3760,0.002659641852369532,9.99996611544066e-06
1,3770,0.00261394121334888,9.999965869455836e-06
1,3780,0.0025941581232473256,9.999965622581378e-06
1,3790,0.0025823427655268464,9.999965374817283e-06
1,3800,0.0025633359560742973,9.999965126163557e-06
1,3810,0.002598890208173543,9.999964876620198e-06
1,3820,0.0025975279859267175,9.999964626187203e-06
1,3830,0.0025760260352399203,9.999964374864577e-06
1,3840,0.0025249307218473405,9.999964122652318e-06
1,3850,0.002620034402934834,9.999963869550427e-06
1,3860,0.0025443011312745512,9.999963615558898e-06
1,3870,0.0024999935063533484,9.999963360677738e-06
1,3880,0.0024506050511263313,9.999963104906944e-06
1,3890,0.002444135642144829,9.999962848246519e-06
1,3900,0.0024668033176567404,9.999962590696461e-06
1,3910,0.002444788842694834,9.999962332256768e-06
1,3920,0.00251781542901881,9.999962072927441e-06
1,3930,0.0024233241623733194,9.999961812708483e-06
1,3940,0.0024200149870011955,9.99996155159989e-06
1,3950,0.0023932015232276172,9.99996128960167e-06
1,3960,0.002372562448726967,9.999961026713816e-06
1,3970,0.0024028662126511333,9.99996076293633e-06
1,3980,0.0023371161252725868,9.99996049826921e-06
1,3990,0.002316817431710661,9.999960232712456e-06
1,4000,0.0024049939413089303,9.999959966266072e-06
1,4010,0.002296481898520142,9.999959698930053e-06
1,4020,0.0023423739126883446,9.999959430704404e-06
1,4030,0.0023628452967386694,9.999959161589121e-06
1,4040,0.002306183218024671,9.999958891584205e-06
1,4050,0.002293382154311985,9.999958620689658e-06
1,4060,0.002267486689379439,9.999958348905479e-06
1,4070,0.0022708152420818804,9.999958076231667e-06
1,4080,0.002437788504175842,9.999957802668221e-06
1,4090,0.0022100737260188907,9.999957528215143e-06
1,4100,0.0022383487026672814,9.999957252872435e-06
1,4110,0.00224579757777974,9.999956976640092e-06
1,4120,0.0021886759612243624,9.999956699518116e-06
1,4130,0.0022042443160898983,9.999956421506507e-06
1,4140,0.0022551513655344026,9.999956142605266e-06
1,4150,0.0021742467215517536,9.999955862814399e-06
1,4160,0.0021727303945226597,9.999955582133897e-06
1,4170,0.002246579428901896,9.999955300563764e-06
1,4180,0.002135176782030612,9.999955018103995e-06
1,4190,0.0022073908738093452,9.999954734754595e-06
1,4200,0.0021387233398854734,9.999954450515562e-06
1,4210,0.0021140188066055996,9.999954165386901e-06
1,4220,0.0020907478989101945,9.999953879368608e-06
1,4230,0.0021419794211396948,9.999953592460684e-06
1,4240,0.002139846733189188,9.999953304663125e-06
1,4250,0.002094932648469694,9.999953015975936e-06
1,4260,0.0021291478857165206,9.999952726399117e-06
1,4270,0.002069703966844827,9.999952435932663e-06
1,4280,0.0020598316623363644,9.999952144576584e-06
1,4290,0.002023676226963289,9.999951852330872e-06
1,4300,0.002063072027522139,9.999951559195528e-06
1,4310,0.002029533890890889,9.999951265170556e-06
1,4320,0.0020633437583455817,9.99995097025595e-06
1,4330,0.0019959338300395758,9.999950674451713e-06
1,4340,0.0020166303525911643,9.999950377757844e-06
1,4350,0.001965656358515844,9.999950080174344e-06
1,4360,0.0020072012615855784,9.999949781701214e-06
1,4370,0.0020074033935088666,9.999949482338453e-06
1,4380,0.0020023025019327177,9.999949182086062e-06
1,4390,0.0019661433529108764,9.999948880944039e-06
1,4400,0.0019590221432736143,9.999948578912385e-06
1,4410,0.0019109562534140425,9.999948275991104e-06
1,4420,0.0019585554953664543,9.999947972180196e-06
1,4430,0.0018813656002748757,9.99994766747965e-06
1,4440,0.0019238362699979916,9.999947361889478e-06
1,4450,0.0019006771442946048,9.999947055409674e-06
1,4460,0.001880165227339603,9.99994674804024e-06
1,4470,0.0019519291672622785,9.999946439781176e-06
1,4480,0.0019490417122142389,9.99994613063248e-06
1,4490,0.0019133335154037923,9.999945820594156e-06
1,4500,0.001888287195470184,9.999945509666198e-06
1,4510,0.001860926396329887,9.999945197848608e-06
1,4520,0.0018525782739743592,9.999944885141394e-06
1,4530,0.0018968688149470837,9.999944571544547e-06
1,4540,0.0018139306077500806,9.999944257058071e-06
1,4550,0.0018939440458780156,9.999943941681967e-06
1,4560,0.0018518357333960013,9.999943625416233e-06
1,4570,0.001828353211749345,9.99994330826087e-06
1,4580,0.001820395319373347,9.999942990215875e-06
1,4590,0.0018009937426541002,9.99994267128125e-06
1,4600,0.0018192833551438524,9.999942351457e-06
1,4610,0.0017903927975567058,9.999942030743116e-06
1,4620,0.0017762743693310766,9.999941709139603e-06
1,4630,0.0018043711694190278,9.99994138664646e-06
1,4640,0.0017968405125429856,9.999941063263687e-06
1,4650,0.0017926498781889676,9.99994073899129e-06
1,4660,0.0017639843834331259,9.999940413829263e-06
1,4670,0.0017525647825095804,9.999940087777604e-06
1,4680,0.0017490999045548959,9.999939760836317e-06
1,4690,0.0017224457085831093,9.999939433005398e-06
1,4700,0.0017446990299504251,9.999939104284852e-06
1,4710,0.0017509094352135435,9.999938774674674e-06
1,4720,0.0017415069160051644,9.999938444174872e-06
1,4730,0.0016790461988421157,9.99993811278544e-06
1,4740,0.0016922284296015278,9.999937780506378e-06
1,4750,0.0017185679607791826,9.999937447337688e-06
1,4760,0.0016669689561240376,9.999937113279371e-06
1,4770,0.0016944164352025838,9.999936778331424e-06
1,4780,0.0016736507299356163,9.99993644249385e-06
1,4790,0.0016556537826545536,9.999936105766647e-06
1,4800,0.0016383909853175283,9.999935768149817e-06
1,4810,0.001671010340214707,9.999935429643357e-06
1,4820,0.001638782283407636,9.999935090247269e-06
1,4830,0.0016448684997158126,9.999934749961554e-06
1,4840,0.00164415254839696,9.99993440878621e-06
1,4850,0.0016474129108246416,9.999934066721236e-06
1,4860,0.0016374545084545389,9.999933723766634e-06
1,4870,0.0016416985949035735,9.999933379922408e-06
1,4880,0.001633980422047898,9.999933035188548e-06
1,4890,0.0016040682006860153,9.999932689565063e-06
1,4900,0.0015870531846303494,9.99993234305195e-06
1,4910,0.0015888930298388006,9.999931995649213e-06
1,4920,0.001639265043195337,9.999931647356845e-06
1,4930,0.0015593983262078837,9.99993129817485e-06
1,4940,0.0015667805186240001,9.999930948103225e-06
1,4950,0.0015585154469590634,9.999930597141978e-06
1,4960,0.00158294478605967,9.9999302452911e-06
1,4970,0.0015998590795788914,9.999929892550594e-06
1,4980,0.0015251381671987474,9.99992953892046e-06
1,4990,0.0015411451662657783,9.999929184400704e-06
1,5000,0.0015897370729362594,9.999928828991317e-06
1,5010,0.0015524475456913933,9.999928472692305e-06
1,5020,0.0015110408392501995,9.999928115503668e-06
1,5030,0.0015236130129778756,9.9999277574254e-06
1,5040,0.0014705686684465037,9.999927398457508e-06
1,5050,0.001514837594004348,9.999927038599987e-06
1,5060,0.001504814441432245,9.999926677852841e-06
1,5070,0.001484815706498921,9.999926316216066e-06
1,5080,0.0016496036114403978,9.999925953689668e-06
1,5090,0.0014773854170925917,9.99992559027364e-06
1,5100,0.0014984482986619696,9.999925225967986e-06
1,5110,0.0014591924089472738,9.999924860772707e-06
1,5120,0.0014679678686661645,9.9999244946878e-06
1,5130,0.001454224967164919,9.999924127713266e-06
1,5140,0.0014275891793658958,9.99992375984911e-06
1,5150,0.0014866552810417488,9.999923391095326e-06
1,5160,0.0015483953640796242,9.999923021451916e-06
1,5170,0.0015627057320671156,9.999922650918878e-06
1,5180,0.0015164047537837176,9.999922279496216e-06
1,5190,0.0014536181348375977,9.999921907183924e-06
1,5200,0.0014235251437639818,9.999921533982011e-06
1,5210,0.001418131237733178,9.99992115989047e-06
1,5220,0.0014526518876664342,9.999920784909305e-06
1,5230,0.0014008449448738246,9.999920409038514e-06
1,5240,0.0013945863989647477,9.999920032278097e-06
1,5250,0.0013676966831553728,9.999919654628057e-06
1,5260,0.0013829886040184645,9.99991927608839e-06
1,5270,0.0013834137847879902,9.999918896659098e-06
1,5280,0.0014116764621576296,9.999918516340178e-06
1,5290,0.001378017451497726,9.999918135131637e-06
1,5300,0.0014051398902665824,9.999917753033471e-06
1,5310,0.0013467967131873594,9.999917370045681e-06
1,5320,0.0013725135155254974,9.999916986168264e-06
1,5330,0.0013473019673256202,9.99991660140122e-06
1,5340,0.0013482711219694465,9.999916215744551e-06
1,5350,0.0014104339556070046,9.999915829198255e-06
1,5360,0.0013268928974866866,9.999915441762336e-06
1,5370,0.0013443362899124623,9.999915053436793e-06
1,5380,0.0013179951376514508,9.999914664221625e-06
1,5390,0.0013670271757291628,9.999914274116833e-06
1,5400,0.001330989637062885,9.999913883122417e-06
1,5410,0.0013097841059789062,9.999913491238373e-06
1,5420,0.001309526149998419,9.999913098464708e-06
1,5430,0.0013702387746889143,9.99991270480142e-06
1,5440,0.0013117401220370084,9.999912310248506e-06
1,5450,0.0013202565954998134,9.999911914805965e-06
1,5460,0.0012508227198850363,9.999911518473804e-06
1,5470,0.0012838189228205012,9.999911121252017e-06
1,5480,0.00131192036496941,9.999910723140607e-06
1,5490,0.0012699096521828323,9.999910324139576e-06
1,5500,0.001267611054936424,9.999909924248918e-06
1,5510,0.0012369922536890955,9.999909523468637e-06
1,5520,0.0012717713398160413,9.999909121798734e-06
1,5530,0.0012239207368111237,9.999908719239204e-06
1,5540,0.0012653356796363368,9.999908315790052e-06
1,5550,0.0012347340118139983,9.999907911451276e-06
1,5560,0.0012113021191908048,9.99990750622288e-06
1,5570,0.0012286481651244685,9.999907100104854e-06
1,5580,0.0012242991506354883,9.999906693097208e-06
1,5590,0.0012247703416505828,9.999906285199941e-06
1,5600,0.0012443906191037966,9.999905876413048e-06
1,5610,0.0013573220086982472,9.999905466736536e-06
1,5620,0.0011885577638167887,9.999905056170398e-06
1,5630,0.0011935592134250327,9.999904644714638e-06
1,5640,0.0012456394324544817,9.999904232369255e-06
1,5650,0.0012039491266477853,9.999903819134252e-06
1,5660,0.0012262074422324076,9.999903405009622e-06
1,5670,0.0012024144118186085,9.99990298999537e-06
1,5680,0.0011897993768798187,9.999902574091499e-06
1,5690,0.0011869283975102008,9.999902157298002e-06
1,5700,0.0011992657498922199,9.999901739614887e-06
1,5710,0.0011983799573499709,9.999901321042148e-06
1,5720,0.0011646291124634443,9.999900901579784e-06
1,5730,0.0011647302366327495,9.9999004812278e-06
1,5740,0.0011581963015487417,9.999900059986195e-06
1,5750,0.0011414998094551264,9.999899637854965e-06
1,5760,0.001214488979894668,9.999899214834113e-06
1,5770,0.0011374179011909291,9.999898790923642e-06
1,5780,0.001133416168158874,9.999898366123546e-06
1,5790,0.001107835679431446,9.999897940433828e-06
1,5800,0.001136321373633109,9.999897513854495e-06
1,5810,0.001140100136399269,9.999897086385538e-06
1,5820,0.001119162551185582,9.999896658026957e-06
1,5830,0.001295344062964432,9.999896228778757e-06
1,5840,0.001097869672230445,9.999895798640935e-06
1,5850,0.0011695748253259808,9.999895367613495e-06
1,5860,0.0010827594334841704,9.999894935696432e-06
1,5870,0.0011047107880585829,9.999894502889747e-06
1,5880,0.001095957402139902,9.99989406919344e-06
1,5890,0.0010793763911351561,9.999893634607509e-06
1,5900,0.001117369173152838,9.999893199131962e-06
1,5910,0.0010853850428247827,9.999892762766795e-06
1,5920,0.0011160785797983408,9.999892325512007e-06
1,5930,0.0010577256063697858,9.999891887367593e-06
1,5940,0.001090504693274852,9.999891448333566e-06
1,5950,0.001088961995264981,9.999891008409913e-06
1,5960,0.0010502032324438914,9.999890567596642e-06
1,5970,0.0010929124749964104,9.99989012589375e-06
1,5980,0.0010512187553104013,9.999889683301238e-06
1,5990,0.0010597079075523653,9.999889239819107e-06
1,6000,0.0010738289565779269,9.999888795447356e-06
1,6010,0.0010456147458171472,9.999888350185985e-06
1,6020,0.0010520904688746668,9.999887904034992e-06
1,6030,0.0010202902965829707,9.99988745699438e-06
1,6040,0.0010674200384528376,9.999887009064149e-06
1,6050,0.0010564935349975713,9.9998865602443e-06
1,6060,0.001044147754146252,9.999886110534829e-06
1,6070,0.0010280327056534587,9.999885659935739e-06
1,6080,0.0010247643192997204,9.999885208447027e-06
1,6090,0.0010060103348223492,9.999884756068697e-06
1,6100,0.0010074653750052676,9.999884302800752e-06
1,6110,0.0009931714084814303,9.999883848643185e-06
1,6120,0.0010441518810694107,9.999883393596e-06
1,6130,0.0010130204871529715,9.999882937659192e-06
1,6140,0.0009961515315808356,9.999882480832767e-06
1,6150,0.0010039823726401664,9.999882023116725e-06
1,6160,0.0010074447753140702,9.999881564511064e-06
1,6170,0.000989706402469892,9.999881105015785e-06
1,6180,0.0009759471664438025,9.999880644630885e-06
1,6190,0.0009894608461763711,9.999880183356367e-06
1,6200,0.0009921023331116885,9.99987972119223e-06
1,6210,0.0009880074940156192,9.999879258138476e-06
1,6220,0.0009862255741609261,9.999878794195105e-06
1,6230,0.0009710288853966631,9.999878329362116e-06
1,6240,0.0009942275544744916,9.999877863639509e-06
1,6250,0.0009416903063538484,9.999877397027284e-06
1,6260,0.0009387468642671592,9.999876929525442e-06
1,6270,0.0009687209327239543,9.999876461133978e-06
1,6280,0.0009098447524593211,9.999875991852897e-06
1,6290,0.0009398134032380767,9.999875521682197e-06
1,6300,0.0009972101295716129,9.999875050621883e-06
1,6310,0.0009273801711970009,9.999874578671952e-06
1,6320,0.0009433578990865499,9.999874105832404e-06
1,6330,0.0009266307111829518,9.999873632103236e-06
1,6340,0.0009437326807528734,9.999873157484452e-06
1,6350,0.0010884020433877593,9.99987268197605e-06
1,6360,0.0009036683506565169,9.999872205578033e-06
1,6370,0.0009256656936486251,9.9998717282904e-06
1,6380,0.0009505702313617802,9.999871250113147e-06
1,6390,0.0009270588168874383,9.999870771046277e-06
1,6400,0.0009203120542224497,9.999870291089791e-06
1,6410,0.000897363013064023,9.99986981024369e-06
1,6420,0.0009398635942488909,9.99986932850797e-06
1,6430,0.0008927875664085148,9.999868845882637e-06
1,6440,0.0009040259479661472,9.999868362367684e-06
1,6450,0.0009036534334882163,9.999867877963115e-06
1,6460,0.0008878304099198431,9.99986739266893e-06
1,6470,0.00088507954205852,9.999866906485129e-06
1,6480,0.0009061656426638364,9.999866419411714e-06
1,6490,0.0008882638619979843,9.99986593144868e-06
1,6500,0.0009227802758687175,9.999865442596033e-06
1,6510,0.0008751741013838909,9.99986495285377e-06
1,6520,0.0008602973364759237,9.999864462221889e-06
1,6530,0.0008348246352397837,9.99986397070039e-06
1,6540,0.0008265080323326401,9.999863478289283e-06
1,6550,0.0008914362610084936,9.999862984988555e-06
1,6560,0.0008732406204217114,9.999862490798213e-06
1,6570,0.0009041967568919063,9.999861995718257e-06
1,6580,0.0008299048131448217,9.999861499748686e-06
1,6590,0.0008391536772251128,9.999861002889501e-06
1,6600,0.0008548870973754675,9.999860505140698e-06
1,6610,0.000876465036708396,9.999860006502278e-06
1,6620,0.0008327061514137313,9.999859506974249e-06
1,6630,0.0008391329232836143,9.999859006556604e-06
1,6640,0.0008382262050872669,9.999858505249343e-06
1,6650,0.0008399340251344257,9.999858003052464e-06
1,6660,0.0008506356753059663,9.999857499965972e-06
1,6670,0.0008561782218748704,9.99985699598987e-06
1,6680,0.0008641620908747428,9.99985649112415e-06
1,6690,0.000799131506937556,9.999855985368819e-06
1,6700,0.0008070398049312645,9.999855478723871e-06
1,6710,0.0008169691209332086,9.999854971189308e-06
1,6720,0.0008054675054154359,9.999854462765136e-06
1,6730,0.0008054454825469292,9.999853953451348e-06
1,6740,0.0008025200630072505,9.999853443247947e-06
1,6750,0.0007891754532465712,9.999852932154931e-06
1,6760,0.0007951195701025426,9.999852420172302e-06
1,6770,0.0008064094945439138,9.99985190730006e-06
1,6780,0.0007970024176756852,9.999851393538202e-06
1,6790,0.0007853934090235271,9.999850878886731e-06
1,6800,0.0008185687402146868,9.99985036334565e-06
1,6810,0.0007691846811212599,9.999849846914953e-06
1,6820,0.0007697272521909326,9.999849329594646e-06
1,6830,0.0008195902832085266,9.999848811384725e-06
1,6840,0.0007857345714000986,9.999848292285188e-06
1,6850,0.0007465346920071171,9.999847772296041e-06
1,6860,0.0007890003456850536,9.99984725141728e-06
1,6870,0.0007475863618310541,9.999846729648907e-06
1,6880,0.0007609468520968221,9.999846206990923e-06
1,6890,0.0008177887604688295,9.999845683443326e-06
1,6900,0.0007577907977974973,9.999845159006118e-06
1,6910,0.0007713685350609012,9.999844633679296e-06
1,6920,0.0007760619511827827,9.999844107462864e-06
1,6930,0.0007633907574927434,9.999843580356817e-06
1,6940,0.0007808942478732205,9.999843052361159e-06
1,6950,0.0007260524100274779,9.999842523475889e-06
1,6960,0.0007403265335597098,9.999841993701008e-06
1,6970,0.0007563404855318366,9.999841463036516e-06
1,6980,0.0008289477729704231,9.999840931482411e-06
1,6990,0.000746090622851625,9.999840399038698e-06
1,7000,0.0007422848953865468,9.999839865705372e-06
1,7010,0.0007231712195789441,9.999839331482434e-06
1,7020,0.0007401804294204339,9.999838796369887e-06
1,7030,0.0007258007244672626,9.999838260367726e-06
1,7040,0.0007166221068473533,9.999837723475953e-06
1,7050,0.0007153267244575546,9.999837185694567e-06
1,7060,0.0007339269432122819,9.999836647023576e-06
1,7070,0.000718508890713565,9.999836107462972e-06
1,7080,0.0007197549668489956,9.999835567012758e-06
1,7090,0.0007261447113705799,9.999835025672934e-06
1,7100,0.0007238513295305892,9.999834483443497e-06
1,7110,0.0007503916000132449,9.999833940324454e-06
1,7120,0.0007100124945282004,9.999833396315798e-06
1,7130,0.0006982297039940022,9.999832851417528e-06
1,7140,0.0007225251712952741,9.999832305629655e-06
1,7150,0.0006949069560505451,9.99983175895217e-06
1,7160,0.0007033046233118512,9.999831211385073e-06
1,7170,0.000688638025894761,9.999830662928368e-06
1,7180,0.0007098619840689936,9.999830113582052e-06
1,7190,0.0006655504257651046,9.999829563346126e-06
1,7200,0.0007431292644469067,9.999829012220591e-06
1,7210,0.0006666485802270473,9.999828460205449e-06
1,7220,0.0006704700805130415,9.999827907300694e-06
1,7230,0.0006775013316655532,9.99982735350633e-06
1,7240,0.0006802583593525924,9.99982679882236e-06
1,7250,0.0006728626918629743,9.999826243248782e-06
1,7260,0.0007071882035234011,9.999825686785591e-06
1,7270,0.0006777701550163328,9.999825129432791e-06
1,7280,0.0006924543573404663,9.999824571190384e-06
1,7290,0.0006582727932254785,9.999824012058372e-06
1,7300,0.000686093932017684,9.999823452036752e-06
1,7310,0.0006221436487976462,9.999822891125519e-06
1,7320,0.0006442698650062084,9.99982232932468e-06
1,7330,0.000657859152124729,9.99982176663423e-06
1,7340,0.0006692635332001373,9.999821203054173e-06
1,7350,0.0006594026432139799,9.999820638584512e-06
1,7360,0.0006267111020861194,9.999820073225241e-06
1,7370,0.0006545031355926767,9.999819506976364e-06
1,7380,0.0006489150619017892,9.99981893983788e-06
1,7390,0.0006673525989754125,9.999818371809787e-06
1,7400,0.0006369295690092259,9.999817802892085e-06
1,7410,0.0006274484156165272,9.999817233084773e-06
1,7420,0.0006349566974677145,9.999816662387858e-06
1,7430,0.0006049187140888534,9.999816090801335e-06
1,7440,0.0006898747364175507,9.999815518325203e-06
1,7450,0.0006236374087166041,9.999814944959467e-06
1,7460,0.0006361676161759533,9.99981437070412e-06
1,7470,0.0005992420308757573,9.99981379555917e-06
1,7480,0.0006005612201988697,9.99981321952461e-06
1,7490,0.0006413990646251478,9.999812642600446e-06
1,7500,0.000668618107738439,9.999812064786673e-06
1,7510,0.0006102631552494131,9.999811486083296e-06
1,7520,0.0005935646273428574,9.999810906490313e-06
1,7530,0.0006228023063158617,9.999810326007724e-06
1,7540,0.0006379583908710628,9.999809744635532e-06
1,7550,0.0006121500307926908,9.999809162373734e-06
1,7560,0.0005993280952679925,9.99980857922233e-06
1,7570,0.0005900989272049628,9.999807995181322e-06
1,7580,0.0005900492469663732,9.999807410250707e-06
1,7590,0.0005892756977118552,9.999806824430486e-06
1,7600,0.0005795635996037162,9.999806237720657e-06
1,7610,0.0006069352457416244,9.999805650121223e-06
1,7620,0.0006332480232231319,9.999805061632183e-06
1,7630,0.0005959874732070602,9.999804472253541e-06
1,7640,0.000593875978665892,9.999803881985295e-06
1,7650,0.0006352460557536687,9.999803290827438e-06
1,7660,0.0006080474078771659,9.999802698779978e-06
1,7670,0.0005788289417978376,9.999802105842914e-06
1,7680,0.0005964993353700266,9.99980151201625e-06
1,7690,0.0005878915020730346,9.999800917299979e-06
1,7700,0.0006090589697123506,9.999800321694101e-06
1,7710,0.0005890690008527599,9.999799725198617e-06
1,7720,0.0005847385466040577,9.999799127813539e-06
1,7730,0.0005727845273213461,9.999798529538852e-06
1,7740,0.0005764585701399482,9.99979793037456e-06
1,7750,0.0005689618395990691,9.999797330320666e-06
1,7760,0.0005638926639221608,9.999796729377168e-06
1,7770,0.0006185527134221047,9.99979612754406e-06
1,7780,0.0005597902090812568,9.999795524821357e-06
1,7790,0.0005401933063694742,9.999794921209051e-06
1,7800,0.0005875945535080973,9.999794316707136e-06
1,7810,0.0005537405486393254,9.999793711315622e-06
1,7820,0.0005610049935057758,9.999793105034504e-06
1,7830,0.0005422818729130085,9.999792497863783e-06
1,7840,0.0005444200978672598,9.999791889803458e-06
1,7850,0.0005380819042329676,9.99979128085353e-06
1,7860,0.0005352488878997974,9.999790671014005e-06
1,7870,0.0005486288820975461,9.999790060284873e-06
1,7880,0.000526855820498895,9.99978944866614e-06
1,7890,0.0005380744660214987,9.999788836157807e-06
1,7900,0.0005460943226353266,9.999788222759868e-06
1,7910,0.000549797683925135,9.999787608472325e-06
1,7920,0.0005369194397644605,9.99978699329518e-06
1,7930,0.0005272319591313134,9.999786377228438e-06
1,7940,0.0005209541639487724,9.999785760272092e-06
1,7950,0.0005165287264389917,9.999785142426143e-06
1,7960,0.0005388550191128161,9.999784523690595e-06
1,7970,0.0005290874105412513,9.999783904065445e-06
1,7980,0.0005245226093393285,9.999783283550692e-06
1,7990,0.0005408563592936844,9.999782662146339e-06
1,8000,0.0005117656837683171,9.999782039852385e-06
1,8010,0.0005111201331601478,9.999781416668829e-06
1,8020,0.0005275728057313246,9.999780792595672e-06
1,8030,0.0005344824981875718,9.999780167632917e-06
1,8040,0.0004963303988915869,9.999779541780557e-06
1,8050,0.000550531532644527,9.9997789150386e-06
1,8060,0.0005062513919256162,9.999778287407043e-06
1,8070,0.0005154780636075885,9.99977765888588e-06
1,8080,0.0004990449378965424,9.999777029475123e-06
1,8090,0.0004993257207388524,9.999776399174767e-06
1,8100,0.0005232919116679112,9.999775767984809e-06
1,8110,0.0005224133092269767,9.999775135905247e-06
1,8120,0.0005054565524915233,9.99977450293609e-06
1,8130,0.0005100668320665136,9.99977386907733e-06
1,8140,0.0005466242895636243,9.999773234328973e-06
1,8150,0.00048427597212139515,9.999772598691016e-06
1,8160,0.0005094564017781522,9.99977196216346e-06
1,8170,0.00047678008122602477,9.999771324746307e-06
1,8180,0.0005068752660008613,9.999770686439553e-06
1,8190,0.0005051835738413502,9.999770047243202e-06
1,8200,0.0005038433067966252,9.99976940715725e-06
1,8210,0.00048698185055400244,9.999768766181702e-06
1,8220,0.0004829376950510778,9.999768124316554e-06
1,8230,0.00048798815623740666,9.999767481561805e-06
1,8240,0.0005018208517867606,9.999766837917459e-06
1,8250,0.0004918721162539442,9.999766193383516e-06
1,8260,0.0004972226000973023,9.999765547959974e-06
1,8270,0.0004756481219374109,9.999764901646833e-06
1,8280,0.0004883471330686007,9.999764254444095e-06
1,8290,0.0005282467158394867,9.999763606351758e-06
1,8300,0.00047745750125614,9.999762957369825e-06
1,8310,0.00048305153031833473,9.999762307498293e-06
1,8320,0.0004716302988526877,9.999761656737162e-06
1,8330,0.00051719565235544,9.999761005086437e-06
1,8340,0.000494787172647193,9.999760352546113e-06
1,8350,0.00047502285669907,9.999759699116193e-06
1,8360,0.00048500567936571315,9.999759044796676e-06
1,8370,0.000474040798144415,9.999758389587561e-06
1,8380,0.0004804329502803739,9.999757733488851e-06
1,8390,0.00046881005982868373,9.999757076500544e-06
1,8400,0.0004941204162605572,9.99975641862264e-06
1,8410,0.0004639548984414432,9.999755759855141e-06
1,8420,0.0005540951155126095,9.999755100198045e-06
1,8430,0.00046544870565412566,9.999754439651351e-06
1,8440,0.00044054118552594446,9.999753778215064e-06
1,8450,0.0004582780449709389,9.999753115889185e-06
1,8460,0.00046209191204980014,9.999752452673703e-06
1,8470,0.0004503120959270746,9.999751788568627e-06
1,8480,0.00046360596970771437,9.999751123573951e-06
1,8490,0.0004727660088974517,9.999750457689684e-06
1,8500,0.00046645370239275504,9.999749790915823e-06
1,8510,0.00044779632589779793,9.999749123252366e-06
1,8520,0.0004428359505254775,9.999748454699315e-06
1,8530,0.0004729552594653796,9.999747785256668e-06
1,8540,0.0004705212690168992,9.999747114924424e-06
1,8550,0.0004251907404977828,9.999746443702586e-06
1,8560,0.00045375452755251904,9.999745771591155e-06
1,8570,0.0004481141491851304,9.999745098590129e-06
1,8580,0.00041830786431091844,9.999744424699512e-06
1,8590,0.0004660242091631517,9.999743749919298e-06
1,8600,0.00045830062445020305,9.999743074249488e-06
1,8610,0.0004214966269501019,9.99974239769008e-06
1,8620,0.0004397579839860555,9.999741720241084e-06
1,8630,0.0004492289146583062,9.999741041902492e-06
1,8640,0.0004220270304358564,9.999740362674308e-06
1,8650,0.00042596023486112243,9.999739682556532e-06
1,8660,0.00042681489576352756,9.999739001549157e-06
1,8670,0.00048112557124113664,9.999738319652193e-06
1,8680,0.0004278297441487666,9.999737636865638e-06
1,8690,0.0004333689525083173,9.999736953189486e-06
1,8700,0.0004222455572744366,9.999736268623742e-06
1,8710,0.00042936741592711767,9.999735583168406e-06
1,8720,0.0004234310443280265,9.999734896823478e-06
1,8730,0.0004007133298728149,9.999734209588955e-06
1,8740,0.0004299491767596919,9.999733521464843e-06
1,8750,0.0004050395444210153,9.999732832451137e-06
1,8760,0.0004127424566831905,9.99973214254784e-06
1,8770,0.0004068235321028624,9.99973145175495e-06
1,8780,0.000443603176245233,9.999730760072468e-06
1,8790,0.00043333946960046884,9.999730067500392e-06
1,8800,0.0003966898460930679,9.999729374038727e-06
1,8810,0.0004046644775371533,9.999728679687467e-06
1,8820,0.0004119007309782318,9.999727984446618e-06
1,8830,0.00039493752192356626,9.999727288316179e-06
1,8840,0.0004362815023341682,9.999726591296146e-06
1,8850,0.0004029087300295942,9.999725893386524e-06
1,8860,0.0003972399128542748,9.99972519458731e-06
1,8870,0.0004012341290945187,9.999724494898502e-06
1,8880,0.0003925145618268289,9.999723794320106e-06
1,8890,0.000397657930443529,9.99972309285212e-06
1,8900,0.0004046202091558371,9.999722390494542e-06
1,8910,0.00041044869722099974,9.999721687247376e-06
1,8920,0.00041190661650034597,9.999720983110616e-06
1,8930,0.00041136169311357663,9.999720278084269e-06
1,8940,0.0004072195159096736,9.99971957216833e-06
1,8950,0.000399601120443549,9.999718865362806e-06
1,8960,0.00042332316370448093,9.999718157667693e-06
1,8970,0.0003840760815364774,9.999717449082986e-06
1,8980,0.0003941215283703059,9.99971673960869e-06
1,8990,0.00039640232353121974,9.999716029244806e-06
1,9000,0.0004099127552763093,9.999715317991335e-06
1,9010,0.00039155894119176083,9.999714605848274e-06
1,9020,0.0003856122020806652,9.999713892815623e-06
1,9030,0.0003771564624912571,9.999713178893381e-06
1,9040,0.0004007066003396176,9.999712464081554e-06
1,9050,0.0003846482148219365,9.999711748380138e-06
1,9060,0.0003648488360340707,9.999711031789132e-06
1,9070,0.0003790295144426636,9.999710314308537e-06
1,9080,0.00036997532224631864,9.999709595938354e-06
1,9090,0.0003829495704849251,9.999708876678582e-06
1,9100,0.00037473864358617,9.999708156529224e-06
1,9110,0.00037862912795390004,9.999707435490278e-06
1,9120,0.0003786920162383467,9.999706713561746e-06
1,9130,0.0003769713992369361,9.999705990743622e-06
1,9140,0.00041865365928970275,9.999705267035914e-06
1,9150,0.00038407777465181424,9.999704542438616e-06
1,9160,0.0003931160317733884,9.999703816951734e-06
1,9170,0.00038344997083186174,9.999703090575264e-06
1,9180,0.00036474694134085443,9.999702363309206e-06
1,9190,0.0003905453238985502,9.999701635153562e-06
1,9200,0.00037702530680689956,9.999700906108334e-06
1,9210,0.00038947669527260586,9.999700176173515e-06
1,9220,0.00035806644082185806,9.999699445349111e-06
1,9230,0.00035402277935645546,9.999698713635124e-06
1,9240,0.00038442975419457066,9.999697981031549e-06
1,9250,0.0003773456970520783,9.999697247538386e-06
1,9260,0.00036858755920547985,9.999696513155637e-06
1,9270,0.0003602117008995265,9.999695777883305e-06
1,9280,0.0003620742390921805,9.999695041721385e-06
1,9290,0.0003493910429824609,9.999694304669881e-06
1,9300,0.00038227260520216075,9.99969356672879e-06
1,9310,0.00033958849962800747,9.999692827898115e-06
1,9320,0.0003556124305760022,9.999692088177858e-06
1,9330,0.0003443504887400195,9.999691347568012e-06
1,9340,0.0003639898262917996,9.999690606068585e-06
1,9350,0.0003633849119069054,9.999689863679572e-06
1,9360,0.0003461787739070133,9.999689120400977e-06
1,9370,0.00034823640817194246,9.999688376232793e-06
1,9380,0.0003796888420765754,9.999687631175027e-06
1,9390,0.0003545876825228334,9.999686885227677e-06
1,9400,0.0003492616961011663,9.999686138390742e-06
1,9410,0.0003663885130663402,9.999685390664222e-06
1,9420,0.0003743758192285895,9.999684642048118e-06
1,9430,0.0003374453117430676,9.999683892542432e-06
1,9440,0.00038606365415034817,9.999683142147164e-06
1,9450,0.0003394758328795433,9.999682390862313e-06
1,9460,0.00035937807624577547,9.999681638687879e-06
1,9470,0.0003522569662891328,9.99968088562386e-06
1,9480,0.0003609384999435861,9.999680131670257e-06
1,9490,0.0003551493980921805,9.999679376827068e-06
1,9500,0.0003649814396339934,9.999678621094301e-06
1,9510,0.0003485038061626256,9.999677864471952e-06
1,9520,0.00035498824217938823,9.999677106960021e-06
1,9530,0.00032777511369204144,9.999676348558504e-06
1,9540,0.000333145017066272,9.999675589267406e-06
1,9550,0.00031761249556439,9.999674829086729e-06
1,9560,0.00032686058912076985,9.999674068016467e-06
1,9570,0.00035630362981464714,9.999673306056622e-06
1,9580,0.00034373168382444423,9.999672543207196e-06
1,9590,0.00033967139243031854,9.99967177946819e-06
1,9600,0.0003184366592904553,9.999671014839601e-06
1,9610,0.00034123156547138933,9.999670249321436e-06
1,9620,0.00036608360169338995,9.999669482913687e-06
1,9630,0.00036708749103127054,9.999668715616354e-06
1,9640,0.0003447759831033181,9.999667947429445e-06
1,9650,0.0003253452821809333,9.999667178352953e-06
1,9660,0.0003186503527103923,9.99966640838688e-06
1,9670,0.0003100260626524687,9.999665637531228e-06
1,9680,0.0003328237558889668,9.999664865785994e-06
1,9690,0.0003217979196051601,9.999664093151183e-06
1,9700,0.00031499356555286795,9.999663319626789e-06
1,9710,0.0003238354980567237,9.999662545212812e-06
1,9720,0.0003153081346681574,9.99966176990926e-06
1,9730,0.00033377633735653944,9.999660993716127e-06
1,9740,0.0003349994964082725,9.999660216633419e-06
1,9750,0.00034373225062154237,9.99965943866113e-06
1,9760,0.00031743094587000087,9.999658659799257e-06
1,9770,0.0003198934144165832,9.999657880047807e-06
1,9780,0.00032021219267335254,9.999657099406783e-06
1,9790,0.0003393704566406086,9.999656317876178e-06
1,9800,0.00031861473544267935,9.999655535455991e-06
1,9810,0.0003150322430883534,9.999654752146227e-06
1,9820,0.0003546450650901533,9.999653967946885e-06
1,9830,0.0003183848166372627,9.999653182857966e-06
1,9840,0.0003227860819606576,9.999652396879465e-06
1,9850,0.0003320590338262263,9.99965161001139e-06
1,9860,0.00031748343499202745,9.999650822253734e-06
1,9870,0.00031057888118084524,9.999650033606503e-06
1,9880,0.00031674194360675756,9.999649244069693e-06
1,9890,0.0003194646793417633,9.999648453643306e-06
1,9900,0.00031331197351391893,9.999647662327344e-06
1,9910,0.00032409755185653917,9.9996468701218e-06
1,9920,0.0003222861159883905,9.999646077026683e-06
1,9930,0.0003407613312447211,9.99964528304199e-06
1,9940,0.0003174191850121133,9.999644488167719e-06
1,9950,0.0003204013151844265,9.999643692403868e-06
1,9960,0.0003198214544681832,9.999642895750443e-06
1,9970,0.0003442836306930986,9.999642098207444e-06
1,9980,0.00031033593986649064,9.999641299774869e-06
1,9990,0.00030378627598111053,9.999640500452714e-06
1,10000,0.00033177238692587706,9.999639700240985e-06
1,10010,0.0003078902173001552,9.999638899139682e-06
1,10020,0.000303411576533108,9.999638097148806e-06
1,10030,0.0003183915323461406,9.999637294268353e-06
1,10040,0.00029935828679299447,9.999636490498321e-06
1,10050,0.0003121136203844799,9.999635685838716e-06
1,10060,0.00034013246004178655,9.99963488028954e-06
1,10070,0.0002952049526356859,9.999634073850786e-06
1,10080,0.00033036316817742773,9.99963326652246e-06
1,10090,0.0003216191682440695,9.999632458304556e-06
1,10100,0.0003099438166827895,9.999631649197079e-06
1,10110,0.0002893962053349241,9.999630839200029e-06
1,10120,0.000290612235039589,9.999630028313401e-06
1,10130,0.00030967280727054456,9.999629216537204e-06
1,10140,0.0003079272290051449,9.999628403871431e-06
1,10150,0.00031665995520597785,9.999627590316086e-06
1,10160,0.0003013847272086423,9.999626775871168e-06
1,10170,0.00030173565610311923,9.999625960536677e-06
1,10180,0.00029333205493458085,9.99962514431261e-06
1,10190,0.00028120771603425967,9.999624327198967e-06
1,10200,0.00028511427408375314,9.999623509195755e-06
1,10210,0.0003933346153644379,9.999622690302968e-06
1,10220,0.0003219097317924025,9.99962187052061e-06
1,10230,0.0002780776281724684,9.99962104984868e-06
1,10240,0.000295625551007106,9.999620228287178e-06
1,10250,0.0002990310942550423,9.999619405836106e-06
1,10260,0.00031007489233161325,9.999618582495458e-06
1,10270,0.0002992087585880654,9.99961775826524e-06
1,10280,0.000288288870069664,9.999616933145448e-06
1,10290,0.0002881794582208386,9.99961610713609e-06
1,10300,0.0002886674268665956,9.999615280237155e-06
1,10310,0.00028809239593101664,9.999614452448649e-06
1,10320,0.0002820466113917064,9.999613623770574e-06
1,10330,0.0002868927356757922,9.99961279420293e-06
1,10340,0.00028643123514484616,9.999611963745707e-06
1,10350,0.00029722662293352187,9.999611132398919e-06
1,10360,0.00028628117106563875,9.999610300162565e-06
1,10370,0.00028084522928111254,9.999609467036633e-06
1,10380,0.00028653526023845186,9.999608633021135e-06
1,10390,0.0002746512756857556,9.999607798116063e-06
1,10400,0.00028117580695834475,9.999606962321422e-06
1,10410,0.000302952299171011,9.999606125637215e-06
1,10420,0.0002662287726707291,9.999605288063434e-06
1,10430,0.0003057808662561001,9.999604449600087e-06
1,10440,0.0002832987222063821,9.999603610247172e-06
1,10450,0.00029554795437434226,9.999602770004685e-06
1,10460,0.0003031965377886081,9.99960192887263e-06
1,10470,0.00028751782156177796,9.999601086851002e-06
1,10480,0.00030049547385715416,9.99960024393981e-06
1,10490,0.0002742168686381774,9.999599400139044e-06
1,10500,0.000273574758466566,9.999598555448716e-06
1,10510,0.00027287064513075164,9.999597709868818e-06
1,10520,0.00025885683426167815,9.999596863399349e-06
1,10530,0.00026412894767418037,9.999596016040316e-06
1,10540,0.0003101876780419843,9.999595167791716e-06
1,10550,0.00028807148919440806,9.999594318653544e-06
1,10560,0.0002866180959244957,9.999593468625804e-06
1,10570,0.00026999700457963627,9.999592617708502e-06
1,10580,0.0002743078213825356,9.99959176590163e-06
1,10590,0.0002591750057035824,9.99959091320519e-06
1,10600,0.00026090733044838995,9.99959005961918e-06
1,10610,0.00028296137425058986,9.999589205143606e-06
1,10620,0.000278737651751726,9.99958834977846e-06
1,10630,0.00026007812084571924,9.999587493523758e-06
1,10640,0.00028377895359881227,9.999586636379487e-06
1,10650,0.00028070413754903716,9.999585778345654e-06
1,10660,0.00026328190797357824,9.99958491942225e-06
1,10670,0.0002785118536849041,9.999584059609284e-06
1,10680,0.00027306565461913127,9.99958319890675e-06
1,10690,0.00031319817462645007,9.99958233731465e-06
1,10700,0.00028504584006441294,9.999581474832984e-06
1,10710,0.0002717368486628402,9.999580611461755e-06
1,10720,0.0002668323249963578,9.999579747200964e-06
1,10730,0.0002519118268537568,9.999578882050599e-06
1,10740,0.00026315921677451116,9.999578016010666e-06
1,10750,0.00024593650887254624,9.999577149081172e-06
1,10760,0.00025827151221164964,9.999576281262114e-06
1,10770,0.00027112838615721556,9.999575412553497e-06
1,10780,0.0002600882999104215,9.999574542955313e-06
1,10790,0.00027998012737953106,9.99957367246756e-06
1,10800,0.0002629594073368935,9.999572801090244e-06
1,10810,0.00027778630719694776,9.999571928823369e-06
1,10820,0.00028088546314393166,9.999571055666931e-06
1,10830,0.000272619793395279,9.999570181620924e-06
1,10840,0.0002502887014998123,9.99956930668536e-06
1,10850,0.0002585452970379265,9.999568430860233e-06
1,10860,0.00026309997301723345,9.999567554145537e-06
1,10870,0.00028064373473171147,9.999566676541283e-06
1,10880,0.00026958286798617337,9.999565798047464e-06
1,10890,0.00023795884626451878,9.999564918664082e-06
1,10900,0.0002595841593574733,9.999564038391141e-06
1,10910,0.00027877383690793066,9.999563157228636e-06
1,10920,0.00025227896403521297,9.99956227517657e-06
1,10930,0.00027194467365916354,9.99956139223494e-06
1,10940,0.00028551214963954406,9.999560508403751e-06
1,10950,0.00024590951288701036,9.999559623683001e-06
1,10960,0.00024084622200462038,9.999558738072687e-06
1,10970,0.00026994031031790655,9.999557851572812e-06
1,10980,0.0003115832445473643,9.999556964183373e-06
1,10990,0.00028161749069113287,9.999556075904375e-06
1,11000,0.0002828740478435065,9.99955518673582e-06
1,11010,0.000265963942365488,9.9995542966777e-06
1,11020,0.00025844049996521785,9.999553405730023e-06
1,11030,0.00028770982244168407,9.999552513892789e-06
1,11040,0.00024100711525534282,9.99955162116599e-06
1,11050,0.00027818896633107214,9.999550727549634e-06
1,11060,0.0002468872728059068,9.999549833043716e-06
1,11070,0.0002624649983772542,9.999548937648238e-06
1,11080,0.00026177168438152877,9.999548041363202e-06
1,11090,0.00024928099592216315,9.999547144188606e-06
1,11100,0.000256447060382925,9.999546246124451e-06
1,11110,0.00024254119671240915,9.999545347170734e-06
1,11120,0.00023912620199553205,9.999544447327461e-06
1,11130,0.000256435114715714,9.99954354659463e-06
1,11140,0.00027939218707615513,9.99954264497224e-06
1,11150,0.00025086887762881815,9.999541742460288e-06
1,11160,0.0002317464866791852,9.99954083905878e-06
1,11170,0.0002525480929762125,9.999539934767713e-06
1,11180,0.0002534613577154232,9.999539029587091e-06
1,11190,0.00023687363718636332,9.999538123516911e-06
1,11200,0.000262278002264793,9.999537216557172e-06
1,11210,0.0002538150049076649,9.99953630870788e-06
1,11220,0.00024169326243281828,9.999535399969028e-06
1,11230,0.0002565701463026926,9.999534490340618e-06
1,11240,0.00027454722730908544,9.999533579822653e-06
1,11250,0.0002492503732355544,9.99953266841513e-06
1,11260,0.0002335607099666959,9.99953175611805e-06
1,11270,0.0002384856081334874,9.999530842931412e-06
1,11280,0.00023503971970058047,9.99952992885522e-06
1,11290,0.00021910716641286853,9.99952901388947e-06
1,11300,0.000251963557821,9.999528098034165e-06
1,11310,0.0002483355205185944,9.999527181289307e-06
1,11320,0.000276764681620989,9.99952626365489e-06
1,11330,0.0002495544129487825,9.999525345130918e-06
1,11340,0.00025077949721890035,9.999524425717391e-06
1,11350,0.00022735797065251973,9.999523505414308e-06
1,11360,0.00026345440746808894,9.99952258422167e-06
1,11370,0.00023437040217686448,9.999521662139474e-06
1,11380,0.00022758703016734216,9.999520739167727e-06
1,11390,0.00023283226510102396,9.999519815306427e-06
1,11400,0.0002485998560587177,9.999518890555571e-06
1,11410,0.00024013837646634783,9.99951796491516e-06
1,11420,0.00027157588192494586,9.999517038385197e-06
1,11430,0.00025173576796078123,9.999516110965682e-06
1,11440,0.00024545938613300676,9.99951518265661e-06
1,11450,0.00026474487749510444,9.999514253457985e-06
1,11460,0.0003389853005501209,9.999513323369809e-06
1,11470,0.00024875318158592565,9.999512392392078e-06
1,11480,0.000244914659197093,9.999511460524795e-06
1,11490,0.00027119570295326413,9.999510527767961e-06
1,11500,0.000240748648866429,9.99950959412157e-06
1,11510,0.0002515607855457347,9.99950865958563e-06
1,11520,0.00025463740894338116,9.999507724160136e-06
1,11530,0.0002546943876950536,9.999506787845091e-06
1,11540,0.00022830218222225085,9.999505850640495e-06
1,11550,0.00023854404789744874,9.999504912546347e-06
1,11560,0.0002327637870621402,9.999503973562644e-06
1,11570,0.00024955519584182186,9.999503033689392e-06
1,11580,0.0002888084189180517,9.999502092926587e-06
1,11590,0.00022345158067764716,9.99950115127423e-06
1,11600,0.0002218567839008756,9.999500208732327e-06
1,11610,0.00026650552717910614,9.999499265300872e-06
1,11620,0.0002258994743897347,9.999498320979862e-06
1,11630,0.00023536420849268325,9.999497375769302e-06
1,11640,0.00024271783222502564,9.999496429669196e-06
1,11650,0.00023361329876934176,9.999495482679537e-06
1,11660,0.0002589091924164677,9.99949453480033e-06
1,11670,0.00022731261560693383,9.999493586031568e-06
1,11680,0.00025634399498812853,9.999492636373261e-06
1,11690,0.0002536284086090745,9.999491685825408e-06
1,11700,0.00021727434650529177,9.999490734388e-06
1,11710,0.0002435058333503548,9.99948978206104e-06
1,11720,0.00023623946763109418,9.999488828844536e-06
1,11730,0.00024818655765557196,9.999487874738483e-06
1,11740,0.0002338409423828125,9.999486919742879e-06
1,11750,0.00023670980117458383,9.999485963857729e-06
1,11760,0.00022890859399922193,9.999485007083032e-06
1,11770,0.0002471464129484957,9.999484049418785e-06
1,11780,0.00023666478628001645,9.999483090864988e-06
1,11790,0.00022905522273504176,9.999482131421646e-06
1,11800,0.00023428560489264784,9.999481171088756e-06
1,11810,0.00023051290336297827,9.999480209866316e-06
1,11820,0.00022824600746389477,9.999479247754332e-06
1,11830,0.00021613137869280763,9.999478284752802e-06
1,11840,0.0002457318070810288,9.999477320861723e-06
1,11850,0.0002422559729893692,9.999476356081098e-06
1,11860,0.0002167406568332808,9.999475390410926e-06
1,11870,0.0002204321699537104,9.99947442385121e-06
1,11880,0.0002264631631987868,9.999473456401944e-06
1,11890,0.00022518047226185444,9.999472488063137e-06
1,11900,0.00023425303770636675,9.99947151883478e-06
1,11910,0.00023190820538729893,9.999470548716877e-06
1,11920,0.00021496220542758235,9.999469577709431e-06
1,11930,0.00021481180483533534,9.999468605812439e-06
1,11940,0.0002237171367596602,9.999467633025898e-06
1,11950,0.00023397751247102863,9.99946665934982e-06
1,11960,0.00025295834420830944,9.999465684784192e-06
1,11970,0.00022874698079249355,9.99946470932902e-06
1,11980,0.0002167278402339434,9.999463732984305e-06
1,11990,0.00019608992370194754,9.999462755750044e-06
1,12000,0.0002153048786567524,9.999461777626239e-06
1,12010,0.000217683437949745,9.999460798612889e-06
1,12020,0.0002472532174579101,9.999459818709996e-06
1,12030,0.00021234894848021213,9.99945883791756e-06
1,12040,0.0002247371718112845,9.999457856235581e-06
1,12050,0.00020894027838949116,9.999456873664059e-06
1,12060,0.0002442363758746069,9.999455890202996e-06
1,12070,0.00023058261795085854,9.999454905852384e-06
1,12080,0.0002024558973062085,9.999453920612234e-06
1,12090,0.00020789570880879184,9.999452934482541e-06
1,12100,0.00022399804438464344,9.999451947463305e-06
1,12110,0.0002379200541327009,9.999450959554525e-06
1,12120,0.00023380570528388488,9.999449970756204e-06
1,12130,0.0002444907688186504,9.999448981068341e-06
1,12140,0.0002262824164063204,9.999447990490936e-06
1,12150,0.00020399155728227923,9.99944699902399e-06
1,12160,0.00023097948687791358,9.999446006667502e-06
1,12170,0.00021843257163709498,9.999445013421473e-06
1,12180,0.0002154840429284377,9.9994440192859e-06
1,12190,0.00022304280100797768,9.999443024260788e-06
1,12200,0.00028668386366916817,9.999442028346135e-06
1,12210,0.00024418527937086765,9.99944103154194e-06
1,12220,0.00023808822043065448,9.99944003384821e-06
1,12230,0.00023118970930227078,9.999439035264936e-06
1,12240,0.00021487846024683676,9.999438035792123e-06
1,12250,0.0002447263657813892,9.999437035429771e-06
1,12260,0.00022086534299887718,9.99943603417788e-06
1,12270,0.00022189988922036716,9.99943503203645e-06
1,12280,0.00021638616854033896,9.999434029005482e-06
1,12290,0.00024849740984791426,9.999433025084974e-06
1,12300,0.00019629665803222451,9.999432020274927e-06
1,12310,0.00021493911444849797,9.99943101457534e-06
1,12320,0.00024801899453450463,9.999430007986214e-06
1,12330,0.0002057909510767786,9.999429000507553e-06
1,12340,0.0001898189791972982,9.999427992139352e-06
1,12350,0.00021002061803301333,9.999426982881615e-06
1,12360,0.000245796618037275,9.999425972734337e-06
1,12370,0.0002440980177198071,9.999424961697524e-06
1,12380,0.00021026368522143458,9.999423949771173e-06
1,12390,0.00021915443139732815,9.999422936955284e-06
1,12400,0.00020756925114255863,9.999421923249858e-06
1,12410,0.00022933987165743022,9.999420908654895e-06
1,12420,0.00023986000887816773,9.999419893170395e-06
1,12430,0.0002211779352364829,9.99941887679636e-06
1,12440,0.00019703672151081265,9.99941785953279e-06
1,12450,0.00022725570051989054,9.999416841379682e-06
1,12460,0.00021604003777611072,9.999415822337038e-06
1,12470,0.0002291487508045975,9.999414802404856e-06
1,12480,0.00018577204209577756,9.99941378158314e-06
1,12490,0.00020909941413265186,9.99941275987189e-06
1,12500,0.00023758150164212563,9.999411737271104e-06
1,12510,0.00022671575788990594,9.999410713780782e-06
1,12520,0.00020994878286728635,9.999409689400925e-06
1,12530,0.00020933640298608224,9.999408664131534e-06
1,12540,0.0002139718388207257,9.999407637972607e-06
1,12550,0.00019781007067649624,9.999406610924149e-06
1,12560,0.00022523372099385596,9.999405582986155e-06
1,12570,0.00021780553652206436,9.999404554158628e-06
1,12580,0.00023711840258329174,9.999403524441568e-06
1,12590,0.00024000617304409388,9.999402493834972e-06
1,12600,0.0001994457128603244,9.999401462338842e-06
1,12610,0.000213732999691274,9.999400429953178e-06
1,12620,0.00019784813739534,9.999399396677982e-06
1,12630,0.00021657140569004697,9.999398362513253e-06
1,12640,0.0002250299345178064,9.999397327458992e-06
1,12650,0.00022388659417629241,9.999396291515196e-06
1,12660,0.00022222166262508833,9.999395254681871e-06
1,12670,0.00019265369337517768,9.999394216959014e-06
1,12680,0.00021392560120148119,9.999393178346623e-06
1,12690,0.00021471021682373245,9.9993921388447e-06
1,12700,0.00019855282735079525,9.999391098453248e-06
1,12710,0.00021996806935931093,9.999390057172263e-06
1,12720,0.00020477500911511017,9.999389015001747e-06
1,12730,0.00023456589588022322,9.999387971941702e-06
1,12740,0.00021821417940373066,9.999386927992125e-06
1,12750,0.00020618592388927938,9.999385883153017e-06
1,12760,0.00023871842968219427,9.999384837424379e-06
1,12770,0.0002025911260716384,9.999383790806207e-06
1,12780,0.0002386163188930368,9.999382743298508e-06
1,12790,0.00022965945354371797,9.99938169490128e-06
1,12800,0.00020201015904603993,9.999380645614524e-06
1,12810,0.00019743806842598133,9.999379595438235e-06
1,12820,0.00021023694025643636,9.999378544372416e-06
1,12830,0.00021381057267717553,9.99937749241707e-06
1,12840,0.00029023502065683715,9.999376439572197e-06
1,12850,0.00019922582141589375,9.999375385837795e-06
1,12860,0.00020546268933685496,9.99937433121386e-06
1,12870,0.00021138121192052493,9.9993732757004e-06
1,12880,0.00021667032633558846,9.999372219297409e-06
1,12890,0.0002162524415325606,9.999371162004892e-06
1,12900,0.00019832249672617762,9.99937010382285e-06
1,12910,0.000199398483891855,9.99936904475128e-06
1,12920,0.00020503712912613988,9.999367984790177e-06
1,12930,0.00019828797703667076,9.999366923939551e-06
1,12940,0.00018545148632256314,9.999365862199396e-06
1,12950,0.0001935099611728219,9.999364799569713e-06
1,12960,0.00023253365834534633,9.999363736050504e-06
1,12970,0.0001923137835547095,9.99936267164177e-06
1,12980,0.00023722581609035844,9.999361606343512e-06
1,12990,0.0002204647320468212,9.999360540155726e-06
1,13000,0.000218868006777484,9.999359473078417e-06
1,13010,0.00017961768935492728,9.999358405111577e-06
1,13020,0.0002171289030229673,9.999357336255212e-06
1,13030,0.00019615103337855547,9.999356266509319e-06
1,13040,0.0001986311446671607,9.999355195873902e-06
1,13050,0.00021078968020447065,9.999354124348964e-06
1,13060,0.00019762752890528645,9.9993530519345e-06
1,13070,0.00020360232956591063,9.999351978630509e-06
1,13080,0.0002030476687650662,9.999350904436996e-06
1,13090,0.0002107540422002785,9.99934982935396e-06
1,13100,0.00019258564825577195,9.999348753381395e-06
1,13110,0.0001999456639168784,9.999347676519312e-06
1,13120,0.00021339105478546117,9.999346598767702e-06
1,13130,0.00020352371684566605,9.99934552012657e-06
1,13140,0.00019499116751831025,9.999344440595913e-06
1,13150,0.00019012212651432493,9.999343360175735e-06
1,13160,0.00021855497943761292,9.99934227886603e-06
1,13170,0.00020317910020821727,9.999341196666806e-06
1,13180,0.00018662043876247478,9.999340113578057e-06
1,13190,0.0001896788373414893,9.999339029599788e-06
1,13200,0.0002170989588194061,9.999337944731995e-06
1,13210,0.0002114290888130199,9.999336858974681e-06
1,13220,0.00019127922932966613,9.999335772327845e-06
1,13230,0.000182590238910052,9.99933468479149e-06
1,13240,0.00019266146227892023,9.999333596365615e-06
1,13250,0.0001991011667996645,9.999332507050213e-06
1,13260,0.00020935038301104212,9.999331416845294e-06
1,13270,0.00020184260829410048,9.999330325750853e-06
1,13280,0.00019332534611749,9.999329233766896e-06
1,13290,0.0002034881941654021,9.999328140893415e-06
1,13300,0.00021084922300360632,9.999327047130416e-06
1,13310,0.0002449162842822261,9.999325952477895e-06
1,13320,0.00019807953722192906,9.999324856935852e-06
1,13330,0.0001890403567813337,9.99932376050429e-06
1,13340,0.0001903303087601671,9.999322663183207e-06
1,13350,0.0002034914039541036,9.999321564972604e-06
1,13360,0.00019314408891659695,9.999320465872487e-06
1,13370,0.00018188075518992265,9.999319365882849e-06
1,13380,0.00020336590205261018,9.999318265003694e-06
1,13390,0.00018411423443467358,9.99931716323502e-06
1,13400,0.0001901449839351699,9.999316060576828e-06
1,13410,0.0002012596232816577,9.999314957029116e-06
1,13420,0.0001867627615865786,9.999313852591889e-06
1,13430,0.00022976569234742784,9.999312747265142e-06
1,13440,0.0001904031105368631,9.999311641048876e-06
1,13450,0.0002240187270217575,9.999310533943097e-06
1,13460,0.00017536863724672,9.999309425947801e-06
1,13470,0.00017685458697087598,9.999308317062987e-06
1,13480,0.00019498839283187407,9.999307207288652e-06
1,13490,0.00019250063814979512,9.999306096624805e-06
1,13500,0.00018831168999895452,9.999304985071439e-06
1,13510,0.00019896630783478034,9.999303872628561e-06
1,13520,0.00022696345586155077,9.999302759296165e-06
1,13530,0.00020459942534216679,9.999301645074254e-06
1,13540,0.00019419120617385487,9.999300529962827e-06
1,13550,0.00019355043186806143,9.999299413961886e-06
1,13560,0.0001942871631399612,9.999298297071428e-06
1,13570,0.00019326599958731095,9.999297179291455e-06
1,13580,0.0001872550121333916,9.999296060621965e-06
1,13590,0.00016226167226705,9.999294941062965e-06
1,13600,0.00018492436975066083,9.999293820614449e-06
1,13610,0.00018565570080681938,9.999292699276414e-06
1,13620,0.0001818200365960365,9.99929157704887e-06
1,13630,0.00021128447697265075,9.999290453931816e-06
1,13640,0.0001998026647925144,9.999289329925244e-06
1,13650,0.0001892519978355267,9.999288205029161e-06
1,13660,0.000208867403853219,9.999287079243566e-06
1,13670,0.00020544272392726272,9.999285952568455e-06
1,13680,0.0001994557509533479,9.99928482500383e-06
1,13690,0.00017852862183644904,9.999283696549693e-06
1,13700,0.0001862098319179495,9.999282567206048e-06
1,13710,0.00019599449860834283,9.99928143697289e-06
1,13720,0.00016492431659571595,9.99928030585022e-06
1,13730,0.00018723898101598025,9.999279173838036e-06
1,13740,0.00023222649851959432,9.999278040936339e-06
1,13750,0.00017854868838185212,9.999276907145133e-06
1,13760,0.00019362775383342522,9.999275772464415e-06
1,13770,0.00019533648701326457,9.999274636894186e-06
1,13780,0.00020883421111648202,9.999273500434448e-06
1,13790,0.00016971812619885894,9.999272363085199e-06
1,13800,0.00017216915421158777,9.999271224846437e-06
1,13810,0.0001826685298510711,9.99927008571817e-06
1,13820,0.00017489298461441648,9.99926894570039e-06
1,13830,0.00017619209211261477,9.9992678047931e-06
1,13840,0.00017211254162248225,9.999266662996301e-06
1,13850,0.00017663111721049065,9.999265520309995e-06
1,13860,0.00018942647366202434,9.999264376734182e-06
1,13870,0.00019396094648982398,9.999263232268856e-06
1,13880,0.00018756900208245498,9.999262086914017e-06
1,13890,0.00017387694333592663,9.999260940669675e-06
1,13900,0.0001749023846059572,9.999259793535827e-06
1,13910,0.0001861774388089543,9.999258645512468e-06
1,13920,0.00017814073198678672,9.999257496599601e-06
1,13930,0.00020158541610726388,9.999256346797224e-06
1,13940,0.00018334238011448177,9.999255196105342e-06
1,13950,0.00018678959404496708,9.999254044523952e-06
1,13960,0.0001792368575479486,9.999252892053058e-06
1,13970,0.00018385068760835567,9.999251738692655e-06
1,13980,0.00019025834462809143,9.999250584442746e-06
1,13990,0.0001904062695757602,9.999249429303331e-06
1,14000,0.0001928935249452479,9.999248273274408e-06
1,14010,0.0002093510771373985,9.999247116355982e-06
1,14020,0.0001805944650186575,9.999245958548047e-06
1,14030,0.00017625537002459167,9.999244799850608e-06
1,14040,0.00019153222074237418,9.999243640263663e-06
1,14050,0.00017924745134223485,9.999242479787218e-06
1,14060,0.00017312199706793764,9.999241318421265e-06
1,14070,0.00022498183298012012,9.999240156165806e-06
1,14080,0.0001715818922093604,9.999238993020844e-06
1,14090,0.0001717332874250133,9.999237828986375e-06
1,14100,0.00019123973270325224,9.999236664062402e-06
1,14110,0.00018712027285801015,9.999235498248927e-06
1,14120,0.0001771485956851393,9.999234331545945e-06
1,14130,0.00016605223172518893,9.999233163953462e-06
1,14140,0.00016501877726113887,9.999231995471477e-06
1,14150,0.0001823138205509167,9.99923082609999e-06
1,14160,0.0001731676273266203,9.999229655839e-06
1,14170,0.00018510055633669253,9.999228484688504e-06
1,14180,0.00016821579811221454,9.999227312648505e-06
1,14190,0.00017356065272906563,9.999226139719006e-06
1,14200,0.0001878433697129367,9.999224965900004e-06
1,14210,0.0001891742705993238,9.999223791191501e-06
1,14220,0.00019592514290707184,9.999222615593494e-06
1,14230,0.00019177077429048951,9.999221439105984e-06
1,14240,0.0001557100449645077,9.999220261728978e-06
1,14250,0.0001808272578273318,9.99921908346247e-06
1,14260,0.0001726081649394473,9.99921790430646e-06
1,14270,0.00019174572153133338,9.99921672426095e-06
1,14280,0.00015205376912490464,9.999215543325938e-06
1,14290,0.00017142894175776747,9.999214361501426e-06
1,14300,0.00017091166882892138,9.999213178787415e-06
1,14310,0.00017808158536354314,9.999211995183905e-06
1,14320,0.00018383639089734059,9.999210810690897e-06
1,14330,0.00017478852587373694,9.999209625308389e-06
1,14340,0.00020055297754879576,9.999208439036381e-06
1,14350,0.00016523525519005486,9.999207251874874e-06
1,14360,0.00022215241951926144,9.999206063823869e-06
1,14370,0.000181062286173983,9.999204874883363e-06
1,14380,0.00017337143235636175,9.999203685053362e-06
1,14390,0.0001833622642152477,9.999202494333862e-06
1,14400,0.00017343024446745404,9.999201302724863e-06
1,14410,0.000209673456629389,9.999200110226368e-06
1,14420,0.00019609573027992158,9.999198916838374e-06
1,14430,0.00018554100570327136,9.999197722560884e-06
1,14440,0.00017375311672367387,9.999196527393897e-06
1,14450,0.000187860029109288,9.999195331337414e-06
1,14460,0.0001742052143526962,9.99919413439143e-06
1,14470,0.0002339591663258034,9.999192936555953e-06
1,14480,0.0002224595311417943,9.99919173783098e-06
1,14490,0.00017476336670370075,9.999190538216514e-06
1,14500,0.00018914365118689603,9.99918933771255e-06
1,14510,0.00020109615306864722,9.999188136319088e-06
1,14520,0.00017896675890369804,9.999186934036137e-06
1,14530,0.00023124181952880463,9.999185730863683e-06
1,14540,0.00019275003251095768,9.999184526801739e-06
1,14550,0.00018332300460315308,9.999183321850302e-06
1,14560,0.0001896867608593311,9.999182116009365e-06
1,14570,0.00018870426702051192,9.999180909278936e-06
1,14580,0.00017999508108914596,9.999179701659015e-06
1,14590,0.00017835839280451183,9.999178493149598e-06
1,14600,0.0001934647105372278,9.999177283750684e-06
1,14610,0.00015802441976120463,9.999176073462283e-06
1,14620,0.00018668569391593336,9.999174862284387e-06
1,14630,0.00016502456164744217,9.999173650216997e-06
1,14640,0.000189975726789271,9.999172437260113e-06
1,14650,0.00017646358646743464,9.999171223413737e-06
1,14660,0.00019043888496526052,9.999170008677868e-06
1,14670,0.0001627607438422274,9.999168793052506e-06
1,14680,0.00016613521711406065,9.999167576537653e-06
1,14690,0.00021221989372861573,9.999166359133306e-06
1,14700,0.00017979227759497006,9.999165140839468e-06
1,14710,0.0001699769965853193,9.999163921656141e-06
1,14720,0.000181618552414875,9.999162701583326e-06
1,14730,0.00017435185527574503,9.99916148062102e-06
1,14740,0.00018524478127801558,9.999160258769226e-06
1,14750,0.00016873729382496096,9.99915903602794e-06
1,14760,0.00018649417143024039,9.999157812397165e-06
1,14770,0.00021953649375063835,9.999156587876895e-06
1,14780,0.00016247839757852487,9.999155362467139e-06
1,14790,0.0001733764065647847,9.999154136167895e-06
1,14800,0.00017401005534338764,9.999152908979156e-06
1,14810,0.00016780186597316059,9.999151680900931e-06
1,14820,0.00018495842559786979,9.999150451933218e-06
1,14830,0.00018171420160797424,9.999149222076016e-06
1,14840,0.0001806402000511298,9.999147991329327e-06
1,14850,0.00017226633954123825,9.999146759693147e-06
1,14860,0.00015611549151799408,9.99914552716748e-06
1,14870,0.00016388849253416992,9.999144293752326e-06
1,14880,0.0001868341207227786,9.999143059447682e-06
1,14890,0.00018449853614583845,9.999141824253554e-06
1,14900,0.00014675937836727826,9.999140588169938e-06
1,14910,0.00020840202705585398,9.999139351196837e-06
1,14920,0.00018142914996133186,9.999138113334248e-06
1,14930,0.00018380017554591176,9.999136874582173e-06
1,14940,0.0001857738601756864,9.999135634940613e-06
1,14950,0.00016864582066773438,9.999134394409564e-06
1,14960,0.00015888752113824012,9.999133152989032e-06
1,14970,0.00017440655938116834,9.99913191067901e-06
1,14980,0.00019698355899890884,9.999130667479507e-06
1,14990,0.0001642107432417106,9.999129423390516e-06
1,15000,0.0001655334004681208,9.999128178412044e-06
1,15010,0.00018174867382185768,9.999126932544086e-06
1,15020,0.0002108394171955297,9.999125685786643e-06
1,15030,0.00016319092956109673,9.999124438139714e-06
1,15040,0.00015956535062287,9.999123189603304e-06
1,15050,0.0001663684226514306,9.99912194017741e-06
1,15060,0.00016173189706023547,9.999120689862037e-06
1,15070,0.00016156721394509078,9.999119438657173e-06
1,15080,0.00019285493890492945,9.999118186562825e-06
1,15090,0.00019878739949490408,9.999116933578994e-06
1,15100,0.00017681223980616778,9.999115679705683e-06
1,15110,0.00015277645652531647,9.99911442494289e-06
1,15120,0.00017721475051075687,9.999113169290618e-06
1,15130,0.00016095474165922496,9.99911191274886e-06
1,15140,0.00018308421240362802,9.999110655317624e-06
1,15150,0.00019405145721975716,9.999109396996906e-06
1,15160,0.0001655181713431375,9.999108137786706e-06
1,15170,0.00017255427774216515,9.999106877687026e-06
1,15180,0.00017397307165083474,9.999105616697864e-06
1,15190,0.00020234601597621802,9.99910435481922e-06
1,15200,0.00017343095623800764,9.999103092051098e-06
1,15210,0.0001656336291489424,9.999101828393493e-06
1,15220,0.00017885776269395136,9.999100563846408e-06
1,15230,0.0001749966268107528,9.999099298409844e-06
1,15240,0.00018193519863416439,9.999098032083802e-06
1,15250,0.00016197037148231176,9.99909676486828e-06
1,15260,0.00019248699391027912,9.999095496763279e-06
1,15270,0.00014528391966450727,9.9990942277688e-06
1,15280,0.0001778542635292979,9.999092957884842e-06
1,15290,0.00017347070879623064,9.999091687111403e-06
1,15300,0.000163388971304812,9.999090415448488e-06
1,15310,0.00016757709436205915,9.999089142896093e-06
1,15320,0.0001643814213821315,9.999087869454223e-06
1,15330,0.0001682709738815902,9.999086595122878e-06
1,15340,0.00018447260663378984,9.999085319902053e-06
1,15350,0.00016331192873622057,9.999084043791751e-06
1,15360,0.00017883449181681498,9.999082766791972e-06
1,15370,0.0001721202002954669,9.999081488902718e-06
1,15380,0.000170722593429673,9.999080210123984e-06
1,15390,0.00015469538320758147,9.999078930455776e-06
1,15400,0.00017725240868458057,9.999077649898093e-06
1,15410,0.00014891302744217682,9.999076368450936e-06
1,15420,0.0001790234193322249,9.999075086114301e-06
1,15430,0.00016788148077466757,9.999073802888194e-06
1,15440,0.00017013996093737658,9.999072518772609e-06
1,15450,0.00017623059939069207,9.99907123376755e-06
1,15460,0.00019542974478099494,9.999069947873015e-06
1,15470,0.00021899540988670199,9.999068661089006e-06
1,15480,0.00017150861840491418,9.999067373415524e-06
1,15490,0.00016975121361610944,9.99906608485257e-06
1,15500,0.0001708545261863037,9.999064795400142e-06
1,15510,0.00015163609132287095,9.999063505058243e-06
1,15520,0.00019196893626940436,9.999062213826869e-06
1,15530,0.00018275828751939115,9.99906092170602e-06
1,15540,0.00015360998586402277,9.999059628695697e-06
1,15550,0.0002156522277800832,9.999058334795906e-06
1,15560,0.00016902461957215564,9.99905704000664e-06
1,15570,0.0001647330980631523,9.999055744327903e-06
1,15580,0.00017807820859161438,9.999054447759696e-06
1,15590,0.0001629460317417397,9.999053150302016e-06
1,15600,0.00015699397172284078,9.999051851954866e-06
1,15610,0.00016435926518170162,9.999050552718245e-06
1,15620,0.00016297995061904656,9.99904925259215e-06
1,15630,0.00015651757003070087,9.999047951576583e-06
1,15640,0.00016080065488495164,9.999046649671548e-06
1,15650,0.0001726985383356805,9.999045346877043e-06
1,15660,0.00018052199211524564,9.999044043193069e-06
1,15670,0.0001624926228032564,9.999042738619625e-06
1,15680,0.00016524211223440942,9.999041433156709e-06
1,15690,0.000172725395350426,9.999040126804325e-06
1,15700,0.00017763995801942654,9.99903881956247e-06
1,15710,0.00018905881897808287,9.999037511431148e-06
1,15720,0.00015689161264162974,9.99903620241036e-06
1,15730,0.00019913921005354496,9.9990348925001e-06
1,15740,0.0001556207593239378,9.999033581700375e-06
1,15750,0.00015121857777558036,9.999032270011182e-06
1,15760,0.0001564727734148619,9.999030957432525e-06
1,15770,0.00018795352771121542,9.999029643964397e-06
1,15780,0.00014477065469691296,9.999028329606803e-06
1,15790,0.00017726685473462564,9.999027014359742e-06
1,15800,0.0001687224328634329,9.999025698223216e-06
1,15810,0.0001397198799168109,9.999024381197221e-06
1,15820,0.00017420999301975826,9.99902306328176e-06
1,15830,0.0001556136729050195,9.999021744476835e-06
1,15840,0.00016543807541893326,9.999020424782446e-06
1,15850,0.0001682379641351872,9.99901910419859e-06
1,15860,0.00017272817822231443,9.999017782725266e-06
1,15870,0.00018944983967230655,9.999016460362477e-06
1,15880,0.00016595642227912322,9.999015137110224e-06
1,15890,0.0001606334253665409,9.99901381296851e-06
1,15900,0.00016943368445936357,9.999012487937329e-06
1,15910,0.00015615613392583327,9.999011162016685e-06
1,15920,0.00015808064435987034,9.999009835206575e-06
1,15930,0.00016919333902478686,9.999008507507e-06
1,15940,0.0001721398240988492,9.999007178917964e-06
1,15950,0.00016854641689860727,9.999005849439463e-06
1,15960,0.00017713934594212332,9.999004519071498e-06
1,15970,0.00016452218806080056,9.999003187814074e-06
1,15980,0.0001550394848891301,9.999001855667187e-06
1,15990,0.00017375171064486493,9.999000522630838e-06
1,16000,0.0001885708963527577,9.99899918870503e-06
1,16010,0.00015239700296660886,9.998997853889757e-06
1,16020,0.0001521463627796038,9.998996518185019e-06
1,16030,0.00017375394072587368,9.998995181590825e-06
1,16040,0.00015202433969534467,9.998993844107171e-06
1,16050,0.0001453239456168376,9.998992505734055e-06
1,16060,0.00017575299589225326,9.998991166471479e-06
1,16070,0.00016755860706325621,9.99898982631944e-06
1,16080,0.0001762970767231309,9.998988485277943e-06
1,16090,0.00015205020408757262,9.998987143346989e-06
1,16100,0.00017147056878457078,9.998985800526574e-06
1,16110,0.00015864729775785235,9.998984456816695e-06
1,16120,0.0001555020113300998,9.99898311221736e-06
1,16130,0.00016305058106809154,9.998981766728566e-06
1,16140,0.0001580745689352625,9.998980420350314e-06
1,16150,0.00014426698617171497,9.998979073082605e-06
1,16160,0.00016306914112647065,9.998977724925436e-06
1,16170,0.00014728796413692182,9.998976375878808e-06
1,16180,0.00019048272170039127,9.998975025942724e-06
1,16190,0.00017804048966354454,9.998973675117182e-06
1,16200,0.0001644822277739877,9.998972323402186e-06
1,16210,0.00014577256933989702,9.998970970797729e-06
1,16220,0.00017627901743253458,9.998969617303816e-06
1,16230,0.0001803723178454675,9.99896826292045e-06
1,16240,0.00016363129780074814,9.998966907647622e-06
1,16250,0.00014671135340904584,9.998965551485345e-06
1,16260,0.00018518646393204108,9.99896419443361e-06
1,16270,0.0001881889966171002,9.998962836492416e-06
1,16280,0.0001606799532964942,9.998961477661771e-06
1,16290,0.00016690583524905377,9.99896011794167e-06
1,16300,0.00015073319118528162,9.998958757332115e-06
1,16310,0.00015791637797519799,9.998957395833102e-06
1,16320,0.0001955482759512961,9.998956033444635e-06
1,16330,0.00014509766133414815,9.998954670166718e-06
1,16340,0.00016311065628542566,9.998953305999348e-06
1,16350,0.00014734446431248217,9.99895194094252e-06
1,16360,0.00015316861627070466,9.998950574996243e-06
1,16370,0.00015393974517792232,9.998949208160513e-06
1,16380,0.0001540786370242131,9.998947840435327e-06
1,16390,0.00018559149921202334,9.998946471820687e-06
1,16400,0.00016150779683812288,9.998945102316596e-06
1,16410,0.00025151176105282503,9.998943731923056e-06
1,16420,0.00015772601236676564,9.998942360640061e-06
1,16430,0.00015156422414293048,9.998940988467617e-06
1,16440,0.00013459292622428618,9.998939615405721e-06
1,16450,0.00015591366827720775,9.99893824145437e-06
1,16460,0.0001295632167966687,9.998936866613571e-06
1,16470,0.00015697983635618585,9.998935490883322e-06
1,16480,0.00015387058519991114,9.998934114263623e-06
1,16490,0.00017360704496240944,9.998932736754475e-06
1,16500,0.0001549077243907959,9.998931358355877e-06
1,16510,0.0001772106872522272,9.998929979067828e-06
1,16520,0.00017239874396182128,9.998928598890327e-06
1,16530,0.00015409920251840958,9.998927217823381e-06
1,16540,0.0001435551977920113,9.998925835866988e-06
1,16550,0.00014084659233049024,9.998924453021146e-06
1,16560,0.0001709555215711589,9.998923069285855e-06
1,16570,0.00014814837704761884,9.998921684661113e-06
1,16580,0.00015604637810611165,9.99892029914692e-06
1,16590,0.00016655031304253496,9.998918912743288e-06
1,16600,0.00014086760020290965,9.998917525450206e-06
1,16610,0.00015200329671642975,9.998916137267673e-06
1,16620,0.00014229224743758098,9.998914748195697e-06
1,16630,0.00016658971071592532,9.998913358234273e-06
1,16640,0.00014609460304200182,9.998911967383402e-06
1,16650,0.0002581958982773358,9.998910575643085e-06
1,16660,0.00017141056687250967,9.998909183013323e-06
1,16670,0.00016857112113939366,9.998907789494114e-06
1,16680,0.00015061271133163246,9.998906395085462e-06
1,16690,0.00017283772376686102,9.998904999787361e-06
1,16700,0.00015964282647473738,9.998903603599818e-06
1,16710,0.0001415191725754994,9.998902206522828e-06
1,16720,0.0001540853794722352,9.998900808556394e-06
1,16730,0.00014414107936318034,9.998899409700518e-06
1,16740,0.00013467884291458178,9.9988980099552e-06
1,16750,0.00015062283055158331,9.998896609320436e-06
1,16760,0.00012792725992767371,9.99889520779623e-06
1,16770,0.0001826258730943664,9.998893805382581e-06
1,16780,0.0001586057171152788,9.998892402079488e-06
1,16790,0.00016651544865453613,9.99889099788695e-06
1,16800,0.00015111206303117797,9.998889592804968e-06
1,16810,0.00016096056715468875,9.998888186833548e-06
1,16820,0.0001379831606755033,9.998886779972685e-06
1,16830,0.00016546914339414797,9.998885372222383e-06
1,16840,0.00013619760829897132,9.998883963582635e-06
1,16850,0.00017805133556976214,9.99888255405345e-06
1,16860,0.00017940678881132042,9.998881143634819e-06
1,16870,0.00015446542711288201,9.998879732326749e-06
1,16880,0.00014619397370552178,9.998878320129243e-06
1,16890,0.00018022225303866436,9.998876907042292e-06
1,16900,0.00018323104468436212,9.998875493065902e-06
1,16910,0.00017049960042641031,9.998874078200075e-06
1,16920,0.0001551458626636304,9.998872662444804e-06
1,16930,0.00017016201654769248,9.998871245800097e-06
1,16940,0.00014056552226975326,9.998869828265952e-06
1,16950,0.00014136591998976656,9.998868409842366e-06
1,16960,0.00015227540825435426,9.998866990529341e-06
1,16970,0.00015561741274723319,9.998865570326878e-06
1,16980,0.00013359190015762578,9.998864149234977e-06
1,16990,0.00014502721023745835,9.998862727253642e-06
1,17000,0.00016907650206121616,9.998861304382865e-06
1,17010,0.00016663023470755436,9.998859880622655e-06
1,17020,0.0001563576131957234,9.998858455973006e-06
1,17030,0.0001433164972695522,9.998857030433922e-06
1,17040,0.0001331519297309569,9.998855604005399e-06
1,17050,0.00013978088391013442,9.998854176687443e-06
1,17060,0.00019253299669799162,9.998852748480051e-06
1,17070,0.00014775769686821148,9.998851319383222e-06
1,17080,0.00016162724405148764,9.998849889396955e-06
1,17090,0.00014134963494143448,9.998848458521255e-06
1,17100,0.00014381966975633985,9.998847026756123e-06
1,17110,0.0001611840500117978,9.998845594101553e-06
1,17120,0.00015283669799828203,9.99884416055755e-06
1,17130,0.00016375360482925316,9.998842726124113e-06
1,17140,0.0001725501950204489,9.998841290801243e-06
1,17150,0.00014896339453116526,9.998839854588938e-06
1,17160,0.0001662909451624728,9.9988384174872e-06
1,17170,0.0001847390019975137,9.998836979496032e-06
1,17180,0.00014983950022724458,9.998835540615428e-06
1,17190,0.00014864172426314325,9.998834100845394e-06
1,17200,0.00012139502960053505,9.998832660185926e-06
1,17210,0.0001396089332047268,9.998831218637027e-06
1,17220,0.00012234088790137322,9.998829776198698e-06
1,17230,0.0001670787887633196,9.998828332870936e-06
1,17240,0.0001483185385950492,9.998826888653742e-06
1,17250,0.00019279332573205466,9.998825443547115e-06
1,17260,0.0001520092257123906,9.998823997551059e-06
1,17270,0.0001842904446675675,9.99882255066557e-06
1,17280,0.00017438751419831532,9.99882110289065e-06
1,17290,0.00015245905233314262,9.998819654226304e-06
1,17300,0.00016816999068396398,9.998818204672526e-06
1,17310,0.00017902219824463827,9.998816754229318e-06
1,17320,0.0001861688562712516,9.998815302896684e-06
1,17330,0.00016403606077801668,9.998813850674618e-06
1,17340,0.00014974385467212415,9.998812397563124e-06
1,17350,0.00014320336049422622,9.998810943562201e-06
1,17360,0.00016146928301168374,9.998809488671852e-06
1,17370,0.00015190390913630836,9.998808032892072e-06
1,17380,0.00014744984237040625,9.998806576222865e-06
1,17390,0.00013592557024821872,9.998805118664232e-06
1,17400,0.00015254184909281322,9.998803660216171e-06
1,17410,0.0001523178927527624,9.998802200878683e-06
1,17420,0.0001574906729729264,9.998800740651769e-06
1,17430,0.00016478307188663165,9.998799279535428e-06
1,17440,0.00013655784659931668,9.998797817529663e-06
1,17450,0.00013719516646233386,9.998796354634471e-06
1,17460,0.0001528997641798924,9.998794890849852e-06
1,17470,0.00012957664584973828,9.998793426175812e-06
1,17480,0.00015920494643069104,9.998791960612346e-06
1,17490,0.0001551109182400978,9.998790494159454e-06
1,17500,0.00014232081248337635,9.998789026817137e-06
1,17510,0.00015330897476815153,9.998787558585395e-06
1,17520,0.00012695926925516688,9.998786089464231e-06
1,17530,0.00015403695215354674,9.998784619453646e-06
1,17540,0.00013114191187924007,9.998783148553634e-06
1,17550,0.00015495386578550096,9.998781676764198e-06
1,17560,0.00015558716950181406,9.99878020408534e-06
1,17570,0.00017802294587454528,9.998778730517058e-06
1,17580,0.0001775129454472335,9.998777256059353e-06
1,17590,0.0001414561678757309,9.998775780712229e-06
1,17600,0.00018395263869024346,9.998774304475683e-06
1,17610,0.00015050148685986643,9.998772827349716e-06
1,17620,0.00014518560037686258,9.998771349334325e-06
1,17630,0.0001736429932861938,9.99876987042951e-06
1,17640,0.00015767616150696995,9.998768390635279e-06
1,17650,0.0001335396140348166,9.998766909951629e-06
1,17660,0.00015250954020302744,9.99876542837855e-06
1,17670,0.0001295022237172816,9.998763945916058e-06
1,17680,0.00018462751486367777,9.998762462564146e-06
1,17690,0.00012481202920753277,9.998760978322816e-06
1,17700,0.0001491461754994816,9.998759493192062e-06
1,17710,0.00014809361218794947,9.998758007171887e-06
1,17720,0.0001438224564481061,9.998756520262301e-06
1,17730,0.00013291341256262967,9.998755032463298e-06
1,17740,0.0001322874233665061,9.998753543774874e-06
1,17750,0.0001764152164469124,9.998752054197029e-06
1,17760,0.00019418417032284195,9.998750563729774e-06
1,17770,0.00015075586779857988,9.9987490723731e-06
1,17780,0.0001440454332623631,9.998747580127004e-06
1,17790,0.00014279688366514165,9.998746086991497e-06
1,17800,0.00013242268287285696,9.998744592966567e-06
1,17810,0.0001542946583867888,9.998743098052221e-06
1,17820,0.00015875252029218245,9.998741602248456e-06
1,17830,0.00014679207361041336,9.998740105555278e-06
1,17840,0.00016770974943938202,9.998738607972686e-06
1,17850,0.00016928220520640025,9.998737109500673e-06
1,17860,0.00014246636328607565,9.998735610139252e-06
1,17870,0.00013777172680420335,9.998734109888414e-06
1,17880,0.00014333172421174823,9.998732608748162e-06
1,17890,0.00016585852481512122,9.998731106718495e-06
1,17900,0.00016824863632791676,9.998729603799412e-06
1,17910,0.00015285512254195054,9.998728099990916e-06
1,17920,0.00016898382655199383,9.998726595293004e-06
1,17930,0.0001405729755788343,9.99872508970568e-06
1,17940,0.00013409991279331735,9.998723583228946e-06
1,17950,0.00011632977111730725,9.998722075862802e-06
1,17960,0.0001466641351726139,9.998720567607242e-06
1,17970,0.00014158649664750556,9.998719058462267e-06
1,17980,0.0001515949228632962,9.998717548427883e-06
1,17990,0.00015795519448147388,9.99871603750409e-06
1,18000,0.0001418849020410562,9.998714525690881e-06
1,18010,0.00015345107840403216,9.998713012988265e-06
1,18020,0.0001400820736307651,9.998711499396238e-06
1,18030,0.00015452989882760448,9.998709984914801e-06
1,18040,0.00015339903457061154,9.998708469543954e-06
1,18050,0.0001392762191244401,9.998706953283697e-06
1,18060,0.00016992442651826424,9.99870543613403e-06
1,18070,0.00014925267787475606,9.99870391809495e-06
1,18080,0.00015264434077835176,9.998702399166465e-06
1,18090,0.00014948875086702175,9.998700879348567e-06
1,18100,0.00015268444494722643,9.998699358641262e-06
1,18110,0.00015842321208765499,9.998697837044553e-06
1,18120,0.00015608650846843375,9.998696314558428e-06
1,18130,0.00013697275426238775,9.9986947911829e-06
1,18140,0.00014057155440241333,9.998693266917965e-06
1,18150,0.00013409938273980515,9.99869174176362e-06
1,18160,0.00015952753929013853,9.998690215719873e-06
1,18170,0.0001903735195810441,9.998688688786715e-06
1,18180,0.0001553235832034261,9.99868716096415e-06
1,18190,0.00013397321472439217,9.998685632252184e-06
1,18200,0.00014509326720144598,9.99868410265081e-06
1,18210,0.00014603963281842878,9.998682572160031e-06
1,18220,0.00014157297391648171,9.998681040779842e-06
1,18230,0.0001523916369478684,9.99867950851025e-06
1,18240,0.00015798359472682933,9.998677975351254e-06
1,18250,0.00013646107290696816,9.998676441302853e-06
1,18260,0.00015243033067235956,9.998674906365049e-06
1,18270,0.00018114647664333461,9.998673370537843e-06
1,18280,0.00016804027181933635,9.998671833821234e-06
1,18290,0.0001424532132659806,9.99867029621522e-06
1,18300,0.00013639244680234696,9.998668757719802e-06
1,18310,0.00016631599519314477,9.998667218334981e-06
1,18320,0.0001820284000132233,9.998665678060756e-06
1,18330,0.00014576486828445922,9.998664136897127e-06
1,18340,0.00015510238645219943,9.998662594844099e-06
1,18350,0.0001440805468519102,9.99866105190167e-06
1,18360,0.00017971455181395866,9.99865950806984e-06
1,18370,0.0001131527496909257,9.998657963348608e-06
1,18380,0.000132743145331915,9.998656417737973e-06
1,18390,0.0001553993946799892,9.99865487123794e-06
1,18400,0.00013458876364893512,9.998653323848507e-06
1,18410,0.00015173609990597471,9.998651775569676e-06
1,18420,0.00013522219196602237,9.99865022640144e-06
1,18430,0.00012945205089636146,9.998648676343805e-06
1,18440,0.0001729561145111802,9.998647125396773e-06
1,18450,0.00015285152767319232,9.998645573560343e-06
1,18460,0.00015295003668143182,9.998644020834512e-06
1,18470,0.00015580180879624093,9.998642467219282e-06
1,18480,0.0001339926837317762,9.998640912714656e-06
1,18490,0.00018071497270284454,9.998639357320633e-06
1,18500,0.00016028439495130442,9.998637801037209e-06
1,18510,0.00015256681417668004,9.998636243864387e-06
1,18520,0.00017720552168611902,9.998634685802168e-06
1,18530,0.00015732030806248076,9.998633126850554e-06
1,18540,0.00014511367753584637,9.998631567009543e-06
1,18550,0.0001414794402080588,9.998630006279136e-06
1,18560,0.00012798074985767016,9.998628444659334e-06
1,18570,0.00013502587789844257,9.998626882150136e-06
1,18580,0.00013594160609500252,9.998625318751542e-06
1,18590,0.00014117462051217445,9.99862375446355e-06
1,18600,0.00016014350549085066,9.998622189286168e-06
1,18610,0.00015345173123932908,9.998620623219388e-06
1,18620,0.0001569783305967576,9.998619056263215e-06
1,18630,0.00013632274258270626,9.998617488417648e-06
1,18640,0.0001333111789790564,9.998615919682687e-06
1,18650,0.00014057973039598436,9.998614350058334e-06
1,18660,0.00014668764797534095,9.998612779544586e-06
1,18670,0.00015345068313763477,9.998611208141448e-06
1,18680,0.0001422467226802837,9.998609635848917e-06
1,18690,0.0001280737937122467,9.99860806266699e-06
1,18700,0.00017148752376670016,9.998606488595673e-06
1,18710,0.00012920853077957872,9.998604913634964e-06
1,18720,0.00013830223251716235,9.998603337784862e-06
1,18730,0.00012845197234128135,9.998601761045372e-06
1,18740,0.00013251104483060774,9.998600183416488e-06
1,18750,0.00014469245834334288,9.998598604898216e-06
1,18760,0.000143124591158994,9.998597025490553e-06
1,18770,0.00016310062783304603,9.998595445193496e-06
1,18780,0.00013411805703071876,9.998593864007049e-06
1,18790,0.00017041816772689344,9.998592281931216e-06
1,18800,0.0001477922609410598,9.998590698965993e-06
1,18810,0.0001591948439454427,9.99858911511138e-06
1,18820,0.00014824420686636585,9.99858753036738e-06
1,18830,0.00012700272582151227,9.998585944733991e-06
1,18840,0.0001431208967915154,9.998584358211213e-06
1,18850,0.0001376058062305674,9.99858277079905e-06
1,18860,0.00011543532164068893,9.998581182497498e-06
1,18870,0.0001506363732914906,9.998579593306558e-06
1,18880,0.0001344493122815038,9.998578003226233e-06
1,18890,0.00011641309047263348,9.998576412256518e-06
1,18900,0.00015171960276347818,9.99857482039742e-06
1,18910,0.00014180203161231474,9.998573227648936e-06
1,18920,0.00015216547344607534,9.998571634011066e-06
1,18930,0.00013889409146941036,9.998570039483811e-06
1,18940,0.00014015008509886683,9.998568444067167e-06
1,18950,0.00014669715819763953,9.99856684776114e-06
1,18960,0.00016572162930970078,9.998565250565728e-06
1,18970,0.00013685215926670936,9.998563652480933e-06
1,18980,0.00012642995825444813,9.998562053506753e-06
1,18990,0.00013366331932047616,9.998560453643188e-06
1,19000,0.00012651500601350562,9.998558852890239e-06
1,19010,0.00018780080281430853,9.998557251247906e-06
1,19020,0.00014661409841210116,9.998555648716193e-06
1,19030,0.0001498303086918895,9.998554045295096e-06
1,19040,0.00014438584075833206,9.998552440984617e-06
1,19050,0.0001435543363186298,9.998550835784754e-06
1,19060,0.00015419014725921444,9.998549229695513e-06
1,19070,0.0001298493267313461,9.99854762271689e-06
1,19080,0.00013738959933107253,9.998546014848879e-06
1,19090,0.00013988737537147246,9.998544406091491e-06
1,19100,0.00013523983907361983,9.998542796444722e-06
1,19110,0.0001588763740073773,9.998541185908571e-06
1,19120,0.0001353549538180232,9.998539574483043e-06
1,19130,0.00013917449359723832,9.998537962168137e-06
1,19140,0.0001369166917356779,9.998536348963852e-06
1,19150,0.00013167572233214743,9.998534734870183e-06
1,19160,0.00019535298724804306,9.998533119887137e-06
1,19170,0.00013012555518798763,9.998531504014711e-06
1,19180,0.0001652604396440438,9.99852988725291e-06
1,19190,0.00015453943051397802,9.998528269601728e-06
1,19200,0.00013185586740291908,9.998526651061169e-06
1,19210,0.00012327601289143785,9.99852503163123e-06
1,19220,0.00011330493452987866,9.998523411311917e-06
1,19230,0.00014595138727599988,9.998521790103226e-06
1,19240,0.00015885956072452244,9.998520168005159e-06
1,19250,0.00016619202033325565,9.998518545017714e-06
1,19260,0.00013049051085545216,9.998516921140891e-06
1,19270,0.0001468076143282815,9.998515296374696e-06
1,19280,0.0001540610068332171,9.998513670719126e-06
1,19290,0.00012629389730136608,9.998512044174176e-06
1,19300,0.00015562241605948657,9.998510416739854e-06
1,19310,0.00015021711678855353,9.998508788416156e-06
1,19320,0.00016303806314681425,9.998507159203082e-06
1,19330,0.00013797406918456546,9.998505529100636e-06
1,19340,0.00014652167446911333,9.998503898108818e-06
1,19350,0.00013029126967012417,9.998502266227625e-06
1,19360,0.00016234440172411272,9.99850063345706e-06
1,19370,0.00016593845739407698,9.99849899979712e-06
1,19380,0.00012783058227796573,9.998497365247806e-06
1,19390,0.0001423168117980822,9.998495729809124e-06
1,19400,0.00015949217304296327,9.998494093481066e-06
1,19410,0.0001448188077119994,9.99849245626364e-06
1,19420,0.0001361107353659463,9.998490818156842e-06
1,19430,0.0001506099728430854,9.998489179160671e-06
1,19440,0.00013104641566314968,9.998487539275129e-06
1,19450,0.00017690939876047196,9.998485898500216e-06
1,19460,0.00013928997304901714,9.99848425683593e-06
1,19470,0.00013369958196562948,9.998482614282274e-06
1,19480,0.00012714232871076093,9.998480970839253e-06
1,19490,0.0001418977561115753,9.998479326506864e-06
1,19500,0.00015271199717972194,9.9984776812851e-06
1,19510,0.00015288958693417953,9.99847603517397e-06
1,19520,0.00012941603126819244,9.998474388173471e-06
1,19530,0.00014066492913116234,9.998472740283609e-06
1,19540,0.000190681853928254,9.998471091504373e-06
1,19550,0.0001458024293242488,9.99846944183577e-06
1,19560,0.0001362319726467831,9.998467791277799e-06
1,19570,0.00013268403454276269,9.99846613983046e-06
1,19580,0.00015083697289810515,9.998464487493757e-06
1,19590,0.00012737101296806942,9.99846283426769e-06
1,19600,0.0001737748236337211,9.998461180152254e-06
1,19610,0.00014419650706258834,9.998459525147453e-06
1,19620,0.00015123435332498048,9.998457869253284e-06
1,19630,0.00013274125194584485,9.99845621246975e-06
1,19640,0.00015418415823660326,9.998454554796855e-06
1,19650,0.00015635481395293027,9.998452896234594e-06
1,19660,0.00013422752363112522,9.998451236782967e-06
1,19670,0.00014952583005651833,9.998449576441975e-06
1,19680,0.00016266355032712457,9.99844791521162e-06
1,19690,0.00016422989956481617,9.998446253091901e-06
1,19700,0.0001496206406955025,9.998444590082817e-06
1,19710,0.00015411095064337131,9.998442926184375e-06
1,19720,0.00015769069250382017,9.99844126139657e-06
1,19730,0.00014840603853372158,9.998439595719399e-06
1,19740,0.00013955738559161547,9.998437929152868e-06
1,19750,0.0001341864568530582,9.998436261696974e-06
1,19760,0.0001492781339038629,9.998434593351718e-06
1,19770,0.00013495954390236876,9.9984329241171e-06
1,19780,0.00012160672067693668,9.998431253993123e-06
1,19790,0.00017037150955729886,9.998429582979784e-06
1,19800,0.00014584210366592744,9.998427911077088e-06
1,19810,0.00015232601544994394,9.99842623828503e-06
1,19820,0.00012193941838631873,9.99842456460361e-06
1,19830,0.0001516906024335185,9.998422890032835e-06
1,19840,0.00014019437585375272,9.998421214572697e-06
1,19850,0.00014001177169120638,9.998419538223201e-06
1,19860,0.0001463113729187171,9.998417860984348e-06
1,19870,0.00014529786058119497,9.998416182856135e-06
1,19880,0.00014015448705322344,9.998414503838564e-06
1,19890,0.0001644165908146533,9.998412823931635e-06
1,19900,0.00012077715800842271,9.99841114313535e-06
1,19910,0.00016973987840174232,9.998409461449704e-06
1,19920,0.00013963939927634782,9.998407778874705e-06
1,19930,0.00013367797564569627,9.99840609541035e-06
1,19940,0.00012917470285174205,9.998404411056641e-06
1,19950,0.0001510377247541328,9.998402725813574e-06
1,19960,0.00011996799457847374,9.998401039681154e-06
1,19970,0.00014560375348082746,9.998399352659379e-06
1,19980,0.0001295612770263688,9.998397664748244e-06
1,19990,0.00014832283995929173,9.998395975947752e-06
1,20000,0.0001595920020918129,9.998394286257911e-06
1,20010,0.00013856645764462883,9.998392595678716e-06
1,20020,0.00013739136829826748,9.998390904210163e-06
1,20030,0.00014835182191745843,9.998389211852263e-06
1,20040,0.00014623769766330952,9.998387518605007e-06
1,20050,0.00014452646810241275,9.998385824468396e-06
1,20060,0.0001249370821824414,9.998384129442435e-06
1,20070,0.00015432194941240597,9.998382433527122e-06
1,20080,0.0001410477241734043,9.998380736722455e-06
1,20090,0.00010742540798673871,9.998379039028439e-06
1,20100,0.000133834028201818,9.99837734044507e-06
1,20110,0.00012736785138258713,9.998375640972353e-06
1,20120,0.00010762115471152355,9.998373940610284e-06
1,20130,0.0001416251312548411,9.998372239358864e-06
1,20140,0.00014283238542702747,9.998370537218094e-06
1,20150,0.00014176627064443892,9.998368834187977e-06
1,20160,0.00014066701260162517,9.998367130268508e-06
1,20170,0.00016168245801964078,9.998365425459687e-06
1,20180,0.00012705011631624074,9.998363719761517e-06
1,20190,0.00016765067975939017,9.998362013174e-06
1,20200,0.00014557812028215267,9.998360305697136e-06
1,20210,0.0001319524877544609,9.998358597330923e-06
1,20220,0.00011554786979104393,9.998356888075365e-06
1,20230,0.00013821037664456525,9.998355177930456e-06
1,20240,0.00014119800543994644,9.998353466896204e-06
1,20250,0.00013982559066789691,9.9983517549726e-06
1,20260,9.969337970687777e-05,9.998350042159651e-06
1,20270,0.00016705509424355116,9.998348328457363e-06
1,20280,0.00012581124992721015,9.998346613865722e-06
1,20290,0.00014824054887867532,9.998344898384734e-06
1,20300,0.00011929018601222196,9.9983431820144e-06
1,20310,0.00013597690649476134,9.99834146475473e-06
1,20320,0.0001453242386560305,9.998339746605711e-06
1,20330,0.00016399154683313102,9.998338027567349e-06
1,20340,0.00016659861139487473,9.998336307639643e-06
1,20350,0.00014565167712135007,9.998334586822593e-06
1,20360,0.00012648460433410945,9.998332865116199e-06
1,20370,0.00014067382926441496,9.99833114252046e-06
1,20380,0.00014405662714125358,9.99832941903538e-06
1,20390,0.0001257347939827014,9.998327694660952e-06
1,20400,0.00013393277786235557,9.99832596939718e-06
1,20410,0.00012196024908917025,9.99832424324407e-06
1,20420,0.00014663391229987612,9.998322516201621e-06
1,20430,0.00016789597011666047,9.998320788269832e-06
1,20440,0.00017163267875730526,9.998319059448702e-06
1,20450,0.00012206710671307518,9.998317329738231e-06
1,20460,0.00014263973680499474,9.998315599138414e-06
1,20470,0.0001612955844393582,9.998313867649264e-06
1,20480,0.00013829595227434768,9.998312135270769e-06
1,20490,0.00013069163178442978,9.998310402002939e-06
1,20500,0.00015161863466346405,9.998308667845766e-06
1,20510,0.00016692984099790918,9.998306932799257e-06
1,20520,0.00013101443328196184,9.998305196863407e-06
1,20530,0.00013492196540028088,9.998303460038222e-06
1,20540,0.00013566696870839223,9.998301722323697e-06
1,20550,0.0001569719503095257,9.998299983719832e-06
1,20560,0.00013558454047597477,9.998298244226634e-06
1,20570,0.00012088094772479962,9.9982965038441e-06
1,20580,0.0001458438637200743,9.99829476257223e-06
1,20590,0.00012733459407172633,9.998293020411022e-06
1,20600,0.0001310021047174814,9.998291277360477e-06
1,20610,0.00014673480982310138,9.998289533420595e-06
1,20620,0.00017671052610239711,9.998287788591377e-06
1,20630,0.0001406766492436873,9.998286042872826e-06
1,20640,0.00013612253842438805,9.998284296264942e-06
1,20650,0.0001387041107591358,9.99828254876772e-06
1,20660,0.00012928134347021115,9.998280800381163e-06
1,20670,0.00011747878616006347,9.998279051105277e-06
1,20680,0.00015734536355012098,9.998277300940055e-06
1,20690,0.00012554959394037724,9.998275549885504e-06
1,20700,0.00012147333818575136,9.998273797941615e-06
1,20710,0.00012758284174196888,9.998272045108396e-06
1,20720,0.0001437247212379589,9.998270291385844e-06
1,20730,0.00014052396327315363,9.99826853677396e-06
1,20740,0.00015184712974587456,9.998266781272747e-06
1,20750,0.0001429971856850898,9.998265024882197e-06
1,20760,0.000153649932690314,9.99826326760232e-06
1,20770,0.0001476987494243076,9.998261509433111e-06
1,20780,0.00012685047413469875,9.998259750374569e-06
1,20790,0.00015712740787421353,9.998257990426699e-06
1,20800,0.00012805395435862011,9.998256229589497e-06
1,20810,0.0001244061573743238,9.998254467862968e-06
1,20820,0.00013283604403113713,9.99825270524711e-06
1,20830,0.00013650780128955376,9.998250941741924e-06
1,20840,0.00013162438062863657,9.998249177347407e-06
1,20850,0.0001232697417435702,9.998247412063562e-06
1,20860,0.00014876881723466795,9.99824564589039e-06
1,20870,0.0001233461112860823,9.998243878827894e-06
1,20880,0.00012560440754896262,9.998242110876069e-06
1,20890,0.00012953313707839698,9.998240342034918e-06
1,20900,0.0001226055012921279,9.998238572304437e-06
1,20910,0.00012148645473644137,9.998236801684632e-06
1,20920,0.00015158213609538506,9.998235030175499e-06
1,20930,0.00015329306515923235,9.998233257777041e-06
1,20940,0.00012072011359123281,9.998231484489256e-06
1,20950,0.0001267445330086048,9.998229710312148e-06
1,20960,0.00011679339586407879,9.998227935245715e-06
1,20970,0.00012356043325780774,9.998226159289956e-06
1,20980,0.00014610336329496932,9.998224382444875e-06
1,20990,0.00012950358122907347,9.998222604710469e-06
1,21000,0.00014725102428201354,9.998220826086742e-06
1,21010,0.0001502626839283039,9.998219046573689e-06
1,21020,0.00012642120564123618,9.998217266171315e-06
1,21030,0.00013516565832105698,9.998215484879616e-06
1,21040,0.00011506287009979132,9.998213702698595e-06
1,21050,0.00013402090298768598,9.998211919628254e-06
1,21060,0.0001315710365815903,9.99821013566859e-06
1,21070,0.00012292727296880912,9.998208350819607e-06
1,21080,0.00014514630420308093,9.998206565081305e-06
1,21090,0.00011952566910622409,9.99820477845368e-06
1,21100,0.00012095146985302564,9.998202990936734e-06
1,21110,0.00014327256849355763,9.998201202530465e-06
1,21120,0.00012740983038384002,9.99819941323488e-06
1,21130,0.000125695493989042,9.998197623049979e-06
1,21140,0.00014900858568580585,9.998195831975756e-06
1,21150,0.0001287580918869935,9.998194040012214e-06
1,21160,0.00013294435848365538,9.998192247159355e-06
1,21170,0.00010863578772841721,9.998190453417178e-06
1,21180,0.00011753566686820704,9.998188658785684e-06
1,21190,0.0001424414549546782,9.99818686326487e-06
1,21200,0.00014288298571045745,9.998185066854736e-06
1,21210,0.0001408110265401774,9.998183269555285e-06
1,21220,0.0001371184787785751,9.998181471366522e-06
1,21230,0.00013285697932587936,9.998179672288444e-06
1,21240,0.00013295341432240093,9.998177872321047e-06
1,21250,0.00011326675303280354,9.998176071464334e-06
1,21260,0.0001347880073808483,9.998174269718307e-06
1,21270,0.0001369793579215184,9.998172467082965e-06
1,21280,0.000131215247529326,9.998170663558306e-06
1,21290,0.00013065261337033007,9.998168859144335e-06
1,21300,0.000132429980658344,9.998167053841046e-06
1,21310,0.00011809636216639774,9.998165247648447e-06
1,21320,0.00014027979013917503,9.998163440566533e-06
1,21330,0.00014619043686252555,9.998161632595307e-06
1,21340,0.000131401314138202,9.998159823734769e-06
1,21350,0.00016109853804664452,9.998158013984918e-06
1,21360,0.0001506916891230503,9.998156203345756e-06
1,21370,0.00014145685781841166,9.998154391817283e-06
1,21380,0.0001602925747647532,9.998152579399498e-06
1,21390,0.00013821910815750015,9.998150766092403e-06
1,21400,0.00014226037801563508,9.998148951895995e-06
1,21410,0.00013226315404608614,9.998147136810278e-06
1,21420,0.0001299243083849433,9.998145320835253e-06
1,21430,0.0001097231131097942,9.998143503970917e-06
1,21440,0.00013384308767854235,9.99814168621727e-06
1,21450,0.00011935574802919292,9.998139867574313e-06
1,21460,0.0001193861444335198,9.998138048042053e-06
1,21470,0.00013315618725755484,9.998136227620477e-06
1,21480,0.0001358793559120386,9.998134406309597e-06
1,21490,0.00013368546569836326,9.998132584109408e-06
1,21500,0.0001510237478214549,9.998130761019911e-06
1,21510,0.0001239033259480493,9.998128937041108e-06
1,21520,0.00015514203423663277,9.998127112172994e-06
1,21530,0.0001237017921084771,9.998125286415577e-06
1,21540,0.00014349073098856023,9.998123459768855e-06
1,21550,0.00013781957095488904,9.998121632232826e-06
1,21560,0.00013009489084652158,9.998119803807491e-06
1,21570,0.0001445091278583277,9.998117974492852e-06
1,21580,0.00013447477667796195,9.998116144288909e-06
1,21590,0.00011777488316511153,9.998114313195658e-06
1,21600,0.00012370687854854623,9.998112481213107e-06
1,21610,0.00012702610210908462,9.99811064834125e-06
1,21620,0.00012485579409258208,9.99810881458009e-06
1,21630,0.00013510694225260522,9.998106979929628e-06
1,21640,0.00011724872665581642,9.99810514438986e-06
1,21650,0.00012227580318722176,9.998103307960791e-06
1,21660,0.0001680621691775741,9.99810147064242e-06
1,21670,0.00014949204396543794,9.998099632434749e-06
1,21680,0.00014823332076048247,9.998097793337772e-06
1,21690,0.00013654851372848497,9.998095953351496e-06
1,21700,0.00013779023629467702,9.99809411247592e-06
1,21710,0.00014469334710156545,9.998092270711044e-06
1,21720,0.00011048914020648225,9.998090428056866e-06
1,21730,0.00011235599249630467,9.998088584513387e-06
1,21740,0.00012159284124209081,9.99808674008061e-06
1,21750,0.00011807791597675533,9.998084894758532e-06
1,21760,0.00015834013283893,9.998083048547158e-06
1,21770,0.00013065285493212285,9.998081201446485e-06
1,21780,0.00015516760413447628,9.998079353456513e-06
1,21790,0.00010345199443690943,9.998077504577243e-06
1,21800,0.00013995770286783226,9.998075654808676e-06
1,21810,0.0001028491320539615,9.998073804150813e-06
1,21820,0.0001318621707468992,9.998071952603652e-06
1,21830,0.00012595624139066786,9.99807010016719e-06
1,21840,0.00014011204257258214,9.998068246841436e-06
1,21850,0.00016123656077979832,9.998066392626385e-06
1,21860,0.00016663281385262963,9.99806453752204e-06
1,21870,0.00013713583448407007,9.998062681528397e-06
1,21880,0.0001229360972502036,9.998060824645457e-06
1,21890,0.00013100459509587383,9.998058966873227e-06
1,21900,0.0001484784575950471,9.998057108211702e-06
1,21910,0.00013453333667712286,9.99805524866088e-06
1,21920,0.00012584377873281483,9.998053388220766e-06
1,21930,0.0001512643659225432,9.998051526891359e-06
1,21940,0.00012939318830831328,9.99804966467266e-06
1,21950,0.0001316830406722147,9.998047801564666e-06
1,21960,0.00016543067285965663,9.998045937567382e-06
1,21970,0.00012128262878832175,9.998044072680804e-06
1,21980,0.00012727810935757588,9.998042206904933e-06
1,21990,0.0001295375026529655,9.998040340239773e-06
1,22000,0.00014964565016271081,9.99803847268532e-06
1,22010,0.00011530532465258148,9.998036604241576e-06
1,22020,0.00013606124393845677,9.998034734908543e-06
1,22030,0.00012463597695386853,9.99803286468622e-06
1,22040,0.00014275090379669563,9.998030993574611e-06
1,22050,0.00013509085938494538,9.998029121573708e-06
1,22060,0.00016561164393351645,9.998027248683517e-06
1,22070,0.00012580402162711834,9.998025374904036e-06
1,22080,0.00011703699929057621,9.99802350023527e-06
1,22090,0.00012005991702608298,9.998021624677214e-06
1,22100,0.00010954332256005728,9.99801974822987e-06
1,22110,0.00013248703753561132,9.998017870893238e-06
1,22120,0.0001564475482155103,9.998015992667322e-06
1,22130,0.0001317232359724585,9.998014113552119e-06
1,22140,0.00015317816705646693,9.998012233547625e-06
1,22150,0.00015110529802768723,9.998010352653847e-06
1,22160,0.0001616217468836112,9.998008470870784e-06
1,22170,0.0001440200010620174,9.998006588198438e-06
1,22180,0.00010849525806406747,9.998004704636803e-06
1,22190,0.00014238309686334107,9.998002820185888e-06
1,22200,0.00014601506900362437,9.998000934845685e-06
1,22210,0.00014182387094479053,9.997999048616198e-06
1,22220,0.00017417163671780146,9.997997161497426e-06
1,22230,0.00014729559952684213,9.997995273489374e-06
1,22240,0.00015156025929172757,9.99799338459204e-06
1,22250,0.00012849408067268088,9.997991494805423e-06
1,22260,0.0001593332093762001,9.99798960412952e-06
1,22270,0.00012904361319669987,9.997987712564337e-06
1,22280,0.00010849308573597228,9.997985820109873e-06
1,22290,0.00012421251049090642,9.997983926766127e-06
1,22300,0.0001239299731423671,9.9979820325331e-06
1,22310,0.0001319915893873258,9.99798013741079e-06
1,22320,0.00012701025534624932,9.997978241399204e-06
1,22330,0.00015197610673567397,9.997976344498333e-06
1,22340,0.00010144437092094449,9.997974446708187e-06
1,22350,0.00014213159229257145,9.997972548028763e-06
1,22360,0.00013945064492872916,9.997970648460055e-06
1,22370,0.00014242788620322244,9.99796874800207e-06
1,22380,0.00013724912005272927,9.997966846654808e-06
1,22390,0.0001324780416325666,9.997964944418268e-06
1,22400,0.00011472987807792379,9.997963041292448e-06
1,22410,0.00014401595281015033,9.997961137277352e-06
1,22420,0.00012518735729827313,9.997959232372977e-06
1,22430,0.0001473378598348063,9.997957326579325e-06
1,22440,0.00013260893956612563,9.997955419896399e-06
1,22450,0.0001367746599498787,9.997953512324202e-06
1,22460,0.0001591419419128215,9.997951603862726e-06
1,22470,0.00012469202756619778,9.997949694511972e-06
1,22480,0.00011361478009348502,9.997947784271943e-06
1,22490,0.0001277573624975048,9.997945873142639e-06
1,22500,0.00013881664481232291,9.997943961124059e-06
1,22510,0.00012786696897819637,9.99794204821621e-06
1,22520,0.0001412475026882021,9.997940134419086e-06
1,22530,0.0001422378067218233,9.997938219732688e-06
1,22540,0.0001491114779128111,9.997936304157017e-06
1,22550,0.00012356844199530313,9.997934387692077e-06
1,22560,0.00014212587411748244,9.99793247033786e-06
1,22570,0.00013982233049318892,9.997930552094372e-06
1,22580,0.00010198752197538853,9.997928632961615e-06
1,22590,0.00010530641629884484,9.997926712939589e-06
1,22600,0.00012048616026731907,9.997924792028286e-06
1,22610,0.00011416681536502438,9.997922870227714e-06
1,22620,0.0001278230911339051,9.997920947537871e-06
1,22630,0.00013890839327359572,9.997919023958757e-06
1,22640,0.00013898940514991409,9.997917099490375e-06
1,22650,0.00012728040528600106,9.99791517413272e-06
1,22660,0.00012167871136625764,9.997913247885805e-06
1,22670,0.00014166580804158,9.997911320749622e-06
1,22680,0.0001281121478314162,9.99790939272417e-06
1,22690,0.00012631647787202384,9.997907463809443e-06
1,22700,0.0001293846496992046,9.997905534005452e-06
1,22710,0.0001520160612926702,9.997903603312198e-06
1,22720,0.0001360487087367801,9.997901671729671e-06
1,22730,0.0001278316594834905,9.997899739257883e-06
1,22740,0.00013086072058285936,9.997897805896824e-06
1,22750,0.0001334399181359913,9.997895871646504e-06
1,22760,0.00014986696296546143,9.997893936506915e-06
1,22770,0.00013278671885927907,9.997892000478065e-06
1,22780,0.00013567085879913067,9.997890063559947e-06
1,22790,0.00013074866765236948,9.997888125752563e-06
1,22800,0.00012796829250873997,9.997886187055918e-06
1,22810,0.0001273390609640046,9.997884247470012e-06
1,22820,0.00011932772449654294,9.99788230699484e-06
1,22830,0.00012500452448875878,9.997880365630406e-06
1,22840,0.00011916754519916139,9.997878423376711e-06
1,22850,0.00012218313613630017,9.997876480233753e-06
1,22860,0.00013064445138297743,9.997874536201532e-06
1,22870,0.00013341368212422823,9.997872591280051e-06
1,22880,0.00013782690148218536,9.997870645469307e-06
1,22890,0.00012828817016270478,9.997868698769303e-06
1,22900,0.00014446394343394786,9.997866751180036e-06
1,22910,0.00015768098219268723,9.997864802701509e-06
1,22920,0.00012400740724842761,9.997862853333723e-06
1,22930,0.00012792708821507404,9.997860903076679e-06
1,22940,0.00015118633418751415,9.997858951930378e-06
1,22950,0.00013373178535402985,9.997856999894816e-06
1,22960,0.00014750367081433068,9.997855046969993e-06
1,22970,0.00012445291695257764,9.99785309315591e-06
1,22980,0.0001344288120890269,9.997851138452574e-06
1,22990,0.00012915163360958105,9.997849182859982e-06
1,23000,0.0001188948666822398,9.99784722637813e-06
1,23010,0.00011687726855598158,9.997845269007024e-06
1,23020,9.682733470981474e-05,9.997843310746663e-06
1,23030,0.00011805149442807305,9.997841351597044e-06
1,23040,0.00012488424235925776,9.997839391558169e-06
1,23050,0.00013985874938953204,9.997837430630038e-06
1,23060,0.000126112591533456,9.997835468812652e-06
1,23070,0.00012117079650124652,9.99783350610601e-06
1,23080,0.0001464620611841383,9.997831542510116e-06
1,23090,0.00014148792824926205,9.997829578024965e-06
1,23100,0.00013470217290887377,9.997827612650565e-06
1,23110,0.00011962173975916813,9.997825646386906e-06
1,23120,0.00011919293556275078,9.997823679234e-06
1,23130,0.0001417075181052496,9.997821711191838e-06
1,23140,0.0001548789425214636,9.997819742260426e-06
1,23150,0.0001197497129396652,9.997817772439762e-06
1,23160,0.00012514815698523308,9.997815801729843e-06
1,23170,0.00013508916363207392,9.997813830130677e-06
1,23180,0.00011150652198921308,9.99781185764226e-06
1,23190,0.00011871171827806393,9.997809884264591e-06
1,23200,0.00013728321737289663,9.997807909997672e-06
1,23210,0.00010897702632064465,9.997805934841503e-06
1,23220,0.0001187062969620456,9.99780395879609e-06
1,23230,0.00012367685239951244,9.997801981861426e-06
1,23240,0.00011202863379367045,9.99780000403751e-06
1,23250,0.0001313480607677775,9.997798025324348e-06
1,23260,0.00013660223921760915,9.997796045721936e-06
1,23270,0.00014172935252645402,9.997794065230273e-06
1,23280,0.00012277503519726453,9.997792083849366e-06
1,23290,0.00013255728636067942,9.997790101579215e-06
1,23300,0.00013242835102573737,9.997788118419815e-06
1,23310,0.00013978026418044466,9.99778613437117e-06
1,23320,0.00016225845329245203,9.997784149433279e-06
1,23330,0.0001378466555252089,9.997782163606145e-06
1,23340,0.00012352447756711627,9.997780176889766e-06
1,23350,0.00013976788668514927,9.997778189284141e-06
1,23360,0.00012906509527965682,9.997776200789269e-06
1,23370,0.00011399573322705692,9.997774211405153e-06
1,23380,0.0001366448939734255,9.997772221131794e-06
1,23390,0.00013519406384148168,9.997770229969195e-06
1,23400,0.00012922785062983167,9.997768237917347e-06
1,23410,0.00015383593508886404,9.997766244976258e-06
1,23420,0.00014984154204285006,9.997764251145925e-06
1,23430,0.00015664086231481633,9.997762256426354e-06
1,23440,0.0001357563912279147,9.997760260817541e-06
1,23450,0.00011693959786498453,9.997758264319489e-06
1,23460,0.00011888125645782565,9.997756266932193e-06
1,23470,0.00011815262423624516,9.997754268655658e-06
1,23480,0.00014052455489945717,9.997752269489883e-06
1,23490,0.00015456620076292893,9.997750269434868e-06
1,23500,0.00014351560503200744,9.99774826849061e-06
1,23510,0.00010687451613193842,9.997746266657117e-06
1,23520,0.00013895262527512385,9.997744263934387e-06
1,23530,0.0001251593992492417,9.997742260322412e-06
1,23540,0.00011654431764327456,9.997740255821204e-06
1,23550,0.0001341376605523692,9.997738250430757e-06
1,23560,0.00013199406839703443,9.997736244151071e-06
1,23562,9.511218786428799e-05,9.997735842788426e-06
1,validation,6.506215712371548e-05,9.997735842788426e-06
2,23572,0.00012821400323446142,9.997733835441658e-06
2,23582,0.00012167000204499345,9.997731827205652e-06
2,23592,0.00010777547468023841,9.997729818080411e-06
2,23602,0.00012800422728105333,9.997727808065933e-06
2,23612,0.00012763281529259984,9.997725797162222e-06
2,23622,0.0001387555068504298,9.997723785369274e-06
2,23632,0.0001253653038475022,9.99772177268709e-06
2,23642,0.00013389241157710786,9.997719759115672e-06
2,23652,9.957078646039008e-05,9.997717744655022e-06
2,23662,0.00010700391067075543,9.997715729305137e-06
2,23672,0.00014247367062125704,9.997713713066018e-06
2,23682,0.00012378947276374676,9.997711695937664e-06
2,23692,0.00011731305075954879,9.99770967792008e-06
2,23702,0.00012030960688207414,9.997707659013261e-06
2,23712,0.00012404071821947582,9.997705639217215e-06
2,23722,0.00014362608208102757,9.99770361853194e-06
2,23732,0.0001251178739948955,9.997701596957427e-06
2,23742,0.00012104009347240208,9.997699574493688e-06
2,23752,0.00013024982645220006,9.997697551140718e-06
2,23762,0.00014760555222892435,9.997695526898514e-06
2,23772,0.0001370650783428573,9.997693501767083e-06
2,23782,0.00015190353051366403,9.997691475746422e-06
2,23792,0.00015749376616440712,9.99768944883653e-06
2,23802,0.00012116173465983592,9.997687421037413e-06
2,23812,0.0001598888879925653,9.997685392349068e-06
2,23822,0.00013279211007102276,9.997683362771493e-06
2,23832,0.00013620061981782782,9.997681332304692e-06
2,23842,0.00012997407402508544,9.997679300948665e-06
2,23852,0.00012037489586873564,9.997677268703406e-06
2,23862,0.00013839496350556149,9.997675235568927e-06
2,23872,0.0001280739199501113,9.997673201545217e-06
2,23882,0.00013409594994300277,9.997671166632284e-06
2,23892,0.00011708180481946328,9.997669130830127e-06
2,23902,0.0001284500314795878,9.997667094138741e-06
2,23912,0.00013076227296551223,9.99766505655813e-06
2,23922,0.0001244982449861709,9.9976630180883e-06
2,23932,0.00014676513646918468,9.997660978729243e-06
2,23942,0.00012860693632319454,9.997658938480965e-06
2,23952,0.00012285963603062556,9.997656897343464e-06
2,23962,0.00013446655402731266,9.997654855316738e-06
2,23972,0.0001222256581968395,9.99765281240079e-06
2,23982,0.00011099304629169637,9.99765076859562e-06
2,23992,0.00014032905846761423,9.997648723901225e-06
2,24002,0.00011021114096365636,9.99764667831761e-06
2,24012,0.0001261474763850856,9.99764463184478e-06
2,24022,0.00011716973849615898,9.997642584482726e-06
2,24032,0.0001138286844252434,9.997640536231446e-06
2,24042,0.00010334191601941711,9.997638487090951e-06
2,24052,0.00010776108938443941,9.997636437061238e-06
2,24062,0.00014268077075030305,9.997634386142304e-06
2,24072,0.00013675047948709108,9.997632334334153e-06
2,24082,0.00010551504337854566,9.997630281636782e-06
2,24092,0.00014108766508798,9.997628228050188e-06
2,24102,0.00011226056149098439,9.997626173574383e-06
2,24112,0.00012001457189398935,9.997624118209356e-06
2,24122,0.0001298779380704218,9.997622061955114e-06
2,24132,0.00010981000386891537,9.997620004811656e-06
2,24142,0.00013007145216761273,9.997617946778982e-06
2,24152,0.0001264995113160694,9.997615887857093e-06
2,24162,0.00011263273854638101,9.997613828045987e-06
2,24172,0.00013288874661157024,9.997611767345664e-06
2,24182,0.00013486642064890474,9.997609705756127e-06
2,24192,0.00014055581486900338,9.997607643277376e-06
2,24202,0.00013435538066914888,9.997605579909412e-06
2,24212,0.00010688810971259954,9.997603515652234e-06
2,24222,0.00014340133129735476,9.997601450505845e-06
2,24232,0.00010526859205128858,9.997599384470243e-06
2,24242,0.00013014410624236916,9.997597317545426e-06
2,24252,0.00011398290071156224,9.997595249731397e-06
2,24262,0.0001199186528538121,9.997593181028156e-06
2,24272,0.0001300214452385262,9.997591111435703e-06
2,24282,0.00012375605592751526,9.997589040954038e-06
2,24292,0.000128199616119673,9.997586969583164e-06
2,24302,0.00010425728296468151,9.997584897323079e-06
2,24312,0.00012318984536250355,9.997582824173783e-06
2,24322,0.0001377016165861278,9.99758075013528e-06
2,24332,0.00013458250505209434,9.997578675207564e-06
2,24342,0.00012129059523431351,9.997576599390639e-06
2,24352,0.00010258953316224507,9.997574522684509e-06
2,24362,0.0001402589127792453,9.99757244508917e-06
2,24372,0.00010901473915509996,9.997570366604625e-06
2,24382,0.00015266446116584122,9.997568287230868e-06
2,24392,0.00014708238677485497,9.997566206967906e-06
2,24402,0.00011208907753825769,9.997564125815738e-06
2,24412,0.000134227505986928,9.997562043774366e-06
2,24422,0.00012928732357977426,9.997559960843786e-06
2,24432,0.00011332447647873777,9.997557877024002e-06
2,24442,0.00010994783478963654,9.997555792315011e-06
2,24452,0.00012792229172191582,9.997553706716814e-06
2,24462,0.00012165533571533162,9.997551620229413e-06
2,24472,0.00011199517330169328,9.997549532852807e-06
2,24482,0.00010928722713288153,9.997547444586998e-06
2,24492,0.00011323377357257414,9.997545355431988e-06
2,24502,0.000129673653646023,9.997543265387774e-06
2,24512,0.00013081954084555035,9.997541174454358e-06
2,24522,0.00012988764783585793,9.99753908263174e-06
2,24532,0.00014352773468999657,9.997536989919918e-06
2,24542,0.00013747069187957094,9.997534896318896e-06
2,24552,0.00012665375497817878,9.997532801828674e-06
2,24562,0.00012068552314303814,9.997530706449247e-06
2,24572,0.00012189644694444723,9.997528610180623e-06
2,24582,0.0001405569129929063,9.997526513022796e-06
2,24592,0.00016995775458781282,9.997524414975775e-06
2,24602,0.00012389478561090073,9.997522316039548e-06
2,24612,0.00011097471233370015,9.997520216214132e-06
2,24622,0.00012090249147149736,9.997518115499507e-06
2,24632,0.00011763950551539893,9.997516013895686e-06
2,24642,0.00010315786403225502,9.997513911402673e-06
2,24652,0.0001475968010709039,9.99751180802046e-06
2,24662,0.00012381292472127826,9.997509703749047e-06
2,24672,0.0001215140901877021,9.997507598588437e-06
2,24682,0.00011665741712931776,9.997505492538628e-06
2,24692,0.00011756220292227226,9.997503385599623e-06
2,24702,0.0001263845710127498,9.997501277771426e-06
2,24712,0.00011761845998989883,9.997499169054032e-06
2,24722,0.00014017025350767653,9.997497059447444e-06
2,24732,0.0001331800827756524,9.997494948951662e-06
2,24742,0.00012884935495094396,9.99749283756669e-06
2,24752,0.00012906644587928895,9.99749072529252e-06
2,24762,0.0001236437614352326,9.997488612129157e-06
2,24772,0.00013233486888566403,9.997486498076605e-06
2,24782,0.00012820860765714315,9.997484383134857e-06
2,24792,0.00012134277476434364,9.997482267303921e-06
2,24802,0.00011979881410297822,9.997480150583792e-06
2,24812,0.00011824039711427758,9.997478032974471e-06
2,24822,0.0001259611313798814,9.997475914475959e-06
2,24832,0.00013106857186357957,9.997473795088259e-06
2,24842,0.00012452378032321574,9.997471674811365e-06
2,24852,0.00017676478582870914,9.99746955364528e-06
2,24862,0.00012361679519017342,9.997467431590006e-06
2,24872,0.00012348048212516006,9.997465308645541e-06
2,24882,0.0001353889869278646,9.997463184811894e-06
2,24892,0.00014983335349825211,9.997461060089056e-06
2,24902,0.00014864936274534555,9.99745893447703e-06
2,24912,0.00010193637635893537,9.997456807975813e-06
2,24922,0.00014660179422207876,9.99745468058541e-06
2,24932,0.0001109595531488594,9.997452552305821e-06
2,24942,0.00013651541603394436,9.997450423137049e-06
2,24952,0.0001288949907575443,9.997448293079092e-06
2,24962,0.0001406290200065996,9.997446162131945e-06
2,24972,0.00011884777522936929,9.997444030295613e-06
2,24982,0.00014209373539415538,9.997441897570095e-06
2,24992,0.00010735056575867928,9.997439763955394e-06
2,25002,0.0001210159534821287,9.997437629451508e-06
2,25012,0.00013569084239861695,9.997435494058439e-06
2,25022,0.0001441675807654974,9.997433357776189e-06
2,25032,0.00014403784643945983,9.997431220604754e-06
2,25042,0.00011619547058216996,9.99742908254414e-06
2,25052,0.00016203596715058666,9.997426943594337e-06
2,25062,0.00013468881143126053,9.997424803755357e-06
2,25072,0.00014602672363253077,9.997422663027188e-06
2,25082,0.0001306841859332053,9.997420521409843e-06
2,25092,0.00012964917814315414,9.997418378903319e-06
2,25102,0.00013703008626180237,9.997416235507615e-06
2,25112,0.00012082494267815492,9.997414091222728e-06
2,25122,0.0001241337903593376,9.997411946048661e-06
2,25132,0.0001344153340141929,9.997409799985415e-06
2,25142,0.00014672263469037717,9.997407653032994e-06
2,25152,0.0001187415045023954,9.997405505191396e-06
2,25162,0.00011631468396444687,9.997403356460612e-06
2,25172,0.00011474759130578605,9.997401206840654e-06
2,25182,0.0001220308958181704,9.997399056331514e-06
2,25192,0.00012769433487846982,9.9973969049332e-06
2,25202,0.00012811557608074508,9.99739475264571e-06
2,25212,0.00011091675760326324,9.99739259946904e-06
2,25222,0.0001190143025269208,9.997390445403198e-06
2,25232,0.00011559809199752636,9.997388290448181e-06
2,25242,0.00013934200251242146,9.997386134603988e-06
2,25252,0.00012170243071523147,9.997383977870622e-06
2,25262,0.0001205342132379883,9.99738182024808e-06
2,25272,0.00013233987401690682,9.997379661736361e-06
2,25282,0.00013603941260953434,9.997377502335473e-06
2,25292,0.00010816198682732649,9.997375342045411e-06
2,25302,0.00012563779582706045,9.997373180866177e-06
2,25312,0.0001117720366892172,9.997371018797773e-06
2,25322,0.00013610874157166108,9.997368855840195e-06
2,25332,0.00011069248794228769,9.997366691993445e-06
2,25342,0.00011300993155600736,9.997364527257525e-06
2,25352,0.0001300224830629304,9.997362361632434e-06
2,25362,0.00011763545135181631,9.99736019511817e-06
2,25372,0.00016897961650101933,9.997358027714737e-06
2,25382,0.00011468965631138417,9.997355859422136e-06
2,25392,0.00010683355994842713,9.997353690240366e-06
2,25402,0.00014268944287323392,9.997351520169426e-06
2,25412,0.00011315985766486847,9.997349349209316e-06
2,25422,0.0001065940592525294,9.997347177360041e-06
2,25432,0.00012849323866248596,9.997345004621596e-06
2,25442,0.00013520126549337874,9.997342830993987e-06
2,25452,9.591961261321558e-05,9.997340656477205e-06
2,25462,0.00011142404318889022,9.997338481071262e-06
2,25472,0.00011808509225375019,9.997336304776151e-06
2,25482,0.00010779597969303722,9.997334127591874e-06
2,25492,0.0001420403274096316,9.997331949518435e-06
2,25502,0.00013647295609189316,9.997329770555829e-06
2,25512,0.00012354940417935723,9.99732759070406e-06
2,25522,0.0001251742212843965,9.997325409963121e-06
2,25532,0.00011789440059146727,9.997323228333021e-06
2,25542,0.00011182791758983511,9.997321045813758e-06
2,25552,0.00013213543588790343,9.997318862405332e-06
2,25562,0.00013561957402998814,9.997316678107744e-06
2,25572,0.00010435894482725417,9.997314492920991e-06
2,25582,0.00011226575406908522,9.99731230684508e-06
2,25592,0.00013068185253359844,9.997310119880004e-06
2,25602,0.00011723112565960038,9.99730793202577e-06
2,25612,0.00012945028875037677,9.99730574328237e-06
2,25622,0.0001289613092012587,9.997303553649816e-06
2,25632,0.00010909423817793141,9.9973013631281e-06
2,25642,0.00010814838697115192,9.997299171717221e-06
2,25652,0.00016948639977272252,9.997296979417186e-06
2,25662,0.0001283734468415787,9.997294786227995e-06
2,25672,0.00011403930366213898,9.99729259214964e-06
2,25682,0.00013308755233083503,9.997290397182129e-06
2,25692,0.0001553253105157637,9.997288201325463e-06
2,25702,0.00011206929730178673,9.997286004579638e-06
2,25712,0.00011720296633939143,9.997283806944653e-06
2,25722,0.00011333195643601358,9.997281608420515e-06
2,25732,0.00010709339876484592,9.997279409007222e-06
2,25742,0.00013425639845081604,9.997277208704773e-06
2,25752,0.00012557200798255508,9.997275007513167e-06
2,25762,0.0001370416766803828,9.997272805432406e-06
2,25772,0.00011214621654289659,9.997270602462492e-06
2,25782,0.00010936391918221488,9.997268398603423e-06
2,25792,0.00011241113907090039,9.9972661938552e-06
2,25802,0.00011323765847919276,9.997263988217824e-06
2,25812,0.00011954649198742118,9.997261781691296e-06
2,25822,0.00013414606710284715,9.99725957427561e-06
2,25832,0.00011100529727627872,9.997257365970777e-06
2,25842,0.00011189726928932942,9.997255156776788e-06
2,25852,0.00013232253249952918,9.99725294669365e-06
2,25862,0.00011924781520065152,9.997250735721361e-06
2,25872,0.00010851432134586502,9.997248523859923e-06
2,25882,0.0001328526222096116,9.997246311109336e-06
2,25892,0.0001316122825301136,9.997244097469598e-06
2,25902,0.00010709314256018843,9.99724188294071e-06
2,25912,0.00012111696096326341,9.997239667522674e-06
2,25922,0.00011483410335131338,9.997237451215487e-06
2,25932,0.00011829198756458937,9.997235234019156e-06
2,25942,0.00012095357997168322,9.997233015933677e-06
2,25952,0.00011414100454203435,9.997230796959051e-06
2,25962,0.00011973345808655723,9.997228577095273e-06
2,25972,0.00011121895777250756,9.997226356342356e-06
2,25982,0.00013677648412340203,9.997224134700287e-06
2,25992,0.00010063787067338126,9.997221912169072e-06
2,26002,0.00011229271240154048,9.997219688748712e-06
2,26012,0.00014133103059066343,9.997217464439206e-06
2,26022,0.0001249920149348327,9.997215239240562e-06
2,26032,0.00011480565271995146,9.997213013152765e-06
2,26042,0.0001267380222088832,9.99721078617583e-06
2,26052,0.00011879989078806831,9.997208558309748e-06
2,26062,0.00011853792011606856,9.997206329554526e-06
2,26072,0.00010782130548250279,9.99720409991016e-06
2,26082,0.000107012376338389,9.997201869376649e-06
2,26092,9.933885712598567e-05,9.997199637954e-06
2,26102,0.00012770934736181517,9.997197405642208e-06
2,26112,0.00011218984736842684,9.997195172441274e-06
2,26122,0.00013944759339210575,9.997192938351203e-06
2,26132,0.00011115759834865458,9.997190703371991e-06
2,26142,0.00011818576485893573,9.997188467503639e-06
2,26152,0.00011555602841326618,9.997186230746145e-06
2,26162,0.00012533755061667763,9.997183993099513e-06
2,26172,0.0001245863899384858,9.997181754563739e-06
2,26182,9.431342505195062e-05,9.99717951513883e-06
2,26192,0.00013629891427626716,9.997177274824783e-06
2,26202,9.881506448436995e-05,9.997175033621597e-06
2,26212,0.00013707536436413648,9.997172791529275e-06
2,26222,0.00013917901742388494,9.997170548547816e-06
2,26232,9.803500270209042e-05,9.997168304677223e-06
2,26242,0.00011900397194040123,9.997166059917491e-06
2,26252,0.00011092543118138564,9.997163814268625e-06
2,26262,0.0001247856622285326,9.997161567730624e-06
2,26272,9.689204598544164e-05,9.997159320303487e-06
2,26282,9.807026144699192e-05,9.99715707198722e-06
2,26292,0.00012352006833680207,9.997154822781817e-06
2,26302,0.0001221414546307642,9.997152572687278e-06
2,26312,0.00013019138150411892,9.997150321703608e-06
2,26322,0.00012435398039087887,9.997148069830807e-06
2,26332,0.00011396476693334988,9.997145817068871e-06
2,26342,0.00013447015289784757,9.997143563417804e-06
2,26352,0.00012623845514099228,9.997141308877605e-06
2,26362,0.00011411905343265971,9.997139053448275e-06
2,26372,0.00013677325996468425,9.997136797129811e-06
2,26382,0.0001241788116203679,9.997134539922224e-06
2,26392,9.952006166713545e-05,9.997132281825504e-06
2,26402,0.00014141700539767042,9.997130022839652e-06
2,26412,0.00010125392418558478,9.997127762964673e-06
2,26422,0.00011943446716031759,9.997125502200565e-06
2,26432,0.00013347086724024848,9.997123240547327e-06
2,26442,0.0001121051209338475,9.997120978004965e-06
2,26452,0.00012134631497247029,9.997118714573471e-06
2,26462,0.00011616779520409181,9.997116450252855e-06
2,26472,0.00011771011413657105,9.997114185043109e-06
2,26482,0.00012239755742484703,9.99711191894424e-06
2,26492,0.00011554618895388557,9.997109651956239e-06
2,26502,0.00012542640797619242,9.997107384079118e-06
2,26512,0.00012038877730446984,9.997105115312866e-06
2,26522,0.00010484199437996722,9.997102845657496e-06
2,26532,0.00012634612703550375,9.997100575113002e-06
2,26542,0.00011650974747681175,9.997098303679378e-06
2,26552,0.00011330472361805732,9.997096031356635e-06
2,26562,0.00011255422896283562,9.997093758144768e-06
2,26572,0.00014032558119652093,9.99709148404378e-06
2,26582,0.00013776165515082538,9.997089209053667e-06
2,26592,0.0001237390118149051,9.997086933174432e-06
2,26602,0.00010478433314347058,9.997084656406078e-06
2,26612,0.00011427381477915332,9.997082378748604e-06
2,26622,0.00010382919008407043,9.997080100202007e-06
2,26632,0.00011683997618092689,9.99707782076629e-06
2,26642,0.0001273889593903732,9.997075540441452e-06
2,26652,0.00011274456683167955,9.997073259227495e-06
2,26662,0.00011202038613191689,9.997070977124422e-06
2,26672,0.00011250663701503073,9.997068694132225e-06
2,26682,0.00011083073632107698,9.997066410250916e-06
2,26692,0.00013269820410641842,9.997064125480483e-06
2,26702,9.89329966614605e-05,9.997061839820937e-06
2,26712,0.00013371675904636505,9.997059553272272e-06
2,26722,0.00010719333122324316,9.997057265834494e-06
2,26732,0.00011678257533276337,9.997054977507599e-06
2,26742,0.00011078315455961275,9.997052688291585e-06
2,26752,0.00010362895973230481,9.997050398186458e-06
2,26762,0.00011650279966488598,9.997048107192217e-06
2,26772,0.00013107632230457966,9.997045815308859e-06
2,26782,0.00011361225278960774,9.997043522536387e-06
2,26792,0.00012594292838912223,9.997041228874806e-06
2,26802,0.00010102759297296871,9.997038934324107e-06
2,26812,0.0001316641427365539,9.997036638884295e-06
2,26822,0.00013225080283518764,9.997034342555373e-06
2,26832,0.0001230839530762751,9.997032045337339e-06
2,26842,0.0001073141481356288,9.997029747230193e-06
2,26852,0.00010442202574267866,9.997027448233935e-06
2,26862,0.0001208804314956069,9.997025148348567e-06
2,26872,9.921937235048972e-05,9.997022847574086e-06
2,26882,0.00011108598646387689,9.997020545910494e-06
2,26892,0.00012623559678104357,9.997018243357799e-06
2,26902,0.0001217264830302156,9.997015939915987e-06
2,26912,0.00012259139875823167,9.997013635585067e-06
2,26922,0.00013795855766147723,9.997011330365038e-06
2,26932,0.00011630425824478153,9.997009024255904e-06
2,26942,0.000105133427769033,9.997006717257666e-06
2,26952,0.00013925367211413685,9.997004409370319e-06
2,26962,0.00010533056574786314,9.997002100593865e-06
2,26972,0.00011356076920492342,9.996999790928305e-06
2,26982,0.00011477808866402483,9.996997480373643e-06
2,26992,0.00012552049483929295,9.996995168929872e-06
2,27002,0.00012581010796566263,9.996992856596994e-06
2,27012,0.00013228381158114644,9.996990543375014e-06
2,27022,0.00010748437152869884,9.99698822926393e-06
2,27032,0.0001283744373722584,9.996985914263741e-06
2,27042,0.00012360130658635172,9.99698359837445e-06
2,27052,0.00011393250661058118,9.996981281596055e-06
2,27062,0.00011412030953579233,9.996978963928553e-06
2,27072,0.00010829721704794792,9.996976645371948e-06
2,27082,0.00012070740040144302,9.996974325926247e-06
2,27092,0.00010323541673642468,9.996972005591443e-06
2,27102,0.00012118740960431751,9.996969684367538e-06
2,27112,0.00011600651259868755,9.996967362254532e-06
2,27122,0.00012857587726102792,9.996965039252424e-06
2,27132,0.00014552309112332297,9.996962715361217e-06
2,27142,0.00011970356863457709,9.996960390580914e-06
2,27152,0.00013392833216130384,9.996958064911512e-06
2,27162,0.00011621178991845228,9.996955738353009e-06
2,27172,0.00011790093894887833,9.996953410905407e-06
2,27182,0.00011136670473206322,9.996951082568706e-06
2,27192,0.00012004295340375394,9.996948753342911e-06
2,27202,0.0001296139612350089,9.996946423228015e-06
2,27212,9.561295819366933e-05,9.996944092224022e-06
2,27222,0.0001087791362806456,9.99694176033094e-06
2,27232,0.00011305026728223311,9.99693942754876e-06
2,27242,0.0001159257381914358,9.996937093877484e-06
2,27252,0.00014103768198765466,9.996934759317114e-06
2,27262,0.00010483233718332486,9.996932423867648e-06
2,27272,0.00011794911360993864,9.996930087529091e-06
2,27282,0.00013323100647539833,9.996927750301439e-06
2,27292,0.00010334674907426234,9.996925412184693e-06
2,27302,0.0001323442501416139,9.996923073178858e-06
2,27312,0.00011390631225367541,9.996920733283928e-06
2,27322,0.00010216827085969271,9.996918392499904e-06
2,27332,0.00011941342636418994,9.99691605082679e-06
2,27342,0.00010216546806987025,9.996913708264586e-06
2,27352,0.00010257779476887662,9.996911364813288e-06
2,27362,0.00010460768344273674,9.996909020472905e-06
2,27372,0.0001333528711256804,9.996906675243431e-06
2,27382,0.000132839118487027,9.996904329124869e-06
2,27392,0.00012969148192496505,9.996901982117218e-06
2,27402,0.00012260931898708805,9.99689963422048e-06
2,27412,0.00011580365480767796,9.996897285434651e-06
2,27422,0.00011116829891761881,9.996894935759734e-06
2,27432,9.984353182517227e-05,9.996892585195728e-06
2,27442,0.00011900261570190195,9.996890233742637e-06
2,27452,0.00013379647198235033,9.996887881400459e-06
2,27462,9.810496994759886e-05,9.996885528169195e-06
2,27472,0.00010964581133521277,9.996883174048844e-06
2,27482,0.00013300754571901052,9.996880819039409e-06
2,27492,0.00010029903587565059,9.996878463140886e-06
2,27502,0.0001308871626861219,9.99687610635328e-06
2,27512,0.00011382232869436849,9.996873748676595e-06
2,27522,0.00011795699338108535,9.996871390110824e-06
2,27532,0.00013200427465562826,9.99686903065597e-06
2,27542,0.00011272590581938856,9.996866670312035e-06
2,27552,0.00011872903078256058,9.996864309079015e-06
2,27562,0.00012758992797898828,9.996861946956915e-06
2,27572,0.0001027904216243769,9.996859583945732e-06
2,27582,0.00010336455043216119,9.996857220045468e-06
2,27592,0.00011930413838854293,9.996854855256126e-06
2,27602,0.00012417222897056492,9.996852489577703e-06
2,27612,0.00010442178700031945,9.996850123010198e-06
2,27622,0.00012175627061878914,9.996847755553615e-06
2,27632,0.00011576921342566491,9.996845387207953e-06
2,27642,9.556955064908834e-05,9.996843017973212e-06
2,27652,0.00011257152291364037,9.996840647849397e-06
2,27662,0.0001186280920592253,9.996838276836503e-06
2,27672,0.00011829689201476867,9.99683590493453e-06
2,27682,0.00011760378702092566,9.996833532143481e-06
2,27692,9.976020019166754e-05,9.996831158463356e-06
2,27702,0.00011224044210393912,9.996828783894155e-06
2,27712,0.00011129112708658796,9.996826408435877e-06
2,27722,9.731622876643086e-05,9.996824032088523e-06
2,27732,9.883971915769507e-05,9.996821654852098e-06
2,27742,0.00010374600251452648,9.996819276726596e-06
2,27752,0.00011112569609394994,9.996816897712024e-06
2,27762,0.00011680816332955145,9.996814517808377e-06
2,27772,9.070236637853668e-05,9.996812137015657e-06
2,27782,0.00012434714026312576,9.99680975533386e-06
2,27792,0.00011348755188009819,9.996807372762994e-06
2,27802,0.00010406263545519323,9.99680498930306e-06
2,27812,8.892151436157292e-05,9.996802604954054e-06
2,27822,0.00014492064046862653,9.996800219715978e-06
2,27832,0.00011348678017384373,9.996797833588827e-06
2,27842,0.0001341941046121065,9.996795446572606e-06
2,27852,0.00013194309522077675,9.996793058667318e-06
2,27862,0.00010338359534216579,9.996790669872957e-06
2,27872,0.00012946555671078386,9.996788280189532e-06
2,27882,0.000136355306221958,9.996785889617037e-06
2,27892,0.0001175343599243206,9.996783498155474e-06
2,27902,0.0001120232263019716,9.996781105804842e-06
2,27912,0.00012398953977026393,9.996778712565144e-06
2,27922,9.791475731617539e-05,9.996776318436382e-06
2,27932,0.00014183073408275957,9.996773923418555e-06
2,27942,0.00011227131553823711,9.996771527511658e-06
2,27952,0.00010730378025982645,9.996769130715696e-06
2,27962,0.00013002005607631872,9.99676673303067e-06
2,27972,0.00011486409894132522,9.99676433445658e-06
2,27982,0.0001225705944307265,9.996761934993425e-06
2,27992,0.00010553114916547201,9.996759534641206e-06
2,28002,0.00014813201678407495,9.996757133399928e-06
2,28012,0.00012301967099119792,9.996754731269588e-06
2,28022,0.00011930328792004731,9.996752328250183e-06
2,28032,0.00013489020593624446,9.996749924341715e-06
2,28042,0.00011148956036777236,9.996747519544184e-06
2,28052,0.00010015342213591792,9.996745113857595e-06
2,28062,0.0001586360050168878,9.996742707281944e-06
2,28072,0.00010944770783680723,9.99674029981723e-06
2,28082,0.00011787534458562732,9.99673789146346e-06
2,28092,0.00012151859864388824,9.99673548222063e-06
2,28102,0.00012109699464417646,9.99673307208874e-06
2,28112,0.00015719958482804942,9.99673066106779e-06
2,28122,0.00011848861358885188,9.996728249157786e-06
2,28132,0.00013408837012320873,9.996725836358721e-06
2,28142,0.00010900132274400675,9.9967234226706e-06
2,28152,0.000167998957385862,9.996721008093421e-06
2,28162,9.327251218564924e-05,9.996718592627189e-06
2,28172,0.00010055983839265536,9.996716176271899e-06
2,28182,0.00012743581028189512,9.996713759027553e-06
2,28192,0.0001355151192910853,9.996711340894155e-06
2,28202,0.00010919050127995433,9.9967089218717e-06
2,28212,0.0001024270535708638,9.996706501960192e-06
2,28222,0.00012648083802559997,9.996704081159629e-06
2,28232,0.00012969548688488428,9.996701659470013e-06
2,28242,0.00011021230166079475,9.996699236891347e-06
2,28252,0.00013992730728205058,9.996696813423623e-06
2,28262,0.00010221799338978599,9.996694389066853e-06
2,28272,0.00011363945850462187,9.996691963821026e-06
2,28282,0.00011701833154802442,9.996689537686156e-06
2,28292,9.476184595769155e-05,9.996687110662229e-06
2,28302,0.00011726578159141353,9.996684682749254e-06
2,28312,0.00011610170931817264,9.996682253947228e-06
2,28322,0.00013865325736333033,9.996679824256153e-06
2,28332,0.0001496351495916315,9.996677393676025e-06
2,28342,0.00013934243661424263,9.996674962206849e-06
2,28352,0.0001262007965124212,9.996672529848623e-06
2,28362,0.00014040725163795288,9.996670096601351e-06
2,28372,0.0001317965097769047,9.996667662465034e-06
2,28382,0.00010634587169988663,9.996665227439667e-06
2,28392,0.00011117456224383205,9.996662791525257e-06
2,28402,9.988577321564663e-05,9.996660354721804e-06
2,28412,0.00011852048037326314,9.996657917029303e-06
2,28422,8.818798132779194e-05,9.996655478447755e-06
2,28432,0.00011377553846614319,9.996653038977165e-06
2,28442,0.0001075492854397453,9.996650598617527e-06
2,28452,0.00010865749918593793,9.996648157368853e-06
2,28462,0.00011797366951213917,9.996645715231129e-06
2,28472,0.00012247489121364197,9.996643272204364e-06
2,28482,0.00010239404346066295,9.996640828288557e-06
2,28492,0.00012067895067957579,9.996638383483707e-06
2,28502,0.00012161681033830973,9.996635937789815e-06
2,28512,0.00010332049168937374,9.996633491206885e-06
2,28522,0.000115647487109527,9.996631043734913e-06
2,28532,0.00011966005695285276,9.9966285953739e-06
2,28542,0.00011819050678241183,9.996626146123847e-06
2,28552,9.607095134924747e-05,9.996623695984756e-06
2,28562,0.00011285314076303621,9.996621244956625e-06
2,28572,0.00011992912759524189,9.996618793039453e-06
2,28582,0.00012143040567025311,9.996616340233247e-06
2,28592,0.00011584458361539874,9.996613886538002e-06
2,28602,0.00010984272303176113,9.99661143195372e-06
2,28612,0.00011985296987404581,9.996608976480402e-06
2,28622,0.00010681186413421528,9.996606520118045e-06
2,28632,0.00012656031803999214,9.996604062866656e-06
2,28642,0.0001333417013483995,9.99660160472623e-06
2,28652,0.00012285176080695237,9.996599145696766e-06
2,28662,0.00011374329942555051,9.996596685778268e-06
2,28672,0.000121201477759314,9.99659422497074e-06
2,28682,8.777076200203736e-05,9.996591763274174e-06
2,28692,0.00011084121906606014,9.996589300688577e-06
2,28702,0.00010250695058857674,9.99658683721395e-06
2,28712,0.00011205108312424273,9.996584372850281e-06
2,28722,9.916671424434754e-05,9.996581907597587e-06
2,28732,0.00010559500124145416,9.996579441455857e-06
2,28742,0.00010499245800019708,9.9965769744251e-06
2,28752,0.00012583398438437143,9.996574506505313e-06
2,28762,0.00010739291756181046,9.996572037696493e-06
2,28772,0.00012068238429492339,9.996569567998645e-06
2,28782,0.00011084563411714043,9.996567097411767e-06
2,28792,0.00012212292158437777,9.996564625935859e-06
2,28802,0.00011542713446033304,9.996562153570923e-06
2,28812,0.0001163825018920761,9.996559680316963e-06
2,28822,0.00011620221312114154,9.996557206173975e-06
2,28832,0.00012356377546893783,9.996554731141956e-06
2,28842,0.00010808408933371538,9.99655225522091e-06
2,28852,0.00012318625958869235,9.996549778410841e-06
2,28862,0.00010142983173864196,9.996547300711747e-06
2,28872,0.00010180600447711184,9.996544822123626e-06
2,28882,0.00011236741474931477,9.996542342646477e-06
2,28892,0.00011645074682746781,9.996539862280304e-06
2,28902,0.00011067238810937851,9.99653738102511e-06
2,28912,0.00013495589555532206,9.99653489888089e-06
2,28922,0.00011485856903163949,9.996532415847648e-06
2,28932,0.00012020343901895104,9.996529931925385e-06
2,28942,0.00011381447457097238,9.996527447114099e-06
2,28952,0.00013276278232297046,9.99652496141379e-06
2,28962,0.00010432521949041985,9.996522474824458e-06
2,28972,0.00011553507274584262,9.996519987346108e-06
2,28982,0.00010213502200713264,9.996517498978737e-06
2,28992,0.00012850910979977925,9.996515009722347e-06
2,29002,9.35637846851023e-05,9.996512519576935e-06
2,29012,8.875457042449853e-05,9.996510028542502e-06
2,29022,0.0001154333918748307,9.99650753661905e-06
2,29032,0.00011504515487104071,9.996505043806581e-06
2,29042,0.00011404884407966164,9.996502550105096e-06
2,29052,0.00011428954676375725,9.99650005551459e-06
2,29062,0.00011712475406966406,9.996497560035071e-06
2,29072,0.00010215743432127056,9.996495063666535e-06
2,29082,0.00012335608143985156,9.996492566408982e-06
2,29092,8.728810444154078e-05,9.996490068262412e-06
2,29102,0.00010493481786397752,9.99648756922683e-06
2,29112,0.00012949442434546655,9.99648506930223e-06
2,29122,0.00014074667888053227,9.996482568488618e-06
2,29132,0.00011022010721717379,9.996480066785992e-06
2,29142,0.00011698635307766381,9.99647756419435e-06
2,29152,0.00012396254078339553,9.996475060713697e-06
2,29162,0.00012376159138511867,9.996472556344032e-06
2,29172,0.0001013156119370251,9.996470051085354e-06
2,29182,9.871563734122902e-05,9.996467544937664e-06
2,29192,0.00011255759809500888,9.99646503790096e-06
2,29202,0.00013009802123633562,9.996462529975248e-06
2,29212,9.786381597223225e-05,9.996460021160525e-06
2,29222,0.00011730411879398161,9.996457511456795e-06
2,29232,0.00013032211227255176,9.996455000864055e-06
2,29242,0.00011735611478798092,9.9964524893823e-06
2,29252,0.00010504680967642345,9.99644997701154e-06
2,29262,0.00012064106986144906,9.996447463751774e-06
2,29272,0.00012994731760045396,9.996444949603e-06
2,29282,0.00010394185319455572,9.996442434565217e-06
2,29292,0.00012283653641134153,9.996439918638429e-06
2,29302,0.0001192891996652179,9.996437401822636e-06
2,29312,0.00010356002758271643,9.996434884117836e-06
2,29322,0.0001011800646665506,9.996432365524028e-06
2,29332,9.735201765579405e-05,9.99642984604122e-06
2,29342,0.00010574133293630438,9.996427325669405e-06
2,29352,0.00013444966352835764,9.996424804408584e-06
2,29362,0.00014526273125738953,9.996422282258764e-06
2,29372,0.00010928985075224772,9.996419759219939e-06
2,29382,0.00011378776225683395,9.99641723529211e-06
2,29392,0.00010692856249079341,9.99641471047528e-06
2,29402,0.00011751514584830146,9.996412184769445e-06
2,29412,8.412221923208563e-05,9.996409658174613e-06
2,29422,0.0001110732376218948,9.996407130690779e-06
2,29432,0.00012762838832713896,9.99640460231794e-06
2,29442,0.00013612891216325808,9.996402073056106e-06
2,29452,0.00012579862213897287,9.996399542905273e-06
2,29462,9.67654122177919e-05,9.996397011865442e-06
2,29472,0.00010685277738957666,9.996394479936606e-06
2,29482,9.906806726576178e-05,9.996391947118775e-06
2,29492,0.0001147563070844626,9.99638941341195e-06
2,29502,0.00010548322652539354,9.996386878816122e-06
2,29512,8.966967143351213e-05,9.996384343331298e-06
2,29522,0.00012756108526446042,9.996381806957478e-06
2,29532,9.677259440650232e-05,9.99637926969466e-06
2,29542,0.00011853454025185784,9.996376731542848e-06
2,29552,0.00012480741361287073,9.996374192502044e-06
2,29562,0.0001091031112082419,9.996371652572245e-06
2,29572,0.0001260233842913294,9.99636911175345e-06
2,29582,0.00011159760897498927,9.99636657004566e-06
2,29592,0.0001151134858446312,9.996364027448876e-06
2,29602,0.00011782529882111703,9.996361483963103e-06
2,29612,0.00013392053751886125,9.996358939588335e-06
2,29622,0.00014186113749019568,9.996356394324578e-06
2,29632,0.00010981201430695365,9.996353848171827e-06
2,29642,0.00011681977639454999,9.99635130113009e-06
2,29652,0.00011515649530338123,9.996348753199358e-06
2,29662,0.00010533775148360291,9.996346204379635e-06
2,29672,0.00010884288867600845,9.996343654670927e-06
2,29682,0.0001303135632952035,9.996341104073227e-06
2,29692,9.776457327461685e-05,9.996338552586538e-06
2,29702,0.0001259614372429496,9.996336000210862e-06
2,29712,0.00012847541511291636,9.996333446946201e-06
2,29722,0.0001177357038613991,9.996330892792547e-06
2,29732,0.00010479015263626934,9.996328337749908e-06
2,29742,9.714088864711811e-05,9.996325781818283e-06
2,29752,9.094248016481288e-05,9.996323224997671e-06
2,29762,0.0001130545676460315,9.996320667288074e-06
2,29772,0.00011751202255254612,9.996318108689491e-06
2,29782,0.00011003096724380156,9.996315549201927e-06
2,29792,0.00013664020689247992,9.996312988825377e-06
2,29802,0.00010659752442734315,9.99631042755984e-06
2,29812,0.00011445012169133406,9.996307865405326e-06
2,29822,0.00010789505613502115,9.996305302361822e-06
2,29832,0.00012064265492881532,9.996302738429335e-06
2,29842,0.00010424158035675646,9.996300173607872e-06
2,29852,0.00012637426689252607,9.996297607897428e-06
2,29862,0.00010715254966271457,9.996295041298002e-06
2,29872,0.00010050437631434762,9.996292473809593e-06
2,29882,0.0001186601517474628,9.996289905432207e-06
2,29892,0.0001245115280653408,9.99628733616584e-06
2,29902,0.00010714323243519174,9.996284766010493e-06
2,29912,0.00010951816548185889,9.996282194966173e-06
2,29922,0.0001049745868840546,9.996279623032869e-06
2,29932,0.0001337055839030654,9.996277050210592e-06
2,29942,0.0001399648990627611,9.996274476499331e-06
2,29952,0.0001033727268804796,9.996271901899098e-06
2,29962,0.00012470366027628188,9.996269326409885e-06
2,29972,0.00011781863759097178,9.996266750031694e-06
2,29982,0.00011760336683437344,9.99626417276454e-06
2,29992,9.969724605980447e-05,9.996261594608406e-06
2,30002,0.00010347279430789058,9.9962590155633e-06
2,30012,0.00010546055973463807,9.996256435629213e-06
2,30022,0.00012096567033950122,9.996253854806154e-06
2,30032,0.00010729039731813827,9.99625127309412e-06
2,30042,0.00013057918868071282,9.996248690493118e-06
2,30052,9.503904784651239e-05,9.996246107003145e-06
2,30062,0.00010977391229971545,9.99624352262419e-06
2,30072,0.00010195043842031737,9.99624093735627e-06
2,30082,0.00010101203570229701,9.996238351199382e-06
2,30092,0.00010431187492940808,9.996235764153518e-06
2,30102,0.00010927701732725835,9.996233176218685e-06
2,30112,0.0001105788120185025,9.996230587394882e-06
2,30122,0.00011572529783734353,9.996227997682114e-06
2,30132,0.00013431707311610807,9.996225407080373e-06
2,30142,0.00010443849878356559,9.996222815589667e-06
2,30152,0.00010738497476268095,9.99622022320999e-06
2,30162,0.00010610658400764806,9.996217629941348e-06
2,30172,0.0001300384133173793,9.99621503578374e-06
2,30182,0.00010549287053436273,9.996212440737165e-06
2,30192,0.00013910909447076847,9.996209844801622e-06
2,30202,0.00014547749206030857,9.996207247977115e-06
2,30212,0.00010667205988283967,9.996204650263645e-06
2,30222,9.322591540694702e-05,9.996202051661208e-06
2,30232,0.00011427743102103705,9.99619945216981e-06
2,30242,0.00011959643998125103,9.996196851789444e-06
2,30252,0.0001037060462294903,9.996194250520114e-06
2,30262,0.00011638233063422377,9.996191648361827e-06
2,30272,0.0001241629405740241,9.996189045314576e-06
2,30282,0.00011719425729097565,9.996186441378367e-06
2,30292,9.274472558900016e-05,9.996183836553192e-06
2,30302,0.00010662176446203375,9.996181230839056e-06
2,30312,0.00012453332501536352,9.996178624235961e-06
2,30322,0.00011635338969426811,9.996176016743905e-06
2,30332,0.0001119527019909583,9.99617340836289e-06
2,30342,0.00011002705905411858,9.996170799092914e-06
2,30352,0.00010744518658611923,9.996168188933982e-06
2,30362,0.00010978984928442515,9.996165577886092e-06
2,30372,0.0001381770939588023,9.996162965949246e-06
2,30382,0.00010915181883319747,9.99616035312344e-06
2,30392,0.00012543948359962088,9.99615773940868e-06
2,30402,0.00011339826460243785,9.996155124804966e-06
2,30412,0.00010345438358854153,9.996152509312293e-06
2,30422,0.00010543992793827784,9.996149892930666e-06
2,30432,0.00012874856274720515,9.996147275660084e-06
2,30442,0.000130415783769422,9.996144657500548e-06
2,30452,0.0001218722857629473,9.996142038452059e-06
2,30462,0.00010518562494326033,9.996139418514614e-06
2,30472,0.00011408988457333179,9.99613679768822e-06
2,30482,0.00010604595299810172,9.996134175972872e-06
2,30492,9.445923233215579e-05,9.996131553368575e-06
2,30502,0.000133442317655863,9.996128929875327e-06
2,30512,0.0001310362526055542,9.996126305493122e-06
2,30522,0.00011334485379848046,9.996123680221972e-06
2,30532,0.00017427679031243316,9.996121054061868e-06
2,30542,0.00011780218073909055,9.996118427012814e-06
2,30552,0.00010868445187952602,9.996115799074813e-06
2,30562,0.00010908795784416726,9.996113170247862e-06
2,30572,0.00013617894810522558,9.996110540531964e-06
2,30582,9.667977501521817e-05,9.996107909927119e-06
2,30592,0.00010539588147366885,9.996105278433324e-06
2,30602,0.0001134524550252536,9.996102646050585e-06
2,30612,0.00012605387864823568,9.9961000127789e-06
2,30622,0.00012836253417845,9.996097378618268e-06
2,30632,0.00010620871298669954,9.99609474356869e-06
2,30642,0.00010821928253790246,9.996092107630168e-06
2,30652,0.00012484466442401753,9.996089470802702e-06
2,30662,0.00010874438203245518,9.996086833086293e-06
2,30672,0.00010969289060085429,9.99608419448094e-06
2,30682,0.00011336956204104355,9.996081554986645e-06
2,30692,9.381383706568157e-05,9.996078914603405e-06
2,30702,0.00010499621366761859,9.996076273331223e-06
2,30712,9.874530533124926e-05,9.996073631170099e-06
2,30722,0.00010977066367559018,9.996070988120037e-06
2,30732,0.00010575614433037118,9.996068344181033e-06
2,30742,0.0001101428391848458,9.996065699353087e-06
2,30752,0.00011288289979347609,9.996063053636201e-06
2,30762,0.00012053686659783125,9.996060407030378e-06
2,30772,9.270049840779394e-05,9.996057759535612e-06
2,30782,0.00013332353528312522,9.996055111151913e-06
2,30792,0.00010598388498692657,9.996052461879276e-06
2,30802,0.00010616409326758003,9.996049811717699e-06
2,30812,0.00010027213938883507,9.996047160667187e-06
2,30822,0.00010076273774757283,9.996044508727743e-06
2,30832,0.0001309429261709738,9.99604185589936e-06
2,30842,0.00012164758954895662,9.996039202182039e-06
2,30852,0.00011025184239770168,9.996036547575781e-06
2,30862,9.779494903341401e-05,9.99603389208059e-06
2,30872,0.00010822753656611893,9.996031235696464e-06
2,30882,9.664503168096416e-05,9.996028578423401e-06
2,30892,0.00011214557043786043,9.996025920261411e-06
2,30902,0.00010819640165209421,9.996023261210489e-06
2,30912,9.464449904044158e-05,9.996020601270632e-06
2,30922,9.28554864913167e-05,9.996017940441845e-06
2,30932,0.0001297941169468686,9.996015278724124e-06
2,30942,0.00012705861527138038,9.99601261611748e-06
2,30952,0.0001269391138521314,9.9960099526219e-06
2,30962,0.00014612322956963908,9.99600728823739e-06
2,30972,9.472177334828304e-05,9.99600462296395e-06
2,30982,0.00010761170560726897,9.996001956801585e-06
2,30992,9.014835159177892e-05,9.995999289750287e-06
2,31002,0.00011951079159189248,9.995996621810064e-06
2,31012,0.00014278780136010028,9.995993952980916e-06
2,31022,0.00010311470650776755,9.995991283262836e-06
2,31032,0.00011942453802475939,9.995988612655832e-06
2,31042,0.00013380492327996762,9.995985941159901e-06
2,31052,0.00010776950120998663,9.995983268775044e-06
2,31062,0.00011458979970484505,9.995980595501263e-06
2,31072,0.00011180355804754073,9.995977921338558e-06
2,31082,0.00010157003780477681,9.995975246286929e-06
2,31092,0.00010393676056992262,9.995972570346378e-06
2,31102,0.00011779785627368254,9.995969893516898e-06
2,31112,0.00013726506631428492,9.9959672157985e-06
2,31122,0.0001356002727334271,9.995964537191179e-06
2,31132,0.0001333873995463364,9.995961857694938e-06
2,31142,0.00014383589350472903,9.995959177309778e-06
2,31152,0.00010081982936753775,9.995956496035694e-06
2,31162,0.00010889931827477995,9.995953813872687e-06
2,31172,9.012527107188363e-05,9.995951130820764e-06
2,31182,0.00011087573411714403,9.995948446879919e-06
2,31192,0.00011497964678710559,9.995945762050157e-06
2,31202,0.00010275013628415764,9.995943076331476e-06
2,31212,0.00014016386039656937,9.995940389723879e-06
2,31222,0.00011440564321674174,9.99593770222736e-06
2,31232,9.91363719549554e-05,9.995935013841925e-06
2,31242,0.00011364907750248676,9.995932324567575e-06
2,31252,0.00012158544050180353,9.99592963440431e-06
2,31262,0.00011600273164731334,9.995926943352128e-06
2,31272,0.00010645332722560851,9.99592425141103e-06
2,31282,0.00010607344856907731,9.995921558581018e-06
2,31292,8.320932465721853e-05,9.995918864862092e-06
2,31302,0.00012902919806947465,9.995916170254255e-06
2,31312,0.00010665138706826837,9.995913474757504e-06
2,31322,0.000154330633176869,9.99591077837184e-06
2,31332,0.00010243323522445279,9.995908081097263e-06
2,31342,0.00011104914392490173,9.995905382933772e-06
2,31352,0.0001303154745073698,9.995902683881375e-06
2,31362,0.0001135509148298297,9.995899983940064e-06
2,31372,0.00012418890992194065,9.995897283109845e-06
2,31382,0.00011131717528769514,9.995894581390713e-06
2,31392,0.0001124448699556524,9.995891878782674e-06
2,31402,0.0001482107479205297,9.995889175285723e-06
2,31412,0.00010406416413388797,9.995886470899868e-06
2,31422,0.00010904164773819502,9.9958837656251e-06
2,31432,0.00012291855364310322,9.995881059461425e-06
2,31442,0.00010007601167671965,9.995878352408846e-06
2,31452,8.374788494620587e-05,9.995875644467361e-06
2,31462,0.00011257797596044838,9.995872935636971e-06
2,31472,0.00011092493232354173,9.995870225917675e-06
2,31482,0.00011702281863108511,9.995867515309471e-06
2,31492,0.00011002916216966698,9.995864803812366e-06
2,31502,0.00011062049088650384,9.995862091426356e-06
2,31512,0.00010788982835947537,9.995859378151442e-06
2,31522,0.00011648239515125169,9.995856663987621e-06
2,31532,0.00011467320655356161,9.995853948934906e-06
2,31542,9.104862219828648e-05,9.995851232993286e-06
2,31552,0.00011116868845419958,9.99584851616276e-06
2,31562,0.00012429016533133108,9.995845798443336e-06
2,31572,9.936516953530373e-05,9.995843079835016e-06
2,31582,0.00014940166402084288,9.995840360337795e-06
2,31592,0.00010963354734485619,9.995837639951675e-06
2,31602,0.00010231081323581747,9.995834918676659e-06
2,31612,0.00011382591328583658,9.995832196512734e-06
2,31622,0.00012173184104540269,9.99582947345991e-06
2,31632,0.00013643383908856777,9.995826749518194e-06
2,31642,0.00010456750296725659,9.995824024687582e-06
2,31652,0.00010338670199416812,9.995821298968067e-06
2,31662,9.604332999515464e-05,9.995818572359664e-06
2,31672,0.00010616119852784321,9.99581584486236e-06
2,31682,0.00011408796981413616,9.995813116476162e-06
2,31692,9.073065129996395e-05,9.99581038720107e-06
2,31702,9.573800562066025e-05,9.995807657037085e-06
2,31712,0.00010214324765911442,9.995804925984203e-06
2,31722,0.00010805600404637516,9.995802194042433e-06
2,31732,9.19602735848457e-05,9.995799461211765e-06
2,31742,0.00011849430384245351,9.995796727492208e-06
2,31752,0.00010657889815774979,9.995793992883756e-06
2,31762,0.0001019241031826823,9.995791257386413e-06
2,31772,0.00010409839642306905,9.995788521000182e-06
2,31782,0.00012392541002554936,9.995785783725057e-06
2,31792,0.00010112509635291644,9.995783045561042e-06
2,31802,0.0001247549563231587,9.995780306508142e-06
2,31812,0.00012961460770384293,9.995777566566351e-06
2,31822,0.00011373836332495557,9.995774825735672e-06
2,31832,0.00010136148248420795,9.995772084016102e-06
2,31842,0.00011786130580730968,9.995769341407646e-06
2,31852,0.00010146128652195331,9.995766597910304e-06
2,31862,0.00012017695071335764,9.995763853524075e-06
2,31872,9.275829979742412e-05,9.995761108248957e-06
2,31882,0.00011629871414697845,9.995758362084957e-06
2,31892,8.773362205829471e-05,9.995755615032073e-06
2,31902,0.00011406263747630873,9.995752867090298e-06
2,31912,8.98223685908306e-05,9.995750118259643e-06
2,31922,0.00010838505395440733,9.995747368540105e-06
2,31932,0.00013823920180584538,9.995744617931686e-06
2,31942,0.00011148882795168902,9.995741866434385e-06
2,31952,0.0001287521225094679,9.995739114048202e-06
2,31962,0.000105548364626884,9.995736360773135e-06
2,31972,0.00013365741151574184,9.995733606609188e-06
2,31982,0.00011456486299721291,9.995730851556361e-06
2,31992,0.00010404354916317971,9.995728095614653e-06
2,32002,8.813351423668792e-05,9.995725338784063e-06
2,32012,9.747329149831785e-05,9.995722581064597e-06
2,32022,0.00012761069019688874,9.99571982245625e-06
2,32032,0.000115314061895333,9.995717062959025e-06
2,32042,0.00010904569890044514,9.995714302572925e-06
2,32052,8.661929532536305e-05,9.995711541297945e-06
2,32062,0.00011684280580084305,9.995708779134088e-06
2,32072,0.00013247816314105874,9.995706016081357e-06
2,32082,0.0001084966625967354,9.995703252139751e-06
2,32092,8.960894265328534e-05,9.995700487309267e-06
2,32102,0.00012519599058578022,9.995697721589912e-06
2,32112,9.342610037492703e-05,9.99569495498168e-06
2,32122,0.00014853250022497377,9.995692187484576e-06
2,32132,0.00012410653753249792,9.995689419098595e-06
2,32142,0.00011121614625153597,9.995686649823743e-06
2,32152,0.0001221091433762922,9.99568387966002e-06
2,32162,9.147910595856955e-05,9.995681108607425e-06
2,32172,8.99417562322924e-05,9.995678336665957e-06
2,32182,0.00015517672336500256,9.99567556383562e-06
2,32192,0.00010388135615357896,9.995672790116414e-06
2,32202,0.00010151726482945377,9.995670015508338e-06
2,32212,9.55009521021566e-05,9.995667240011391e-06
2,32222,9.131199158218806e-05,9.995664463625576e-06
2,32232,0.0001310952563471801,9.995661686350892e-06
2,32242,0.00011999451744486577,9.995658908187339e-06
2,32252,0.0001272608130420849,9.99565612913492e-06
2,32262,0.00010225643927697092,9.995653349193633e-06
2,32272,0.00011919455746465247,9.995650568363481e-06
2,32282,0.00010830577884917148,9.995647786644463e-06
2,32292,9.741421199578326e-05,9.995645004036579e-06
2,32302,9.832323348746286e-05,9.99564222053983e-06
2,32312,8.460902208753395e-05,9.99563943615422e-06
2,32322,0.00011198387564945734,9.995636650879742e-06
2,32332,0.0001062670603459992,9.995633864716403e-06
2,32342,0.00010969590330205392,9.995631077664198e-06
2,32352,9.99266681901645e-05,9.995628289723132e-06
2,32362,0.0001138148941208783,9.995625500893206e-06
2,32372,0.0001204637907903816,9.99562271117442e-06
2,32382,0.00016755689966885257,9.99561992056677e-06
2,32392,0.00013847748887201304,9.995617129070262e-06
2,32402,9.669590826888452e-05,9.995614336684891e-06
2,32412,0.00012229991907588555,9.995611543410663e-06
2,32422,0.0001129038949329697,9.995608749247576e-06
2,32432,8.864239498507231e-05,9.995605954195627e-06
2,32442,0.00011296768325337326,9.995603158254823e-06
2,32452,9.684915721663856e-05,9.995600361425164e-06
2,32462,0.00012141747538407799,9.995597563706645e-06
2,32472,9.217481083396706e-05,9.99559476509927e-06
2,32482,9.898281105051865e-05,9.99559196560304e-06
2,32492,0.00011622229721979238,9.995589165217953e-06
2,32502,0.00011298055678707896,9.995586363944013e-06
2,32512,9.502111452093233e-05,9.995583561781217e-06
2,32522,0.0001140690425017965,9.995580758729568e-06
2,32532,0.00010487138742973912,9.995577954789064e-06
2,32542,0.00010591436703180079,9.995575149959709e-06
2,32552,0.00012196682937428704,9.9955723442415e-06
2,32562,0.0001263447630662995,9.99556953763444e-06
2,32572,9.10410753931501e-05,9.995566730138531e-06
2,32582,0.00010865528347494546,9.995563921753767e-06
2,32592,0.00012479100632845075,9.995561112480156e-06
2,32602,9.712146402307553e-05,9.995558302317693e-06
2,32612,0.0001247336796041054,9.995555491266383e-06
2,32622,9.767088458829676e-05,9.995552679326222e-06
2,32632,7.988869920154684e-05,9.995549866497212e-06
2,32642,0.00011642680437944364,9.995547052779354e-06
2,32652,0.00012664548376051243,9.995544238172652e-06
2,32662,0.00011249534591115662,9.995541422677103e-06
2,32672,0.00010300793674105079,9.995538606292706e-06
2,32682,0.00012999504288018214,9.995535789019464e-06
2,32692,0.00011522037175382138,9.995532970857374e-06
2,32702,0.00011338352505845251,9.995530151806442e-06
2,32712,0.00010885005058298701,9.995527331866663e-06
2,32722,9.569555095367832e-05,9.995524511038044e-06
2,32732,0.00011711572187778074,9.995521689320576e-06
2,32742,0.00011141682389279595,9.995518866714268e-06
2,32752,9.748831380420597e-05,9.995516043219117e-06
2,32762,0.00011169232448082766,9.995513218835123e-06
2,32772,0.00012502104027589667,9.995510393562289e-06
2,32782,0.00011068430130762864,9.995507567400614e-06
2,32792,0.00011157482222188265,9.995504740350102e-06
2,32802,0.00010950058631351567,9.995501912410747e-06
2,32812,0.00010345977261749795,9.995499083582548e-06
2,32822,0.00011607442038439331,9.995496253865514e-06
2,32832,9.823964228417026e-05,9.995493423259637e-06
2,32842,9.411863329660264e-05,9.995490591764929e-06
2,32852,0.00011324117131152888,9.995487759381382e-06
2,32862,0.00011714078518707537,9.995484926109e-06
2,32872,0.00010726747686931048,9.99548209194778e-06
2,32882,0.0001045520901243435,9.995479256897724e-06
2,32892,0.00011299621228317845,9.99547642095883e-06
2,32902,9.822304527915549e-05,9.995473584131102e-06
2,32912,9.7541309423832e-05,9.995470746414543e-06
2,32922,7.443504473485519e-05,9.995467907809146e-06
2,32932,7.953889735290431e-05,9.99546506831492e-06
2,32942,0.00010917376512225018,9.99546222793186e-06
2,32952,0.0001336931712103251,9.995459386659968e-06
2,32962,9.470847562624839e-05,9.995456544499246e-06
2,32972,0.00012615223622560733,9.995453701449689e-06
2,32982,9.089926970773377e-05,9.995450857511301e-06
2,32992,0.0001211836088259588,9.995448012684082e-06
2,33002,0.00010313326338291519,9.995445166968031e-06
2,33012,0.00011179942339367699,9.995442320363157e-06
2,33022,0.00013020127089475865,9.995439472869447e-06
2,33032,7.770335723762402e-05,9.995436624486917e-06
2,33042,0.00010876440828724298,9.995433775215557e-06
2,33052,0.00012995581600989682,9.99543092505537e-06
2,33062,9.496263546679984e-05,9.995428074006354e-06
2,33072,0.0001155201672190742,9.995425222068509e-06
2,33082,0.00012548773374874145,9.995422369241836e-06
2,33092,0.00010977216079481876,9.99541951552634e-06
2,33102,0.00011517997891132836,9.995416660922022e-06
2,33112,0.00010740066027210561,9.995413805428882e-06
2,33122,0.000103199749810301,9.995410949046924e-06
2,33132,0.00010392140593467049,9.995408091776131e-06
2,33142,7.980185791893746e-05,9.995405233616521e-06
2,33152,9.463702890570858e-05,9.995402374568083e-06
2,33162,9.991383121814578e-05,9.995399514630827e-06
2,33172,0.00012089386818843195,9.99539665380475e-06
2,33182,0.00012259966588317183,9.995393792089852e-06
2,33192,0.0001000648454464681,9.995390929486135e-06
2,33202,0.00011639271160674981,9.995388065993597e-06
2,33212,0.00010105552801178418,9.99538520161224e-06
2,33222,0.00011113053169538035,9.995382336342065e-06
2,33232,0.00010576933464108152,9.995379470183073e-06
2,33242,0.00010831828940354171,9.995376603135264e-06
2,33252,0.00010607907443045405,9.995373735198635e-06
2,33262,0.00010456964400873403,9.99537086637319e-06
2,33272,0.00010013336368501769,9.99536799665893e-06
2,33282,0.00010429848398416653,9.995365126055853e-06
2,33292,0.00010847651801668689,9.995362254563964e-06
2,33302,0.00012041528161716996,9.995359382183257e-06
2,33312,9.75252120042569e-05,9.995356508913738e-06
2,33322,0.00012103058616048655,9.995353634755404e-06
2,33332,8.330341524924734e-05,9.995350759708259e-06
2,33342,0.0001198338237372809,9.995347883772304e-06
2,33352,9.068125700650854e-05,9.995345006947532e-06
2,33362,9.966582929337163e-05,9.995342129233952e-06
2,33372,0.00011748937495212885,9.995339250631561e-06
2,33382,0.0001048853320753551,9.995336371140355e-06
2,33392,0.0001166742402347154,9.99533349076034e-06
2,33402,0.0001216511475831794,9.995330609491518e-06
2,33412,0.0001011775904771639,9.995327727333886e-06
2,33422,9.827216144913109e-05,9.995324844287444e-06
2,33432,0.00012140838553023058,9.995321960352196e-06
2,33442,8.905193117243472e-05,9.995319075528143e-06
2,33452,0.0001265689221327193,9.995316189815282e-06
2,33462,0.00013585675869762782,9.995313303213615e-06
2,33472,0.0001312963011514512,9.995310415723143e-06
2,33482,0.00011134268115711166,9.995307527343863e-06
2,33492,0.00011296702359686606,9.995304638075779e-06
2,33502,0.00010330315126338974,9.995301747918893e-06
2,33512,0.00010141808961634525,9.9952988568732e-06
2,33522,0.00012064102456861293,9.995295964938704e-06
2,33532,8.419258419962717e-05,9.995293072115408e-06
2,33542,8.91013020009268e-05,9.995290178403308e-06
2,33552,7.966775865497766e-05,9.995287283802406e-06
2,33562,0.00011327472793709603,9.995284388312704e-06
2,33572,0.00010583170578684075,9.995281491934202e-06
2,33582,0.00012467172909964573,9.995278594666896e-06
2,33592,9.490238498983672e-05,9.995275696510792e-06
2,33602,0.00010504670708542107,9.995272797465888e-06
2,33612,0.00010493994841453969,9.995269897532188e-06
2,33622,8.542876394130871e-05,9.995266996709687e-06
2,33632,9.546247620164649e-05,9.995264094998391e-06
2,33642,0.00015342254419010716,9.995261192398297e-06
2,33652,0.00010282848625138285,9.995258288909405e-06
2,33662,0.00011481467527119094,9.995255384531719e-06
2,33672,0.00013563764405262192,9.995252479265236e-06
2,33682,0.00012329330429565745,9.995249573109959e-06
2,33692,7.800154498909251e-05,9.995246666065887e-06
2,33702,0.00010349432041039109,9.99524375813302e-06
2,33712,0.00012235481935931602,9.995240849311362e-06
2,33722,0.00010932602572211181,9.99523793960091e-06
2,33732,0.00010571375232757419,9.99523502900167e-06
2,33742,9.471042558288899e-05,9.995232117513632e-06
2,33752,0.00011494573000163655,9.9952292051368e-06
2,33762,0.0001125233007769566,9.995226291871182e-06
2,33772,0.00011231380194658414,9.99522337771677e-06
2,33782,0.00011384613662812626,9.995220462673574e-06
2,33792,0.00010308934997738106,9.995217546741587e-06
2,33802,8.030095168578554e-05,9.995214629920809e-06
2,33812,0.00011661443641060032,9.995211712211247e-06
2,33822,0.00011925284652534174,9.995208793612896e-06
2,33832,0.000101762450140086,9.995205874125756e-06
2,33842,8.658377773826941e-05,9.995202953749831e-06
2,33852,0.0001045762552166707,9.99520003248512e-06
2,33862,0.0001244423371645098,9.99519711033162e-06
2,33872,0.00013828951477989904,9.995194187289333e-06
2,33882,0.0001252109526831191,9.995191263358265e-06
2,33892,0.0001312498585321009,9.995188338538411e-06
2,33902,9.099511871681899e-05,9.995185412829775e-06
2,33912,0.00010622115023579682,9.995182486232356e-06
2,33922,0.00012989832011953695,9.995179558746154e-06
2,33932,0.0001125905963817786,9.995176630371172e-06
2,33942,0.00010813933304234524,9.995173701107407e-06
2,33952,9.92070642496401e-05,9.995170770954862e-06
2,33962,0.00010312600661563919,9.995167839913534e-06
2,33972,0.00011093058701590053,9.995164907983424e-06
2,33982,9.973591186280829e-05,9.995161975164535e-06
2,33992,9.527897464067792e-05,9.995159041456867e-06
2,34002,0.00010435815866003394,9.995156106860425e-06
2,34012,9.521336369289202e-05,9.995153171375201e-06
2,34022,9.322322785010329e-05,9.9951502350012e-06
2,34032,0.00011033993469027336,9.995147297738426e-06
2,34042,0.00010814413644766319,9.995144359586874e-06
2,34052,0.00010740559164332807,9.995141420546546e-06
2,34062,8.603429541835793e-05,9.995138480617442e-06
2,34072,0.00013249614839878633,9.995135539799563e-06
2,34082,0.00010123606953129637,9.995132598092911e-06
2,34092,0.00011403273238101974,9.995129655497484e-06
2,34102,0.00014908795083101722,9.995126712013286e-06
2,34112,0.0001175619085188373,9.995123767640312e-06
2,34122,0.00012091877024431597,9.995120822378566e-06
2,34132,0.00010229560075458721,9.99511787622805e-06
2,34142,0.00012628438180399825,9.995114929188763e-06
2,34152,8.936751582950819e-05,9.995111981260707e-06
2,34162,0.0001577984443429159,9.995109032443879e-06
2,34172,9.630377007852076e-05,9.995106082738285e-06
2,34182,0.00010615800019877497,9.99510313214392e-06
2,34192,0.00010726507962317554,9.995100180660786e-06
2,34202,0.0001244936435796262,9.995097228288883e-06
2,34212,8.861440865075565e-05,9.995094275028214e-06
2,34222,9.192977895509103e-05,9.995091320878778e-06
2,34232,0.0001055065529726562,9.995088365840571e-06
2,34242,9.77761981630465e-05,9.995085409913605e-06
2,34252,9.771582708708592e-05,9.99508245309787e-06
2,34262,0.00010276997008986654,9.995079495393373e-06
2,34272,0.0001078448312000546,9.99507653680011e-06
2,34282,0.00010278751915393514,9.995073577318085e-06
2,34292,0.00010125417074959841,9.995070616947299e-06
2,34302,0.0001144161466982041,9.995067655687745e-06
2,34312,8.86681492374919e-05,9.995064693539432e-06
2,34322,0.00011470469826235784,9.995061730502358e-06
2,34332,0.00010106085765073657,9.995058766576522e-06
2,34342,0.0001129127255808271,9.995055801761925e-06
2,34352,8.341858019775828e-05,9.995052836058567e-06
2,34362,0.00011117520316474839,9.995049869466453e-06
2,34372,9.28346035834693e-05,9.995046901985578e-06
2,34382,0.00011058286536353989,9.995043933615945e-06
2,34392,0.00012348153177299537,9.995040964357552e-06
2,34402,0.00010195811119046993,9.995037994210405e-06
2,34412,0.00011550038761924953,9.995035023174499e-06
2,34422,9.242795304089669e-05,9.995032051249834e-06
2,34432,0.0001164062792668119,9.99502907843642e-06
2,34442,0.00010394082146376605,9.995026104734246e-06
2,34452,0.00010399068187325611,9.995023130143319e-06
2,34462,7.505096327804494e-05,9.995020154663639e-06
2,34472,9.260249680664856e-05,9.995017178295202e-06
2,34482,0.00012120189194320119,9.995014201038012e-06
2,34492,9.712913297335035e-05,9.995011222892065e-06
2,34502,0.00010394303008069982,9.995008243857377e-06
2,34512,9.56692399995518e-05,9.995005263933935e-06
2,34522,0.00010090666364703793,9.995002283121736e-06
2,34532,9.262898411179776e-05,9.994999301420785e-06
2,34542,0.00011229521178393043,9.994996318831088e-06
2,34552,0.00011505412430778961,9.994993335352644e-06
2,34562,0.00010157457681998495,9.994990350985448e-06
2,34572,0.00011559294180187862,9.994987365729505e-06
2,34582,0.00016373603284591812,9.994984379584811e-06
2,34592,9.646037624406746e-05,9.994981392551376e-06
2,34602,9.728097656989121e-05,9.994978404629192e-06
2,34612,8.779596737440443e-05,9.99497541581826e-06
2,34622,0.00011102287026005798,9.994972426118584e-06
2,34632,0.00012297947596380255,9.99496943553016e-06
2,34642,0.00011932750130654313,9.994966444052996e-06
2,34652,7.981194594322005e-05,9.994963451687086e-06
2,34662,0.00010951286449198961,9.994960458432431e-06
2,34672,0.00012186412059236317,9.994957464289032e-06
2,34682,9.804683968468453e-05,9.994954469256892e-06
2,34692,0.00011723552324838238,9.99495147333601e-06
2,34702,0.00010034675615315791,9.994948476526387e-06
2,34712,9.19474699003331e-05,9.994945478828021e-06
2,34722,0.00011475711826278712,9.994942480240918e-06
2,34732,0.00011934736230614363,9.994939480765074e-06
2,34742,8.76775721735612e-05,9.994936480400489e-06
2,34752,9.373609755130019e-05,9.994933479147165e-06
2,34762,0.00010967612606691546,9.994930477005102e-06
2,34772,0.00011683181237458485,9.994927473974303e-06
2,34782,0.00011925654453079914,9.994924470054766e-06
2,34792,9.995764794439312e-05,9.994921465246496e-06
2,34802,0.0001048894043378823,9.994918459549488e-06
2,34812,0.00012268971322555443,9.994915452963744e-06
2,34822,0.0001115070927880879,9.994912445489267e-06
2,34832,8.739602681089309e-05,9.994909437126055e-06
2,34842,8.878327880665893e-05,9.994906427874109e-06
2,34852,8.983940651887678e-05,9.994903417733429e-06
2,34862,0.00012359778320387705,9.994900406704013e-06
2,34872,0.00011295026934021735,9.994897394785866e-06
2,34882,0.00010364603958805674,9.994894381978988e-06
2,34892,0.00010878816538024692,9.99489136828338e-06
2,34902,9.278888783228467e-05,9.994888353699036e-06
2,34912,0.00012083076799171976,9.994885338225967e-06
2,34922,0.0001067329416400753,9.994882321864165e-06
2,34932,8.366163883692934e-05,9.994879304613635e-06
2,34942,9.625807733755208e-05,9.994876286474375e-06
2,34952,9.753736176207895e-05,9.99487326744639e-06
2,34962,9.496383381701888e-05,9.994870247529676e-06
2,34972,9.744804447109345e-05,9.994867226724233e-06
2,34982,9.656526754042716e-05,9.994864205030067e-06
2,34992,0.00014550232835972566,9.994861182447173e-06
2,35002,0.000107487484729063,9.994858158975556e-06
2,35012,0.0001230085147653881,9.994855134615213e-06
2,35022,0.000101809020179644,9.994852109366145e-06
2,35032,0.00011441353271948174,9.994849083228351e-06
2,35042,9.926605007422041e-05,9.994846056201838e-06
2,35052,0.00010067126886497134,9.9948430282866e-06
2,35062,0.00013117149219397107,9.99483999948264e-06
2,35072,0.0001227673335961299,9.99483696978996e-06
2,35082,0.00010265466708005987,9.994833939208558e-06
2,35092,0.00013071495150143164,9.994830907738437e-06
2,35102,0.00011229783876842703,9.994827875379594e-06
2,35112,0.0001113389604142867,9.994824842132033e-06
2,35122,0.00010971368246828205,9.994821807995752e-06
2,35132,9.046766554092754e-05,9.994818772970755e-06
2,35142,0.00013247056358522968,9.994815737057034e-06
2,35152,0.00011671144520732924,9.9948127002546e-06
2,35162,0.00012823153547287803,9.994809662563452e-06
2,35172,8.53774437928223e-05,9.994806623983586e-06
2,35182,0.00010565612965365289,9.994803584515e-06
2,35192,8.891600473361904e-05,9.9948005441577e-06
2,35202,0.0001284045482861984,9.99479750291169e-06
2,35212,0.00013118397864673168,9.994794460776963e-06
2,35222,0.0001422126606485108,9.994791417753524e-06
2,35232,0.00014520929398713635,9.99478837384137e-06
2,35242,0.00010762819192677853,9.994785329040506e-06
2,35252,8.956517422120669e-05,9.994782283350927e-06
2,35262,0.00012596353817571072,9.994779236772638e-06
2,35272,0.00011263383621553657,9.994776189305637e-06
2,35282,9.736414613144006e-05,9.994773140949929e-06
2,35292,0.00011391056177671998,9.994770091705509e-06
2,35302,0.00010855277032533195,9.99476704157238e-06
2,35312,0.00010395804292784305,9.994763990550542e-06
2,35322,0.00013206579724283073,9.99476093864e-06
2,35332,0.000101130520033621,9.994757885840746e-06
2,35342,0.0001073508804438461,9.994754832152788e-06
2,35352,0.00013631795191031417,9.994751777576119e-06
2,35362,0.00011558548194443575,9.994748722110745e-06
2,35372,0.00012407107578837895,9.994745665756666e-06
2,35382,0.00010639947913659854,9.994742608513884e-06
2,35392,0.00011342640636939904,9.994739550382398e-06
2,35402,0.00010390900743004749,9.99473649136221e-06
2,35412,0.0001163335556157108,9.994733431453316e-06
2,35422,0.00014000994870002614,9.994730370655719e-06
2,35432,0.00011620829091043562,9.994727308969421e-06
2,35442,0.00013114123858031234,9.994724246394424e-06
2,35452,0.00011515787628013639,9.99472118293072e-06
2,35462,0.00010170867544729846,9.994718118578318e-06
2,35472,9.779380279724138e-05,9.994715053337214e-06
2,35482,0.00010116535668203142,9.994711987207416e-06
2,35492,0.00010565560414761421,9.994708920188916e-06
2,35502,9.86189271316107e-05,9.994705852281719e-06
2,35512,0.0001020057498863025,9.994702783485825e-06
2,35522,0.00012308964978728908,9.994699713801234e-06
2,35532,0.0001054291629770887,9.994696643227947e-06
2,35542,0.00011458566859801067,9.994693571765959e-06
2,35552,0.00012166163669462547,9.994690499415278e-06
2,35562,9.902603078444372e-05,9.994687426175902e-06
2,35572,8.664013867019094e-05,9.99468435204783e-06
2,35582,0.00011673552007778197,9.994681277031064e-06
2,35592,0.00011015201434929623,9.994678201125604e-06
2,35602,0.00012995873721592942,9.994675124331451e-06
2,35612,0.00010258331512886799,9.99467204664861e-06
2,35622,0.00010654443894964062,9.994668968077074e-06
2,35632,0.00011106826495961286,9.99466588861685e-06
2,35642,9.315129436799907e-05,9.994662808267931e-06
2,35652,0.00010312756903658737,9.99465972703032e-06
2,35662,0.0001213834855661844,9.994656644904026e-06
2,35672,9.74192917055916e-05,9.994653561889042e-06
2,35682,0.00011603391076278057,9.994650477985369e-06
2,35692,9.805223107832716e-05,9.994647393193007e-06
2,35702,9.282789687858894e-05,9.994644307511958e-06
2,35712,0.00010300868934791652,9.994641220942222e-06
2,35722,9.335440427094e-05,9.994638133483798e-06
2,35732,0.00014592231600545346,9.99463504513669e-06
2,35742,9.349646670671063e-05,9.9946319559009e-06
2,35752,0.00011839379121738603,9.994628865776422e-06
2,35762,0.00010530187528274837,9.994625774763262e-06
2,35772,0.00010302987020622822,9.994622682861417e-06
2,35782,0.0001730905087242718,9.994619590070886e-06
2,35792,9.540044429741102e-05,9.99461649639168e-06
2,35802,0.0001148922407082864,9.994613401823787e-06
2,35812,0.00010633950596456998,9.994610306367216e-06
2,35822,0.00014590316695830551,9.994607210021958e-06
2,35832,8.394208407480619e-05,9.994604112788024e-06
2,35842,0.00011678032415147754,9.99460101466541e-06
2,35852,9.614455248083687e-05,9.994597915654116e-06
2,35862,9.621459230402253e-05,9.994594815754144e-06
2,35872,0.00010630660590322804,9.994591714965494e-06
2,35882,9.390678515046601e-05,9.994588613288164e-06
2,35892,8.724023264221613e-05,9.994585510722161e-06
2,35902,8.802273578112362e-05,9.994582407267483e-06
2,35912,8.484136742481496e-05,9.994579302924132e-06
2,35922,9.48813609284116e-05,9.994576197692098e-06
2,35932,9.16763647182961e-05,9.994573091571394e-06
2,35942,0.00011320599705868517,9.994569984562012e-06
2,35952,9.859022211458068e-05,9.994566876663962e-06
2,35962,0.00010880913641813094,9.994563767877233e-06
2,35972,0.00014128933316897018,9.994560658201832e-06
2,35982,0.0001045813600285328,9.994557547637763e-06
2,35992,9.19088412047131e-05,9.994554436185022e-06
2,36002,0.0001305276426137425,9.99455132384361e-06
2,36012,8.035905539145461e-05,9.994548210613526e-06
2,36022,8.416503860644297e-05,9.994545096494773e-06
2,36032,0.00011569103817237192,9.994541981487353e-06
2,36042,9.454042237848626e-05,9.99453886559126e-06
2,36052,9.613589108994347e-05,9.994535748806502e-06
2,36062,9.475848655711162e-05,9.994532631133073e-06
2,36072,0.0001238867302163271,9.994529512570982e-06
2,36082,7.435483812514576e-05,9.994526393120222e-06
2,36092,0.00012548679569590604,9.994523272780794e-06
2,36102,0.0001479763257520972,9.994520151552706e-06
2,36112,0.00010519540837776731,9.994517029435947e-06
2,36122,9.507437634965755e-05,9.994513906430527e-06
2,36132,0.00011108337976111216,9.994510782536445e-06
2,36142,9.727860406201217e-05,9.994507657753699e-06
2,36152,9.780748423509067e-05,9.99450453208229e-06
2,36162,0.00010421050938020927,9.994501405522221e-06
2,36172,0.00010801201506183133,9.994498278073487e-06
2,36182,0.00011204830107089948,9.994495149736093e-06
2,36192,0.00010564412250460009,9.994492020510041e-06
2,36202,9.423205274288192e-05,9.99448889039533e-06
2,36212,0.00011517304255903582,9.99448575939196e-06
2,36222,0.00011679516828735358,9.99448262749993e-06
2,36232,9.536549559925335e-05,9.994479494719242e-06
2,36242,0.00012262561349416501,9.994476361049898e-06
2,36252,9.051389151863986e-05,9.994473226491894e-06
2,36262,0.00011029546931240476,9.994470091045236e-06
2,36272,0.000126435236143152,9.994466954709921e-06
2,36282,9.141639984591165e-05,9.99446381748595e-06
2,36292,8.238213276854368e-05,9.994460679373324e-06
2,36302,0.00012259437180546227,9.994457540372048e-06
2,36312,0.0001160968055955891,9.994454400482114e-06
2,36322,0.00011819466371889575,9.994451259703525e-06
2,36332,0.00011086172171417274,9.994448118036291e-06
2,36342,9.484015263296896e-05,9.994444975480402e-06
2,36352,9.812984881136799e-05,9.994441832035859e-06
2,36362,0.00012569817708936172,9.994438687702668e-06
2,36372,9.017127704282758e-05,9.994435542480824e-06
2,36382,0.00011532026801432948,9.994432396370333e-06
2,36392,0.00012016212303933571,9.994429249371192e-06
2,36402,0.00010484193508091267,9.994426101483402e-06
2,36412,0.00010454544490130502,9.994422952706964e-06
2,36422,0.0001269153435714543,9.994419803041877e-06
2,36432,0.00011795389300459647,9.994416652488144e-06
2,36442,9.578430963301799e-05,9.994413501045768e-06
2,36452,8.362552216567565e-05,9.994410348714741e-06
2,36462,0.00011659642696031368,9.994407195495072e-06
2,36472,0.00010621992068990949,9.994404041386756e-06
2,36482,9.456053549001808e-05,9.994400886389798e-06
2,36492,0.00010080338888656115,9.994397730504198e-06
2,36502,9.741659177961991e-05,9.994394573729953e-06
2,36512,0.00010886481559282402,9.994391416067067e-06
2,36522,9.906020322887344e-05,9.994388257515542e-06
2,36532,8.462444648102974e-05,9.994385098075373e-06
2,36542,9.459429084017757e-05,9.994381937746563e-06
2,36552,0.00010254003846057457,9.994378776529113e-06
2,36562,0.00011827097632703952,9.994375614423025e-06
2,36572,8.874339046087697e-05,9.994372451428295e-06
2,36582,7.89550837907882e-05,9.99436928754493e-06
2,36592,0.00010325890561944107,9.994366122772922e-06
2,36602,0.0001157387265266152,9.994362957112278e-06
2,36612,9.473844156673294e-05,9.994359790562997e-06
2,36622,0.00010075906329802818,9.994356623125083e-06
2,36632,8.258511561507476e-05,9.994353454798534e-06
2,36642,0.00011427469780755928,9.994350285583345e-06
2,36652,0.00010099339015141596,9.994347115479522e-06
2,36662,9.824094277064433e-05,9.994343944487069e-06
2,36672,9.731880809340509e-05,9.994340772605983e-06
2,36682,0.00011137088686155038,9.994337599836261e-06
2,36692,9.908728470691132e-05,9.994334426177909e-06
2,36702,0.0001260775397895486,9.994331251630924e-06
2,36712,9.705086913527338e-05,9.994328076195305e-06
2,36722,0.00011296177599433577,9.99432489987106e-06
2,36732,8.898438090909622e-05,9.994321722658183e-06
2,36742,0.00011599681884035817,9.994318544556678e-06
2,36752,7.612965209773393e-05,9.994315365566543e-06
2,36762,8.281796144729014e-05,9.99431218568778e-06
2,36772,0.00010673252045307892,9.99430900492039e-06
2,36782,0.00011858766893055873,9.994305823264371e-06
2,36792,9.963422380678821e-05,9.994302640719727e-06
2,36802,8.421178217759007e-05,9.994299457286458e-06
2,36812,9.110172013606643e-05,9.994296272964564e-06
2,36822,0.00010324822178517934,9.994293087754042e-06
2,36832,9.959717044694116e-05,9.9942899016549e-06
2,36842,0.00014463810857705538,9.99428671466713e-06
2,36852,0.00011615454650382161,9.994283526790744e-06
2,36862,9.986845279854605e-05,9.994280338025734e-06
2,36872,9.78522469267773e-05,9.9942771483721e-06
2,36882,9.982896954170429e-05,9.994273957829844e-06
2,36892,9.895215725919117e-05,9.994270766398966e-06
2,36902,0.00010834559525392252,9.994267574079472e-06
2,36912,0.00010458633923917659,9.994264380871353e-06
2,36922,0.00012044457262163632,9.994261186774616e-06
2,36932,0.0001061200244294014,9.99425799178926e-06
2,36942,9.75807871327561e-05,9.994254795915287e-06
2,36952,0.00010404650693089936,9.994251599152698e-06
2,36962,0.00010214851890850697,9.994248401501489e-06
2,36972,9.924297537509118e-05,9.994245202961662e-06
2,36982,8.780786674833507e-05,9.994242003533222e-06
2,36992,0.00010292784027114976,9.994238803216166e-06
2,37002,0.00015000764478827476,9.994235602010496e-06
2,37012,9.299280118284514e-05,9.994232399916212e-06
2,37022,0.00010613064860081068,9.994229196933313e-06
2,37032,9.014696033773361e-05,9.9942259930618e-06
2,37042,8.641710737720132e-05,9.994222788301678e-06
2,37052,9.648455452406778e-05,9.994219582652945e-06
2,37062,9.267548575735417e-05,9.994216376115599e-06
2,37072,6.999969473326928e-05,9.994213168689643e-06
2,37082,0.00010826143588928971,9.994209960375074e-06
2,37092,0.00010182284804614029,9.9942067511719e-06
2,37102,9.611639452486998e-05,9.994203541080113e-06
2,37112,9.416427828909946e-05,9.994200330099715e-06
2,37122,0.00010528363463890855,9.994197118230714e-06
2,37132,0.00011774074546337944,9.994193905473105e-06
2,37142,0.00010832133830263047,9.994190691826888e-06
2,37152,0.00010674433178792242,9.994187477292067e-06
2,37162,8.439803814326298e-05,9.99418426186864e-06
2,37172,8.812265232336359e-05,9.994181045556606e-06
2,37182,0.00012424220258253627,9.994177828355966e-06
2,37192,0.00011527768383530201,9.99417461026672e-06
2,37202,0.0001070531443474465,9.994171391288875e-06
2,37212,9.92974604741903e-05,9.994168171422425e-06
2,37222,0.00011344673202984268,9.99416495066738e-06
2,37232,0.00010156771468246005,9.994161729023734e-06
2,37242,9.762713671079837e-05,9.99415850649148e-06
2,37252,0.00010499407635506941,9.994155283070632e-06
2,37262,9.529605540592456e-05,9.994152058761178e-06
2,37272,0.0001441734184481902,9.994148833563127e-06
2,37282,9.680446164566094e-05,9.99414560747648e-06
2,37292,9.948024553523281e-05,9.994142380501228e-06
2,37302,9.7802905656863e-05,9.994139152637383e-06
2,37312,9.617370096748346e-05,9.994135923884942e-06
2,37322,8.006320113054243e-05,9.994132694243905e-06
2,37332,0.00011193439904673141,9.994129463714271e-06
2,37342,9.537125260976609e-05,9.994126232296044e-06
2,37352,0.0001259376800589962,9.994122999989223e-06
2,37362,0.00012669422521867092,9.994119766793806e-06
2,37372,0.00010488511225048569,9.994116532709798e-06
2,37382,9.225358899129787e-05,9.994113297737194e-06
2,37392,9.831572187977144e-05,9.994110061876003e-06
2,37402,9.089296254387591e-05,9.994106825126215e-06
2,37412,0.00011743409804694239,9.994103587487835e-06
2,37422,9.436573582206618e-05,9.994100348960864e-06
2,37432,9.834281208895845e-05,9.994097109545309e-06
2,37442,0.00010254910803269014,9.994093869241159e-06
2,37452,0.00012293809422772028,9.994090628048424e-06
2,37462,8.846305709084844e-05,9.994087385967099e-06
2,37472,0.00010419400514365407,9.994084142997182e-06
2,37482,9.895631637846236e-05,9.99408089913868e-06
2,37492,0.00011326014191581635,9.994077654391594e-06
2,37502,0.00010172436395805562,9.99407440875592e-06
2,37512,9.56334295551642e-05,9.994071162231662e-06
2,37522,9.319293085354729e-05,9.994067914818822e-06
2,37532,0.00010602430093058502,9.994064666517398e-06
2,37542,0.00011359438594809035,9.994061417327388e-06
2,37552,9.954464812835794e-05,9.994058167248793e-06
2,37562,0.00011338404210619045,9.99405491628162e-06
2,37572,0.00010870051110032364,9.994051664425862e-06
2,37582,0.00010428694158690633,9.994048411681523e-06
2,37592,0.00010165508283535018,9.994045158048604e-06
2,37602,0.0001129771871092089,9.994041903527104e-06
2,37612,9.345621701868367e-05,9.994038648117026e-06
2,37622,8.795399853624985e-05,9.994035391818366e-06
2,37632,0.00010549655016802716,9.99403213463113e-06
2,37642,7.399203695968026e-05,9.994028876555316e-06
2,37652,0.00011783745358115994,9.99402561759092e-06
2,37662,9.667115218690015e-05,9.994022357737951e-06
2,37672,9.53187915001763e-05,9.994019096996407e-06
2,37682,0.00012863978181485436,9.994015835366285e-06
2,37692,0.00010263456833854435,9.99401257284759e-06
2,37702,0.00010343623398512138,9.99400930944032e-06
2,37712,8.894719439922483e-05,9.994006045144475e-06
2,37722,9.606038156562136e-05,9.994002779960054e-06
2,37732,8.926705277190194e-05,9.99399951388707e-06
2,37742,0.00011325726472932729,9.993996246925509e-06
2,37752,0.00011455843332441872,9.993992979075374e-06
2,37762,9.345113967356156e-05,9.99398971033667e-06
2,37772,0.00010715751013776754,9.993986440709395e-06
2,37782,0.00010065075184684247,9.99398317019355e-06
2,37792,9.052004543264046e-05,9.993979898789137e-06
2,37802,0.00011093526454715174,9.993976626496151e-06
2,37812,0.00011813773462563404,9.9939733533146e-06
2,37822,0.00011321301681164186,9.993970079244487e-06
2,37832,0.00011671150132315232,9.993966804285803e-06
2,37842,0.00010256726582156262,9.993963528438552e-06
2,37852,9.240985400538193e-05,9.993960251702732e-06
2,37862,0.00010875741945710616,9.993956974078353e-06
2,37872,0.00012556003166537267,9.993953695565405e-06
2,37882,9.259628468498704e-05,9.993950416163895e-06
2,37892,9.664185208748676e-05,9.99394713587382e-06
2,37902,0.00012168456087238155,9.993943854695182e-06
2,37912,7.889587222962292e-05,9.993940572627985e-06
2,37922,0.00010303834151272894,9.993937289672222e-06
2,37932,0.00011745299279937172,9.993934005827902e-06
2,37942,9.87123034974502e-05,9.99393072109502e-06
2,37952,0.00012686096033576177,9.993927435473578e-06
2,37962,0.00011363372441337561,9.993924148963578e-06
2,37972,9.630828362787723e-05,9.99392086156502e-06
2,37982,9.516864629404154e-05,9.993917573277902e-06
2,37992,0.00011104522600362542,9.993914284102229e-06
2,38002,9.89764608675614e-05,9.993910994037995e-06
2,38012,0.00010032700211013435,9.993907703085205e-06
2,38022,9.562059076415608e-05,9.993904411243861e-06
2,38032,0.00010942464014078724,9.99390111851396e-06
2,38042,0.00010608091079120641,9.993897824895507e-06
2,38052,8.731635425647256e-05,9.993894530388499e-06
2,38062,0.00011826517975350727,9.99389123499294e-06
2,38072,9.264537757189829e-05,9.993887938708825e-06
2,38082,0.00013602026510852738,9.993884641536156e-06
2,38092,8.646504211355932e-05,9.99388134347494e-06
2,38102,8.03041371909785e-05,9.993878044525174e-06
2,38112,7.679995696889819e-05,9.993874744686854e-06
2,38122,0.00011154578724017483,9.99387144395999e-06
2,38132,9.589469509592164e-05,9.99386814234457e-06
2,38142,0.00013047455495325267,9.993864839840603e-06
2,38152,0.00011811586455223733,9.993861536448088e-06
2,38162,0.00010871784206756274,9.993858232167028e-06
2,38172,0.0001153611287008971,9.993854926997421e-06
2,38182,0.00011607191718212561,9.993851620939266e-06
2,38192,9.357216276839608e-05,9.993848313992561e-06
2,38202,0.00010803190943988738,9.993845006157315e-06
2,38212,9.740675041030045e-05,9.993841697433523e-06
2,38222,0.00011304415065751527,9.99383838782119e-06
2,38232,9.408479454577901e-05,9.99383507732031e-06
2,38242,8.3403184726194e-05,9.99383176593089e-06
2,38252,0.00010054488820969708,9.993828453652926e-06
2,38262,0.00012339454970060616,9.993825140486422e-06
2,38272,0.00010622157988109393,9.993821826431376e-06
2,38282,9.817924392336864e-05,9.993818511487786e-06
2,38292,0.00011417051473472384,9.99381519565566e-06
2,38302,0.0001321611493040109,9.993811878934996e-06
2,38312,0.00013176472284612828,9.99380856132579e-06
2,38322,0.00011216614411750926,9.993805242828048e-06
2,38332,9.340144779343972e-05,9.99380192344177e-06
2,38342,8.869195244187722e-05,9.993798603166953e-06
2,38352,0.00010258367074129638,9.9937952820036e-06
2,38362,0.00012391063628456323,9.99379195995171e-06
2,38372,8.982184635897283e-05,9.993788637011285e-06
2,38382,9.054801212187157e-05,9.99378531318233e-06
2,38392,9.394017761223949e-05,9.993781988464834e-06
2,38402,0.00010457649550517091,9.99377866285881e-06
2,38412,0.00013246952967165272,9.993775336364248e-06
2,38422,0.00010174645649385639,9.993772008981159e-06
2,38432,0.00011456495312813785,9.993768680709536e-06
2,38442,0.00012580578459164826,9.99376535154938e-06
2,38452,0.00010369613837610814,9.993762021500695e-06
2,38462,9.397006042490829e-05,9.993758690563479e-06
2,38472,9.19678001991997e-05,9.993755358737734e-06
2,38482,0.00010497186794964363,9.993752026023462e-06
2,38492,0.00010517177697693113,9.993748692420664e-06
2,38502,0.00011796365788541152,9.993745357929337e-06
2,38512,0.00011165882624482039,9.993742022549483e-06
2,38522,0.00011626477307800088,9.993738686281101e-06
2,38532,0.00011917432884729349,9.993735349124195e-06
2,38542,0.00010156665002796216,9.993732011078767e-06
2,38552,0.00010484419053682358,9.993728672144812e-06
2,38562,9.627243198337964e-05,9.993725332322334e-06
2,38572,8.772799401413067e-05,9.993721991611334e-06
2,38582,0.0001099208870982693,9.993718650011806e-06
2,38592,0.00013407121259660925,9.993715307523761e-06
2,38602,0.00010798387420436485,9.993711964147193e-06
2,38612,0.00011322756381559884,9.993708619882103e-06
2,38622,9.762741392478347e-05,9.993705274728492e-06
2,38632,9.337423516626586e-05,9.993701928686364e-06
2,38642,9.212683407895383e-05,9.993698581755716e-06
2,38652,0.00010104782804774005,9.99369523393655e-06
2,38662,0.00010551112682151144,9.993691885228866e-06
2,38672,7.557637200079625e-05,9.993688535632661e-06
2,38682,8.250721939475624e-05,9.993685185147944e-06
2,38692,9.781616454347384e-05,9.993681833774707e-06
2,38702,0.00013086711032883613,9.993678481512954e-06
2,38712,9.566037160766428e-05,9.993675128362687e-06
2,38722,0.00010593453980618507,9.99367177432391e-06
2,38732,0.00010695450691855513,9.993668419396613e-06
2,38742,0.00010589945777610409,9.993665063580807e-06
2,38752,0.00011857510289701168,9.99366170687649e-06
2,38762,8.42384411043895e-05,9.993658349283657e-06
2,38772,8.204348714571096e-05,9.993654990802314e-06
2,38782,0.0001006347827569698,9.993651631432457e-06
2,38792,9.571015643814463e-05,9.993648271174093e-06
2,38802,0.00010516334396015736,9.99364491002722e-06
2,38812,9.793735207495047e-05,9.993641547991835e-06
2,38822,0.00011168772080054623,9.993638185067947e-06
2,38832,0.00011428167135818512,9.993634821255546e-06
2,38842,9.759624490470741e-05,9.99363145655464e-06
2,38852,7.812674211891136e-05,9.993628090965227e-06
2,38862,0.00013138814301782986,9.993624724487308e-06
2,38872,0.0001080835818356718,9.993621357120882e-06
2,38882,9.945423726094303e-05,9.993617988865955e-06
2,38892,9.636607546781306e-05,9.99361461972252e-06
2,38902,0.00011204311358596896,9.993611249690585e-06
2,38912,0.00011301224567432655,9.993607878770146e-06
2,38922,8.20431107058539e-05,9.993604506961202e-06
2,38932,9.851755949057405e-05,9.993601134263758e-06
2,38942,8.691277043908485e-05,9.993597760677815e-06
2,38952,9.238561133315671e-05,9.993594386203368e-06
2,38962,7.55373022002459e-05,9.993591010840423e-06
2,38972,9.777334371392498e-05,9.99358763458898e-06
2,38982,9.081111129489727e-05,9.993584257449037e-06
2,38992,0.00012237139890203252,9.993580879420596e-06
2,39002,0.00010319774237359524,9.993577500503656e-06
2,39012,7.988520665094256e-05,9.993574120698222e-06
2,39022,8.373014607059304e-05,9.993570740004288e-06
2,39032,7.942019637994236e-05,9.993567358421861e-06
2,39042,0.00010512813478271709,9.993563975950937e-06
2,39052,9.679375580162741e-05,9.993560592591518e-06
2,39062,9.476556315348716e-05,9.993557208343606e-06
2,39072,9.040383401952566e-05,9.9935538232072e-06
2,39082,8.281651535071432e-05,9.993550437182305e-06
2,39092,9.821106477829744e-05,9.993547050268912e-06
2,39102,0.00011224613253943972,9.99354366246703e-06
2,39112,0.0001100488412703271,9.99354027377666e-06
2,39122,0.00010940364891212084,9.993536884197797e-06
2,39132,9.843089774221881e-05,9.99353349373044e-06
2,39142,0.00012921564211865189,9.993530102374598e-06
2,39152,0.00010906892030106973,9.99352671013027e-06
2,39162,0.00010118202308149194,9.993523316997449e-06
2,39172,0.00010168664130105755,9.993519922976143e-06
2,39182,7.896824054114404e-05,9.993516528066349e-06
2,39192,0.00010912683883361751,9.993513132268073e-06
2,39202,9.605660579836695e-05,9.993509735581307e-06
2,39212,0.00011046743393308133,9.99350633800606e-06
2,39222,0.00010414343969387118,9.993502939542324e-06
2,39232,8.474518081129647e-05,9.993499540190106e-06
2,39242,0.00012743127344947425,9.993496139949407e-06
2,39252,8.012810576474294e-05,9.993492738820222e-06
2,39262,8.612782667114516e-05,9.993489336802556e-06
2,39272,0.0001077509663446108,9.99348593389641e-06
2,39282,8.731079133212915e-05,9.993482530101781e-06
2,39292,9.767666806510533e-05,9.993479125418674e-06
2,39302,8.945446661527967e-05,9.993475719847086e-06
2,39312,0.00010884416878980119,9.993472313387019e-06
2,39322,9.585876978235319e-05,9.993468906038476e-06
2,39332,8.250210012192838e-05,9.993465497801452e-06
2,39342,0.00011209763461010881,9.993462088675958e-06
2,39352,8.955424846135429e-05,9.993458678661983e-06
2,39362,9.989653199227178e-05,9.993455267759532e-06
2,39372,0.00012199141210658126,9.993451855968607e-06
2,39382,0.00011406838430048083,9.993448443289205e-06
2,39392,8.613587806394207e-05,9.993445029721334e-06
2,39402,0.00011575013086257969,9.993441615264986e-06
2,39412,0.00010127234099854832,9.993438199920166e-06
2,39422,0.00010451219413880608,9.993434783686873e-06
2,39432,9.645291938795707e-05,9.993431366565107e-06
2,39442,0.00013746593995165313,9.993427948554871e-06
2,39452,0.00011320191460981733,9.993424529656164e-06
2,39462,0.00011377042883395916,9.993421109868988e-06
2,39472,9.761485271155834e-05,9.993417689193343e-06
2,39482,0.0001245859258233395,9.99341426762923e-06
2,39492,9.087172329600435e-05,9.993410845176646e-06
2,39502,9.613724951123004e-05,9.993407421835598e-06
2,39512,8.541359793525771e-05,9.993403997606086e-06
2,39522,0.00016911662687562058,9.993400572488105e-06
2,39532,0.00011279646014372703,9.99339714648166e-06
2,39542,0.00010725844313128619,9.99339371958675e-06
2,39552,0.00012195568469905992,9.993390291803373e-06
2,39562,9.845133736234857e-05,9.993386863131532e-06
2,39572,0.00010385426021457534,9.993383433571229e-06
2,39582,9.001550088214572e-05,9.993380003122462e-06
2,39592,9.120446493398049e-05,9.993376571785233e-06
2,39602,0.00013704601351491875,9.993373139559545e-06
2,39612,8.577240996601176e-05,9.993369706445395e-06
2,39622,0.00010185369246755727,9.993366272442784e-06
2,39632,0.0001067783280632284,9.993362837551715e-06
2,39642,9.894295180856716e-05,9.99335940177219e-06
2,39652,9.307741083830479e-05,9.9933559651042e-06
2,39662,8.827752481010975e-05,9.993352527547763e-06
2,39672,9.681386827651295e-05,9.993349089102867e-06
2,39682,9.533155161989271e-05,9.99334564976951e-06
2,39692,0.0001327294748989516,9.993342209547699e-06
2,39702,0.00010692507203202695,9.993338768437435e-06
2,39712,8.473683046759107e-05,9.993335326438717e-06
2,39722,0.00011206882136320927,9.993331883551536e-06
2,39732,8.003862967598252e-05,9.993328439775904e-06
2,39742,8.693516729181283e-05,9.993324995111822e-06
2,39752,8.853407498463638e-05,9.993321549559288e-06
2,39762,9.589788978701109e-05,9.993318103118305e-06
2,39772,7.903313162387349e-05,9.99331465578887e-06
2,39782,9.883279353744e-05,9.993311207570983e-06
2,39792,9.79350153102132e-05,9.993307758464648e-06
2,39802,0.00012112514759792248,9.993304308469864e-06
2,39812,9.456535144636291e-05,9.993300857586632e-06
2,39822,0.00011553357207958469,9.993297405814955e-06
2,39832,0.00010015461884904653,9.993293953154826e-06
2,39842,0.00012133253139836598,9.993290499606252e-06
2,39852,0.00010549203125265195,9.993287045169232e-06
2,39862,0.00011640339389487053,9.993283589843768e-06
2,39872,0.00013158265137462876,9.993280133629856e-06
2,39882,0.00010282072098561912,9.993276676527501e-06
2,39892,9.36789555453288e-05,9.993273218536704e-06
2,39902,0.00010743294715211959,9.993269759657463e-06
2,39912,9.415694548806642e-05,9.993266299889779e-06
2,39922,8.43160732074466e-05,9.993262839233653e-06
2,39932,9.808289314605645e-05,9.993259377689092e-06
2,39942,0.0001039009794112644,9.993255915256086e-06
2,39952,0.00010508708792258404,9.99325245193464e-06
2,39962,9.427601107745432e-05,9.993248987724755e-06
2,39972,0.00011631464803940617,9.993245522626431e-06
2,39982,0.0001199886809445161,9.993242056639671e-06
2,39992,9.797921629797202e-05,9.993238589764472e-06
2,40002,8.764434305703618e-05,9.993235122000837e-06
2,40012,0.00016660328537909663,9.993231653348766e-06
2,40022,8.365272651644773e-05,9.993228183808261e-06
2,40032,0.00011074771655330552,9.99322471337932e-06
2,40042,8.35142876894679e-05,9.993221242061944e-06
2,40052,0.00010051111285065417,9.993217769856138e-06
2,40062,0.00012244842346262886,9.993214296761896e-06
2,40072,0.00011179955490661087,9.993210822779223e-06
2,40082,0.00010543873740971322,9.993207347908116e-06
2,40092,0.00011649116286207572,9.993203872148581e-06
2,40102,9.216183007083601e-05,9.993200395500616e-06
2,40112,0.00013851776302544752,9.99319691796422e-06
2,40122,9.78429679889814e-05,9.993193439539391e-06
2,40132,0.0001048526710292208,9.993189960226134e-06
2,40142,8.824892729535349e-05,9.993186480024453e-06
2,40152,0.00010814877205120866,9.993182998934342e-06
2,40162,9.771136128620127e-05,9.993179516955807e-06
2,40172,8.814096599962795e-05,9.993176034088843e-06
2,40182,0.0001268457079277141,9.993172550333457e-06
2,40192,0.00010268075720887282,9.99316906568964e-06
2,40202,0.0001278013329283567,9.993165580157398e-06
2,40212,0.00010852737568711746,9.993162093736734e-06
2,40222,0.00010206272045252262,9.99315860642765e-06
2,40232,0.00010361297681811265,9.993155118230143e-06
2,40242,0.00013291382892930412,9.993151629144213e-06
2,40252,9.438299903195003e-05,9.993148139169858e-06
2,40262,0.00013164449610485461,9.993144648307088e-06
2,40272,0.00011134496853628661,9.993141156555893e-06
2,40282,0.00011848561489387067,9.993137663916281e-06
2,40292,8.222636170103214e-05,9.99313417038825e-06
2,40302,9.594429811841109e-05,9.9931306759718e-06
2,40312,8.76528759363282e-05,9.993127180666938e-06
2,40322,0.00011002553146681747,9.993123684473656e-06
2,40332,0.00010529756809773971,9.993120187391957e-06
2,40342,0.00010010530950239626,9.993116689421847e-06
2,40352,9.270026293961565e-05,9.993113190563316e-06
2,40362,0.00010897985057454208,9.993109690816372e-06
2,40372,9.676121680968208e-05,9.993106190181015e-06
2,40382,0.00013390384601734694,9.993102688657246e-06
2,40392,0.00011093388739027432,9.993099186245064e-06
2,40402,0.0001218466657519457,9.993095682944467e-06
2,40412,0.00011685702957038303,9.993092178755459e-06
2,40422,0.00011823629565697047,9.993088673678042e-06
2,40432,9.617515470381477e-05,9.993085167712219e-06
2,40442,9.627174640627345e-05,9.993081660857986e-06
2,40452,9.879392191578517e-05,9.99307815311534e-06
2,40462,0.0001093884162401082,9.993074644484286e-06
2,40472,9.834510847213096e-05,9.993071134964827e-06
2,40482,8.381242414543522e-05,9.993067624556961e-06
2,40492,0.00011161227557749951,9.99306411326069e-06
2,40502,9.728215354698477e-05,9.993060601076013e-06
2,40512,9.053740923263831e-05,9.993057088002928e-06
2,40522,9.650027886891621e-05,9.99305357404144e-06
2,40532,9.188150579575449e-05,9.99305005919155e-06
2,40542,9.426322449144208e-05,9.993046543453259e-06
2,40552,0.00010297848302798229,9.99304302682656e-06
2,40562,9.682232348495745e-05,9.993039509311459e-06
2,40572,0.00010602990887491615,9.99303599090796e-06
2,40582,0.00014729926451764185,9.993032471616061e-06
2,40592,8.173347068805014e-05,9.993028951435762e-06
2,40602,7.970028927957173e-05,9.99302543036706e-06
2,40612,0.0001007789633149514,9.99302190840996e-06
2,40622,0.00010372109718446153,9.993018385564461e-06
2,40632,0.00012071484143234558,9.993014861830566e-06
2,40642,0.000102094364228833,9.993011337208274e-06
2,40652,0.00010098746697622117,9.993007811697587e-06
2,40662,0.00011599987346926355,9.993004285298501e-06
2,40672,9.237060494342585e-05,9.993000758011022e-06
2,40682,9.118950556512573e-05,9.992997229835149e-06
2,40692,9.476375107624335e-05,9.992993700770882e-06
2,40702,0.0001233249515280477,9.992990170818222e-06
2,40712,9.141803984675789e-05,9.992986639977172e-06
2,40722,0.0001669021728048392,9.99298310824773e-06
2,40732,9.640521038818406e-05,9.992979575629894e-06
2,40742,0.0001136768599280913,9.99297604212367e-06
2,40752,0.00010154801220778609,9.992972507729056e-06
2,40762,0.00011262932193858432,9.99296897244605e-06
2,40772,9.001657663247896e-05,9.992965436274657e-06
2,40782,0.00017311252095169035,9.992961899214877e-06
2,40792,7.36287574909511e-05,9.992958361266709e-06
2,40802,9.697717505332548e-05,9.992954822430152e-06
2,40812,0.00010449395304021892,9.992951282705212e-06
2,40822,9.167464395432035e-05,9.992947742091881e-06
2,40832,8.853303361320287e-05,9.99294420059017e-06
2,40842,0.0001163229863777815,9.992940658200069e-06
2,40852,0.00010930654025287367,9.992937114921585e-06
2,40862,0.0001113021655328339,9.992933570754724e-06
2,40872,8.96038922292064e-05,9.992930025699482e-06
2,40882,9.379776111018145e-05,9.992926479755858e-06
2,40892,0.00010183408612647326,9.992922932923856e-06
2,40902,0.0001173664495581761,9.992919385203462e-06
2,40912,7.842566910767347e-05,9.992915836594687e-06
2,40922,9.525076820864342e-05,9.992912287097542e-06
2,40932,9.412747886017314e-05,9.992908736712013e-06
2,40942,7.998276669241022e-05,9.992905185438108e-06
2,40952,9.464299473620487e-05,9.992901633275824e-06
2,40962,9.039433807629394e-05,9.992898080225165e-06
2,40972,0.00012148937967140228,9.992894526286128e-06
2,40982,7.961080182212754e-05,9.992890971458718e-06
2,40992,9.64530925557483e-05,9.992887415742929e-06
2,41002,8.48664551085676e-05,9.99288385913877e-06
2,41012,0.00010287105033057742,9.992880301646235e-06
2,41022,0.00010782596027638646,9.992876743265324e-06
2,41032,0.00011184871009390916,9.992873183996048e-06
2,41042,9.277674871555064e-05,9.992869623838396e-06
2,41052,0.00011228677303734002,9.992866062792373e-06
2,41062,0.00010291567396052415,9.992862500857981e-06
2,41072,0.00012614309734999553,9.99285893803522e-06
2,41082,9.935219541148398e-05,9.992855374324089e-06
2,41092,9.747213689479395e-05,9.992851809724588e-06
2,41102,0.00013791887868137563,9.992848244236722e-06
2,41112,9.562104305587127e-05,9.992844677860489e-06
2,41122,9.115488128372818e-05,9.992841110595887e-06
2,41132,9.903510954245576e-05,9.992837542442921e-06
2,41142,0.00012443028745110496,9.992833973401592e-06
2,41152,0.00010808657616507845,9.992830403471894e-06
2,41162,9.70705395047844e-05,9.992826832653834e-06
2,41172,0.00010220615376965725,9.992823260947408e-06
2,41182,8.383371932723093e-05,9.992819688352621e-06
2,41192,0.00011386807846065494,9.992816114869471e-06
2,41202,0.00010875647358261632,9.992812540497964e-06
2,41212,9.707624039947404e-05,9.992808965238091e-06
2,41222,0.00010453960358063341,9.992805389089855e-06
2,41232,0.00010770131557364948,9.992801812053264e-06
2,41242,0.00010139130372408545,9.992798234128317e-06
2,41252,0.00010411357288830914,9.992794655315007e-06
2,41262,0.00011005348105754819,9.992791075613344e-06
2,41272,8.476782159050344e-05,9.992787495023325e-06
2,41282,9.503457768005318e-05,9.992783913544943e-06
2,41292,9.353072064186563e-05,9.992780331178206e-06
2,41302,9.682021600383451e-05,9.992776747923116e-06
2,41312,9.204562429658836e-05,9.99277316377967e-06
2,41322,8.350074031113764e-05,9.992769578747869e-06
2,41332,8.47564178002358e-05,9.992765992827717e-06
2,41342,0.00010206843980995473,9.992762406019209e-06
2,41352,9.914422007568646e-05,9.992758818322351e-06
2,41362,7.147718724809238e-05,9.992755229737145e-06
2,41372,9.018948076118249e-05,9.992751640263585e-06
2,41382,0.00010632478779371013,9.992748049901675e-06
2,41392,0.0001035328273246705,9.992744458651416e-06
2,41402,9.334993173979456e-05,9.99274086651281e-06
2,41412,0.0001012274657114176,9.992737273485859e-06
2,41422,9.481708466410054e-05,9.992733679570555e-06
2,41432,9.484511292612297e-05,9.992730084766906e-06
2,41442,9.071303775272099e-05,9.992726489074909e-06
2,41452,0.00010807347289301107,9.99272289249457e-06
2,41462,0.00013090447873764788,9.992719295025884e-06
2,41472,9.853503288468347e-05,9.992715696668852e-06
2,41482,0.0001305758527450962,9.992712097423476e-06
2,41492,0.00011540546920514316,9.99270849728976e-06
2,41502,8.476066805087611e-05,9.9927048962677e-06
2,41512,0.00011037554068025202,9.992701294357296e-06
2,41522,0.000109645452357654,9.992697691558554e-06
2,41532,9.400523877047817e-05,9.992694087871471e-06
2,41542,0.00011054230026275036,9.992690483296049e-06
2,41552,0.00011556552326510427,9.992686877832287e-06
2,41562,0.00011356009190421901,9.992683271480186e-06
2,41572,9.015276464197086e-05,9.992679664239748e-06
2,41582,9.476107898080953e-05,9.992676056110974e-06
2,41592,0.00013404389610514045,9.992672447093863e-06
2,41602,0.00012696765679720556,9.992668837188416e-06
2,41612,9.03680039300525e-05,9.992665226394632e-06
2,41622,8.430201460214448e-05,9.992661614712516e-06
2,41632,9.957029424185748e-05,9.992658002142063e-06
2,41642,8.60003962770861e-05,9.992654388683278e-06
2,41652,0.00010162887128899456,9.99265077433616e-06
2,41662,9.630847644075402e-05,9.992647159100713e-06
2,41672,9.97268951323349e-05,9.992643542976931e-06
2,41682,0.00012134264397900552,9.99263992596482e-06
2,41692,0.00010587469405436423,9.992636308064379e-06
2,41702,9.30544135371747e-05,9.992632689275608e-06
2,41712,0.00012357555315247736,9.992629069598506e-06
2,41722,9.958645705410162e-05,9.99262544903308e-06
2,41732,9.73425064330513e-05,9.992621827579322e-06
2,41742,9.567711595082073e-05,9.99261820523724e-06
2,41752,9.501467066002079e-05,9.992614582006831e-06
2,41762,8.129649086185964e-05,9.992610957888095e-06
2,41772,0.0001067992366188264,9.992607332881035e-06
2,41782,0.00014481660055025712,9.992603706985653e-06
2,41792,0.0001056126809999114,9.992600080201945e-06
2,41802,9.868918268693961e-05,9.992596452529917e-06
2,41812,9.47459869166778e-05,9.992592823969564e-06
2,41822,9.534610762784723e-05,9.99258919452089e-06
2,41832,0.00011897875638169352,9.992585564183898e-06
2,41842,0.00010594817122182575,9.992581932958583e-06
2,41852,9.870450967355282e-05,9.992578300844947e-06
2,41862,9.506690939815598e-05,9.99257466784299e-06
2,41872,0.00010101986281370045,9.992571033952711e-06
2,41882,0.00010846138766282821,9.99256739917412e-06
2,41892,9.883023840302485e-05,9.99256376350721e-06
2,41902,8.519980456185294e-05,9.992560126951984e-06
2,41912,0.00012983164397155635,9.992556489508444e-06
2,41922,8.574278854212025e-05,9.992552851176587e-06
2,41932,0.0001028372508699249,9.992549211956416e-06
2,41942,8.740670064071309e-05,9.992545571847929e-06
2,41952,9.009311961563071e-05,9.992541930851127e-06
2,41962,8.868818958944756e-05,9.992538288966014e-06
2,41972,0.00012890207981399726,9.99253464619259e-06
2,41982,0.0001596717128450109,9.992531002530851e-06
2,41992,0.00011177857522852718,9.992527357980808e-06
2,42002,0.00010268303949487745,9.99252371254245e-06
2,42012,0.00010001845239457906,9.992520066215782e-06
2,42022,9.287378270528279e-05,9.992516419000804e-06
2,42032,0.00010221552174698444,9.992512770897517e-06
2,42042,0.0001031628390592232,9.992509121905925e-06
2,42052,9.234105245923275e-05,9.992505472026023e-06
2,42062,9.190826403937535e-05,9.992501821257818e-06
2,42072,9.371613114126376e-05,9.992498169601311e-06
2,42082,9.223918032148505e-05,9.992494517056495e-06
2,42092,9.813133847274002e-05,9.992490863623379e-06
2,42102,9.636382046664948e-05,9.992487209301956e-06
2,42112,0.0001070718178198149,9.992483554092235e-06
2,42122,9.745747829583707e-05,9.992479897994209e-06
2,42132,8.230546382037573e-05,9.992476241007878e-06
2,42142,8.759826132518356e-05,9.992472583133249e-06
2,42152,9.11350702153868e-05,9.992468924370319e-06
2,42162,7.770515585434624e-05,9.992465264719088e-06
2,42172,9.128098745350143e-05,9.992461604179558e-06
2,42182,6.941339179320494e-05,9.992457942751726e-06
2,42192,0.00016121832322824048,9.9924542804356e-06
2,42202,9.94880869257031e-05,9.992450617231177e-06
2,42212,0.00010825613790075295,9.99244695313846e-06
2,42222,0.0001237497488546069,9.992443288157445e-06
2,42232,8.478362351524992e-05,9.992439622288135e-06
2,42242,9.538252134007052e-05,9.99243595553053e-06
2,42252,9.369705448989408e-05,9.99243228788463e-06
2,42262,0.00010454213661432733,9.992428619350438e-06
2,42272,9.384975801367546e-05,9.992424949927955e-06
2,42282,7.70162902881566e-05,9.992421279617177e-06
2,42292,0.00010388871451141312,9.992417608418109e-06
2,42302,0.000133477131203108,9.992413936330752e-06
2,42312,0.00012359675338302623,9.992410263355102e-06
2,42322,9.83907109912252e-05,9.992406589491161e-06
2,42332,0.00011490783736007871,9.992402914738938e-06
2,42342,0.0001263628966626129,9.992399239098426e-06
2,42352,8.186427785403794e-05,9.992395562569626e-06
2,42362,8.711853070053621e-05,9.992391885152537e-06
2,42372,8.943740831455216e-05,9.992388206847162e-06
2,42382,8.487496661473415e-05,9.992384527653498e-06
2,42392,0.00010964275697915582,9.99238084757155e-06
2,42402,8.836510196488234e-05,9.992377166601321e-06
2,42412,7.106084995029961e-05,9.992373484742807e-06
2,42422,0.00011232663819100707,9.992369801996012e-06
2,42432,7.853813403926324e-05,9.992366118360936e-06
2,42442,8.086942871159407e-05,9.992362433837577e-06
2,42452,0.00012104887327950563,9.992358748425937e-06
2,42462,8.687935815032688e-05,9.992355062126017e-06
2,42472,8.966192117441096e-05,9.992351374937818e-06
2,42482,0.00011419461761761341,9.99234768686134e-06
2,42492,7.623636411153711e-05,9.992343997896585e-06
2,42502,0.00011573419515116256,9.992340308043552e-06
2,42512,0.00010597652108117471,9.992336617302243e-06
2,42522,0.00011886327511092532,9.992332925672657e-06
2,42532,0.00011018316336048883,9.992329233154796e-06
2,42542,0.0001025491160362435,9.992325539748656e-06
2,42552,8.280053152702748e-05,9.992321845454247e-06
2,42562,7.994565094122663e-05,9.992318150271561e-06
2,42572,0.00010077059332616046,9.992314454200602e-06
2,42582,0.00011943940371565987,9.992310757241373e-06
2,42592,9.858023568085628e-05,9.992307059393872e-06
2,42602,0.00011557831303434795,9.992303360658102e-06
2,42612,9.038166654136148e-05,9.992299661034061e-06
2,42622,0.00010986070392391411,9.99229596052175e-06
2,42632,0.00010773817102744944,9.992292259121166e-06
2,42642,0.00010004016776292702,9.992288556832315e-06
2,42652,7.069270568536013e-05,9.992284853655199e-06
2,42662,0.00011904848288395441,9.992281149589817e-06
2,42672,8.114242518786341e-05,9.992277444636169e-06
2,42682,9.03528733033454e-05,9.992273738794255e-06
2,42692,7.902504421508638e-05,9.992270032064074e-06
2,42702,7.675743527215672e-05,9.992266324445626e-06
2,42712,0.00010991083336193696,9.992262615938917e-06
2,42722,9.451286914554658e-05,9.992258906543945e-06
2,42732,9.606378553144167e-05,9.992255196260713e-06
2,42742,0.00011808923059106745,9.99225148508922e-06
2,42752,0.00010480987257324159,9.992247773029463e-06
2,42762,8.80150852026418e-05,9.992244060081442e-06
2,42772,0.0001044543594616698,9.992240346245168e-06
2,42782,0.0001129415899868036,9.992236631520632e-06
2,42792,0.00012000819660897832,9.992232915907837e-06
2,42802,8.391193359784666e-05,9.992229199406784e-06
2,42812,9.818949465625338e-05,9.992225482017474e-06
2,42822,7.984130188560812e-05,9.992221763739906e-06
2,42832,0.00011127098887300236,9.992218044574082e-06
2,42842,9.715481201055809e-05,9.992214324520005e-06
2,42852,0.00011031871881641563,9.992210603577673e-06
2,42862,8.552577100999769e-05,9.992206881747089e-06
2,42872,8.764657859501312e-05,9.992203159028251e-06
2,42882,0.00010019942956205342,9.99219943542116e-06
2,42892,0.00010488753532627014,9.992195710925817e-06
2,42902,0.0001270248999389878,9.992191985542227e-06
2,42912,0.0001111832960305037,9.992188259270383e-06
2,42922,0.0001161738518931088,9.99218453211029e-06
2,42932,9.266464949178043e-05,9.992180804061949e-06
2,42942,0.00010781952305478627,9.992177075125357e-06
2,42952,0.00011483640500955516,9.992173345300518e-06
2,42962,9.950197254511296e-05,9.99216961458743e-06
2,42972,0.0001002908200462116,9.992165882986097e-06
2,42982,9.078308248717805e-05,9.992162150496518e-06
2,42992,9.254169081032159e-05,9.992158417118692e-06
2,43002,0.00010866071679629385,9.992154682852627e-06
2,43012,9.853627934717225e-05,9.992150947698312e-06
2,43022,9.015652394737116e-05,9.992147211655757e-06
2,43032,0.00011401840520193217,9.992143474724961e-06
2,43042,0.00011361290771674249,9.99213973690592e-06
2,43052,9.020706038427307e-05,9.992135998198641e-06
2,43062,9.405146111021167e-05,9.992132258603124e-06
2,43072,0.0001051363005899475,9.992128518119366e-06
2,43082,0.00010064251409858116,9.992124776747369e-06
2,43092,9.855277348833625e-05,9.992121034487134e-06
2,43102,8.730318895686651e-05,9.992117291338658e-06
2,43112,0.00010932056302408454,9.992113547301942e-06
2,43122,0.0001402015465828299,9.99210980237699e-06
2,43132,9.533623579045525e-05,9.992106056563807e-06
2,43142,0.00010325005996492109,9.99210230986239e-06
2,43152,8.309350969284423e-05,9.992098562272734e-06
2,43162,8.612611518401536e-05,9.992094813794845e-06
2,43172,0.00012075395179635961,9.992091064428723e-06
2,43182,0.00010806134678205127,9.99208731417437e-06
2,43192,0.00011465816996860667,9.992083563031784e-06
2,43202,7.389023430732778e-05,9.992079811000963e-06
2,43212,0.00010143920499103843,9.99207605808192e-06
2,43222,8.825120867186342e-05,9.992072304274638e-06
2,43232,8.681670788064367e-05,9.992068549579135e-06
2,43242,0.00010001143191402661,9.9920647939954e-06
2,43252,8.884764210961294e-05,9.992061037523438e-06
2,43262,9.567565139150249e-05,9.99205728016325e-06
2,43272,9.802219183256966e-05,9.992053521914833e-06
2,43282,8.697084331288352e-05,9.992049762778188e-06
2,43292,9.232612455889466e-05,9.992046002753317e-06
2,43302,8.936897011153634e-05,9.992042241840226e-06
2,43312,0.0001032935411330982,9.99203848003891e-06
2,43322,0.000142424102887162,9.99203471734937e-06
2,43332,9.039002316058031e-05,9.992030953771608e-06
2,43342,8.048108174989466e-05,9.992027189305627e-06
2,43352,0.00011063046486015082,9.992023423951421e-06
2,43362,9.233055880031316e-05,9.992019657708997e-06
2,43372,9.582670481904643e-05,9.992015890578353e-06
2,43382,0.00012193787906653598,9.992012122559489e-06
2,43392,9.045902615980594e-05,9.992008353652405e-06
2,43402,7.924461410766526e-05,9.992004583857106e-06
2,43412,7.69371412388864e-05,9.992000813173588e-06
2,43422,8.540633580196299e-05,9.991997041601852e-06
2,43432,0.0001183464923997235,9.991993269141903e-06
2,43442,0.00010267751595165464,9.99198949579374e-06
2,43452,9.036883247972582e-05,9.991985721557362e-06
2,43462,8.35644523249357e-05,9.991981946432767e-06
2,43472,0.00012148855639679824,9.99197817041996e-06
2,43482,0.0001469502090003516,9.99197439351894e-06
2,43492,9.562045552229393e-05,9.991970615729708e-06
2,43502,0.00010073228067994933,9.991966837052267e-06
2,43512,9.96232032775879e-05,9.991963057486614e-06
2,43522,0.00010468817681612564,9.99195927703275e-06
2,43532,0.00010048862941403058,9.991955495690681e-06
2,43542,8.481750946884859e-05,9.991951713460401e-06
2,43552,8.48398260131944e-05,9.99194793034191e-06
2,43562,0.00011432132596382872,9.991944146335217e-06
2,43572,0.00011566779894565116,9.991940361440318e-06
2,43582,0.00010439210182084935,9.99193657565721e-06
2,43592,0.00010549044427534681,9.991932788985897e-06
2,43602,0.00010379645209468435,9.991929001426384e-06
2,43612,0.00010884402954616234,9.991925212978666e-06
2,43622,8.283580864372197e-05,9.991921423642745e-06
2,43632,9.132600271186675e-05,9.99191763341862e-06
2,43642,0.00011586108694245922,9.991913842306296e-06
2,43652,9.518406968709315e-05,9.99191005030577e-06
2,43662,9.953197113645728e-05,9.991906257417043e-06
2,43672,8.869455023159389e-05,9.991902463640116e-06
2,43682,9.227718464899226e-05,9.99189866897499e-06
2,43692,0.00011213356074222248,9.99189487342167e-06
2,43702,9.65329948485305e-05,9.991891076980147e-06
2,43712,8.711132477401407e-05,9.991887279650429e-06
2,43722,0.00010203892434219597,9.991883481432516e-06
2,43732,9.156912992693833e-05,9.991879682326406e-06
2,43742,0.00010278969521095859,9.991875882332102e-06
2,43752,0.00011455082430984477,9.991872081449604e-06
2,43762,9.614214004614042e-05,9.99186827967891e-06
2,43772,9.251146711903855e-05,9.991864477020026e-06
2,43782,0.0001020459589199163,9.99186067347295e-06
2,43792,9.87558086762874e-05,9.991856869037677e-06
2,43802,0.00011669629157040617,9.991853063714218e-06
2,43812,8.334930616911151e-05,9.991849257502568e-06
2,43822,0.00010809922987391473,9.991845450402727e-06
2,43832,0.00011227554414290352,9.9918416424147e-06
2,43842,8.196461594707216e-05,9.991837833538484e-06
2,43852,0.00011107529912806058,9.991834023774081e-06
2,43862,0.00010317841270079953,9.99183021312149e-06
2,43872,0.00010879078454308911,9.991826401580713e-06
2,43882,0.00010636696133587975,9.991822589151754e-06
2,43892,0.000117023881739442,9.99181877583461e-06
2,43902,9.805467234400566e-05,9.991814961629276e-06
2,43912,0.00010741932746896054,9.991811146535763e-06
2,43922,0.00010151917558687272,9.991807330554066e-06
2,43932,8.374922572329524e-05,9.991803513684186e-06
2,43942,8.273282464870134e-05,9.991799695926124e-06
2,43952,9.977569334296277e-05,9.991795877279882e-06
2,43962,8.178743673852296e-05,9.99179205774546e-06
2,43972,9.857008908511488e-05,9.991788237322862e-06
2,43982,7.709995643381262e-05,9.991784416012085e-06
2,43992,9.755528217283426e-05,9.991780593813132e-06
2,44002,8.23142030640156e-05,9.991776770725998e-06
2,44012,9.90105287201004e-05,9.991772946750687e-06
2,44022,9.850675050984136e-05,9.991769121887199e-06
2,44032,0.00010734740526459063,9.991765296135535e-06
2,44042,0.00010219404603049042,9.991761469495699e-06
2,44052,9.017296788442762e-05,9.99175764196769e-06
2,44062,0.00011313810773572186,9.991753813551506e-06
2,44072,0.0001176429480437946,9.99174998424715e-06
2,44082,8.338874313267297e-05,9.991746154054624e-06
2,44092,9.062170975084883e-05,9.991742322973928e-06
2,44102,0.00010680670548026684,9.99173849100506e-06
2,44112,0.00011386356536604581,9.991734658148023e-06
2,44122,9.248308624592028e-05,9.991730824402817e-06
2,44132,0.00010135313905266229,9.991726989769441e-06
2,44142,8.781522892604698e-05,9.991723154247896e-06
2,44152,8.788265326984402e-05,9.991719317838182e-06
2,44162,9.884151559163e-05,9.991715480540303e-06
2,44172,0.00013044777406321373,9.991711642354257e-06
2,44182,0.0001093536350708746,9.991707803280052e-06
2,44192,0.0001175765058178513,9.991703963317677e-06
2,44202,0.0001213295445268159,9.99170012246714e-06
2,44212,0.00012118208546780808,9.991696280728439e-06
2,44222,9.290147186220565e-05,9.99169243810158e-06
2,44232,7.61053783207899e-05,9.991688594586561e-06
2,44242,9.614125001462527e-05,9.991684750183374e-06
2,44252,0.00010137272483916603,9.99168090489203e-06
2,44262,0.00011470900908534531,9.991677058712522e-06
2,44272,9.151237654805299e-05,9.99167321164486e-06
2,44282,9.049344325831044e-05,9.991669363689046e-06
2,44292,0.00011453065808382234,9.991665514845062e-06
2,44302,5.81537424295675e-05,9.991661665112928e-06
2,44312,9.74940821834025e-05,9.991657814492637e-06
2,44322,9.644704396123417e-05,9.991653962984191e-06
2,44332,9.709783171274466e-05,9.991650110587588e-06
2,44342,0.00010128370340680703,9.991646257302833e-06
2,44352,0.00011211341834496124,9.991642403129925e-06
2,44362,0.00010938496452581605,9.99163854806886e-06
2,44372,9.674651037130388e-05,9.991634692119648e-06
2,44382,0.00011011230963049456,9.991630835282284e-06
2,44392,9.167829066427657e-05,9.991626977556768e-06
2,44402,0.0001033331349844957,9.991623118943105e-06
2,44412,0.00010770329072329332,9.991619259441289e-06
2,44422,8.647274744362221e-05,9.991615399051325e-06
2,44432,8.270065263786819e-05,9.991611537773213e-06
2,44442,0.00011582487477426184,9.991607675606957e-06
2,44452,0.00011901607549589243,9.991603812552554e-06
2,44462,0.00013330160190889727,9.991599948610004e-06
2,44472,0.00011488394302432426,9.991596083779309e-06
2,44482,9.716824661154533e-05,9.99159221806047e-06
2,44492,0.00010306460171705112,9.991588351453489e-06
2,44502,9.093157977986266e-05,9.991584483958365e-06
2,44512,0.0001284131228203478,9.991580615575097e-06
2,44522,8.998251278171666e-05,9.991576746303685e-06
2,44532,7.456567332155827e-05,9.991572876144132e-06
2,44542,8.289315101137618e-05,9.99156900509644e-06
2,44552,8.880003288140869e-05,9.991565133160608e-06
2,44562,9.565573864165345e-05,9.99156126033664e-06
2,44572,9.512831156825995e-05,9.991557386624531e-06
2,44582,7.864442586651421e-05,9.991553512024287e-06
2,44592,9.738664502947358e-05,9.991549636535905e-06
2,44602,8.763067453401163e-05,9.991545760159384e-06
2,44612,9.533130910313047e-05,9.991541882894726e-06
2,44622,0.00012466980106182746,9.991538004741934e-06
2,44632,9.0717461262102e-05,9.99153412570101e-06
2,44642,0.000107092661983188,9.991530245771952e-06
2,44652,7.971233917487553e-05,9.991526364954762e-06
2,44662,9.1871197855653e-05,9.99152248324944e-06
2,44672,0.00010350309908062627,9.991518600655984e-06
2,44682,0.00012173544018878601,9.991514717174401e-06
2,44692,0.00011890463174495379,9.99151083280469e-06
2,44702,9.333819252788089e-05,9.991506947546844e-06
2,44712,8.887794047041098e-05,9.991503061400872e-06
2,44722,9.333768239230266e-05,9.991499174366772e-06
2,44732,0.00011287456513855431,9.991495286444544e-06
2,44742,9.408811783941928e-05,9.991491397634194e-06
2,44752,9.352556025987724e-05,9.991487507935713e-06
2,44762,0.00016467753239339799,9.991483617349107e-06
2,44772,0.00010021655707532773,9.99147972587438e-06
2,44782,7.177579618655727e-05,9.991475833511526e-06
2,44792,0.00010019650098911371,9.991471940260551e-06
2,44802,0.0001004473822831642,9.991468046121456e-06
2,44812,0.00010466316807651311,9.991464151094236e-06
2,44822,8.726434598429477e-05,9.991460255178894e-06
2,44832,7.130312569643139e-05,9.991456358375434e-06
2,44842,8.151177662512054e-05,9.991452460683855e-06
2,44852,8.87686941496213e-05,9.991448562104157e-06
2,44862,9.397507628818858e-05,9.991444662636339e-06
2,44872,9.506924598099432e-05,9.991440762280403e-06
2,44882,7.910887788966647e-05,9.991436861036347e-06
2,44892,8.269361283055331e-05,9.991432958904178e-06
2,44902,9.886867806017108e-05,9.991429055883893e-06
2,44912,0.00010456607114974758,9.991425151975497e-06
2,44922,0.00010321617201043409,9.991421247178988e-06
2,44932,9.265573153243169e-05,9.991417341494364e-06
2,44942,0.00010044110331364209,9.991413434921624e-06
2,44952,0.00011646215825749096,9.991409527460774e-06
2,44962,0.00010486138071428286,9.991405619111815e-06
2,44972,9.561895785736851e-05,9.991401709874747e-06
2,44982,7.596345494675916e-05,9.991397799749568e-06
2,44992,8.174169415724464e-05,9.991393888736277e-06
2,45002,8.05719362688251e-05,9.991389976834879e-06
2,45012,8.486676720167451e-05,9.991386064045371e-06
2,45022,8.200134689104744e-05,9.991382150367758e-06
2,45032,8.121927694446639e-05,9.991378235802038e-06
2,45042,9.895423718262463e-05,9.991374320348212e-06
2,45052,8.12020987723372e-05,9.99137040400628e-06
2,45062,9.02526065146958e-05,9.991366486776244e-06
2,45072,9.92994433545391e-05,9.991362568658107e-06
2,45082,7.882274840085302e-05,9.991358649651867e-06
2,45092,8.807783806332736e-05,9.991354729757525e-06
2,45102,0.0001109152676690428,9.99135080897508e-06
2,45112,0.00011389924993636669,9.99134688730453e-06
2,45122,9.675329383753705e-05,9.991342964745887e-06
2,45132,0.00013348489483178128,9.991339041299142e-06
2,45142,0.00010291557236996597,9.991335116964297e-06
2,45152,9.860849741016864e-05,9.991331191741353e-06
2,45162,9.988719657485489e-05,9.991327265630316e-06
2,45172,7.367099597104243e-05,9.99132333863118e-06
2,45182,0.00010996690325555393,9.991319410743951e-06
2,45192,9.100157667489838e-05,9.991315481968625e-06
2,45202,0.00011726370939868502,9.991311552305205e-06
2,45212,0.00011446212238297448,9.991307621753687e-06
2,45222,0.00012176251930213767,9.991303690314082e-06
2,45232,0.00011514574553075362,9.991299757986382e-06
2,45242,9.854311128947301e-05,9.99129582477059e-06
2,45252,0.00013738387933699415,9.991291890666705e-06
2,45262,9.667558033470414e-05,9.991287955674731e-06
2,45272,9.09793573555362e-05,9.991284019794669e-06
2,45282,9.581490512573509e-05,9.991280083026517e-06
2,45292,0.00010075596528622555,9.991276145370278e-06
2,45302,9.159819910564693e-05,9.991272206825946e-06
2,45312,7.86869990406558e-05,9.991268267393527e-06
2,45322,8.487545546813635e-05,9.991264327073033e-06
2,45332,8.453822492811014e-05,9.99126038586444e-06
2,45342,7.830573458704747e-05,9.991256443767768e-06
2,45352,0.00011338796221025405,9.991252500783011e-06
2,45362,0.00010830642877408536,9.991248556910176e-06
2,45372,9.594897410352133e-05,9.991244612149255e-06
2,45382,8.917349750845461e-05,9.991240666500256e-06
2,45392,9.016831959343107e-05,9.991236719963169e-06
2,45402,8.870084957379731e-05,9.991232772538007e-06
2,45412,9.695657035990736e-05,9.991228824224766e-06
2,45422,8.062640763455419e-05,9.991224875023442e-06
2,45432,8.195506725314771e-05,9.991220924934039e-06
2,45442,7.40008063530695e-05,9.991216973956561e-06
2,45452,0.00010385340383436414,9.991213022091006e-06
2,45462,0.00010260284461764968,9.991209069337373e-06
2,45472,8.20546018985624e-05,9.991205115695665e-06
2,45482,6.292295202001697e-05,9.99120116116588e-06
2,45492,0.00011977866079178058,9.991197205748023e-06
2,45502,0.00010659745339580695,9.991193249442092e-06
2,45512,0.00011518855826579966,9.991189292248088e-06
2,45522,9.762931676959852e-05,9.991185334166013e-06
2,45532,9.62145621997479e-05,9.991181375195868e-06
2,45542,9.044122616614913e-05,9.99117741533765e-06
2,45552,0.00010094486005982617,9.991173454591363e-06
2,45562,8.706224743946223e-05,9.99116949295701e-06
2,45572,0.00011816870855909655,9.991165530434586e-06
2,45582,9.270257487514756e-05,9.991161567024092e-06
2,45592,8.008576123756939e-05,9.991157602725532e-06
2,45602,9.132747054536595e-05,9.991153637538907e-06
2,45612,7.182233575804277e-05,9.991149671464216e-06
2,45622,0.00011318340002617332,9.991145704501458e-06
2,45632,8.550507891413872e-05,9.991141736650638e-06
2,45642,8.183083546100533e-05,9.991137767911757e-06
2,45652,8.17665887552721e-05,9.991133798284805e-06
2,45662,9.537596197333187e-05,9.991129827769798e-06
2,45672,9.790444501049933e-05,9.991125856366727e-06
2,45682,0.00010726344107752084,9.991121884075594e-06
2,45692,9.274891012864828e-05,9.991117910896402e-06
2,45702,0.00012569278487717384,9.991113936829152e-06
2,45712,9.804844103200594e-05,9.991109961873842e-06
2,45722,8.96964732419292e-05,9.991105986030475e-06
2,45732,9.493850056969678e-05,9.991102009299048e-06
2,45742,0.00011228616313019302,9.991098031679565e-06
2,45752,9.001753460324835e-05,9.991094053172031e-06
2,45762,8.264004263764947e-05,9.991090073776439e-06
2,45772,0.00011118906768388113,9.991086093492793e-06
2,45782,0.00010748843506007688,9.991082112321091e-06
2,45792,9.210210196215484e-05,9.991078130261338e-06
2,45802,8.831222821754636e-05,9.991074147313531e-06
2,45812,9.189036027237307e-05,9.991070163477673e-06
2,45822,0.00010082629614771577,9.991066178753768e-06
2,45832,7.911636230346629e-05,9.991062193141807e-06
2,45842,0.00010891379674831115,9.9910582066418e-06
2,45852,8.909120451789932e-05,9.991054219253742e-06
2,45862,0.00012130999266446452,9.991050230977636e-06
2,45872,9.038204752869204e-05,9.991046241813487e-06
2,45882,8.984665391835732e-05,9.991042251761283e-06
2,45892,0.00010356081884310697,9.991038260821038e-06
2,45902,8.99721349014726e-05,9.99103426899275e-06
2,45912,0.00010401092540632816,9.99103027627642e-06
2,45922,0.0001067261930074892,9.991026282672043e-06
2,45932,8.231743154283322e-05,9.991022288179621e-06
2,45942,0.00010602310421745643,9.991018292799157e-06
2,45952,8.687432809892926e-05,9.991014296530649e-06
2,45962,0.0001015352569083916,9.9910102993741e-06
2,45972,9.846736425060952e-05,9.991006301329514e-06
2,45982,7.909404894235195e-05,9.991002302396888e-06
2,45992,0.00010343617332182475,9.99099830257623e-06
2,46002,0.00010116572930201075,9.990994301867526e-06
2,46012,9.167142343358137e-05,9.990990300270788e-06
2,46022,0.00011307178856441169,9.990986297786013e-06
2,46032,9.179539656543057e-05,9.990982294413203e-06
2,46042,0.0001081845177395735,9.990978290152355e-06
2,46052,9.833854064709158e-05,9.990974285003473e-06
2,46062,0.00010357247265346814,9.99097027896656e-06
2,46072,8.74559860676527e-05,9.990966272041609e-06
2,46082,9.063666384463431e-05,9.990962264228627e-06
2,46092,0.00011358680994817405,9.990958255527614e-06
2,46102,7.984658595887594e-05,9.990954245938568e-06
2,46112,0.00011935508719034259,9.990950235461491e-06
2,46122,0.00011352096507835085,9.990946224096387e-06
2,46132,0.00010058947464131052,9.990942211843255e-06
2,46142,8.539977261534659e-05,9.990938198702095e-06
2,46152,0.00010456929594511166,9.990934184672907e-06
2,46162,0.0001062691746483324,9.990930169755692e-06
2,46172,0.00011032637498828989,9.99092615395045e-06
2,46182,8.948633835643704e-05,9.990922137257183e-06
2,46192,9.029663297042135e-05,9.990918119675895e-06
2,46202,8.486719398206332e-05,9.99091410120658e-06
2,46212,0.00010350456195737934,9.990910081849248e-06
2,46222,0.00010057163685814885,9.990906061603887e-06
2,46232,0.00010116935409314465,9.990902040470506e-06
2,46242,0.00010829200496118574,9.990898018449102e-06
2,46252,7.86453580531088e-05,9.99089399553968e-06
2,46262,9.750749231898225e-05,9.99088997174224e-06
2,46272,0.00011309285305287631,9.990885947056778e-06
2,46282,0.00010624916003507679,9.990881921483302e-06
2,46292,8.973726971817086e-05,9.99087789502181e-06
2,46302,7.788406614963605e-05,9.990873867672295e-06
2,46312,9.542112120470848e-05,9.990869839434767e-06
2,46322,7.437149361066986e-05,9.990865810309221e-06
2,46332,0.00011901287662112735,9.990861780295668e-06
2,46342,0.00010295337160641793,9.990857749394094e-06
2,46352,0.00010123387937710504,9.990853717604508e-06
2,46362,9.925038011715515e-05,9.99084968492691e-06
2,46372,8.977636889540008e-05,9.990845651361297e-06
2,46382,9.199558808177245e-05,9.990841616907677e-06
2,46392,8.992499065243464e-05,9.990837581566046e-06
2,46402,9.024909613799536e-05,9.990833545336406e-06
2,46412,0.00010951126573672809,9.990829508218759e-06
2,46422,9.662165671215916e-05,9.990825470213105e-06
2,46432,8.821937121865632e-05,9.99082143131944e-06
2,46442,0.00010683579466785886,9.990817391537769e-06
2,46452,0.000104303605212408,9.990813350868092e-06
2,46462,9.853697802100214e-05,9.99080930931041e-06
2,46472,8.454128683297313e-05,9.990805266864723e-06
2,46482,7.288391898327973e-05,9.990801223531036e-06
2,46492,9.110331347983447e-05,9.990797179309344e-06
2,46502,0.00011231525859329849,9.990793134199652e-06
2,46512,9.478856600253494e-05,9.990789088201953e-06
2,46522,8.553613270123606e-05,9.990785041316256e-06
2,46532,7.174655970629829e-05,9.990780993542559e-06
2,46542,7.851524783291098e-05,9.990776944880862e-06
2,46552,9.732284906931453e-05,9.990772895331165e-06
2,46562,0.00010441708304824715,9.990768844893473e-06
2,46572,0.00011682450999614955,9.990764793567781e-06
2,46582,9.081174030143302e-05,9.990760741354093e-06
2,46592,0.00011529690764291444,9.990756688252412e-06
2,46602,9.878836740426778e-05,9.990752634262733e-06
2,46612,9.108893573284149e-05,9.990748579385061e-06
2,46622,0.00010076692215079674,9.990744523619394e-06
2,46632,8.92791777914681e-05,9.990740466965734e-06
2,46642,0.00010380047824583016,9.990736409424082e-06
2,46652,0.00011008741730620387,9.990732350994441e-06
2,46662,7.453987873304869e-05,9.990728291676806e-06
2,46672,7.923371931610746e-05,9.990724231471183e-06
2,46682,8.308519936690572e-05,9.990720170377571e-06
2,46692,9.777382756510633e-05,9.99071610839597e-06
2,46702,9.08509410237457e-05,9.990712045526381e-06
2,46712,0.00010237562046313543,9.990707981768804e-06
2,46722,0.00010806338314068854,9.99070391712324e-06
2,46732,8.161877544807793e-05,9.99069985158969e-06
2,46742,9.424059689990826e-05,9.990695785168158e-06
2,46752,8.627421261735435e-05,9.99069171785864e-06
2,46762,0.00010631375043885782,9.990687649661138e-06
2,46772,7.84605238095537e-05,9.990683580575655e-06
2,46782,0.0001007459643005859,9.99067951060219e-06
2,46792,0.00010135549764527241,9.990675439740743e-06
2,46802,8.860353159434453e-05,9.990671367991316e-06
2,46812,0.00012674053559749154,9.990667295353904e-06
2,46822,9.677317248133477e-05,9.990663221828521e-06
2,46832,9.70361203144421e-05,9.990659147415155e-06
2,46842,8.495654005855613e-05,9.990655072113813e-06
2,46852,8.59214749198145e-05,9.990650995924494e-06
2,46862,9.584179206285625e-05,9.990646918847199e-06
2,46872,0.00011631842380666056,9.990642840881927e-06
2,46882,9.574035930199899e-05,9.99063876202868e-06
2,46892,9.383612195961176e-05,9.990634682287458e-06
2,46902,9.792938403734297e-05,9.990630601658262e-06
2,46912,9.391081312060123e-05,9.990626520141096e-06
2,46922,0.00011366069802534185,9.990622437735959e-06
2,46932,0.00010032277014033752,9.990618354442849e-06
2,46942,8.639587322250007e-05,9.99061427026177e-06
2,46952,0.00010594395807856928,9.990610185192717e-06
2,46962,8.416109085374046e-05,9.990606099235697e-06
2,46972,7.732521789876045e-05,9.990602012390706e-06
2,46982,7.59227052640199e-05,9.990597924657751e-06
2,46992,9.956183757822145e-05,9.990593836036831e-06
2,47002,9.394711182721948e-05,9.990589746527945e-06
2,47012,7.901164672148297e-05,9.990585656131092e-06
2,47022,0.000104466492030042,9.990581564846272e-06
2,47032,9.324730881417055e-05,9.990577472673491e-06
2,47042,0.00010138627758351503,9.990573379612747e-06
2,47052,0.00010214665958301338,9.99056928566404e-06
2,47062,8.987280407382058e-05,9.99056519082737e-06
2,47072,7.365628539446334e-05,9.990561095102739e-06
2,47082,8.07754900506552e-05,9.990556998490148e-06
2,47092,9.040353115779e-05,9.990552900989596e-06
2,47102,0.00012814543370041065,9.990548802601089e-06
2,47112,0.000103270242243525,9.990544703324623e-06
2,47122,7.874118537074536e-05,9.9905406031602e-06
2,47124,6.0509043805723195e-05,9.99053978302076e-06
2,validation,4.037424436579126e-05,9.99053978302076e-06
3,47134,9.775966714187234e-05,9.990535681790788e-06
3,47144,0.00013449413554553758,9.990531579672864e-06
3,47154,8.171644194590044e-05,9.99052747666698e-06
3,47164,0.00010155839572689729,9.990523372773144e-06
3,47174,9.443190415368009e-05,9.990519267991352e-06
3,47184,0.00010773692738439423,9.990515162321609e-06
3,47194,0.00011107898908448988,9.990511055763913e-06
3,47204,7.6675811487803e-05,9.990506948318266e-06
3,47214,8.909404568839817e-05,9.990502839984667e-06
3,47224,9.713740882943966e-05,9.990498730763121e-06
3,47234,0.00010577065572761057,9.990494620653626e-06
3,47244,0.00010912279017247784,9.990490509656183e-06
3,47254,0.0001019749150145799,9.990486397770787e-06
3,47264,9.646563880778558e-05,9.990482284997443e-06
3,47274,8.167900896296487e-05,9.990478171336156e-06
3,47284,8.756143829486973e-05,9.990474056786923e-06
3,47294,9.031882527779089e-05,9.990469941349745e-06
3,47304,0.0001220871579789673,9.990465825024625e-06
3,47314,9.525488371764368e-05,9.990461707811561e-06
3,47324,8.102121214506041e-05,9.990457589710551e-06
3,47334,9.792136606847634e-05,9.990453470721605e-06
3,47344,7.401452776321094e-05,9.990449350844714e-06
3,47354,9.157210729426879e-05,9.990445230079883e-06
3,47364,7.736770839983365e-05,9.990441108427118e-06
3,47374,7.858638364268699e-05,9.99043698588641e-06
3,47384,9.283601948482101e-05,9.990432862457765e-06
3,47394,0.00010775175660455717,9.990428738141183e-06
3,47404,0.00010218244015050004,9.990424612936663e-06
3,47414,8.786168209553579e-05,9.990420486844206e-06
3,47424,0.0001185764846013626,9.990416359863813e-06
3,47434,0.00013192835831432603,9.990412231995488e-06
3,47444,0.00010020819563578698,9.990408103239227e-06
3,47454,8.298137172459973e-05,9.990403973595031e-06
3,47464,0.00011724671940100962,9.990399843062905e-06
3,47474,0.00010047140694950939,9.99039571164285e-06
3,47484,9.105373933380179e-05,9.990391579334863e-06
3,47494,0.00010248256271552237,9.990387446138941e-06
3,47504,8.959518718256731e-05,9.990383312055095e-06
3,47514,0.00010953750179396594,9.990379177083318e-06
3,47524,9.321957350039156e-05,9.990375041223613e-06
3,47534,0.0001039805121763493,9.990370904475984e-06
3,47544,0.00010085720759889227,9.990366766840427e-06
3,47554,9.63032762228977e-05,9.990362628316944e-06
3,47564,7.679206951252126e-05,9.990358488905534e-06
3,47574,9.951142901627463e-05,9.990354348606202e-06
3,47584,8.09726249826781e-05,9.990350207418946e-06
3,47594,7.973266010594671e-05,9.990346065343768e-06
3,47604,0.00010436563266011945,9.990341922380667e-06
3,47614,9.576372326591809e-05,9.990337778529645e-06
3,47624,0.00012299968957449892,9.990333633790699e-06
3,47634,0.00011231778571527685,9.990329488163837e-06
3,47644,0.00011223504316149047,9.990325341649052e-06
3,47654,0.00011968971512033022,9.990321194246351e-06
3,47664,0.00011696225246851099,9.990317045955733e-06
3,47674,0.00011814112313004443,9.9903128967772e-06
3,47684,0.00010614325992719387,9.990308746710751e-06
3,47694,0.0001013782961308607,9.990304595756382e-06
3,47704,6.901433353050378e-05,9.990300443914103e-06
3,47714,0.00011819659894172219,9.990296291183912e-06
3,47724,9.50535505580774e-05,9.990292137565804e-06
3,47734,0.00012490415329011737,9.990287983059785e-06
3,47744,7.704028766966075e-05,9.990283827665856e-06
3,47754,7.687439583605737e-05,9.990279671384012e-06
3,47764,9.690205079095903e-05,9.99027551421426e-06
3,47774,8.563207429688192e-05,9.990271356156601e-06
3,47784,0.00010600482037261828,9.99026719721103e-06
3,47794,0.00011047056559618796,9.99026303737755e-06
3,47804,0.00010887727894441925,9.990258876656166e-06
3,47814,8.937411280385277e-05,9.990254715046873e-06
3,47824,8.637268069833226e-05,9.990250552549676e-06
3,47834,9.825829356486792e-05,9.990246389164574e-06
3,47844,8.87238414179592e-05,9.990242224891565e-06
3,47854,9.610431407054422e-05,9.990238059730651e-06
3,47864,9.526721396468929e-05,9.990233893681838e-06
3,47874,8.97079130027123e-05,9.990229726745123e-06
3,47884,8.631520895505672e-05,9.990225558920506e-06
3,47894,0.0001001315567009442,9.990221390207988e-06
3,47904,8.834747791297559e-05,9.99021722060757e-06
3,47914,0.00010438350445838296,9.990213050119255e-06
3,47924,0.0001110660072754399,9.99020887874304e-06
3,47934,9.714640264064657e-05,9.99020470647893e-06
3,47944,0.00010314969276805642,9.99020053332692e-06
3,47954,9.325836103926121e-05,9.990196359287016e-06
3,47964,0.00011231339012738318,9.990192184359214e-06
3,47974,0.0001250615565368207,9.990188008543515e-06
3,47984,9.657811806391692e-05,9.990183831839925e-06
3,47994,8.864672104209603e-05,9.990179654248444e-06
3,48004,0.00010013329638240976,9.990175475769072e-06
3,48014,0.00011683392804116011,9.990171296401804e-06
3,48024,9.662033980930574e-05,9.990167116146644e-06
3,48034,8.413845389441122e-05,9.990162935003596e-06
3,48044,0.00012689245440924426,9.99015875297266e-06
3,48054,9.917086526911589e-05,9.990154570053836e-06
3,48064,9.451608138988378e-05,9.990150386247123e-06
3,48074,0.00011181487070643925,9.990146201552523e-06
3,48084,9.553821664667339e-05,9.990142015970035e-06
3,48094,9.908121128319181e-05,9.990137829499662e-06
3,48104,9.024080291055726e-05,9.990133642141403e-06
3,48114,0.00011119426317236504,9.99012945389526e-06
3,48124,9.10819980163069e-05,9.990125264761235e-06
3,48134,8.482286857542931e-05,9.990121074739326e-06
3,48144,9.701824037620098e-05,9.990116883829536e-06
3,48154,8.858506107571884e-05,9.99011269203186e-06
3,48164,9.911054958138265e-05,9.990108499346307e-06
3,48174,9.029542907228462e-05,9.990104305772875e-06
3,48184,7.532006275141611e-05,9.990100111311565e-06
3,48194,8.949233661041945e-05,9.990095915962375e-06
3,48204,9.294040191889507e-05,9.99009171972531e-06
3,48214,0.00015750930506328587,9.990087522600369e-06
3,48224,9.886370335152606e-05,9.99008332458755e-06
3,48234,0.00011682084650601609,9.990079125686854e-06
3,48244,8.909016169127426e-05,9.990074925898286e-06
3,48254,9.751768011483363e-05,9.990070725221843e-06
3,48264,8.730597096473502e-05,9.990066523657526e-06
3,48274,7.510967866437569e-05,9.990062321205338e-06
3,48284,0.00010606625710352091,9.99005811786528e-06
3,48294,7.972149751367397e-05,9.99005391363735e-06
3,48304,8.394403193960897e-05,9.990049708521547e-06
3,48314,8.470084912914899e-05,9.990045502517879e-06
3,48324,0.00011017791630365536,9.990041295626338e-06
3,48334,0.0001045258148224093,9.990037087846933e-06
3,48344,0.0001175309436803218,9.990032879179655e-06
3,48354,7.58922347358748e-05,9.990028669624518e-06
3,48364,8.345675169039168e-05,9.990024459181512e-06
3,48374,8.637541513962789e-05,9.990020247850645e-06
3,48384,9.575594658599585e-05,9.99001603563191e-06
3,48394,9.336484590676263e-05,9.990011822525312e-06
3,48404,0.00011860210679515149,9.990007608530856e-06
3,48414,8.551485170755768e-05,9.99000339364853e-06
3,48424,7.573697421321414e-05,9.989999177878349e-06
3,48434,9.675708320173727e-05,9.989994961220305e-06
3,48444,0.00011918744312424678,9.989990743674406e-06
3,48454,8.422223963862052e-05,9.98998652524064e-06
3,48464,8.395875811402221e-05,9.98998230591902e-06
3,48474,9.549145861456054e-05,9.989978085709545e-06
3,48484,7.81137577178015e-05,9.989973864612208e-06
3,48494,9.986798995669232e-05,9.989969642627019e-06
3,48504,9.974784579753759e-05,9.989965419753974e-06
3,48514,0.00010528241573410923,9.989961195993074e-06
3,48524,0.00011053598282160238,9.989956971344321e-06
3,48534,9.558717706568132e-05,9.989952745807717e-06
3,48544,7.960480470501351e-05,9.989948519383261e-06
3,48554,9.365793221149943e-05,9.989944292070953e-06
3,48564,9.747854865054251e-05,9.989940063870792e-06
3,48574,0.00010496618124307133,9.989935834782782e-06
3,48584,0.00010311941632608068,9.989931604806924e-06
3,48594,0.00014468538602159243,9.989927373943218e-06
3,48604,0.00011318179649606463,9.989923142191663e-06
3,48614,9.242999612979474e-05,9.98991890955226e-06
3,48624,0.00011993731413895148,9.989914676025016e-06
3,48634,0.00010085854901262792,9.989910441609925e-06
3,48644,9.048692572832806e-05,9.989906206306992e-06
3,48654,8.080394109128974e-05,9.98990197011621e-06
3,48664,0.00011069386191593368,9.989897733037585e-06
3,48674,7.990220797182701e-05,9.98989349507112e-06
3,48684,7.44209150525421e-05,9.989889256216817e-06
3,48694,9.07861222003703e-05,9.989885016474674e-06
3,48704,6.966793871470145e-05,9.989880775844684e-06
3,48714,8.404846221310436e-05,9.989876534326862e-06
3,48724,8.560048845538404e-05,9.989872291921197e-06
3,48734,9.578640238032675e-05,9.989868048627694e-06
3,48744,8.827315432426985e-05,9.989863804446353e-06
3,48754,0.00010929311420113664,9.989859559377176e-06
3,48764,9.854032159637426e-05,9.989855313420164e-06
3,48774,0.00011158415854879423,9.989851066575317e-06
3,48784,8.3100561187166e-05,9.989846818842635e-06
3,48794,0.00010191594601565157,9.989842570222123e-06
3,48804,8.208216868297314e-05,9.98983832071378e-06
3,48814,9.957039246728527e-05,9.9898340703176e-06
3,48824,0.00011648476088339522,9.989829819033595e-06
3,48834,7.617848450536258e-05,9.989825566861755e-06
3,48844,6.530849018417939e-05,9.98982131380209e-06
3,48854,9.803027187444968e-05,9.989817059854592e-06
3,48864,9.824503185882349e-05,9.989812805019266e-06
3,48874,9.464976164963446e-05,9.989808549296112e-06
3,48884,0.00011119928740299656,9.989804292685133e-06
3,48894,0.00010197421643169945,9.989800035186332e-06
3,48904,7.802076934240177e-05,9.9897957767997e-06
3,48914,9.022758522405638e-05,9.989791517525244e-06
3,48924,8.928656907301047e-05,9.989787257362967e-06
3,48934,0.00010872850166379067,9.989782996312866e-06
3,48944,7.670724639865511e-05,9.989778734374945e-06
3,48954,0.00011446407193034247,9.989774471549206e-06
3,48964,9.525444083919865e-05,9.989770207835644e-06
3,48974,0.000114017339910788,9.989765943234263e-06
3,48984,9.952194186553244e-05,9.989761677745063e-06
3,48994,0.00010589609237285914,9.989757411368044e-06
3,49004,9.739186780279851e-05,9.989753144103208e-06
3,49014,7.276158266904531e-05,9.989748875950559e-06
3,49024,0.00011656054812192451,9.989744606910093e-06
3,49034,9.30479765884229e-05,9.989740336981812e-06
3,49044,9.301986328864588e-05,9.989736066165718e-06
3,49054,9.816298515943344e-05,9.98973179446181e-06
3,49064,0.00010317164123989643,9.98972752187009e-06
3,49074,0.0001010806017802679,9.989723248390552e-06
3,49084,8.290661107821507e-05,9.989718974023204e-06
3,49094,9.804895444176509e-05,9.98971469876805e-06
3,49104,0.00012917256781292964,9.989710422625086e-06
3,49114,7.4350282739033e-05,9.98970614559431e-06
3,49124,7.275459738593781e-05,9.989701867675724e-06
3,49134,0.00013509688260455733,9.989697588869335e-06
3,49144,0.00011522384074851289,9.98969330917514e-06
3,49154,0.00010321956497136853,9.989689028593137e-06
3,49164,9.374768378620502e-05,9.989684747123329e-06
3,49174,9.288921282859519e-05,9.989680464765715e-06
3,49184,0.00011084721541010367,9.989676181520299e-06
3,49194,7.531061974077601e-05,9.989671897387078e-06
3,49204,8.991326203613425e-05,9.989667612366059e-06
3,49214,7.877376242504397e-05,9.989663326457237e-06
3,49224,0.00010561542258074042,9.989659039660617e-06
3,49234,9.499293169028533e-05,9.989654751976197e-06
3,49244,0.00010947022160507914,9.989650463403975e-06
3,49254,9.820155396482733e-05,9.989646173943954e-06
3,49264,7.994985744517181e-05,9.989641883596136e-06
3,49274,0.00011036573805540685,9.989637592360524e-06
3,49284,8.60450307300198e-05,9.989633300237112e-06
3,49294,8.322898374899523e-05,9.989629007225907e-06
3,49304,0.0001017119945572631,9.98962471332691e-06
3,49314,8.146676250362362e-05,9.989620418540116e-06
3,49324,9.215415261678572e-05,9.98961612286553e-06
3,49334,9.61149823069718e-05,9.989611826303154e-06
3,49344,0.00017418333636669557,9.989607528852985e-06
3,49354,0.00010013300434366101,9.989603230515022e-06
3,49364,7.334523534154868e-05,9.989598931289272e-06
3,49374,9.504424087936059e-05,9.989594631175734e-06
3,49384,8.139590609061996e-05,9.989590330174408e-06
3,49394,7.059398212732049e-05,9.989586028285293e-06
3,49404,8.223936169997615e-05,9.989581725508391e-06
3,49414,7.868423704167071e-05,9.989577421843704e-06
3,49424,8.611210655544709e-05,9.989573117291233e-06
3,49434,9.811591826291988e-05,9.989568811850972e-06
3,49444,9.768686577444896e-05,9.98956450552293e-06
3,49454,8.757524315115007e-05,9.989560198307109e-06
3,49464,9.430795116713853e-05,9.989555890203505e-06
3,49474,9.926930488290964e-05,9.989551581212119e-06
3,49484,0.00011696623250827543,9.989547271332947e-06
3,49494,0.00013402227523329202,9.989542960565997e-06
3,49504,9.633457830204863e-05,9.989538648911269e-06
3,49514,8.194853121494815e-05,9.989534336368765e-06
3,49524,9.325067585450598e-05,9.989530022938477e-06
3,49534,8.605204584455349e-05,9.98952570862042e-06
3,49544,0.00012160425094407402,9.989521393414582e-06
3,49554,6.890272034070222e-05,9.989517077320969e-06
3,49564,9.017374363793352e-05,9.989512760339583e-06
3,49574,8.46022501718835e-05,9.989508442470425e-06
3,49584,8.000589268704061e-05,9.989504123713493e-06
3,49594,8.377852032026566e-05,9.989499804068785e-06
3,49604,9.78755285814259e-05,9.989495483536311e-06
3,49614,9.080692293537141e-05,9.989491162116062e-06
3,49624,7.642865571142465e-05,9.989486839808044e-06
3,49634,0.0001025961197228753,9.98948251661226e-06
3,49644,9.715636942928541e-05,9.989478192528708e-06
3,49654,0.0001191938760712219,9.989473867557387e-06
3,49664,9.54587559135689e-05,9.9894695416983e-06
3,49674,9.308833564318774e-05,9.989465214951445e-06
3,49684,8.737044663575944e-05,9.989460887316823e-06
3,49694,8.77456960552081e-05,9.98945655879444e-06
3,49704,9.775376711331773e-05,9.989452229384291e-06
3,49714,7.574193559776177e-05,9.989447899086383e-06
3,49724,8.426028575740928e-05,9.989443567900708e-06
3,49734,0.00014723870972375153,9.989439235827272e-06
3,49744,9.697052446426824e-05,9.989434902866079e-06
3,49754,9.361176848869944e-05,9.989430569017122e-06
3,49764,7.885532368163696e-05,9.989426234280407e-06
3,49774,8.560501692045364e-05,9.989421898655933e-06
3,49784,8.749885391807767e-05,9.9894175621437e-06
3,49794,0.0001093371567549184,9.989413224743711e-06
3,49804,0.00011159444538861862,9.989408886455966e-06
3,49814,0.00011283785070190789,9.989404547280465e-06
3,49824,0.00011306417309242534,9.989400207217208e-06
3,49834,7.874862671997107e-05,9.989395866266203e-06
3,49844,0.00013195146129874047,9.989391524427444e-06
3,49854,9.519406812614762e-05,9.98938718170093e-06
3,49864,8.445566923001025e-05,9.989382838086669e-06
3,49874,8.445105886494275e-05,9.989378493584655e-06
3,49884,9.805353370211377e-05,9.98937414819489e-06
3,49894,9.595245460332079e-05,9.989369801917377e-06
3,49904,9.619834290788276e-05,9.989365454752117e-06
3,49914,7.818020276317839e-05,9.989361106699107e-06
3,49924,9.929097359417938e-05,9.98935675775835e-06
3,49934,0.00010513540355532314,9.989352407929848e-06
3,49944,8.857035622895637e-05,9.9893480572136e-06
3,49954,8.770256658863218e-05,9.989343705609608e-06
3,49964,8.657756566208263e-05,9.989339353117874e-06
3,49974,9.080886152332824e-05,9.989334999738396e-06
3,49984,0.00011088472124356485,9.989330645471178e-06
3,49994,0.00010118128434442041,9.989326290316217e-06
3,50004,7.467244831786957e-05,9.989321934273514e-06
3,50014,7.836963395675411e-05,9.989317577343074e-06
3,50024,0.00010532804790273076,9.989313219524894e-06
3,50034,8.091707286439487e-05,9.989308860818972e-06
3,50044,9.695504486444405e-05,9.989304501225316e-06
3,50054,0.00010078741220240773,9.989300140743922e-06
3,50064,7.429164356835827e-05,9.989295779374792e-06
3,50074,9.597831808605406e-05,9.989291417117927e-06
3,50084,7.896765037003206e-05,9.989287053973328e-06
3,50094,8.834488985485222e-05,9.989282689940996e-06
3,50104,9.837849220275529e-05,9.98927832502093e-06
3,50114,9.272653360312689e-05,9.989273959213136e-06
3,50124,0.00010167150630877587,9.989269592517603e-06
3,50134,7.775733856760781e-05,9.989265224934345e-06
3,50144,0.00011076761838921812,9.989260856463356e-06
3,50154,9.726542702992447e-05,9.989256487104637e-06
3,50164,8.746618977966137e-05,9.98925211685819e-06
3,50174,0.00011136998491565465,9.989247745724018e-06
3,50184,8.314757051266498e-05,9.989243373702122e-06
3,50194,9.062626645572891e-05,9.989239000792493e-06
3,50204,9.049310579030135e-05,9.989234626995142e-06
3,50214,9.268638982575794e-05,9.989230252310066e-06
3,50224,8.776424165262142e-05,9.989225876737264e-06
3,50234,9.941215394064784e-05,9.989221500276744e-06
3,50244,8.486045076097072e-05,9.9892171229285e-06
3,50254,7.638696806679946e-05,9.989212744692536e-06
3,50264,8.492424462929192e-05,9.989208365568852e-06
3,50274,9.62288071605144e-05,9.989203985557448e-06
3,50284,9.140287784248358e-05,9.989199604658327e-06
3,50294,7.661149952582491e-05,9.989195222871484e-06
3,50304,9.605711516087468e-05,9.989190840196924e-06
3,50314,7.639655541424872e-05,9.989186456634643e-06
3,50324,9.413061961822677e-05,9.989182072184649e-06
3,50334,8.663650241942379e-05,9.989177686846941e-06
3,50344,9.501036311121425e-05,9.989173300621522e-06
3,50354,9.747383901412832e-05,9.989168913508391e-06
3,50364,0.0001079862923688779,9.989164525507545e-06
3,50374,8.770869089858024e-05,9.989160136618989e-06
3,50384,8.383201438846299e-05,9.98915574684272e-06
3,50394,9.790686517590075e-05,9.98915135617874e-06
3,50404,8.07741797871131e-05,9.989146964627051e-06
3,50414,0.0001021828772536537,9.989142572187656e-06
3,50424,8.572025403736917e-05,9.989138178860552e-06
3,50434,8.41492927975196e-05,9.989133784645738e-06
3,50444,7.946296891532256e-05,9.98912938954322e-06
3,50454,0.00011965237272306694,9.989124993552997e-06
3,50464,0.00014216734912224637,9.98912059667507e-06
3,50474,0.00010127487812496838,9.98911619890944e-06
3,50484,9.060625488928055e-05,9.989111800256106e-06
3,50494,8.768804837018253e-05,9.98910740071507e-06
3,50504,8.436589391749293e-05,9.98910300028633e-06
3,50514,7.278836474142736e-05,9.98909859896989e-06
3,50524,7.398193802146125e-05,9.98909419676575e-06
3,50534,9.914817542266974e-05,9.989089793673907e-06
3,50544,0.00010183563663304084,9.989085389694368e-06
3,50554,8.300996855723496e-05,9.989080984827133e-06
3,50564,0.00013543183504225454,9.989076579072202e-06
3,50574,0.00010604162744130008,9.989072172429575e-06
3,50584,0.00010833443270712452,9.989067764899251e-06
3,50594,8.472768763567728e-05,9.989063356481234e-06
3,50604,8.771345665081752e-05,9.989058947175519e-06
3,50614,0.00012759925552927598,9.989054536982114e-06
3,50624,8.589619683334603e-05,9.989050125901018e-06
3,50634,7.931155405458413e-05,9.989045713932226e-06
3,50644,0.00010440848200232722,9.98904130107575e-06
3,50654,9.064693699656344e-05,9.989036887331577e-06
3,50664,8.618984616077796e-05,9.98903247269972e-06
3,50674,0.00010803869486153417,9.989028057180172e-06
3,50684,8.137183976941742e-05,9.989023640772935e-06
3,50694,9.114924005189097e-05,9.989019223478012e-06
3,50704,0.00011335341182530102,9.989014805295401e-06
3,50714,8.623779426670809e-05,9.989010386225109e-06
3,50724,8.803630275906472e-05,9.989005966267132e-06
3,50734,0.00011675682949316977,9.989001545421472e-06
3,50744,8.937963889366074e-05,9.988997123688132e-06
3,50754,0.0001001330339931883,9.988992701067107e-06
3,50764,8.618377528364362e-05,9.988988277558403e-06
3,50774,9.108595568250167e-05,9.988983853162016e-06
3,50784,6.580061094609845e-05,9.98897942787795e-06
3,50794,0.00011658445519060478,9.988975001706206e-06
3,50804,9.715095366118475e-05,9.988970574646782e-06
3,50814,9.339223947790742e-05,9.98896614669968e-06
3,50824,0.00010902628100666333,9.988961717864904e-06
3,50834,0.00010841631255971151,9.988957288142451e-06
3,50844,0.00010435799576953286,9.988952857532321e-06
3,50854,7.952916607791848e-05,9.98894842603452e-06
3,50864,0.00011081025577368564,9.988943993649046e-06
3,50874,7.711290500083124e-05,9.988939560375897e-06
3,50884,7.194774148047144e-05,9.988935126215078e-06
3,50894,0.00010692388100324026,9.988930691166587e-06
3,50904,8.229323507293884e-05,9.988926255230427e-06
3,50914,8.503837707394269e-05,9.988921818406599e-06
3,50924,0.00010395767567388248,9.9889173806951e-06
3,50934,0.00010890358198594187,9.988912942095936e-06
3,50944,8.885627976269461e-05,9.988908502609102e-06
3,50954,7.633531017745555e-05,9.988904062234603e-06
3,50964,9.349800607196812e-05,9.98889962097244e-06
3,50974,9.085310366572229e-05,9.98889517882261e-06
3,50984,0.00011179705843460396,9.988890735785118e-06
3,50994,7.194377426458231e-05,9.988886291859963e-06
3,51004,0.00010973687808473186,9.988881847047145e-06
3,51014,0.0001089707857772737,9.988877401346666e-06
3,51024,8.390000730287284e-05,9.988872954758525e-06
3,51034,0.00012310280017118201,9.988868507282727e-06
3,51044,7.829834935364488e-05,9.988864058919268e-06
3,51054,9.619688585189578e-05,9.988859609668152e-06
3,51064,0.00013374006753110734,9.988855159529374e-06
3,51074,0.00012850004532083403,9.98885070850294e-06
3,51084,8.44477034661395e-05,9.988846256588852e-06
3,51094,9.978314337786286e-05,9.98884180378711e-06
3,51104,8.4253700924819e-05,9.988837350097709e-06
3,51114,8.00054503542924e-05,9.98883289552066e-06
3,51124,9.625984789636277e-05,9.988828440055956e-06
3,51134,8.838888620630315e-05,9.9888239837036e-06
3,51144,7.949365672175191e-05,9.988819526463595e-06
3,51154,9.459739349040319e-05,9.98881506833594e-06
3,51164,8.78702549925947e-05,9.988810609320634e-06
3,51174,7.725712548563024e-05,9.988806149417677e-06
3,51184,0.0001312117925408529,9.988801688627076e-06
3,51194,0.00011253818738623522,9.988797226948824e-06
3,51204,9.41647243053012e-05,9.988792764382928e-06
3,51214,0.00010507757860978018,9.98878830092938e-06
3,51224,9.898771745611156e-05,9.988783836588193e-06
3,51234,0.00010357781511629582,9.988779371359367e-06
3,51244,7.726741164333363e-05,9.988774905242893e-06
3,51254,8.223864515457535e-05,9.988770438238777e-06
3,51264,8.403270903727388e-05,9.988765970347015e-06
3,51274,9.43869767979777e-05,9.988761501567614e-06
3,51284,9.294265073549467e-05,9.988757031900574e-06
3,51294,9.214635256284964e-05,9.988752561345894e-06
3,51304,9.564576944285364e-05,9.988748089903573e-06
3,51314,7.818788044460235e-05,9.988743617573615e-06
3,51324,8.857852549226664e-05,9.988739144356022e-06
3,51334,8.435512791038491e-05,9.988734670250794e-06
3,51344,7.022338859314914e-05,9.988730195257928e-06
3,51354,9.358696424897061e-05,9.98872571937743e-06
3,51364,7.686382996325846e-05,9.988721242609298e-06
3,51374,7.474775584341842e-05,9.988716764953534e-06
3,51384,8.960413683780643e-05,9.988712286410136e-06
3,51394,9.481801962465397e-05,9.988707806979106e-06
3,51404,8.34639041841001e-05,9.988703326660446e-06
3,51414,8.760046312090709e-05,9.988698845454158e-06
3,51424,0.00012819583262171363,9.988694363360241e-06
3,51434,9.140414395005791e-05,9.988689880378694e-06
3,51444,7.071899294714967e-05,9.98868539650952e-06
3,51454,0.00010170300261052035,9.988680911752717e-06
3,51464,9.29065654418082e-05,9.988676426108287e-06
3,51474,0.00011571990648917564,9.988671939576237e-06
3,51484,0.0001037241619087581,9.98866745215656e-06
3,51494,9.418193430974497e-05,9.988662963849259e-06
3,51504,9.297233286815755e-05,9.98865847465434e-06
3,51514,9.431023504475887e-05,9.988653984571795e-06
3,51524,8.22391414658341e-05,9.988649493601632e-06
3,51534,0.00010058212924377584,9.988645001743849e-06
3,51544,8.627494066786311e-05,9.988640508998445e-06
3,51554,0.0001056400389643386,9.98863601536542e-06
3,51564,0.0001033944064147363,9.988631520844784e-06
3,51574,9.987591574827093e-05,9.988627025436527e-06
3,51584,0.00013037030621489978,9.988622529140653e-06
3,51594,8.145077645167475e-05,9.988618031957164e-06
3,51604,9.534232731311931e-05,9.988613533886061e-06
3,51614,8.467441671200504e-05,9.988609034927343e-06
3,51624,8.517476726410678e-05,9.988604535081015e-06
3,51634,9.744598205543299e-05,9.988600034347075e-06
3,51644,9.765209942997899e-05,9.988595532725527e-06
3,51654,9.298617014792398e-05,9.988591030216362e-06
3,51664,7.558506267741904e-05,9.988586526819588e-06
3,51674,0.00015041623337310738,9.988582022535207e-06
3,51684,8.54376391544065e-05,9.988577517363215e-06
3,51694,8.791755303718673e-05,9.988573011303618e-06
3,51704,6.975064534344711e-05,9.988568504356414e-06
3,51714,0.00011204364814147992,9.988563996521604e-06
3,51724,9.047374724104885e-05,9.988559487799189e-06
3,51734,8.962902302300789e-05,9.98855497818917e-06
3,51744,8.89325048774481e-05,9.988550467691549e-06
3,51754,8.169156089934403e-05,9.988545956306326e-06
3,51764,8.981037040030061e-05,9.9885414440335e-06
3,51774,7.565470473309688e-05,9.988536930873073e-06
3,51784,8.724085155336069e-05,9.988532416825044e-06
3,51794,8.323737533828534e-05,9.988527901889418e-06
3,51804,0.00010589419207462925,9.988523386066195e-06
3,51814,9.301699797106266e-05,9.988518869355374e-06
3,51824,8.893552317204013e-05,9.988514351756953e-06
3,51834,8.299475589410577e-05,9.98850983327094e-06
3,51844,8.240984425356146e-05,9.988505313897327e-06
3,51854,8.292898933177639e-05,9.988500793636123e-06
3,51864,7.270767882801011e-05,9.988496272487323e-06
3,51874,8.495962106280786e-05,9.988491750450932e-06
3,51884,9.270084783565835e-05,9.988487227526948e-06
3,51894,8.623055064163054e-05,9.988482703715369e-06
3,51904,0.00010380452149547637,9.988478179016201e-06
3,51914,8.343553968188645e-05,9.988473653429446e-06
3,51924,8.923104091991263e-05,9.988469126955097e-06
3,51934,7.961893597894232e-05,9.988464599593165e-06
3,51944,7.824929475646059e-05,9.988460071343649e-06
3,51954,0.0001360522513550677,9.988455542206541e-06
3,51964,9.390186442033156e-05,9.988451012181849e-06
3,51974,7.988410866346384e-05,9.98844648126957e-06
3,51984,8.501919664922752e-05,9.988441949469712e-06
3,51994,8.631390346636181e-05,9.988437416782267e-06
3,52004,9.800243692552612e-05,9.988432883207241e-06
3,52014,8.35527028357319e-05,9.98842834874463e-06
3,52024,8.927111093726126e-05,9.98842381339444e-06
3,52034,7.922290615169914e-05,9.988419277156673e-06
3,52044,0.00010781720739032608,9.988414740031325e-06
3,52054,8.457471994915977e-05,9.988410202018401e-06
3,52064,0.00010137142835446867,9.988405663117898e-06
3,52074,8.47097352561832e-05,9.988401123329817e-06
3,52084,9.675830920059526e-05,9.988396582654159e-06
3,52094,0.00010589349490146559,9.988392041090926e-06
3,52104,0.00010379996906522136,9.988387498640117e-06
3,52114,9.430110239918577e-05,9.988382955301737e-06
3,52124,0.00010254965427520801,9.988378411075786e-06
3,52134,6.647026802966138e-05,9.98837386596226e-06
3,52144,0.00010238829486297618,9.98836931996117e-06
3,52154,8.836237420837279e-05,9.988364773072503e-06
3,52164,9.782199863366258e-05,9.988360225296268e-06
3,52174,0.00010596075758257939,9.988355676632459e-06
3,52184,0.0001068128268343571,9.988351127081087e-06
3,52194,9.292470567743294e-05,9.98834657664215e-06
3,52204,7.485980754609045e-05,9.988342025315645e-06
3,52214,9.419045363756595e-05,9.988337473101572e-06
3,52224,7.420973724947544e-05,9.988332919999934e-06
3,52234,8.626746284789988e-05,9.988328366010733e-06
3,52244,7.127137664610927e-05,9.988323811133972e-06
3,52254,0.00013176696193113456,9.98831925536965e-06
3,52264,0.00010588239420030733,9.988314698717763e-06
3,52274,8.99334568202903e-05,9.988310141178318e-06
3,52284,0.00010703948782975203,9.988305582751311e-06
3,52294,7.990455014805775e-05,9.988301023436743e-06
3,52304,7.735488325124607e-05,9.988296463234619e-06
3,52314,7.774145669827703e-05,9.988291902144937e-06
3,52324,0.00011044190146094479,9.988287340167705e-06
3,52334,7.689620597375323e-05,9.988282777302914e-06
3,52344,8.969665427684958e-05,9.988278213550566e-06
3,52354,9.867389912869838e-05,9.988273648910664e-06
3,52364,0.00010882631058848348,9.988269083383205e-06
3,52374,8.385353776247939e-05,9.9882645169682e-06
3,52384,0.00010450441059219886,9.988259949665641e-06
3,52394,9.76545350113156e-05,9.988255381475529e-06
3,52404,9.836255462687405e-05,9.988250812397867e-06
3,52414,0.00010069780109915881,9.98824624243266e-06
3,52424,0.0001112030258809682,9.988241671579904e-06
3,52434,0.00013241315855339053,9.988237099839599e-06
3,52444,0.00011208227151655593,9.988232527211748e-06
3,52454,8.1970188921332e-05,9.988227953696348e-06
3,52464,8.09033167115558e-05,9.988223379293405e-06
3,52474,8.38631970964343e-05,9.98821880400292e-06
3,52484,8.236912954089347e-05,9.98821422782489e-06
3,52494,9.551646112413437e-05,9.988209650759318e-06
3,52504,0.00010714226846175734,9.988205072806201e-06
3,52514,8.152065452122768e-05,9.988200493965543e-06
3,52524,0.0001052767652709008,9.988195914237346e-06
3,52534,8.185776059690397e-05,9.988191333621608e-06
3,52544,0.00011164293405272473,9.988186752118335e-06
3,52554,0.0001040057009049633,9.988182169727526e-06
3,52564,9.719940717332066e-05,9.98817758644918e-06
3,52574,0.00011623664086073404,9.98817300228329e-06
3,52584,9.941290968527028e-05,9.988168417229867e-06
3,52594,0.00010181993461628735,9.988163831288911e-06
3,52604,0.00010262432306262781,9.988159244460424e-06
3,52614,8.14893557162577e-05,9.988154656744402e-06
3,52624,9.408966352566495e-05,9.988150068140848e-06
3,52634,0.00010455766805534949,9.988145478649765e-06
3,52644,9.31485973069357e-05,9.988140888271149e-06
3,52654,8.181127759598894e-05,9.988136297005005e-06
3,52664,9.969705824914854e-05,9.98813170485133e-06
3,52674,9.758098194652122e-05,9.988127111810127e-06
3,52684,8.38689916236035e-05,9.988122517881397e-06
3,52694,6.52263191568636e-05,9.988117923065142e-06
3,52704,8.536962195648812e-05,9.988113327361364e-06
3,52714,7.245441770464822e-05,9.988108730770056e-06
3,52724,9.424382251381758e-05,9.988104133291225e-06
3,52734,9.747650656208862e-05,9.988099534924871e-06
3,52744,0.00012707235518973902,9.988094935670993e-06
3,52754,9.41118593345891e-05,9.988090335529596e-06
3,52764,8.426590825365566e-05,9.98808573450068e-06
3,52774,0.00010984932073370146,9.988081132584241e-06
3,52784,0.00010578419000921713,9.988076529780282e-06
3,52794,8.407806312789034e-05,9.988071926088805e-06
3,52804,8.49450782425265e-05,9.988067321509812e-06
3,52814,7.346409406636668e-05,9.988062716043303e-06
3,52824,7.713011568739603e-05,9.988058109689278e-06
3,52834,8.747672818572029e-05,9.988053502447737e-06
3,52844,8.535480965292664e-05,9.988048894318683e-06
3,52854,9.012353984871879e-05,9.988044285302115e-06
3,52864,6.724683667016506e-05,9.988039675398034e-06
3,52874,7.849975618228199e-05,9.988035064606441e-06
3,52884,8.33118728678528e-05,9.988030452927335e-06
3,52894,8.32942318993446e-05,9.988025840360723e-06
3,52904,9.051815623024596e-05,9.988021226906604e-06
3,52914,0.00010754369068308734,9.98801661256497e-06
3,52924,8.925468141569581e-05,9.988011997335833e-06
3,52934,9.751111360856157e-05,9.98800738121919e-06
3,52944,0.00010962257638311713,9.988002764215036e-06
3,52954,9.445166547266125e-05,9.987998146323386e-06
3,52964,9.860154173111369e-05,9.987993527544226e-06
3,52974,9.74224013134517e-05,9.987988907877564e-06
3,52984,9.917161414705334e-05,9.987984287323399e-06
3,52994,0.00011734954250641749,9.987979665881728e-06
3,53004,6.678353774987044e-05,9.987975043552564e-06
3,53014,8.023024756766972e-05,9.987970420335897e-06
3,53024,8.475699305563466e-05,9.98796579623173e-06
3,53034,9.960193083315971e-05,9.987961171240063e-06
3,53044,9.798061491892441e-05,9.9879565453609e-06
3,53054,8.33014117233688e-05,9.987951918594237e-06
3,53064,8.09454868431203e-05,9.98794729094008e-06
3,53074,7.194541440185276e-05,9.987942662398424e-06
3,53084,9.570248521413305e-05,9.987938032969275e-06
3,53094,9.781174976524199e-05,9.987933402652636e-06
3,53104,0.0001063607172909542,9.987928771448506e-06
3,53114,9.244881184713449e-05,9.987924139356883e-06
3,53124,9.377633386975504e-05,9.987919506377765e-06
3,53134,0.00010638316543918336,9.987914872511164e-06
3,53144,8.366936540369352e-05,9.987910237757065e-06
3,53154,8.33405025787215e-05,9.98790560211548e-06
3,53164,0.0001147216906247195,9.987900965586409e-06
3,53174,0.00013593874318758027,9.98789632816985e-06
3,53184,8.759023576203616e-05,9.987891689865806e-06
3,53194,9.621575200071674e-05,9.987887050674277e-06
3,53204,0.0001334637552190543,9.987882410595268e-06
3,53214,8.612741967226612e-05,9.987877769628768e-06
3,53224,8.875999383235468e-05,9.987873127774789e-06
3,53234,0.00010127153514076781,9.987868485033326e-06
3,53244,7.179463950706122e-05,9.987863841404383e-06
3,53254,9.978265547943011e-05,9.98785919688796e-06
3,53264,0.00011654056470433716,9.987854551484055e-06
3,53274,0.00010150015996259753,9.987849905192672e-06
3,53284,0.00011302785233056057,9.987845258013813e-06
3,53294,7.893071801845508e-05,9.987840609947474e-06
3,53304,8.362906296497386e-05,9.987835960993661e-06
3,53314,8.678785598021932e-05,9.987831311152374e-06
3,53324,8.470033781122765e-05,9.987826660423612e-06
3,53334,8.971159418251772e-05,9.987822008807374e-06
3,53344,0.0001273653962016397,9.987817356303663e-06
3,53354,8.80400109963375e-05,9.987812702912482e-06
3,53364,9.870818439594586e-05,9.987808048633831e-06
3,53374,0.00011454466343820969,9.98780339346771e-06
3,53384,9.574506088938506e-05,9.987798737414116e-06
3,53394,9.207108118971518e-05,9.987794080473056e-06
3,53404,7.83953497375478e-05,9.987789422644524e-06
3,53414,8.074816273619944e-05,9.987784763928528e-06
3,53424,0.00010048953536170301,9.987780104325067e-06
3,53434,8.868032064128784e-05,9.987775443834135e-06
3,53444,0.00011406558942326229,9.98777078245574e-06
3,53454,0.00010452979877300095,9.987766120189882e-06
3,53464,0.0001049180974405317,9.98776145703656e-06
3,53474,0.00010737276038526035,9.987756792995778e-06
3,53484,0.0001059713069935242,9.987752128067531e-06
3,53494,0.00010591679224489781,9.987747462251825e-06
3,53504,7.733570132586464e-05,9.987742795548664e-06
3,53514,7.241409348353045e-05,9.987738127958042e-06
3,53524,9.005217643789364e-05,9.987733459479962e-06
3,53534,8.160276679518575e-05,9.987728790114428e-06
3,53544,9.986757745537034e-05,9.987724119861432e-06
3,53554,8.819635513646062e-05,9.98771944872098e-06
3,53564,0.00010463445350978874,9.987714776693076e-06
3,53574,9.255079294234747e-05,9.987710103777716e-06
3,53584,0.00011087996836067758,9.987705429974903e-06
3,53594,0.00010332907768315636,9.987700755284638e-06
3,53604,8.519049470123718e-05,9.987696079706922e-06
3,53614,9.073940377675171e-05,9.987691403241759e-06
3,53624,0.00011721419396053533,9.987686725889142e-06
3,53634,0.00010993321011483205,9.98768204764908e-06
3,53644,8.468423861813791e-05,9.987677368521567e-06
3,53654,8.738549768168013e-05,9.987672688506609e-06
3,53664,0.00010530680438023409,9.987668007604204e-06
3,53674,8.518352497048909e-05,9.987663325814355e-06
3,53684,0.00010486416722415014,9.987658643137058e-06
3,53694,7.660140186089847e-05,9.987653959572319e-06
3,53704,8.828894106045483e-05,9.987649275120135e-06
3,53714,9.045461629284546e-05,9.987644589780511e-06
3,53724,0.00010156474681934923,9.987639903553444e-06
3,53734,0.00011399556615288019,9.987635216438936e-06
3,53744,0.00010142796404579712,9.987630528436989e-06
3,53754,0.00010655767164280405,9.987625839547601e-06
3,53764,9.663869759606314e-05,9.987621149770782e-06
3,53774,9.765017443896795e-05,9.98761645910652e-06
3,53784,9.020727043207444e-05,9.987611767554827e-06
3,53794,0.00010645006414051751,9.987607075115696e-06
3,53804,8.605302245996427e-05,9.987602381789128e-06
3,53814,8.730869417377106e-05,9.987597687575128e-06
3,53824,0.0001057297397437651,9.987592992473692e-06
3,53834,9.316519672211143e-05,9.987588296484826e-06
3,53844,9.341958225377312e-05,9.98758359960853e-06
3,53854,0.00010822630824804947,9.987578901844804e-06
3,53864,7.119952574612397e-05,9.987574203193646e-06
3,53874,8.138418315866147e-05,9.987569503655056e-06
3,53884,9.601868350728182e-05,9.987564803229042e-06
3,53894,7.702284356128075e-05,9.987560101915602e-06
3,53904,8.290563555419794e-05,9.987555399714739e-06
3,53914,9.613982601877069e-05,9.987550696626444e-06
3,53924,9.285616547458631e-05,9.987545992650727e-06
3,53934,8.701384936102841e-05,9.987541287787585e-06
3,53944,0.00011201741217519157,9.98753658203702e-06
3,53954,9.338583595308592e-05,9.987531875399032e-06
3,53964,7.596710665893624e-05,9.98752716787362e-06
3,53974,8.015235225684591e-05,9.987522459460788e-06
3,53984,9.876927415461977e-05,9.987517750160539e-06
3,53994,0.0001223969754846621,9.987513039972872e-06
3,54004,9.22411319152161e-05,9.987508328897787e-06
3,54014,9.694353484519524e-05,9.987503616935284e-06
3,54024,9.428734933862869e-05,9.987498904085366e-06
3,54034,0.00010239636408186925,9.987494190348033e-06
3,54044,7.146062434912893e-05,9.987489475723284e-06
3,54054,8.075226432993076e-05,9.987484760211122e-06
3,54064,9.846372845458972e-05,9.987480043811547e-06
3,54074,8.907212991289272e-05,9.987475326524557e-06
3,54084,9.950700123226851e-05,9.987470608350159e-06
3,54094,9.112131956499069e-05,9.987465889288351e-06
3,54104,0.0001092159054678632,9.987461169339136e-06
3,54114,7.884235378696758e-05,9.987456448502507e-06
3,54124,0.00011267639383731876,9.987451726778473e-06
3,54134,0.00010326802071176644,9.98744700416703e-06
3,54144,9.864811263469165e-05,9.987442280668184e-06
3,54154,7.883888674768967e-05,9.987437556281932e-06
3,54164,9.311517524110969e-05,9.987432831008276e-06
3,54174,0.00010009829948103287,9.987428104847214e-06
3,54184,7.947012650220132e-05,9.98742337779875e-06
3,54194,7.131145293897133e-05,9.987418649862886e-06
3,54204,7.829965229575465e-05,9.98741392103962e-06
3,54214,7.890837096056203e-05,9.98740919132895e-06
3,54224,9.214318097292561e-05,9.987404460730883e-06
3,54234,8.529958786311909e-05,9.987399729245417e-06
3,54244,8.636664629193546e-05,9.987394996872556e-06
3,54254,0.00013174201676520168,9.987390263612297e-06
3,54264,8.10373768217687e-05,9.987385529464641e-06
3,54274,8.89770281901292e-05,9.98738079442959e-06
3,54284,8.61961595091998e-05,9.987376058507145e-06
3,54294,8.853358799569833e-05,9.987371321697305e-06
3,54304,9.01666394838685e-05,9.987366584000073e-06
3,54314,9.684953897703963e-05,9.987361845415448e-06
3,54324,9.962667068066369e-05,9.987357105943433e-06
3,54334,7.9991693746706e-05,9.987352365584029e-06
3,54344,6.345201509248e-05,9.987347624337232e-06
3,54354,8.859714025675203e-05,9.98734288220305e-06
3,54364,9.626422124711098e-05,9.987338139181478e-06
3,54374,0.00011286071944596187,9.987333395272516e-06
3,54384,7.76370404764748e-05,9.987328650476172e-06
3,54394,8.716388465472845e-05,9.987323904792442e-06
3,54404,9.443201583962945e-05,9.987319158221327e-06
3,54414,8.07486476332997e-05,9.98731441076283e-06
3,54424,9.879379003905343e-05,9.987309662416951e-06
3,54434,9.270857594856352e-05,9.987304913183689e-06
3,54444,8.923691857489757e-05,9.987300163063046e-06
3,54454,8.143375175677646e-05,9.987295412055025e-06
3,54464,7.922427935227462e-05,9.987290660159625e-06
3,54474,8.135501416290935e-05,9.987285907376844e-06
3,54484,9.255405652766057e-05,9.987281153706684e-06
3,54494,0.00011350276990924612,9.987276399149151e-06
3,54504,9.06952554032614e-05,9.98727164370424e-06
3,54514,0.00010762559104477986,9.987266887371955e-06
3,54524,9.188905942210114e-05,9.987262130152295e-06
3,54534,8.101332869046019e-05,9.987257372045264e-06
3,54544,8.695556584825681e-05,9.98725261305086e-06
3,54554,9.356037776342419e-05,9.98724785316908e-06
3,54564,0.00010073036369249167,9.987243092399932e-06
3,54574,0.00012780350675711816,9.987238330743413e-06
3,54584,0.00011074782469222555,9.987233568199527e-06
3,54594,9.166240379272496e-05,9.987228804768275e-06
3,54604,9.485195728302643e-05,9.987224040449652e-06
3,54614,9.764513251866448e-05,9.987219275243666e-06
3,54624,0.00010675974176592718,9.987214509150313e-06
3,54634,7.808077016306925e-05,9.987209742169595e-06
3,54644,7.68748673635855e-05,9.987204974301512e-06
3,54654,0.00010203627612099808,9.987200205546065e-06
3,54664,6.073786971683148e-05,9.987195435903258e-06
3,54674,8.148068855007295e-05,9.98719066537309e-06
3,54684,6.783389139854989e-05,9.98718589395556e-06
3,54694,9.060175348167832e-05,9.987181121650668e-06
3,54704,0.00010598588260108955,9.987176348458422e-06
3,54714,0.00010747491787697073,9.987171574378814e-06
3,54724,0.00010623220282468536,9.98716679941185e-06
3,54734,0.00010004160276366747,9.987162023557529e-06
3,54744,0.00011189009928784799,9.987157246815852e-06
3,54754,7.798247452228679e-05,9.987152469186823e-06
3,54764,8.829151629470288e-05,9.98714769067044e-06
3,54774,0.00011668242914311122,9.987142911266701e-06
3,54784,7.163954219322478e-05,9.987138130975612e-06
3,54794,0.00012193516995466779,9.987133349797173e-06
3,54804,8.389149861613986e-05,9.987128567731385e-06
3,54814,8.132776529237162e-05,9.987123784778246e-06
3,54824,0.00010993953665092704,9.987119000937757e-06
3,54834,8.090805954452662e-05,9.987114216209918e-06
3,54844,0.00010906463385254028,9.98710943059473e-06
3,54854,9.533779002595111e-05,9.987104644092195e-06
3,54864,7.369310906142345e-05,9.987099856702322e-06
3,54874,9.955684954547904e-05,9.987095068425103e-06
3,54884,8.805651441434748e-05,9.987090279260541e-06
3,54894,8.582296932218013e-05,9.987085489208638e-06
3,54904,7.950531130518357e-05,9.98708069826939e-06
3,54914,0.00010251403864458553,9.987075906442803e-06
3,54924,8.044153655646369e-05,9.987071113728873e-06
3,54934,0.00010358100498706336,9.987066320127607e-06
3,54944,8.134525623972876e-05,9.987061525639e-06
3,54954,9.179497174045536e-05,9.987056730263056e-06
3,54964,8.601857143730739e-05,9.987051933999772e-06
3,54974,6.915314775142178e-05,9.987047136849158e-06
3,54984,9.985657102333788e-05,9.987042338811205e-06
3,54994,0.00011275072502030526,9.98703753988592e-06
3,55004,9.81900992883311e-05,9.987032740073301e-06
3,55014,8.218597395170946e-05,9.987027939373348e-06
3,55024,0.00012224041101944748,9.987023137786064e-06
3,55034,9.217613619512121e-05,9.987018335311448e-06
3,55044,7.64072084621148e-05,9.987013531949503e-06
3,55054,9.67460458923597e-05,9.987008727700233e-06
3,55064,8.238539658123045e-05,9.987003922563632e-06
3,55074,8.686284977557079e-05,9.986999116539702e-06
3,55084,0.00010272596455251914,9.986994309628447e-06
3,55094,8.944411752054293e-05,9.986989501829866e-06
3,55104,9.894737472677661e-05,9.986984693143958e-06
3,55114,9.111949061662017e-05,9.986979883570727e-06
3,55124,0.0001107295313886425,9.986975073110174e-06
3,55134,8.485696289426415e-05,9.986970261762299e-06
3,55144,8.922062738747627e-05,9.9869654495271e-06
3,55154,8.123808161144553e-05,9.986960636404586e-06
3,55164,8.006945431588975e-05,9.986955822394749e-06
3,55174,8.142038209371094e-05,9.986951007497592e-06
3,55184,0.00010617163743518177,9.986946191713119e-06
3,55194,8.322781927745382e-05,9.98694137504133e-06
3,55204,6.842211005277931e-05,9.986936557482223e-06
3,55214,9.883582902148191e-05,9.9869317390358e-06
3,55224,9.524665206299686e-05,9.986926919702066e-06
3,55234,9.29871516291314e-05,9.986922099481012e-06
3,55244,9.354114054076489e-05,9.98691727837265e-06
3,55254,8.277018910121114e-05,9.986912456376973e-06
3,55264,9.678172473286395e-05,9.986907633493988e-06
3,55274,9.567108099872712e-05,9.986902809723693e-06
3,55284,8.138185889947636e-05,9.986897985066091e-06
3,55294,7.212550735857803e-05,9.986893159521181e-06
3,55304,0.00011188193766429322,9.986888333088959e-06
3,55314,0.00011681083410621796,9.98688350576943e-06
3,55324,0.00012116190951019234,9.986878677562597e-06
3,55334,7.849730254747556e-05,9.986873848468455e-06
3,55344,9.100634961214382e-05,9.986869018487014e-06
3,55354,7.510157975048059e-05,9.986864187618268e-06
3,55364,8.832247121972615e-05,9.98685935586222e-06
3,55374,8.468562396046764e-05,9.986854523218872e-06
3,55384,0.00010131911712960573,9.986849689688218e-06
3,55394,9.809845141717233e-05,9.986844855270267e-06
3,55404,9.115314137488894e-05,9.986840019965017e-06
3,55414,8.307433563459199e-05,9.986835183772471e-06
3,55424,8.407187283410167e-05,9.98683034669262e-06
3,55434,8.107625289994757e-05,9.986825508725475e-06
3,55444,9.507289469183887e-05,9.986820669871038e-06
3,55454,7.144358173718501e-05,9.986815830129304e-06
3,55464,7.820986952538077e-05,9.986810989500277e-06
3,55474,6.656134346485487e-05,9.986806147983958e-06
3,55484,8.920442878661561e-05,9.986801305580348e-06
3,55494,8.254084882537428e-05,9.986796462289444e-06
3,55504,8.958973266999238e-05,9.986791618111249e-06
3,55514,8.520546907675453e-05,9.986786773045765e-06
3,55524,0.000102394205669043,9.98678192709299e-06
3,55534,8.972706359600126e-05,9.98677708025293e-06
3,55544,8.354970100299397e-05,9.986772232525583e-06
3,55554,0.00010746984667093784,9.986767383910952e-06
3,55564,8.211103845496838e-05,9.986762534409034e-06
3,55574,8.63366182329628e-05,9.986757684019832e-06
3,55584,8.206599363802525e-05,9.986752832743347e-06
3,55594,7.728552986918658e-05,9.986747980579578e-06
3,55604,9.360580415886943e-05,9.986743127528526e-06
3,55614,8.387103666791519e-05,9.986738273590195e-06
3,55624,9.124982643697877e-05,9.986733418764584e-06
3,55634,0.00010329435140192801,9.986728563051693e-06
3,55644,0.00010621654482747544,9.986723706451521e-06
3,55654,0.0001305942190811038,9.986718848964074e-06
3,55664,9.789976102183572e-05,9.986713990589346e-06
3,55674,9.465361631555425e-05,9.986709131327346e-06
3,55684,8.567723170926911e-05,9.98670427117807e-06
3,55694,9.957132647286925e-05,9.98669941014152e-06
3,55704,8.107978251246096e-05,9.986694548217702e-06
3,55714,8.700950561433274e-05,9.986689685406613e-06
3,55724,8.399866824220225e-05,9.986684821708243e-06
3,55734,9.398410929861711e-05,9.986679957122605e-06
3,55744,9.818493931561534e-05,9.9866750916497e-06
3,55754,9.618034714549141e-05,9.986670225289522e-06
3,55764,9.582978632352023e-05,9.986665358042082e-06
3,55774,9.184829577861818e-05,9.98666048990737e-06
3,55784,0.00011324143533784082,9.986655620885393e-06
3,55794,0.00010856535627681296,9.986650750976154e-06
3,55804,0.00010297692138010462,9.986645880179649e-06
3,55814,9.849263356045412e-05,9.986641008495878e-06
3,55824,9.005175907077501e-05,9.986636135924846e-06
3,55834,8.660951325509813e-05,9.986631262466552e-06
3,55844,9.034838903971831e-05,9.986626388120998e-06
3,55854,8.507136763000745e-05,9.986621512888183e-06
3,55864,0.0001018493059746106,9.986616636768106e-06
3,55874,9.926713664754061e-05,9.986611759760771e-06
3,55884,0.0001365372339023452,9.986606881866181e-06
3,55894,0.00010772395930871425,9.986602003084334e-06
3,55904,0.00010190335524384864,9.98659712341523e-06
3,55914,9.920314951159526e-05,9.986592242858873e-06
3,55924,9.834343081820409e-05,9.98658736141526e-06
3,55934,9.128323549703055e-05,9.986582479084396e-06
3,55944,9.334610967925983e-05,9.986577595866278e-06
3,55954,0.00011561855326363001,9.986572711760913e-06
3,55964,0.00010519199054215278,9.986567826768292e-06
3,55974,8.849835162436648e-05,9.98656294088842e-06
3,55984,9.474346152273939e-05,9.986558054121301e-06
3,55994,7.799264412824413e-05,9.986553166466933e-06
3,56004,7.780468604323687e-05,9.986548277925318e-06
3,56014,7.770773449919944e-05,9.98654338849646e-06
3,56024,9.518777537778078e-05,9.986538498180355e-06
3,56034,8.796854945103405e-05,9.986533606977005e-06
3,56044,9.836802519203047e-05,9.98652871488641e-06
3,56054,7.743571081846311e-05,9.986523821908576e-06
3,56064,8.425494206676376e-05,9.986518928043498e-06
3,56074,9.487336883466925e-05,9.986514033291176e-06
3,56084,0.00010026556187767709,9.986509137651619e-06
3,56094,0.00010306119947927074,9.98650424112482e-06
3,56104,6.640121282543986e-05,9.986499343710778e-06
3,56114,9.225688095284567e-05,9.986494445409506e-06
3,56124,7.110217752597235e-05,9.986489546220993e-06
3,56134,7.536723551311298e-05,9.986484646145246e-06
3,56144,0.00010603395394355175,9.986479745182266e-06
3,56154,9.666907285463822e-05,9.986474843332047e-06
3,56164,0.00010108519586538023,9.9864699405946e-06
3,56174,0.00010578344072200707,9.986465036969914e-06
3,56184,7.98801773271407e-05,9.986460132458003e-06
3,56194,0.0001148167142218881,9.986455227058857e-06
3,56204,0.00010143249587599713,9.986450320772483e-06
3,56214,6.614576054744247e-05,9.986445413598883e-06
3,56224,7.040091322778608e-05,9.986440505538051e-06
3,56234,9.636258741920755e-05,9.986435596589993e-06
3,56244,8.658570618536032e-05,9.986430686754712e-06
3,56254,7.976499991855234e-05,9.986425776032203e-06
3,56264,9.405417758898694e-05,9.986420864422467e-06
3,56274,9.089208906516432e-05,9.986415951925512e-06
3,56284,0.000113029839394585,9.986411038541329e-06
3,56294,9.065013532563172e-05,9.986406124269923e-06
3,56304,6.626006684200547e-05,9.9864012091113e-06
3,56314,8.429383342445362e-05,9.986396293065457e-06
3,56324,8.303642489408958e-05,9.986391376132394e-06
3,56334,9.58596584496263e-05,9.986386458312114e-06
3,56344,0.0001297238358802133,9.986381539604615e-06
3,56354,9.093611924981815e-05,9.986376620009902e-06
3,56364,7.719326076767174e-05,9.986371699527969e-06
3,56374,0.00010392690660410153,9.986366778158825e-06
3,56384,7.721068168393685e-05,9.986361855902466e-06
3,56394,8.537389057892141e-05,9.986356932758895e-06
3,56404,9.092372656596127e-05,9.986352008728107e-06
3,56414,8.303841004817514e-05,9.986347083810114e-06
3,56424,7.974086684043867e-05,9.986342158004905e-06
3,56434,0.00010140206727555778,9.986337231312491e-06
3,56444,0.00011469048381513859,9.986332303732864e-06
3,56454,9.674910143075977e-05,9.98632737526603e-06
3,56464,9.148611707132659e-05,9.986322445911989e-06
3,56474,8.650166241750413e-05,9.986317515670742e-06
3,56484,7.129835557861952e-05,9.98631258454229e-06
3,56494,9.542288571537937e-05,9.98630765252663e-06
3,56504,8.5501885814665e-05,9.986302719623771e-06
3,56514,0.00014737055680598133,9.986297785833715e-06
3,56524,0.0001220755603753787,9.986292851156452e-06
3,56534,8.346789268216525e-05,9.986287915591984e-06
3,56544,9.983482532334164e-05,9.986282979140326e-06
3,56554,0.0001005573257771175,9.986278041801467e-06
3,56564,9.637028597353492e-05,9.98627310357541e-06
3,56574,0.00011432264427639892,9.986268164462154e-06
3,56584,0.00010364428076172771,9.986263224461695e-06
3,56594,9.317047797594569e-05,9.986258283574045e-06
3,56604,0.00010179963664995741,9.986253341799196e-06
3,56614,8.996663596008147e-05,9.98624839913716e-06
3,56624,7.810775837242546e-05,9.986243455587926e-06
3,56634,6.905656582603114e-05,9.986238511151504e-06
3,56644,8.782942595644271e-05,9.986233565827888e-06
3,56654,8.689568612680887e-05,9.986228619617082e-06
3,56664,9.777203235898923e-05,9.986223672519089e-06
3,56674,9.447546112824058e-05,9.986218724533903e-06
3,56684,9.431929802303785e-05,9.986213775661533e-06
3,56694,8.075023529272585e-05,9.986208825901977e-06
3,56704,7.652289450561511e-05,9.986203875255234e-06
3,56714,0.00010878587881961721,9.986198923721307e-06
3,56724,9.946883242264448e-05,9.986193971300192e-06
3,56734,8.605612456449307e-05,9.986189017991896e-06
3,56744,8.907087303668959e-05,9.986184063796418e-06
3,56754,8.51837773097941e-05,9.986179108713753e-06
3,56764,7.077143263813923e-05,9.986174152743913e-06
3,56774,0.00010076660537379213,9.98616919588689e-06
3,56784,8.182159322132066e-05,9.98616423814269e-06
3,56794,8.854212655933225e-05,9.986159279511315e-06
3,56804,7.495846880374301e-05,9.986154319992764e-06
3,56814,0.00011441382252996844,9.986149359587033e-06
3,56824,9.955838913811021e-05,9.986144398294129e-06
3,56834,6.526538322759734e-05,9.986139436114048e-06
3,56844,8.09262257462251e-05,9.986134473046792e-06
3,56854,8.219839137382224e-05,9.986129509092365e-06
3,56864,0.00010047196174127749,9.986124544250768e-06
3,56874,0.00011802822291429038,9.986119578522e-06
3,56884,8.077451966528315e-05,9.986114611906065e-06
3,56894,0.00010691696352296275,9.98610964440296e-06
3,56904,9.667779559094925e-05,9.986104676012682e-06
3,56914,7.972066205184092e-05,9.986099706735234e-06
3,56924,9.296003313465916e-05,9.986094736570624e-06
3,56934,8.11456935480237e-05,9.986089765518848e-06
3,56944,9.339385460407356e-05,9.986084793579909e-06
3,56954,7.36356607376365e-05,9.986079820753806e-06
3,56964,9.21662487598951e-05,9.98607484704054e-06
3,56974,9.575239041623718e-05,9.986069872440108e-06
3,56984,8.547787597308344e-05,9.986064896952516e-06
3,56994,7.182690560512129e-05,9.986059920577767e-06
3,57004,8.300176627926704e-05,9.986054943315855e-06
3,57014,0.00011125001478831109,9.986049965166784e-06
3,57024,9.13190125629626e-05,9.986044986130561e-06
3,57034,9.098470140997961e-05,9.986040006207176e-06
3,57044,9.070798546417791e-05,9.986035025396638e-06
3,57054,8.695687010913389e-05,9.986030043698942e-06
3,57064,0.00010591652230687031,9.986025061114092e-06
3,57074,8.53628460845357e-05,9.986020077642095e-06
3,57084,8.82586578882183e-05,9.98601509328294e-06
3,57094,9.03370405012538e-05,9.986010108036638e-06
3,57104,0.0001035127629620547,9.986005121903184e-06
3,57114,6.7751161122942e-05,9.986000134882579e-06
3,57124,9.744148765093996e-05,9.985995146974825e-06
3,57134,9.315577294728427e-05,9.985990158179922e-06
3,57144,8.470750908600165e-05,9.985985168497873e-06
3,57154,7.571348078272422e-05,9.98598017792868e-06
3,57164,8.672916437717503e-05,9.985975186472342e-06
3,57174,6.956539464226807e-05,9.985970194128857e-06
3,57184,8.733353010939026e-05,9.985965200898229e-06
3,57194,9.211508868247619e-05,9.98596020678046e-06
3,57204,9.585768225406355e-05,9.985955211775548e-06
3,57214,0.00013114342132212187,9.985950215883493e-06
3,57224,7.886647276791336e-05,9.9859452191043e-06
3,57234,7.675405886402587e-05,9.98594022143797e-06
3,57244,8.852662917888666e-05,9.985935222884502e-06
3,57254,9.713439239931177e-05,9.985930223443896e-06
3,57264,9.720809289319732e-05,9.985925223116151e-06
3,57274,8.236007779487409e-05,9.98592022190127e-06
3,57284,7.26050364846742e-05,9.98591521979926e-06
3,57294,7.85632283623272e-05,9.98591021681011e-06
3,57304,0.00010359911811974598,9.985905212933831e-06
3,57314,8.694240118529707e-05,9.985900208170419e-06
3,57324,9.175484588013205e-05,9.985895202519877e-06
3,57334,0.00011025457688447204,9.985890195982202e-06
3,57344,8.285820736091411e-05,9.985885188557399e-06
3,57354,7.78736881329678e-05,9.985880180245473e-06
3,57364,7.569714634882984e-05,9.985875171046415e-06
3,57374,9.870215835690032e-05,9.985870160960226e-06
3,57384,9.010080671032484e-05,9.985865149986919e-06
3,57394,9.298159034187847e-05,9.985860138126489e-06
3,57404,0.00010447721306263701,9.985855125378936e-06
3,57414,0.00010275513004671666,9.98585011174425e-06
3,57424,9.376723369314277e-05,9.985845097222447e-06
3,57434,9.53349965129746e-05,9.985840081813525e-06
3,57444,6.443981037591584e-05,9.985835065517478e-06
3,57454,9.13702033813024e-05,9.985830048334313e-06
3,57464,9.924834566845674e-05,9.98582503026403e-06
3,57474,0.0001043029520133132,9.98582001130663e-06
3,57484,9.76483186605037e-05,9.985814991462114e-06
3,57494,9.277145531996211e-05,9.985809970730483e-06
3,57504,0.0001088780164536729,9.985804949111737e-06
3,57514,9.995844002332888e-05,9.985799926605873e-06
3,57524,7.423534771078266e-05,9.985794903212903e-06
3,57534,0.00010870686901398585,9.985789878932816e-06
3,57544,8.355852478416636e-05,9.985784853765619e-06
3,57554,9.088671904464717e-05,9.985779827711307e-06
3,57564,9.025594013110095e-05,9.985774800769887e-06
3,57574,7.491156770811358e-05,9.98576977294136e-06
3,57584,6.621579755119455e-05,9.985764744225724e-06
3,57594,8.303222198264849e-05,9.985759714622986e-06
3,57604,6.934836928849109e-05,9.985754684133139e-06
3,57614,0.00010096955147673726,9.985749652756187e-06
3,57624,7.709719739068532e-05,9.985744620492127e-06
3,57634,9.017249985845411e-05,9.985739587340967e-06
3,57644,8.109084601528593e-05,9.985734553302704e-06
3,57654,0.00010483386622581748,9.985729518377341e-06
3,57664,0.00010389395529273316,9.985724482564877e-06
3,57674,7.364689008682035e-05,9.985719445865311e-06
3,57684,7.997733296178923e-05,9.985714408278649e-06
3,57694,0.0001085336416053906,9.985709369804888e-06
3,57704,9.87326597169158e-05,9.98570433044403e-06
3,57714,0.00010423958874525851,9.985699290196075e-06
3,57724,8.702124687260948e-05,9.985694249061024e-06
3,57734,9.128150404649204e-05,9.985689207038879e-06
3,57744,8.726093333280006e-05,9.985684164129641e-06
3,57754,0.00010526573773859126,9.985679120333313e-06
3,57764,0.0001060512661752,9.985674075649892e-06
3,57774,9.502393154434686e-05,9.98566903007938e-06
3,57784,0.00010315199410797505,9.985663983621783e-06
3,57794,8.65378849539411e-05,9.98565893627709e-06
3,57804,7.64534137033479e-05,9.985653888045313e-06
3,57814,0.00012352127605481656,9.985648838926448e-06
3,57824,0.00010279189104949183,9.985643788920496e-06
3,57834,7.30295024368388e-05,9.985638738027456e-06
3,57844,8.849834252941945e-05,9.985633686247337e-06
3,57854,6.181445382935635e-05,9.985628633580131e-06
3,57864,9.859000679171005e-05,9.985623580025844e-06
3,57874,7.934399141049653e-05,9.985618525584471e-06
3,57884,0.00010195460308750627,9.985613470256021e-06
3,57894,8.744150363781955e-05,9.98560841404049e-06
3,57904,9.36353069391771e-05,9.985603356937881e-06
3,57914,8.656633403916202e-05,9.985598298948189e-06
3,57924,0.00011015409136234665,9.985593240071425e-06
3,57934,7.39100389637315e-05,9.985588180307582e-06
3,57944,8.782237396189886e-05,9.985583119656665e-06
3,57954,9.809638668230036e-05,9.985578058118677e-06
3,57964,8.424799007116234e-05,9.985572995693614e-06
3,57974,7.645588661944202e-05,9.985567932381479e-06
3,57984,9.935311813933367e-05,9.98556286818227e-06
3,57994,8.653456825413741e-05,9.98555780309599e-06
3,58004,8.98338548722677e-05,9.985552737122638e-06
3,58014,9.60395981110196e-05,9.985547670262218e-06
3,58024,8.674607870489125e-05,9.985542602514731e-06
3,58034,0.00010406719115962915,9.985537533880173e-06
3,58044,8.253330433944938e-05,9.985532464358553e-06
3,58054,9.28080587527802e-05,9.985527393949867e-06
3,58064,0.000103664018888594,9.985522322654116e-06
3,58074,9.002794467960484e-05,9.985517250471303e-06
3,58084,8.471860146528342e-05,9.985512177401426e-06
3,58094,8.851132524796412e-05,9.985507103444482e-06
3,58104,8.825930358398183e-05,9.985502028600483e-06
3,58114,7.137774255170371e-05,9.985496952869421e-06
3,58124,7.703097344347043e-05,9.9854918762513e-06
3,58134,8.960614463831007e-05,9.985486798746121e-06
3,58144,7.60314614581148e-05,9.985481720353885e-06
3,58154,8.416366786150319e-05,9.985476641074591e-06
3,58164,8.540108283341396e-05,9.985471560908243e-06
3,58174,0.00010801036410157395,9.985466479854839e-06
3,58184,0.00012939892931171924,9.98546139791438e-06
3,58194,7.271554659382673e-05,9.985456315086872e-06
3,58204,0.00011113453442703759,9.985451231372312e-06
3,58214,8.935814207688964e-05,9.985446146770698e-06
3,58224,0.00010514418554521398,9.985441061282037e-06
3,58234,9.814973254833602e-05,9.98543597490633e-06
3,58244,0.00010221550955975544,9.985430887643566e-06
3,58254,7.919207741906576e-05,9.98542579949376e-06
3,58264,9.06275060515327e-05,9.985420710456902e-06
3,58274,9.464688409934751e-05,9.985415620533004e-06
3,58284,8.885872971404752e-05,9.985410529722057e-06
3,58294,0.00010323368383069463,9.985405438024067e-06
3,58304,0.00010746074631242663,9.985400345439034e-06
3,58314,8.028970378290979e-05,9.985395251966961e-06
3,58324,0.00011264463132647505,9.985390157607841e-06
3,58334,8.786179218986944e-05,9.985385062361688e-06
3,58344,9.45464064443513e-05,9.985379966228491e-06
3,58354,8.527296745342028e-05,9.98537486920826e-06
3,58364,0.0001066986209480092,9.985369771300988e-06
3,58374,9.391676057930455e-05,9.985364672506681e-06
3,58384,9.027541314026166e-05,9.98535957282534e-06
3,58394,0.00010353010475228075,9.98535447225696e-06
3,58404,8.713558904673845e-05,9.985349370801549e-06
3,58414,9.028298791236011e-05,9.985344268459101e-06
3,58424,9.024640362440551e-05,9.985339165229623e-06
3,58434,9.945874421646295e-05,9.985334061113114e-06
3,58444,9.632061710362905e-05,9.98532895610958e-06
3,58454,9.678052510935231e-05,9.985323850219008e-06
3,58464,9.731998466122604e-05,9.985318743441412e-06
3,58474,0.00010091189933518762,9.98531363577679e-06
3,58484,7.134962024792912e-05,9.985308527225137e-06
3,58494,8.571063467570638e-05,9.985303417786462e-06
3,58504,9.068225649571103e-05,9.98529830746076e-06
3,58514,0.00011309617775623337,9.985293196248037e-06
3,58524,9.365911610075273e-05,9.985288084148291e-06
3,58534,8.601967447248172e-05,9.985282971161522e-06
3,58544,9.125277210841887e-05,9.98527785728773e-06
3,58554,8.991291856546013e-05,9.98527274252692e-06
3,58564,9.049333489201672e-05,9.98526762687909e-06
3,58574,7.781610283927876e-05,9.98526251034424e-06
3,58584,8.260217960014414e-05,9.985257392922374e-06
3,58594,9.239159685421327e-05,9.985252274613492e-06
3,58604,9.621787780815793e-05,9.98524715541759e-06
3,58614,0.00010911256185863749,9.985242035334681e-06
3,58624,8.531426847184776e-05,9.985236914364759e-06
3,58634,9.591012772034447e-05,9.98523179250782e-06
3,58644,0.0001038595377394813,9.985226669763864e-06
3,58654,9.475515139456547e-05,9.985221546132903e-06
3,58664,8.878895328052749e-05,9.985216421614931e-06
3,58674,9.913933877214731e-05,9.985211296209945e-06
3,58684,7.533141547355626e-05,9.985206169917955e-06
3,58694,9.262313433282543e-05,9.985201042738957e-06
3,58704,9.307896975769836e-05,9.985195914672948e-06
3,58714,9.722622712615703e-05,9.985190785719939e-06
3,58724,0.00010074203692056471,9.985185655879923e-06
3,58734,9.023855095620092e-05,9.985180525152903e-06
3,58744,8.10134015409858e-05,9.985175393538882e-06
3,58754,0.00010655902483449608,9.985170261037857e-06
3,58764,0.00012716572286990412,9.98516512764983e-06
3,58774,9.634270709284466e-05,9.985159993374804e-06
3,58784,6.535532356792827e-05,9.985154858212776e-06
3,58794,8.383831268474751e-05,9.985149722163753e-06
3,58804,9.380481506013894e-05,9.985144585227732e-06
3,58814,8.829392691040995e-05,9.985139447404714e-06
3,58824,8.92977237526793e-05,9.985134308694702e-06
3,58834,8.903378420654917e-05,9.985129169097691e-06
3,58844,7.314396257243062e-05,9.985124028613692e-06
3,58854,8.71799520609784e-05,9.985118887242695e-06
3,58864,9.236456685357552e-05,9.985113744984709e-06
3,58874,9.104046612264939e-05,9.985108601839732e-06
3,58884,7.91551470229024e-05,9.985103457807764e-06
3,58894,0.0001287810731355421,9.985098312888807e-06
3,58904,0.0001083855881006457,9.985093167082862e-06
3,58914,7.550852560598287e-05,9.985088020389932e-06
3,58924,9.542185475766018e-05,9.985082872810011e-06
3,58934,9.739891497702048e-05,9.985077724343106e-06
3,58944,0.00010382184436821262,9.985072574989218e-06
3,58954,7.405874453070282e-05,9.985067424748344e-06
3,58964,9.19727034670359e-05,9.985062273620488e-06
3,58974,9.62833675203001e-05,9.985057121605652e-06
3,58984,8.21835917122371e-05,9.98505196870383e-06
3,58994,0.00010298372940269472,9.985046814915034e-06
3,59004,7.278202074303408e-05,9.985041660239257e-06
3,59014,8.976299081950855e-05,9.9850365046765e-06
3,59024,0.00011277196940682189,9.985031348226766e-06
3,59034,9.874294073597412e-05,9.985026190890057e-06
3,59044,6.980303423915757e-05,9.98502103266637e-06
3,59054,9.356055766147619e-05,9.985015873555712e-06
3,59064,0.00010304458078280732,9.985010713558082e-06
3,59074,0.00010629017824612673,9.985005552673478e-06
3,59084,0.00010365805505898607,9.9850003909019e-06
3,59094,0.00010113682119481383,9.984995228243351e-06
3,59104,0.00010680285972739511,9.984990064697833e-06
3,59114,9.220428682965576e-05,9.984984900265344e-06
3,59124,8.184453208741616e-05,9.984979734945888e-06
3,59134,7.744295626253007e-05,9.984974568739465e-06
3,59144,0.00010662311251508072,9.984969401646078e-06
3,59154,8.143085083247569e-05,9.984964233665728e-06
3,59164,9.88363813576143e-05,9.984959064798408e-06
3,59174,0.00012375325250104654,9.984953895044125e-06
3,59184,8.802224060673326e-05,9.984948724402881e-06
3,59194,8.830459250930289e-05,9.984943552874675e-06
3,59204,9.703397104203758e-05,9.984938380459511e-06
3,59214,8.212231191464525e-05,9.984933207157383e-06
3,59224,9.425337657376076e-05,9.984928032968298e-06
3,59234,0.0001055825680396083,9.984922857892252e-06
3,59244,6.55178969282133e-05,9.984917681929253e-06
3,59254,8.840600862640712e-05,9.984912505079295e-06
3,59264,8.805633642623435e-05,9.984907327342383e-06
3,59274,9.077336026166449e-05,9.984902148718518e-06
3,59284,0.00011492049884509468,9.9848969692077e-06
3,59294,8.749565135985905e-05,9.984891788809927e-06
3,59304,9.78097164988867e-05,9.9848866075252e-06
3,59314,9.985556557694508e-05,9.984881425353525e-06
3,59324,8.465299160889117e-05,9.9848762422949e-06
3,59334,0.00010062652327178512,9.984871058349327e-06
3,59344,8.522454186277173e-05,9.984865873516805e-06
3,59354,0.00010333879713471106,9.984860687797337e-06
3,59364,8.560655364817649e-05,9.984855501190921e-06
3,59374,0.00010936548142126412,9.984850313697563e-06
3,59384,0.00010966049881062645,9.984845125317259e-06
3,59394,7.18190322004375e-05,9.984839936050014e-06
3,59404,9.509290639471147e-05,9.984834745895827e-06
3,59414,8.16996562662098e-05,9.984829554854696e-06
3,59424,0.00010638066323735984,9.984824362926623e-06
3,59434,9.152212041954044e-05,9.984819170111614e-06
3,59444,8.509234703524271e-05,9.984813976409664e-06
3,59454,8.702487079972343e-05,9.984808781820778e-06
3,59464,8.694681064298493e-05,9.984803586344956e-06
3,59474,8.454172680103512e-05,9.984798389982196e-06
3,59484,8.567351419515034e-05,9.984793192732502e-06
3,59494,9.304730515395932e-05,9.984787994595876e-06
3,59504,8.460344706691103e-05,9.984782795572315e-06
3,59514,0.00011074991393797972,9.984777595661824e-06
3,59524,0.00010560632049418927,9.984772394864401e-06
3,59534,0.00010805153024193715,9.984767193180046e-06
3,59544,0.00010263118529110215,9.98476199060876e-06
3,59554,8.73087570653297e-05,9.98475678715055e-06
3,59564,0.00011581944950194158,9.98475158280541e-06
3,59574,0.00010551848035902366,9.98474637757334e-06
3,59584,7.332843952099211e-05,9.984741171454349e-06
3,59594,0.0001717486176858074,9.98473596444843e-06
3,59604,8.766585656303505e-05,9.984730756555586e-06
3,59614,9.043351665241061e-05,9.984725547775824e-06
3,59624,0.00011943677654926432,9.984720338109136e-06
3,59634,7.439630826411303e-05,9.98471512755553e-06
3,59644,8.601300164627902e-05,9.984709916115004e-06
3,59654,8.305746655423718e-05,9.984704703787552e-06
3,59664,8.284334439849772e-05,9.984699490573185e-06
3,59674,0.00010719107276599971,9.984694276471901e-06
3,59684,8.2975514806094e-05,9.984689061483704e-06
3,59694,0.0001209150498652889,9.984683845608595e-06
3,59704,8.457313410872302e-05,9.984678628846565e-06
3,59714,7.523348704125966e-05,9.98467341119762e-06
3,59724,8.947677779360674e-05,9.984668192661764e-06
3,59734,0.0001250393252576032,9.984662973239e-06
3,59744,0.0001082078435956646,9.984657752929323e-06
3,59754,9.06705181023426e-05,9.984652531732735e-06
3,59764,9.166484433080768e-05,9.984647309649238e-06
3,59774,0.00010592056678433437,9.984642086678836e-06
3,59784,9.715513474475301e-05,9.984636862821524e-06
3,59794,8.821436695143348e-05,9.984631638077303e-06
3,59804,8.379041369153128e-05,9.984626412446175e-06
3,59814,0.000107863721996182,9.98462118592815e-06
3,59824,7.554388089374696e-05,9.984615958523222e-06
3,59834,0.00010180746198784617,9.984610730231393e-06
3,59844,9.583253277014591e-05,9.984605501052665e-06
3,59854,9.198982852467453e-05,9.984600270987025e-06
3,59864,8.478339818793757e-05,9.984595040034491e-06
3,59874,7.369376976384956e-05,9.984589808195058e-06
3,59884,9.871973543340573e-05,9.984584575468728e-06
3,59894,9.488855407653318e-05,9.9845793418555e-06
3,59904,8.803925252323097e-05,9.984574107355375e-06
3,59914,9.842456806836709e-05,9.984568871968352e-06
3,59924,0.00011271554976701736,9.98456363569444e-06
3,59934,8.732301171221479e-05,9.984558398533634e-06
3,59944,9.360263247799592e-05,9.984553160485932e-06
3,59954,0.00010239330877084286,9.984547921551341e-06
3,59964,0.00010127512159670006,9.98454268172986e-06
3,59974,7.63401124459051e-05,9.984537441021492e-06
3,59984,0.00013924671898166705,9.984532199426233e-06
3,59994,8.544721854377712e-05,9.98452695694409e-06
3,60004,6.576783989657996e-05,9.984521713575056e-06
3,60014,0.00010379460904914594,9.984516469319138e-06
3,60024,7.99952548732108e-05,9.984511224176335e-06
3,60034,0.00010208935213995574,9.984505978146649e-06
3,60044,9.330900898021354e-05,9.984500731230078e-06
3,60054,0.00010227263851447788,9.984495483426628e-06
3,60064,7.457857605004392e-05,9.984490234736294e-06
3,60074,9.006454333757575e-05,9.984484985159081e-06
3,60084,7.705213383815134e-05,9.984479734694989e-06
3,60094,8.972817572612257e-05,9.984474483344016e-06
3,60104,9.935025573213352e-05,9.984469231106166e-06
3,60114,7.478254847228528e-05,9.984463977981443e-06
3,60124,0.00010464957013027744,9.984458723969844e-06
3,60134,8.780245566413214e-05,9.984453469071368e-06
3,60144,9.420844558007956e-05,9.984448213286022e-06
3,60154,7.077093277985114e-05,9.984442956613802e-06
3,60164,8.154901661328041e-05,9.984437699054707e-06
3,60174,6.881674271426163e-05,9.984432440608746e-06
3,60184,9.254573415091728e-05,9.984427181275914e-06
3,60194,6.997407335802563e-05,9.984421921056213e-06
3,60204,9.26500722016499e-05,9.984416659949647e-06
3,61134,0.00011531218779055054,9.983923500669043e-06
3,61144,9.843734305832187e-05,9.983918156201092e-06
3,61154,8.04296526894177e-05,9.98391281084636e-06
3,61164,8.057377949626243e-05,9.983907464604848e-06
3,61174,8.26578109354159e-05,9.983902117476563e-06
3,61184,7.696368606957549e-05,9.9838967694615e-06
3,61194,8.177570684893e-05,9.983891420559663e-06
3,61204,0.00010572292139841011,9.983886070771052e-06
3,61214,0.00010509640378586482,9.983880720095668e-06
3,61224,8.088017621048492e-05,9.983875368533516e-06
3,61234,7.826760211173677e-05,9.983870016084589e-06
3,61244,7.504757340939249e-05,9.983864662748894e-06
3,61254,9.124087373493239e-05,9.983859308526432e-06
3,61264,9.955619416359695e-05,9.983853953417198e-06
3,61274,9.040194704539317e-05,9.983848597421198e-06
3,61284,0.0001027621357479802,9.983843240538436e-06
3,61294,9.06390396266943e-05,9.983837882768907e-06
3,61304,9.030923624777642e-05,9.983832524112617e-06
3,61314,9.297197279920511e-05,9.983827164569563e-06
3,61324,9.06458603367355e-05,9.983821804139744e-06
3,61334,6.763573610442108e-05,9.983816442823163e-06
3,61344,8.000163011274708e-05,9.983811080619823e-06
3,61354,8.210224509639375e-05,9.983805717529725e-06
3,61364,0.00011071043791162083,9.983800353552864e-06
3,61374,9.861008252300962e-05,9.98379498868925e-06
3,61384,7.613519901497056e-05,9.983789622938879e-06
3,61394,7.062452154968924e-05,9.983784256301753e-06
3,61404,9.502870766482373e-05,9.983778888777877e-06
3,61414,9.383220867675846e-05,9.983773520367244e-06
3,61424,8.196710318770783e-05,9.983768151069854e-06
3,61434,0.00010393827051302651,9.983762780885717e-06
3,61444,8.736836784919434e-05,9.983757409814828e-06
3,61454,7.616234297529445e-05,9.98375203785719e-06
3,61464,7.426183647112339e-05,9.983746665012802e-06
3,61474,8.000817033462226e-05,9.983741291281667e-06
3,61484,8.237702372753118e-05,9.983735916663783e-06
3,61494,8.333865434906329e-05,9.983730541159156e-06
3,61504,7.499067182834552e-05,9.983725164767782e-06
3,61514,9.94678078313882e-05,9.983719787489666e-06
3,61524,8.767932563387148e-05,9.983714409324808e-06
3,61534,9.821920148169739e-05,9.983709030273207e-06
3,61544,9.161986140497902e-05,9.983703650334862e-06
3,61554,9.732349217301816e-05,9.983698269509777e-06
3,61564,8.137055215229339e-05,9.983692887797953e-06
3,61574,7.855435474084516e-05,9.983687505199393e-06
3,61584,8.838830312924983e-05,9.983682121714092e-06
3,61594,9.163033382719732e-05,9.983676737342057e-06
3,61604,0.00011170398024660245,9.983671352083286e-06
3,61614,7.892117632763985e-05,9.983665965937779e-06
3,61624,9.576037991791964e-05,9.983660578905543e-06
3,61634,0.00011429688238422387,9.983655190986574e-06
3,61644,9.014309143822175e-05,9.983649802180872e-06
3,61654,0.00011177537653566107,9.983644412488444e-06
3,61664,7.122035508473345e-05,9.98363902190928e-06
3,61674,8.916768283597775e-05,9.98363363044339e-06
3,61684,8.489488050145155e-05,9.983628238090774e-06
3,61694,7.834786983949016e-05,9.983622844851433e-06
3,61704,7.351734466283234e-05,9.983617450725364e-06
3,61714,7.49830947825103e-05,9.983612055712569e-06
3,61724,0.00010137217377632623,9.983606659813052e-06
3,61734,9.521795350337923e-05,9.983601263026807e-06
3,61744,8.565976177123957e-05,9.983595865353845e-06
3,61754,8.933652038649598e-05,9.983590466794162e-06
3,61764,0.00010565847428551934,9.983585067347758e-06
3,61774,9.682265604169516e-05,9.983579667014636e-06
3,61784,7.761272772768279e-05,9.983574265794793e-06
3,61794,8.420766721428662e-05,9.983568863688237e-06
3,61804,7.500269393858616e-05,9.983563460694958e-06
3,61814,0.00010070914222524151,9.983558056814968e-06
3,61824,8.783115681580965e-05,9.98355265204826e-06
3,61834,9.073101796275296e-05,9.983547246394843e-06
3,61844,8.318237405546824e-05,9.983541839854713e-06
3,61854,6.324328169284855e-05,9.98353643242787e-06
3,61864,0.00010583855623735872,9.983531024114318e-06
3,61874,8.122612975967059e-05,9.983525614914058e-06
3,61884,9.24020069760445e-05,9.983520204827088e-06
3,61894,7.868076995691809e-05,9.98351479385341e-06
3,61904,7.951262819005933e-05,9.983509381993026e-06
3,61914,8.843992072797846e-05,9.98350396924594e-06
3,61924,6.838870363026217e-05,9.983498555612144e-06
3,61934,8.330831969942665e-05,9.983493141091646e-06
3,61944,8.477533988298092e-05,9.983487725684447e-06
3,61954,8.426456761299051e-05,9.983482309390545e-06
3,61964,0.00010333981012990989,9.983476892209944e-06
3,61974,7.700764672335936e-05,9.983471474142643e-06
3,61984,0.00011016001571988454,9.983466055188642e-06
3,61994,8.292231232189806e-05,9.983460635347942e-06
3,62004,8.672207131894539e-05,9.983455214620545e-06
3,62014,7.594889762003731e-05,9.983449793006449e-06
3,62024,9.489804733675555e-05,9.983444370505659e-06
3,62034,8.366535876120905e-05,9.983438947118178e-06
3,62044,8.45316032609844e-05,9.983433522844006e-06
3,62054,9.68888737133966e-05,9.983428097683138e-06
3,62064,6.668391633866123e-05,9.983422671635582e-06
3,62074,8.449618676422687e-05,9.983417244701333e-06
3,62084,8.682910765855922e-05,9.983411816880396e-06
3,62094,7.470708128494152e-05,9.983406388172772e-06
3,62104,8.427162242696795e-05,9.983400958578459e-06
3,62114,7.935868434287841e-05,9.983395528097458e-06
3,62124,0.00012860895330959465,9.983390096729774e-06
3,62134,0.00011366876888132539,9.983384664475402e-06
3,62144,9.843597199505895e-05,9.983379231334357e-06
3,62154,0.00010894830538745736,9.983373797306626e-06
3,62164,0.00010545094523877197,9.983368362392209e-06
3,62174,7.831594384697382e-05,9.983362926591113e-06
3,62184,0.00010657699854164094,9.983357489903339e-06
3,62194,9.423096157661347e-05,9.983352052328883e-06
3,62204,9.395632428095268e-05,9.983346613867747e-06
3,62214,8.523042010892823e-05,9.983341174519938e-06
3,62224,9.184577156702288e-05,9.983335734285454e-06
3,62234,7.892691505730908e-05,9.983330293164293e-06
3,62244,0.0001066509949396277,9.98332485115646e-06
3,62254,7.582550324514159e-05,9.983319408261954e-06
3,62264,7.444986781592888e-05,9.983313964480778e-06
3,62274,8.945149224928172e-05,9.983308519812929e-06
3,62284,0.00011061346244787273,9.983303074258414e-06
3,62294,8.677412542965613e-05,9.983297627817229e-06
3,62304,7.893852807683288e-05,9.983292180489375e-06
3,62314,0.00010021291309385561,9.983286732274853e-06
3,62324,8.242492972385663e-05,9.983281283173666e-06
3,62334,0.00010800901827678899,9.983275833185815e-06
3,62344,6.705052778670506e-05,9.983270382311298e-06
3,62354,8.850594153955172e-05,9.983264930550121e-06
3,62364,7.254027023009257e-05,9.98325947790228e-06
3,62374,8.29158534088492e-05,9.98325402436778e-06
3,62384,0.00010144687830688782,9.983248569946618e-06
3,62394,8.529668102710276e-05,9.983243114638797e-06
3,62404,0.0001048632349466061,9.983237658444317e-06
3,62414,9.004523790281382e-05,9.983232201363178e-06
3,62424,9.788038751139537e-05,9.983226743395384e-06
3,62434,8.28322073630261e-05,9.983221284540937e-06
3,62444,6.869665721751517e-05,9.983215824799834e-06
3,62454,8.4742084482059e-05,9.983210364172075e-06
3,62464,0.00012399192269185733,9.983204902657666e-06
3,62474,9.350974196422612e-05,9.983199440256606e-06
3,62484,9.694881682662527e-05,9.983193976968896e-06
3,62494,0.00011305384896331816,9.983188512794536e-06
3,62504,8.515599088241287e-05,9.983183047733528e-06
3,62514,9.578446397426888e-05,9.983177581785874e-06
3,62524,0.00010810285348270555,9.983172114951571e-06
3,62534,9.03414960248483e-05,9.983166647230621e-06
3,62544,0.00014149501848805814,9.983161178623029e-06
3,62554,0.00010969854570248573,9.983155709128792e-06
3,62564,8.233532316808123e-05,9.983150238747916e-06
3,62574,0.00012375751448416849,9.983144767480395e-06
3,62584,7.15112820671493e-05,9.983139295326234e-06
3,62594,8.406563283642754e-05,9.983133822285436e-06
3,62604,7.7469089137594e-05,9.983128348357994e-06
3,62614,9.850576880126028e-05,9.983122873543918e-06
3,62624,8.96865195954888e-05,9.983117397843202e-06
3,62634,9.666564019426004e-05,9.983111921255852e-06
3,62644,0.0001000864051093231,9.983106443781865e-06
3,62654,8.291671269944345e-05,9.983100965421244e-06
3,62664,0.00010200609713137964,9.983095486173993e-06
3,62674,8.375371858164725e-05,9.983090006040111e-06
3,62684,8.66297078118805e-05,9.983084525019598e-06
3,62694,8.263192021331634e-05,9.983079043112453e-06
3,62704,0.00010765627348519047,9.983073560318682e-06
3,62714,8.416881746597937e-05,9.98306807663828e-06
3,62724,8.093352821560983e-05,9.98306259207125e-06
3,62734,9.148323988483752e-05,9.983057106617594e-06
3,62744,0.00010174379408454116,9.983051620277313e-06
3,62754,0.00010382961936556968,9.983046133050409e-06
3,62764,6.98439401730866e-05,9.98304064493688e-06
3,62774,0.00010135361426364398,9.983035155936731e-06
3,62784,0.00012638399980460235,9.983029666049957e-06
3,62794,9.910940079862484e-05,9.983024175276567e-06
3,62804,0.00010863060083465825,9.983018683616556e-06
3,62814,7.536249891018088e-05,9.98301319106993e-06
3,62824,9.524730917291889e-05,9.983007697636681e-06
3,62834,8.256927544607607e-05,9.98300220331682e-06
3,62844,8.48446179588791e-05,9.982996708110342e-06
3,62854,9.265049338864628e-05,9.98299121201725e-06
3,62864,9.764069104676309e-05,9.982985715037545e-06
3,62874,9.538507447359734e-05,9.982980217171227e-06
3,62884,8.810917197479285e-05,9.982974718418295e-06
3,62894,8.152729747052946e-05,9.982969218778757e-06
3,62904,9.081406424229498e-05,9.982963718252605e-06
3,62914,9.64408443451248e-05,9.982958216839846e-06
3,62924,0.00013774839126199368,9.982952714540485e-06
3,62934,9.754930879353197e-05,9.982947211354518e-06
3,62944,9.389052238475414e-05,9.982941707281936e-06
3,62954,8.463185636173876e-05,9.982936202322755e-06
3,62964,9.88299854725483e-05,9.982930696476969e-06
3,62974,9.64049827416602e-05,9.982925189744578e-06
3,62984,7.130706362659111e-05,9.982919682125588e-06
3,62994,9.2207433317526e-05,9.982914173619998e-06
3,63004,8.830111087263503e-05,9.98290866422781e-06
3,63014,9.98142743810604e-05,9.982903153949021e-06
3,63024,9.390763871124362e-05,9.982897642783636e-06
3,63034,7.227764008348459e-05,9.982892130731655e-06
3,63044,8.050112041928515e-05,9.982886617793078e-06
3,63054,0.00010320361157027947,9.982881103967906e-06
3,63064,0.00011310568743283511,9.982875589256138e-06
3,63074,8.940589859776083e-05,9.98287007365778e-06
3,63084,8.675534127178253e-05,9.982864557172828e-06
3,63094,8.647720392218616e-05,9.982859039801287e-06
3,63104,9.430192076251843e-05,9.982853521543157e-06
3,63114,8.18384089598112e-05,9.982848002398435e-06
3,63124,9.922037538672156e-05,9.982842482367127e-06
3,63134,9.017011434480083e-05,9.982836961449232e-06
3,63144,7.7880735261715e-05,9.98283143964475e-06
3,63154,9.309116962867847e-05,9.982825916953684e-06
3,63164,9.395747915732499e-05,9.982820393376033e-06
3,63174,0.00010237998135380622,9.982814868911798e-06
3,63184,0.00010741987252913531,9.982809343560982e-06
3,63194,0.00011413756596994063,9.982803817323584e-06
3,63204,9.085663141377154e-05,9.982798290199605e-06
3,63214,7.844710080462391e-05,9.982792762189047e-06
3,63224,0.00011961867376157898,9.982787233291911e-06
3,63234,8.22603920369147e-05,9.982781703508202e-06
3,63244,9.19538366360939e-05,9.982776172837913e-06
3,63254,9.045272672665305e-05,9.98277064128105e-06
3,63264,0.00010740462453213696,9.982765108837613e-06
3,63274,9.240422837137883e-05,9.982759575507603e-06
3,63284,8.849106184243283e-05,9.982754041291023e-06
3,63294,9.22578090467141e-05,9.982748506187872e-06
3,63304,8.872070307006651e-05,9.982742970198148e-06
3,63314,0.00010026595386989357,9.982737433321857e-06
3,63324,9.290832390433934e-05,9.982731895558994e-06
3,63334,8.133610558616055e-05,9.982726356909566e-06
3,63344,7.596598170493963e-05,9.98272081737357e-06
3,63354,7.150633114179072e-05,9.98271527695101e-06
3,63364,0.0001002860707558284,9.982709735641887e-06
3,63374,8.677747932779313e-05,9.982704193446202e-06
3,63384,0.00010533002605370711,9.982698650363953e-06
3,63394,9.685281402198598e-05,9.982693106395142e-06
3,63404,9.10699390260561e-05,9.98268756153977e-06
3,63414,0.00010615750720717187,9.982682015797841e-06
3,63424,0.00010502333657314011,9.982676469169352e-06
3,63434,0.00013191414350330888,9.982670921654305e-06
3,63444,9.264325185540657e-05,9.982665373252703e-06
3,63454,0.00010434566565891146,9.982659823964545e-06
3,63464,0.00010395448580311495,9.982654273789832e-06
3,63474,9.161072134702408e-05,9.982648722728566e-06
3,63484,0.00011480205798761745,9.982643170780749e-06
3,63494,9.554264038342809e-05,9.982637617946381e-06
3,63504,7.993514805093582e-05,9.98263206422546e-06
3,63514,9.060547290573595e-05,9.98262650961799e-06
3,63524,8.192742593564617e-05,9.982620954123971e-06
3,63534,9.23818322007719e-05,9.982615397743407e-06
3,63544,9.46414288591768e-05,9.982609840476295e-06
3,63554,7.840423422749153e-05,9.982604282322635e-06
3,63564,9.15807846467942e-05,9.982598723282433e-06
3,63574,9.279908404096205e-05,9.982593163355688e-06
3,63584,9.111009744628973e-05,9.982587602542399e-06
3,63594,8.837415330162913e-05,9.98258204084257e-06
3,63604,9.364121447106299e-05,9.9825764782562e-06
3,63614,6.639763191742531e-05,9.982570914783294e-06
3,63624,9.311427352258761e-05,9.982565350423843e-06
3,63634,7.449428699146665e-05,9.982559785177856e-06
3,63644,0.00010016663322858222,9.982554219045337e-06
3,63654,9.119858900703549e-05,9.982548652026277e-06
3,63664,8.824282845125709e-05,9.98254308412068e-06
3,63674,7.372456161647278e-05,9.982537515328553e-06
3,63684,0.00010397559008197277,9.982531945649893e-06
3,63694,9.194963181471393e-05,9.982526375084701e-06
3,63704,8.149604750542495e-05,9.982520803632979e-06
3,63714,8.210833075281699e-05,9.982515231294727e-06
3,63724,0.00010044567670774995,9.982509658069947e-06
3,63734,0.00010364512904743607,9.982504083958638e-06
3,63744,0.00010519272036617621,9.982498508960801e-06
3,63754,6.799501252316987e-05,9.98249293307644e-06
3,63764,0.00010266392309858928,9.982487356305559e-06
3,63774,9.215713071171194e-05,9.98248177864815e-06
3,63784,7.742101611256658e-05,9.982476200104218e-06
3,63794,9.347584696115519e-05,9.982470620673764e-06
3,63804,8.14903506579867e-05,9.982465040356792e-06
3,63814,9.791764609872189e-05,9.982459459153297e-06
3,63824,9.769501939445035e-05,9.982453877063284e-06
3,63834,6.897807511450083e-05,9.982448294086754e-06
3,63844,0.00011344669646859984,9.982442710223705e-06
3,63854,0.0001043496913098352,9.98243712547414e-06
3,63864,9.893541300698416e-05,9.982431539838064e-06
3,63874,7.657463265786646e-05,9.982425953315473e-06
3,63884,9.574351461196783e-05,9.982420365906369e-06
3,63894,8.522732405253917e-05,9.982414777610755e-06
3,63904,7.930058118290618e-05,9.98240918842863e-06
3,63914,8.419733703703968e-05,9.982403598359992e-06
3,63924,9.072182251657068e-05,9.982398007404842e-06
3,63934,8.524553777533583e-05,9.982392415563188e-06
3,63944,6.985886116126495e-05,9.982386822835028e-06
3,63954,9.814942986849929e-05,9.982381229220362e-06
3,63964,9.855248276835482e-05,9.982375634719192e-06
3,63974,0.00010093017835970386,9.982370039331515e-06
3,63984,8.196030821636669e-05,9.982364443057335e-06
3,63994,6.782941245546683e-05,9.982358845896656e-06
3,64004,0.00010194951464654878,9.982353247849473e-06
3,64014,8.450697132502682e-05,9.982347648915793e-06
3,64024,9.639498539399939e-05,9.982342049095614e-06
3,64034,0.000152550587836231,9.982336448388935e-06
3,64044,7.897795389908425e-05,9.982330846795764e-06
3,64054,8.009348489395052e-05,9.982325244316097e-06
3,64064,7.360584309026307e-05,9.982319640949929e-06
3,64074,7.719581308265333e-05,9.982314036697268e-06
3,64084,8.055281959968852e-05,9.98230843155812e-06
3,64094,7.691585642533028e-05,9.982302825532474e-06
3,64104,8.445606727036647e-05,9.982297218620338e-06
3,64114,7.815163821760507e-05,9.982291610821714e-06
3,64124,7.884824321990891e-05,9.982286002136598e-06
3,64134,7.612454919581069e-05,9.982280392564995e-06
3,64144,5.7916337482311064e-05,9.982274782106908e-06
3,64154,8.794035120445187e-05,9.982269170762333e-06
3,64164,7.444543666679238e-05,9.982263558531274e-06
3,64174,9.43052243655984e-05,9.982257945413734e-06
3,64184,6.976072509132792e-05,9.982252331409706e-06
3,64194,9.338202498838654e-05,9.982246716519197e-06
3,64204,0.00010098769489559345,9.982241100742205e-06
3,64214,9.062422291208349e-05,9.982235484078738e-06
3,64224,7.191229756244867e-05,9.982229866528791e-06
3,64234,7.766282510601741e-05,9.982224248092365e-06
3,64244,9.351961830361688e-05,9.982218628769465e-06
3,64254,8.771161296863283e-05,9.98221300856009e-06
3,64264,9.191735216518282e-05,9.982207387464237e-06
3,64274,7.30250084416184e-05,9.982201765481913e-06
3,64284,8.153699459398923e-05,9.982196142613113e-06
3,64294,7.315279922295303e-05,9.982190518857838e-06
3,64304,0.00010756225156001164,9.982184894216098e-06
3,64314,9.922168260345643e-05,9.982179268687884e-06
3,64324,8.995185976345965e-05,9.982173642273202e-06
3,64334,9.707627477837378e-05,9.982168014972051e-06
3,64344,9.326970907750364e-05,9.982162386784436e-06
3,64354,8.044266396609601e-05,9.982156757710355e-06
3,64364,0.00010014981476160757,9.982151127749807e-06
3,64374,8.974223283075844e-05,9.982145496902795e-06
3,64384,8.375955703741056e-05,9.98213986516932e-06
3,64394,8.025444994927967e-05,9.982134232549386e-06
3,64404,7.559787472928292e-05,9.982128599042987e-06
3,64414,8.94010207048268e-05,9.98212296465013e-06
3,64424,7.535572367487476e-05,9.982117329370813e-06
3,64434,7.33505646167032e-05,9.982111693205038e-06
3,64444,7.910880344752512e-05,9.982106056152811e-06
3,64454,7.943795517348918e-05,9.982100418214122e-06
3,64464,8.168595400093182e-05,9.982094779388982e-06
3,64474,7.601668307870569e-05,9.982089139677385e-06
3,64484,9.263389374609687e-05,9.98208349907934e-06
3,64494,8.878217254277844e-05,9.98207785759484e-06
3,64504,0.00010478045346644649,9.98207221522389e-06
3,64514,9.51904907651624e-05,9.982066571966488e-06
3,64524,9.688721297607117e-05,9.98206092782264e-06
3,64534,9.880784987217339e-05,9.982055282792343e-06
3,64544,9.885759282042272e-05,9.982049636875597e-06
3,64554,7.130367466743338e-05,9.982043990072407e-06
3,64564,8.972635141617502e-05,9.982038342382771e-06
3,64574,9.352950087304635e-05,9.982032693806694e-06
3,64584,9.824403196034837e-05,9.982027044344175e-06
3,64594,0.00010984445107169448,9.982021393995208e-06
3,64604,0.00010535438404986054,9.982015742759801e-06
3,64614,6.863916923975922e-05,9.982010090637958e-06
3,64624,7.393078562927257e-05,9.982004437629679e-06
3,64634,7.548637631771271e-05,9.98199878373496e-06
3,64644,0.00010753231363196392,9.981993128953803e-06
3,64654,8.85124164597073e-05,9.981987473286208e-06
3,64664,7.272954567270063e-05,9.981981816732183e-06
3,64674,6.452952775362064e-05,9.98197615929172e-06
3,64684,0.00010545988275225681,9.981970500964828e-06
3,64694,0.00010060244321721256,9.981964841751502e-06
3,64704,8.727693016226113e-05,9.981959181651743e-06
3,64714,8.737601988286769e-05,9.981953520665557e-06
3,64724,9.654371506258032e-05,9.981947858792943e-06
3,64734,8.602254592915415e-05,9.9819421960339e-06
3,64744,9.745273632688622e-05,9.98193653238843e-06
3,64754,7.618180184181256e-05,9.981930867856534e-06
3,64764,0.00010726997302299424,9.981925202438213e-06
3,64774,8.051091067500238e-05,9.98191953613347e-06
3,64784,8.341441985066923e-05,9.981913868942306e-06
3,64794,7.389850975414447e-05,9.981908200864717e-06
3,64804,8.70201937686943e-05,9.98190253190071e-06
3,64814,9.06499821212492e-05,9.98189686205028e-06
3,64824,9.294816381952841e-05,9.981891191313434e-06
3,64834,8.772211235736904e-05,9.98188551969017e-06
3,64844,8.879482538759476e-05,9.981879847180488e-06
3,64854,9.820149225561182e-05,9.981874173784388e-06
3,64864,6.658702982349496e-05,9.981868499501876e-06
3,64874,0.00011152227671118453,9.981862824332948e-06
3,64884,7.541330173808092e-05,9.981857148277614e-06
3,64894,7.278681459865766e-05,9.981851471335862e-06
3,64904,7.518439351770212e-05,9.981845793507703e-06
3,64914,7.696434508943639e-05,9.981840114793135e-06
3,64924,0.0001038168134073203,9.981834435192157e-06
3,64934,8.033607464312808e-05,9.981828754704772e-06
3,64944,8.937655934460054e-05,9.98182307333098e-06
3,64954,7.117454565559457e-05,9.981817391070781e-06
3,64964,9.75473557900841e-05,9.981811707924177e-06
3,64974,0.00010080698161800683,9.98180602389117e-06
3,64984,0.00011425466682339902,9.981800338971764e-06
3,64994,0.00011499870392981393,9.981794653165952e-06
3,65004,9.813516899157548e-05,9.981788966473743e-06
3,65014,8.982083322734979e-05,9.981783278895134e-06
3,65024,7.898154794929723e-05,9.981777590430127e-06
3,65034,9.68595751146495e-05,9.981771901078722e-06
3,65044,9.305664138992142e-05,9.981766210840919e-06
3,65054,8.235929535658214e-05,9.981760519716723e-06
3,65064,9.923373163474026e-05,9.98175482770613e-06
3,65074,7.038350158836693e-05,9.981749134809145e-06
3,65084,8.427836678492895e-05,9.981743441025768e-06
3,65094,9.938260809576606e-05,9.981737746356e-06
3,65104,7.794405369168089e-05,9.981732050799841e-06
3,65114,6.845136731499224e-05,9.981726354357293e-06
3,65124,9.912168352457229e-05,9.981720657028357e-06
3,65134,7.554665353382006e-05,9.98171495881303e-06
3,65144,5.861121699126671e-05,9.981709259711316e-06
3,65154,9.631998145778197e-05,9.981703559723212e-06
3,65164,8.643602923257275e-05,9.981697858848726e-06
3,65174,8.1233713808615e-05,9.981692157087862e-06
3,65184,9.080562608687615e-05,9.981686454440618e-06
3,65194,9.69552306287369e-05,9.981680750906991e-06
3,65204,8.162045000972284e-05,9.981675046486982e-06
3,65214,8.00881687155197e-05,9.981669341180599e-06
3,65224,5.611272408714285e-05,9.98166363498783e-06
3,65234,7.811126679371227e-05,9.981657927908689e-06
3,65244,8.093395977084583e-05,9.98165221994317e-06
3,65254,0.00010868893714359729,9.981646511091278e-06
3,65264,7.009835212556936e-05,9.981640801353012e-06
3,65274,9.285720566367672e-05,9.981635090728374e-06
3,65284,8.371671920031077e-05,9.98162937921736e-06
3,65294,6.770005661564938e-05,9.981623666819977e-06
3,65304,9.261506402253872e-05,9.981617953536221e-06
3,65314,9.239016462743167e-05,9.981612239366099e-06
3,65324,8.450602672382956e-05,9.981606524309607e-06
3,65334,9.23821366541233e-05,9.98160080836675e-06
3,65344,0.0001290308513034688,9.981595091537527e-06
3,65354,0.00011570022993510066,9.98158937382194e-06
3,65364,0.00014263089524320095,9.981583655219988e-06
3,65374,8.932772152547841e-05,9.981577935731673e-06
3,65384,9.51852877278725e-05,9.981572215356998e-06
3,65394,8.419747764492058e-05,9.98156649409596e-06
3,65404,6.872056123938818e-05,9.981560771948564e-06
3,65414,8.537696162420617e-05,9.981555048914806e-06
3,65424,8.597814148743055e-05,9.981549324994692e-06
3,65434,7.655532090211636e-05,9.981543600188217e-06
3,65444,6.96518201038998e-05,9.981537874495394e-06
3,65454,8.00249769781658e-05,9.981532147916213e-06
3,65464,0.00010109293866662483,9.981526420450677e-06
3,65474,8.58221640555712e-05,9.98152069209879e-06
3,65484,8.9427898365102e-05,9.981514962860548e-06
3,65494,7.266255456670479e-05,9.98150923273596e-06
3,65504,7.846943881304468e-05,9.981503501725017e-06
3,65514,8.358178288290218e-05,9.981497769827725e-06
3,65524,8.100164695861168e-05,9.981492037044087e-06
3,65534,9.444190036447253e-05,9.9814863033741e-06
3,65544,0.00011575064349926834,9.981480568817772e-06
3,65554,7.905648953965283e-05,9.981474833375098e-06
3,65564,9.746624532454007e-05,9.981469097046075e-06
3,65574,7.260470688379427e-05,9.981463359830716e-06
3,65584,9.853555234258237e-05,9.981457621729009e-06
3,65594,9.130245980486507e-05,9.981451882740961e-06
3,65604,8.00294976670557e-05,9.98144614286658e-06
3,65614,8.074080933511142e-05,9.98144040210586e-06
3,65624,8.459820292046062e-05,9.981434660458805e-06
3,65634,7.459829839717713e-05,9.981428917925406e-06
3,65644,0.00010082135568154626,9.981423174505677e-06
3,65654,8.28528639885917e-05,9.981417430199613e-06
3,65664,9.376753091601132e-05,9.981411685007214e-06
3,65674,6.98630863098515e-05,9.981405938928483e-06
3,65684,0.00010268162463944464,9.98140019196342e-06
3,65694,8.603998339822283e-05,9.98139444411203e-06
3,65704,8.744263150219923e-05,9.98138869537431e-06
3,65714,0.0001309797495196108,9.98138294575026e-06
3,65724,7.992976529749284e-05,9.98137719523988e-06
3,65734,8.625422356089985e-05,9.98137144384318e-06
3,65744,8.445450143881316e-05,9.98136569156015e-06
3,65754,9.291031142311112e-05,9.981359938390799e-06
3,65764,8.596292041147535e-05,9.981354184335123e-06
3,65774,8.931100792324289e-05,9.981348429393126e-06
3,65784,8.413296404796711e-05,9.981342673564805e-06
3,65794,8.275833738480287e-05,9.981336916850165e-06
3,65804,9.401273382536601e-05,9.981331159249206e-06
3,65814,9.57559015660081e-05,9.98132540076193e-06
3,65824,0.00011001235343428561,9.98131964138834e-06
3,65834,9.823995542319608e-05,9.981313881128433e-06
3,65844,8.721835483811446e-05,9.981308119982211e-06
3,65854,7.473853038391099e-05,9.98130235794967e-06
3,65864,9.762853896972955e-05,9.981296595030826e-06
3,65874,7.369355580522097e-05,9.981290831225667e-06
3,65884,6.801572212680184e-05,9.981285066534199e-06
3,65894,8.557759374525631e-05,9.981279300956417e-06
3,65904,9.498570002506313e-05,9.981273534492323e-06
3,65914,8.941630198933126e-05,9.981267767141928e-06
3,65924,7.168316860770574e-05,9.981261998905222e-06
3,65934,8.517400819982868e-05,9.981256229782209e-06
3,65944,9.482837112955167e-05,9.981250459772891e-06
3,65954,9.318776678810537e-05,9.98124468887727e-06
3,65964,8.886231271389989e-05,9.981238917095348e-06
3,65974,8.067139688137104e-05,9.981233144427124e-06
3,65984,9.14645990178542e-05,9.9812273708726e-06
3,65994,0.00010319733751202875,9.981221596431773e-06
3,66004,9.348645799036603e-05,9.981215821104653e-06
3,66014,8.996205961011584e-05,9.981210044891233e-06
3,66024,9.775751436791325e-05,9.981204267791517e-06
3,66034,9.19188099942403e-05,9.981198489805504e-06
3,66044,0.00010267660172758042,9.981192710933194e-06
3,66054,9.702001875666612e-05,9.981186931174593e-06
3,66064,7.250171038322152e-05,9.981181150529701e-06
3,66074,9.211377323481429e-05,9.98117536899852e-06
3,66084,9.117711247199623e-05,9.981169586581045e-06
3,66094,7.350004648287722e-05,9.981163803277283e-06
3,66104,0.00011816545002147904,9.981158019087234e-06
3,66114,8.457456256110162e-05,9.981152234010894e-06
3,66124,9.561714600749837e-05,9.98114644804827e-06
3,66134,0.00012523450677690562,9.98114066119936e-06
3,66144,7.440232957378612e-05,9.981134873464165e-06
3,66154,8.212637576434644e-05,9.981129084842689e-06
3,66164,7.740660203126026e-05,9.981123295334928e-06
3,66174,0.00010521758122195024,9.98111750494089e-06
3,66184,0.00010171328908654688,9.981111713660568e-06
3,66194,7.819438619662832e-05,9.981105921493966e-06
3,66204,8.048107852118847e-05,9.981100128441088e-06
3,66214,9.092435466300231e-05,9.981094334501936e-06
3,66224,9.108202038987656e-05,9.981088539676507e-06
3,66234,0.00010533856179790746,9.981082743964805e-06
3,66244,7.752094647912601e-05,9.981076947366828e-06
3,66254,7.231541676446796e-05,9.981071149882576e-06
3,66264,7.687210222684371e-05,9.981065351512054e-06
3,66274,7.666413939659832e-05,9.981059552255263e-06
3,66284,6.518976329061843e-05,9.981053752112199e-06
3,66294,7.833311578906433e-05,9.981047951082864e-06
3,66304,9.322584287474456e-05,9.981042149167265e-06
3,66314,8.992355142254383e-05,9.981036346365401e-06
3,66324,9.694496534393693e-05,9.98103054267727e-06
3,66334,9.795246078283525e-05,9.981024738102874e-06
3,66344,0.0001045416444867442,9.981018932642214e-06
3,66354,6.597223009521258e-05,9.981013126295291e-06
3,66364,0.00010982879680341285,9.981007319062104e-06
3,66374,9.168900878648855e-05,9.981001510942662e-06
3,66384,7.509167398893624e-05,9.980995701936958e-06
3,66394,7.555002625849738e-05,9.980989892044998e-06
3,66404,0.00010844650701073987,9.98098408126678e-06
3,66414,8.388052538066404e-05,9.980978269602301e-06
3,66424,0.00010354522014495161,9.980972457051573e-06
3,66434,8.105019223876297e-05,9.98096664361459e-06
3,66444,6.323108254946419e-05,9.980960829291353e-06
3,66454,9.131677429650154e-05,9.980955014081862e-06
3,66464,7.524022462348511e-05,9.980949197986122e-06
3,66474,7.065862714625837e-05,9.980943381004131e-06
3,66484,7.122979804989882e-05,9.98093756313589e-06
3,66494,0.00010823163729583029,9.980931744381402e-06
3,66504,0.00010569804071565158,9.980925924740668e-06
3,66514,9.378024433317477e-05,9.980920104213687e-06
3,66524,9.931202089319413e-05,9.980914282800462e-06
3,66534,9.010262374431477e-05,9.98090846050099e-06
3,66544,6.986496678109688e-05,9.980902637315279e-06
3,66554,8.807640983832243e-05,9.980896813243326e-06
3,66564,9.294443748331105e-05,9.980890988285131e-06
3,66574,8.681485437591618e-05,9.980885162440696e-06
3,66584,7.617593637405662e-05,9.980879335710027e-06
3,66594,8.573538275413739e-05,9.98087350809312e-06
3,66604,9.41169115321827e-05,9.980867679589976e-06
3,66614,9.187774217025435e-05,9.980861850200591e-06
3,66624,7.516722098444006e-05,9.980856019924974e-06
3,66634,8.401017312280601e-05,9.980850188763123e-06
3,66644,9.455371991862195e-05,9.98084435671504e-06
3,66654,9.364563775307033e-05,9.980838523780726e-06
3,66664,8.107507055683527e-05,9.980832689960183e-06
3,66674,7.816333154551103e-05,9.980826855253408e-06
3,66684,8.690399213264755e-05,9.980821019660402e-06
3,66694,7.226627681120589e-05,9.980815183181173e-06
3,66704,7.417141696350882e-05,9.980809345815718e-06
3,66714,6.196189456204592e-05,9.980803507564035e-06
3,66724,8.586623853261699e-05,9.98079766842613e-06
3,66734,0.00010077378769892675,9.980791828402002e-06
3,66744,9.842896461123018e-05,9.980785987491649e-06
3,66754,7.153168426157208e-05,9.980780145695079e-06
3,66764,7.775066974318179e-05,9.980774303012286e-06
3,66774,0.00010061751122520945,9.980768459443275e-06
3,66784,0.00010322157586415415,9.980762614988046e-06
3,66794,8.972048563009593e-05,9.980756769646602e-06
3,66804,8.731755438020628e-05,9.980750923418938e-06
3,66814,8.459401547042945e-05,9.980745076305065e-06
3,66824,6.978850042287377e-05,9.980739228304979e-06
3,66834,8.056096571635862e-05,9.980733379418676e-06
3,66844,9.716114350339923e-05,9.980727529646161e-06
3,66854,0.00011453633360360981,9.980721678987436e-06
3,66864,0.00012877230606136436,9.9807158274425e-06
3,66874,8.18716991943802e-05,9.980709975011356e-06
3,66884,0.00014303210909929478,9.980704121694006e-06
3,66894,9.180902238767886e-05,9.980698267490447e-06
3,66904,9.033704145622323e-05,9.980692412400685e-06
3,66914,9.514415573903534e-05,9.980686556424721e-06
3,66924,6.990841638980783e-05,9.98068069956255e-06
3,66934,7.936481470096623e-05,9.980674841814179e-06
3,66944,0.00011801456121247612,9.980668983179607e-06
3,66954,7.98807508090249e-05,9.980663123658838e-06
3,66964,6.326985940177111e-05,9.980657263251865e-06
3,66974,6.369824704961502e-05,9.98065140195869e-06
3,66984,0.00010324612735530536,9.980645539779325e-06
3,66994,8.561045428905345e-05,9.98063967671376e-06
3,67004,8.533917789463886e-05,9.980633812762e-06
3,67014,8.484243799102841e-05,9.980627947924049e-06
3,67024,8.520564770151395e-05,9.980622082199902e-06
3,67034,8.213218829951076e-05,9.980616215589564e-06
3,67044,8.51186408453941e-05,9.980610348093038e-06
3,67054,9.286395738854481e-05,9.980604479710318e-06
3,67064,8.319531566485238e-05,9.980598610441414e-06
3,67074,9.274718495362323e-05,9.98059274028632e-06
3,67084,6.824623710599553e-05,9.98058686924504e-06
3,67094,0.00010251211724607857,9.980580997317574e-06
3,67104,0.00010110046887348289,9.980575124503923e-06
3,67114,0.0001449901193154801,9.980569250804088e-06
3,67124,8.841525404932327e-05,9.980563376218069e-06
3,67134,0.0001291546555421519,9.980557500745871e-06
3,67144,0.00011878832688125839,9.980551624387494e-06
3,67154,0.00010610233580337081,9.980545747142935e-06
3,67164,8.685748371135558e-05,9.980539869012197e-06
3,67174,6.862613240627979e-05,9.980533989995286e-06
3,67184,0.00010771094675874338,9.980528110092198e-06
3,67194,0.00010039528619927296,9.980522229302936e-06
3,67204,0.00011595298942665977,9.980516347627494e-06
3,67214,0.00010299677005605188,9.980510465065884e-06
3,67224,0.0001151473494246602,9.9805045816181e-06
3,67234,7.375229270110139e-05,9.980498697284146e-06
3,67244,9.450199418097327e-05,9.980492812064019e-06
3,67254,8.664424958624296e-05,9.980486925957724e-06
3,67264,8.962098495430838e-05,9.980481038965262e-06
3,67274,0.0001000212096641917,9.980475151086631e-06
3,67284,9.625028110349376e-05,9.980469262321839e-06
3,67294,8.54522721056128e-05,9.980463372670884e-06
3,67304,8.078757323346509e-05,9.980457482133764e-06
3,67314,8.809357773316151e-05,9.98045159071048e-06
3,67324,8.075789719441673e-05,9.980445698401032e-06
3,67334,7.176550616350141e-05,9.980439805205424e-06
3,67344,7.838112528588682e-05,9.980433911123658e-06
3,67354,9.503628170932643e-05,9.980428016155736e-06
3,67364,0.00010896738776864368,9.980422120301656e-06
3,67374,0.0001035528547163267,9.980416223561421e-06
3,67384,9.915132623063982e-05,9.980410325935026e-06
3,67394,7.463994074896618e-05,9.980404427422477e-06
3,67404,9.015770760925079e-05,9.980398528023773e-06
3,67414,7.608794612679048e-05,9.98039262773892e-06
3,67424,7.520649669459089e-05,9.980386726567917e-06
3,67434,8.556838188269466e-05,9.980380824510763e-06
3,67444,9.490486827417044e-05,9.980374921567458e-06
3,67454,9.319274108747776e-05,9.980369017738007e-06
3,67464,7.414613774017197e-05,9.98036311302241e-06
3,67474,8.475753056700342e-05,9.980357207420665e-06
3,67484,9.972818043024745e-05,9.980351300932779e-06
3,67494,8.616675472694624e-05,9.980345393558751e-06
3,67504,0.0001102079651900567,9.980339485298576e-06
3,67514,7.664429385840777e-05,9.980333576152257e-06
3,67524,8.770803283368877e-05,9.980327666119802e-06
3,67534,7.902929323790885e-05,9.980321755201207e-06
3,67544,0.00010453655327182786,9.980315843396472e-06
3,67554,0.00010057494314423821,9.9803099307056e-06
3,67564,8.291883164019964e-05,9.980304017128594e-06
3,67574,6.722030116179667e-05,9.980298102665451e-06
3,67584,6.819195577918435e-05,9.980292187316173e-06
3,67594,0.00012995918282285857,9.980286271080764e-06
3,67604,9.967555702132812e-05,9.98028035395922e-06
3,67614,9.088248239095264e-05,9.980274435951545e-06
3,67624,9.114242407122219e-05,9.980268517057741e-06
3,67634,0.00011266383212387155,9.980262597277806e-06
3,67644,9.647342562857375e-05,9.980256676611751e-06
3,67654,8.793282754595566e-05,9.980250755059564e-06
3,67664,0.00011055198601752635,9.980244832621251e-06
3,67674,9.93730430764117e-05,9.980238909296812e-06
3,67684,9.18822596759128e-05,9.980232985086252e-06
3,67694,0.00010389121639491352,9.980227059989567e-06
3,67704,8.979659619399172e-05,9.980221134006764e-06
3,67714,9.18558139801462e-05,9.980215207137839e-06
3,67724,9.8258860543865e-05,9.980209279382792e-06
3,67734,0.00010282601797371172,9.980203350741632e-06
3,67744,9.220021884175366e-05,9.980197421214348e-06
3,67754,9.681678388915315e-05,9.98019149080095e-06
3,67764,8.550472512069973e-05,9.980185559501437e-06
3,67774,0.00010051069257315249,9.980179627315812e-06
3,67784,7.850567230889281e-05,9.980173694244074e-06
3,67794,0.00013262634815873752,9.980167760286222e-06
3,67804,8.706384710421844e-05,9.980161825442262e-06
3,67814,9.072555794773507e-05,9.980155889712188e-06
3,67824,9.218485565725131e-05,9.980149953096006e-06
3,67834,7.72006426814187e-05,9.980144015593714e-06
3,67844,9.393940349582407e-05,9.98013807720532e-06
3,67854,0.00010886775403378124,9.98013213793082e-06
3,67864,0.0001051644629569637,9.980126197770212e-06
3,67874,7.902532888692804e-05,9.980120256723498e-06
3,67884,7.411513543047477e-05,9.980114314790687e-06
3,67894,8.270067619378097e-05,9.980108371971774e-06
3,67904,7.151282061386155e-05,9.980102428266756e-06
3,67914,9.707200092634594e-05,9.980096483675642e-06
3,67924,9.647765364206862e-05,9.980090538198432e-06
3,67934,0.00011345412144692091,9.980084591835125e-06
3,67944,9.000572026707232e-05,9.98007864458572e-06
3,67954,8.272080381175329e-05,9.98007269645022e-06
3,67964,7.388278959297168e-05,9.980066747428623e-06
3,67974,0.00010722927254391834,9.980060797520932e-06
3,67984,9.749606815603328e-05,9.980054846727159e-06
3,67994,0.00010271051892232208,9.98004889504729e-06
3,68004,9.879131885099924e-05,9.98004294248133e-06
3,68014,8.702238519617823e-05,9.980036989029279e-06
3,68024,7.987925619090676e-05,9.980031034691145e-06
3,68034,9.517448579572375e-05,9.980025079466918e-06
3,68044,0.00010222527989753873,9.980019123356611e-06
3,68054,8.82883579834015e-05,9.980013166360215e-06
3,68064,8.90276222889952e-05,9.980007208477738e-06
3,68074,9.26707237795199e-05,9.980001249709177e-06
3,68084,8.630430002085632e-05,9.979995290054536e-06
3,68094,8.551724727112742e-05,9.979989329513812e-06
3,68104,9.149097190856993e-05,9.979983368087006e-06
3,68114,8.372403449357079e-05,9.97997740577413e-06
3,68124,8.878324556462757e-05,9.979971442575174e-06
3,68134,0.00010570259328233077,9.97996547849014e-06
3,68144,7.481761849703616e-05,9.979959513519032e-06
3,68154,8.347407824658148e-05,9.979953547661852e-06
3,68164,7.576484290439112e-05,9.9799475809186e-06
3,68174,0.00010308952168998075,9.979941613289275e-06
3,68184,8.214576973841757e-05,9.97993564477388e-06
3,68194,8.228346096075256e-05,9.979929675372413e-06
3,68204,6.864000270070393e-05,9.97992370508488e-06
3,68214,8.454535341115844e-05,9.979917733911274e-06
3,68224,8.549784388378612e-05,9.979911761851605e-06
3,68234,9.55838153458899e-05,9.979905788905871e-06
3,68244,7.337961078519583e-05,9.979899815074074e-06
3,68254,9.321053998974093e-05,9.97989384035621e-06
3,68264,9.757894881659012e-05,9.979887864752286e-06
3,68274,8.966961800069838e-05,9.9798818882623e-06
3,68284,9.228001831615985e-05,9.979875910886259e-06
3,68294,7.958490864439227e-05,9.979869932624154e-06
3,68304,0.00011983693830188711,9.97986395347599e-06
3,68314,6.566407255377271e-05,9.97985797344177e-06
3,68324,7.919065260466595e-05,9.979851992521493e-06
3,68334,7.236896872200305e-05,9.979846010715158e-06
3,68344,7.010330796219932e-05,9.979840028022774e-06
3,68354,8.265318592748372e-05,9.979834044444337e-06
3,68364,9.431097228116415e-05,9.97982805997985e-06
3,68374,8.853150065988301e-05,9.979822074629309e-06
3,68384,8.43901046209794e-05,9.979816088392722e-06
3,68394,8.672396020301676e-05,9.979810101270081e-06
3,68404,7.125771371647715e-05,9.979804113261393e-06
3,68414,9.631652146708802e-05,9.979798124366663e-06
3,68424,9.051019305843511e-05,9.979792134585889e-06
3,68434,0.00013349809960345736,9.979786143919069e-06
3,68444,6.484031328000129e-05,9.979780152366207e-06
3,68454,9.704869107736157e-05,9.979774159927303e-06
3,68464,8.325222338498862e-05,9.979768166602354e-06
3,68474,8.371231810997415e-05,9.979762172391367e-06
3,68484,0.00011411820187277045,9.979756177294342e-06
3,68494,6.787640490983904e-05,9.979750181311277e-06
3,68504,6.994657542236382e-05,9.979744184442175e-06
3,68514,6.391579863702645e-05,9.97973818668704e-06
3,68524,8.079346985141455e-05,9.979732188045871e-06
3,68534,7.487407515327504e-05,9.97972618851867e-06
3,68544,0.00010338310817132878,9.979720188105431e-06
3,68554,0.00011368338518877863,9.979714186806164e-06
3,68564,8.799713305052137e-05,9.979708184620865e-06
3,68574,8.133577480293753e-05,9.97970218154954e-06
3,68584,0.00010590234001028875,9.97969617759218e-06
3,68594,0.00010097378667524027,9.9796901727488e-06
3,68604,8.401989448429959e-05,9.979684167019391e-06
3,68614,0.00010944839891635638,9.97967816040396e-06
3,68624,7.082425986482122e-05,9.979672152902504e-06
3,68634,0.00010541061715230171,9.979666144515023e-06
3,68644,7.667713225600892e-05,9.97966013524152e-06
3,68654,7.244950302265352e-05,9.979654125081997e-06
3,68664,0.00010408955508864893,9.97964811403645e-06
3,68674,8.030461640373687e-05,9.979642102104892e-06
3,68684,7.64790736411669e-05,9.979636089287312e-06
3,68694,7.754712291898613e-05,9.979630075583715e-06
3,68704,7.078398057274171e-05,9.979624060994105e-06
3,68714,9.0383075439604e-05,9.97961804551848e-06
3,68724,9.795091773412422e-05,9.979612029156844e-06
3,68734,7.84936637046485e-05,9.979606011909192e-06
3,68744,7.261082805598562e-05,9.979599993775531e-06
3,68754,0.00010223000476798916,9.979593974755862e-06
3,68764,9.67868329553312e-05,9.97958795485018e-06
3,68774,8.627498532405297e-05,9.979581934058496e-06
3,68784,7.284815351340512e-05,9.979575912380799e-06
3,68794,0.00010341520687688899,9.9795698898171e-06
3,68804,8.224448406508601e-05,9.979563866367395e-06
3,68814,9.451181003896637e-05,9.979557842031688e-06
3,68824,9.650410511312656e-05,9.979551816809978e-06
3,68834,7.429566389873798e-05,9.979545790702266e-06
3,68844,7.654036007807007e-05,9.979539763708553e-06
3,68854,7.465554044756572e-05,9.979533735828841e-06
3,68864,6.986307794250024e-05,9.979527707063132e-06
3,68874,9.654401937950752e-05,9.979521677411426e-06
3,68884,8.954931440712244e-05,9.97951564687372e-06
3,68894,7.817960045031214e-05,9.97950961545002e-06
3,68904,0.00010189805307163624,9.979503583140329e-06
3,68914,7.929190715003643e-05,9.979497549944644e-06
3,68924,0.00010175899155910882,9.979491515862965e-06
3,68934,9.817099289648467e-05,9.979485480895296e-06
3,68944,7.773701481710303e-05,9.97947944504164e-06
3,68954,0.00010606833166093566,9.979473408301994e-06
3,68964,7.997298944246722e-05,9.979467370676363e-06
3,68974,7.828552288628997e-05,9.979461332164741e-06
3,68984,7.975946059559646e-05,9.979455292767135e-06
3,68994,8.685859675097164e-05,9.979449252483546e-06
3,69004,7.112603889254387e-05,9.979443211313974e-06
3,69014,9.448062223782473e-05,9.97943716925842e-06
3,69024,6.710279212711612e-05,9.979431126316883e-06
3,69034,9.270314708373917e-05,9.979425082489369e-06
3,69044,0.00010161800614696403,9.979419037775879e-06
3,69054,7.609639951624558e-05,9.979412992176408e-06
3,69064,7.042171469038293e-05,9.97940694569096e-06
3,69074,8.022928036552913e-05,9.979400898319538e-06
3,69084,8.60532236401923e-05,9.979394850062142e-06
3,69094,0.00010451634766468487,9.97938880091877e-06
3,69104,8.383020490327909e-05,9.979382750889423e-06
3,69114,0.00011197321641702728,9.979376699974107e-06
3,69124,6.86794980083505e-05,9.979370648172821e-06
3,69134,8.6588582234981e-05,9.979364595485564e-06
3,69144,0.00010352809299547516,9.979358541912342e-06
3,69154,7.834985408408101e-05,9.979352487453148e-06
3,69164,7.407715711451601e-05,9.97934643210799e-06
3,69174,7.671082234992355e-05,9.979340375876868e-06
3,69184,7.904241242613352e-05,9.979334318759781e-06
3,69194,8.595711542511709e-05,9.979328260756732e-06
3,69204,8.086763273240649e-05,9.979322201867724e-06
3,69214,9.686673329269979e-05,9.979316142092758e-06
3,69224,9.625994239286227e-05,9.97931008143183e-06
3,69234,0.00010911632307397667,9.979304019884939e-06
3,69244,6.040823955117958e-05,9.979297957452096e-06
3,69254,0.00012607040471266374,9.979291894133295e-06
3,69264,7.346488678194874e-05,9.979285829928538e-06
3,69274,7.44491357181687e-05,9.97927976483783e-06
3,69284,6.794041805733287e-05,9.979273698861166e-06
3,69294,7.294213341992873e-05,9.979267631998552e-06
3,69304,9.439163191018451e-05,9.979261564249988e-06
3,69314,0.0001328071157786326,9.979255495615472e-06
3,69324,7.953284030008945e-05,9.979249426095006e-06
3,69334,8.512654617334193e-05,9.979243355688595e-06
3,69344,8.644707313578692e-05,9.979237284396235e-06
3,69354,7.969843436512748e-05,9.979231212217929e-06
3,69364,9.923778607117127e-05,9.97922513915368e-06
3,69374,0.00010278780432599887,9.97921906520349e-06
3,69384,8.016266106096737e-05,9.979212990367353e-06
3,69394,9.666382979958143e-05,9.979206914645276e-06
3,69404,8.02789708814089e-05,9.979200838037262e-06
3,69414,9.9448453693185e-05,9.979194760543309e-06
3,69424,9.204322332152513e-05,9.979188682163417e-06
3,69434,8.669402604937204e-05,9.979182602897588e-06
3,69444,6.122969020907476e-05,9.979176522745823e-06
3,69454,9.639519985285005e-05,9.979170441708123e-06
3,69464,8.209363995774766e-05,9.979164359784487e-06
3,69474,8.064702678893808e-05,9.979158276974925e-06
3,69484,6.31483801498689e-05,9.979152193279425e-06
3,69494,8.263047566288152e-05,9.979146108697995e-06
3,69504,7.877238394939922e-05,9.979140023230634e-06
3,69514,7.533227649219043e-05,9.979133936877352e-06
3,69524,8.6829533756827e-05,9.979127849638139e-06
3,69534,9.558203350934491e-05,9.979121761513004e-06
3,69544,0.0001198930975078838,9.979115672501946e-06
3,69554,9.438906117793522e-05,9.979109582604959e-06
3,69564,8.737591992939997e-05,9.97910349182205e-06
3,69574,8.011310596884868e-05,9.979097400153219e-06
3,69584,8.967073345047538e-05,9.979091307598466e-06
3,69594,8.339355049429287e-05,9.979085214157793e-06
3,69604,9.667027334216983e-05,9.979079119831204e-06
3,69614,7.861566650717579e-05,9.979073024618693e-06
3,69624,8.48672707888909e-05,9.979066928520269e-06
3,69634,8.846968407851818e-05,9.979060831535932e-06
3,69644,9.023516777233454e-05,9.979054733665678e-06
3,69654,7.164234466472408e-05,9.979048634909516e-06
3,69664,0.00013817838607792509,9.979042535267438e-06
3,69674,7.046614141472673e-05,9.979036434739452e-06
3,69684,8.401779909945617e-05,9.979030333325555e-06
3,69694,0.00010269742178934394,9.979024231025746e-06
3,69704,9.146914790107985e-05,9.979018127840033e-06
3,69714,9.470472937209707e-05,9.97901202376841e-06
3,69724,8.391762976316385e-05,9.979005918810884e-06
3,69734,8.536739496776136e-05,9.978999812967452e-06
3,69744,7.271540239344177e-05,9.978993706238119e-06
3,69754,8.924036555981729e-05,9.978987598622887e-06
3,69764,0.00010717676486819983,9.978981490121753e-06
3,69774,8.756596644161618e-05,9.978975380734715e-06
3,69784,7.52727460621827e-05,9.978969270461778e-06
3,69794,7.816485044713773e-05,9.978963159302948e-06
3,69804,7.322740452764265e-05,9.978957047258222e-06
3,69814,7.362062642641832e-05,9.978950934327597e-06
3,69824,0.0001083721562736173,9.978944820511074e-06
3,69834,9.405059067830736e-05,9.97893870580866e-06
3,69844,7.924985175122856e-05,9.978932590220355e-06
3,69854,7.961829101077456e-05,9.978926473746157e-06
3,69864,8.528266621397052e-05,9.97892035638607e-06
3,69874,7.25036262338108e-05,9.978914238140091e-06
3,69884,9.369908352709899e-05,9.978908119008224e-06
3,69894,8.257403064817482e-05,9.978901998990473e-06
3,69904,0.00010291205412613635,9.978895878086835e-06
3,69914,0.00011782979372583214,9.978889756297318e-06
3,69924,8.26111032438348e-05,9.978883633621918e-06
3,69934,7.511723715651897e-05,9.978877510060633e-06
3,69944,6.916797251506068e-05,9.978871385613461e-06
3,69954,0.00010013577575591625,9.97886526028041e-06
3,69964,8.106278401101008e-05,9.978859134061482e-06
3,69974,9.769267362571554e-05,9.978853006956677e-06
3,69984,6.762776988580299e-05,9.978846878965994e-06
3,69994,9.969179313884524e-05,9.978840750089433e-06
3,70004,9.256774542336643e-05,9.978834620326998e-06
3,70014,7.750466329525807e-05,9.978828489678693e-06
3,70024,9.0514722160151e-05,9.97882235814451e-06
3,70034,7.863754335630801e-05,9.978816225724457e-06
3,70044,9.883378975246161e-05,9.978810092418536e-06
3,70054,0.00010281611848768081,9.978803958226745e-06
3,70064,0.00011397328389648464,9.978797823149085e-06
3,70074,0.0001044741417899786,9.97879168718556e-06
3,70084,0.00010526239534556226,9.97878555033617e-06
3,70094,8.819554996080113e-05,9.978779412600905e-06
3,70104,0.00011807405139734329,9.97877327397978e-06
3,70114,8.091940358099237e-05,9.978767134472792e-06
3,70124,7.13601386451046e-05,9.978760994079943e-06
3,70134,7.472206657439528e-05,9.978754852801234e-06
3,70144,0.00011708307833941945,9.978748710636668e-06
3,70154,6.971659008740972e-05,9.978742567586242e-06
3,70164,8.186580635083374e-05,9.978736423649958e-06
3,70174,9.123822660512814e-05,9.978730278827817e-06
3,70184,9.193450218845101e-05,9.97872413311982e-06
3,70194,0.00011707151984410302,9.978717986525968e-06
3,70204,8.233825769821124e-05,9.978711839046267e-06
3,70214,7.493661773878557e-05,9.978705690680711e-06
3,70224,6.909287621965632e-05,9.978699541429305e-06
3,70234,8.758052813391259e-05,9.97869339129205e-06
3,70244,7.962071690599259e-05,9.978687240268942e-06
3,70254,8.432088116023807e-05,9.978681088359986e-06
3,70264,6.861130950710503e-05,9.978674935565189e-06
3,70274,8.987382816485478e-05,9.978668781884547e-06
3,70284,9.235469201485103e-05,9.97866262731806e-06
3,70294,8.337344779647537e-05,9.97865647186573e-06
3,70304,8.027884241528229e-05,9.97865031552756e-06
3,70314,7.170266303546668e-05,9.978644158303544e-06
3,70324,8.22554813566967e-05,9.978638000193691e-06
3,70334,7.208979232018463e-05,9.978631841197998e-06
3,70344,9.941685452758975e-05,9.97862568131647e-06
3,70354,9.18165186249098e-05,9.978619520549099e-06
3,70364,8.768597217567731e-05,9.978613358895893e-06
3,70374,9.524453193989758e-05,9.978607196356854e-06
3,70384,7.25514661098714e-05,9.978601032931981e-06
3,70394,7.850102347219946e-05,9.97859486862128e-06
3,70404,8.872827224877255e-05,9.978588703424745e-06
3,70414,8.128444164867688e-05,9.978582537342381e-06
3,70424,8.46268875648093e-05,9.978576370374188e-06
3,70434,9.758659225553857e-05,9.978570202520168e-06
3,70444,7.51032837342791e-05,9.97856403378032e-06
3,70454,6.392942145794223e-05,9.978557864154648e-06
3,70464,6.754878509127594e-05,9.97855169364315e-06
3,70474,0.0001110026872538583,9.97854552224583e-06
3,70484,8.939414260566991e-05,9.978539349962687e-06
3,70494,5.822287798764591e-05,9.97853317679372e-06
3,70504,6.838458034508221e-05,9.978527002738937e-06
3,70514,8.35159422877041e-05,9.978520827798332e-06
3,70524,7.970461101649561e-05,9.978514651971911e-06
3,70534,9.052510599758533e-05,9.97850847525967e-06
3,70544,6.596151251869742e-05,9.978502297661611e-06
3,70554,9.192460393023794e-05,9.978496119177737e-06
3,70564,7.88603123055509e-05,9.978489939808055e-06
3,70574,7.682881378059391e-05,9.978483759552558e-06
3,70584,8.097287532109476e-05,9.97847757841125e-06
3,70594,8.081680903160304e-05,9.97847139638413e-06
3,70604,8.838528401611256e-05,9.9784652134712e-06
3,70614,0.0001341919833521388,9.978459029672468e-06
3,70624,9.660296973379445e-05,9.978452844987925e-06
3,70634,8.288332646770869e-05,9.978446659417579e-06
3,70644,0.00012744160458169062,9.978440472961426e-06
3,70654,9.057193615262804e-05,9.978434285619471e-06
3,70664,0.00010060381832772691,9.978428097391712e-06
3,70674,8.597318810643628e-05,9.978421908278152e-06
3,70684,7.411779924950678e-05,9.97841571827879e-06
3,70686,8.118762502817845e-05,9.978414480172623e-06
3,validation,3.121716118974811e-05,9.978414480172623e-06
4,70696,8.520306214450102e-05,9.978408289110301e-06
4,70706,8.670735369378235e-05,9.978402097162185e-06
4,70716,8.006865564311739e-05,9.978395904328266e-06
4,70726,9.773602751010911e-05,9.97838971060856e-06
4,70736,9.593392060196493e-05,9.978383516003059e-06
4,70746,7.053209974401397e-05,9.978377320511763e-06
4,70756,7.935460434964627e-05,9.978371124134674e-06
4,70766,7.120812579159974e-05,9.97836492687179e-06
4,70776,6.242397480491491e-05,9.978358728723123e-06
4,70786,6.693832719975036e-05,9.97835252968866e-06
4,70796,9.866922673609224e-05,9.978346329768412e-06
4,70806,8.400410879403353e-05,9.978340128962376e-06
4,70816,8.196294729714281e-05,9.978333927270551e-06
4,70826,6.058131612007856e-05,9.978327724692946e-06
4,70836,9.88045228041301e-05,9.978321521229554e-06
4,70846,8.092395905805461e-05,9.97831531688038e-06
4,70856,9.825926658777462e-05,9.978309111645426e-06
4,70866,7.990269882611756e-05,9.97830290552469e-06
4,70876,9.521214974483883e-05,9.978296698518176e-06
4,70886,7.486278514079459e-05,9.978290490625884e-06
4,70896,7.984971380210483e-05,9.978284281847816e-06
4,70906,9.638196547712141e-05,9.978278072183972e-06
4,70916,9.403169001416243e-05,9.978271861634352e-06
4,70926,0.00010630648139340337,9.97826565019896e-06
4,70936,0.00010521461226744577,9.978259437877795e-06
4,70946,9.56675889028702e-05,9.97825322467086e-06
4,70956,0.00010056127407551685,9.97824701057815e-06
4,70966,0.00010276752727804704,9.978240795599673e-06
4,70976,8.063932132245099e-05,9.978234579735431e-06
4,70986,8.868505947248195e-05,9.978228362985423e-06
4,70996,9.349451888738259e-05,9.978222145349645e-06
4,71006,6.899122140566761e-05,9.978215926828104e-06
4,71016,8.771027983129896e-05,9.978209707420798e-06
4,71026,8.293793548546091e-05,9.97820348712773e-06
4,71036,9.184337027363655e-05,9.978197265948898e-06
4,71046,0.00011993659945801483,9.978191043884309e-06
4,71056,7.92994385392376e-05,9.978184820933958e-06
4,71066,9.956078251889268e-05,9.97817859709785e-06
4,71076,8.362652461073594e-05,9.978172372375986e-06
4,71086,8.08294956186728e-05,9.978166146768362e-06
4,71096,0.00011265484881732845,9.978159920274987e-06
4,71106,9.37084517772746e-05,9.978153692895857e-06
4,71116,8.107679923341493e-05,9.978147464630972e-06
4,71126,6.551301335093739e-05,9.978141235480337e-06
4,71136,7.80392331762414e-05,9.978135005443951e-06
4,71146,8.096375031527714e-05,9.978128774521818e-06
4,71156,9.758469896041787e-05,9.978122542713934e-06
4,71166,9.268794606214215e-05,9.978116310020302e-06
4,71176,0.00010987979831043049,9.978110076440926e-06
4,71186,0.00013822739765601,9.978103841975808e-06
4,71196,9.412914546373941e-05,9.978097606624941e-06
4,71206,9.999351022997871e-05,9.978091370388333e-06
4,71216,0.0001028046469855326,9.978085133265987e-06
4,71226,8.779503918958652e-05,9.978078895257897e-06
4,71236,9.02279880392598e-05,9.97807265636407e-06
4,71246,0.00010649222717802331,9.978066416584506e-06
4,71256,8.118580390146236e-05,9.978060175919203e-06
4,71266,8.58447625887493e-05,9.978053934368166e-06
4,71276,7.98904876319284e-05,9.978047691931391e-06
4,71286,9.589153637534764e-05,9.97804144860888e-06
4,71296,7.889236226219508e-05,9.97803520440064e-06
4,71306,9.582693855918478e-05,9.978028959306666e-06
4,71316,8.663440598866146e-05,9.978022713326962e-06
4,71326,7.66404923524533e-05,9.97801646646153e-06
4,71336,9.254252463506419e-05,9.978010218710372e-06
4,71346,9.019956719384936e-05,9.978003970073485e-06
4,71356,0.00010739296872088743,9.97799772055087e-06
4,71366,6.488282911050191e-05,9.97799147014253e-06
4,71376,0.00010017960244113056,9.977985218848466e-06
4,71386,8.54167045417853e-05,9.977978966668684e-06
4,71396,9.612212238607754e-05,9.977972713603178e-06
4,71406,7.083669174789975e-05,9.977966459651948e-06
4,71416,7.869876117183594e-05,9.977960204815e-06
4,71426,8.7453192418252e-05,9.977953949092336e-06
4,71436,8.982812714748432e-05,9.977947692483956e-06
4,71446,9.717399193505116e-05,9.977941434989857e-06
4,71456,8.3281446404726e-05,9.977935176610043e-06
4,71466,8.02767731329368e-05,9.977928917344517e-06
4,71476,9.358775409964437e-05,9.977922657193279e-06
4,71486,9.463435167162971e-05,9.977916396156327e-06
4,71496,8.146150753418624e-05,9.977910134233665e-06
4,71506,0.00011934373706026235,9.977903871425294e-06
4,71516,9.306384163210168e-05,9.977897607731215e-06
4,71526,7.55203702738072e-05,9.977891343151431e-06
4,71536,7.417196557071292e-05,9.977885077685939e-06
4,71546,0.00011665261017697048,9.977878811334745e-06
4,71556,9.175268610306375e-05,9.977872544097843e-06
4,71566,0.00011196067271157517,9.97786627597524e-06
4,71576,8.839969159453177e-05,9.977860006966938e-06
4,71586,8.89071614437853e-05,9.977853737072934e-06
4,71596,7.56483035729616e-05,9.977847466293231e-06
4,71606,8.269552872661735e-05,9.97784119462783e-06
4,71616,9.273499199480284e-05,9.97783492207673e-06
4,71626,8.390964176214765e-05,9.97782864863994e-06
4,71636,7.900823447926086e-05,9.977822374317446e-06
4,71646,8.204753521567909e-05,9.97781609910926e-06
4,71656,8.122970384647487e-05,9.977809823015381e-06
4,71666,9.212800646309915e-05,9.977803546035813e-06
4,71676,8.834996710902488e-05,9.977797268170553e-06
4,71686,9.273332702832705e-05,9.977790989419605e-06
4,71696,6.922241827851394e-05,9.977784709782968e-06
4,71706,7.503732927034435e-05,9.977778429260646e-06
4,71716,8.886191267265531e-05,9.977772147852638e-06
4,71726,8.473561806567886e-05,9.977765865558944e-06
4,71736,0.00011074655303673353,9.977759582379567e-06
4,71746,8.375657548640448e-05,9.977753298314507e-06
4,71756,7.341281639128283e-05,9.977747013363767e-06
4,71766,0.00011436957856858497,9.977740727527346e-06
4,71776,9.413471784682769e-05,9.977734440805247e-06
4,71786,0.00010346000417484903,9.977728153197468e-06
4,71796,8.816559370643518e-05,9.977721864704015e-06
4,71806,8.277547190118639e-05,9.977715575324883e-06
4,71816,7.684519155191084e-05,9.977709285060079e-06
4,71826,8.609908713879122e-05,9.9777029939096e-06
4,71836,8.200882266464759e-05,9.977696701873445e-06
4,71846,8.846265764077544e-05,9.977690408951619e-06
4,71856,9.000104073493276e-05,9.977684115144125e-06
4,71866,7.071071972859499e-05,9.97767782045096e-06
4,71876,9.150215978479536e-05,9.977671524872124e-06
4,71886,8.792257685854565e-05,9.977665228407627e-06
4,71896,7.717362068433432e-05,9.977658931057461e-06
4,71906,9.226168540408253e-05,9.977652632821632e-06
4,71916,7.980685577422265e-05,9.977646333700144e-06
4,71926,6.304122443907545e-05,9.977640033692987e-06
4,71936,8.697433700035618e-05,9.977633732800174e-06
4,71946,8.192146106011933e-05,9.977627431021699e-06
4,71956,8.659787940814567e-05,9.977621128357565e-06
4,71966,9.322538044216343e-05,9.977614824807773e-06
4,71976,7.247179109981516e-05,9.977608520372326e-06
4,71986,8.199464036806603e-05,9.977602215051221e-06
4,71996,6.695995889458572e-05,9.977595908844462e-06
4,72006,7.122162164705515e-05,9.977589601752052e-06
4,72016,6.824140923527011e-05,9.977583293773992e-06
4,72026,9.117023555518244e-05,9.977576984910274e-06
4,72036,7.579509451716149e-05,9.97757067516091e-06
4,72046,8.357558003808664e-05,9.97756436452589e-06
4,72056,7.509821325584199e-05,9.977558053005229e-06
4,72066,9.820188433877773e-05,9.977551740598924e-06
4,72076,0.00011268340190326851,9.977545427306974e-06
4,72086,8.000894090400834e-05,9.977539113129374e-06
4,72096,6.790530446778576e-05,9.977532798066128e-06
4,72106,6.519957851196523e-05,9.977526482117245e-06
4,72116,8.624335559943576e-05,9.977520165282718e-06
4,72126,7.078121489030309e-05,9.977513847562549e-06
4,72136,8.387175107600343e-05,9.977507528956746e-06
4,72146,7.967833589646035e-05,9.977501209465305e-06
4,72156,7.143183411244536e-05,9.977494889088227e-06
4,72166,6.582813166460255e-05,9.977488567825515e-06
4,72176,0.0001460352331832837,9.977482245677163e-06
4,72186,8.331497092513018e-05,9.977475922643183e-06
4,72196,7.213045269054419e-05,9.977469598723571e-06
4,72206,9.337668147963997e-05,9.977463273918328e-06
4,72216,9.158435932477005e-05,9.977456948227454e-06
4,72226,8.221492685152043e-05,9.977450621650952e-06
4,72236,0.00010659795971150743,9.97744429418882e-06
4,72246,9.574224404786947e-05,9.977437965841061e-06
4,72256,9.063234742825443e-05,9.977431636607683e-06
4,72266,9.189014394905826e-05,9.977425306488681e-06
4,72276,7.566726185359585e-05,9.977418975484052e-06
4,72286,7.477735271095298e-05,9.9774126435938e-06
4,72296,8.034403917918098e-05,9.977406310817929e-06
4,72306,9.627732879380345e-05,9.977399977156435e-06
4,72316,0.00010352012354815089,9.977393642609324e-06
4,72326,0.00010981245927723648,9.977387307176595e-06
4,72336,8.093491173895019e-05,9.97738097085825e-06
4,72346,6.982145346228208e-05,9.977374633654292e-06
4,72356,0.00010340103444832494,9.977368295564721e-06
4,72366,7.119799201973364e-05,9.977361956589536e-06
4,72376,9.466508549849095e-05,9.977355616728737e-06
4,72386,8.822921849969135e-05,9.977349275982329e-06
4,72396,0.00010347489323976334,9.977342934350316e-06
4,72406,9.006653381220531e-05,9.977336591832693e-06
4,72416,7.166510908973578e-05,9.977330248429458e-06
4,72426,9.007648022816283e-05,9.977323904140616e-06
4,72436,8.677815358169028e-05,9.977317558966175e-06
4,72446,8.812282635517477e-05,9.977311212906126e-06
4,72456,7.506105862375989e-05,9.977304865960474e-06
4,72466,9.114473350564367e-05,9.977298518129218e-06
4,72476,9.926923949024057e-05,9.977292169412363e-06
4,72486,9.08933463961148e-05,9.977285819809909e-06
4,72496,9.037498703037272e-05,9.977279469321857e-06
4,72506,9.788363649931853e-05,9.97727311794821e-06
4,72516,8.393333255298784e-05,9.977266765688967e-06
4,72526,7.322453375309123e-05,9.977260412544128e-06
4,72536,7.445030073540692e-05,9.977254058513696e-06
4,72546,7.666949281883717e-05,9.977247703597672e-06
4,72556,7.019814720479189e-05,9.977241347796057e-06
4,72566,9.404421025465125e-05,9.977234991108852e-06
4,72576,7.1198486512003e-05,9.977228633536055e-06
4,72586,9.147430532721045e-05,9.97722227507767e-06
4,72596,7.381851992249722e-05,9.977215915733698e-06
4,72606,6.749975891580106e-05,9.97720955550414e-06
4,72616,0.0001117875671297952,9.977203194389e-06
4,72626,0.00010179351725128071,9.977196832388275e-06
4,72636,8.307900170620997e-05,9.977190469501968e-06
4,72646,8.239680169026542e-05,9.977184105730077e-06
4,72656,7.009475762060901e-05,9.977177741072607e-06
4,72666,8.097568925222732e-05,9.977171375529559e-06
4,72676,9.427144850633341e-05,9.977165009100933e-06
4,72686,9.613619517949701e-05,9.977158641786725e-06
4,72696,8.52278805723472e-05,9.977152273586955e-06
4,72706,0.00010478309554855514,9.977145904501603e-06
4,72716,6.606834394915494e-05,9.977139534530671e-06
4,72726,7.814901500751147e-05,9.977133163674167e-06
4,72736,9.869108293969475e-05,9.977126791932098e-06
4,72746,8.023206019061036e-05,9.97712041930446e-06
4,72756,8.385710984839533e-05,9.97711404579125e-06
4,72766,8.919141469050373e-05,9.977107671392474e-06
4,72776,9.520870939923044e-05,9.977101296108128e-06
4,72786,0.00011973521782238095,9.977094919938222e-06
4,72796,0.00010845326451089932,9.97708854288275e-06
4,72806,9.850054348135017e-05,9.977082164941713e-06
4,72816,7.318898692574294e-05,9.977075786115117e-06
4,72826,9.24441439565271e-05,9.97706940640296e-06
4,72836,9.820578184189799e-05,9.977063025805243e-06
4,72846,8.24671220016171e-05,9.97705664432197e-06
4,72856,5.91514346524491e-05,9.977050261953133e-06
4,72866,8.831092068248835e-05,9.97704387869874e-06
4,72876,9.3261156735025e-05,9.977037494558796e-06
4,72886,7.038312123768265e-05,9.977031109533297e-06
4,72896,9.244652369488904e-05,9.977024723622244e-06
4,72906,9.489232334090048e-05,9.977018336825642e-06
4,72916,9.32188672322809e-05,9.977011949143487e-06
4,72926,0.0001056603496635944,9.977005560575784e-06
4,72936,7.674811322431196e-05,9.976999171122534e-06
4,72946,7.906334899416835e-05,9.976992780783735e-06
4,72956,8.213729747694743e-05,9.976986389559388e-06
4,72966,8.052563807723346e-05,9.976979997449497e-06
4,72976,7.681298911847988e-05,9.97697360445406e-06
4,72986,6.505585893137322e-05,9.976967210573083e-06
4,72996,0.00010906696584243037,9.976960815806564e-06
4,73006,8.956415699685749e-05,9.976954420154504e-06
4,73016,6.562791122632916e-05,9.976948023616905e-06
4,73026,0.00010888976798923978,9.976941626193772e-06
4,73036,9.49630785271438e-05,9.976935227885094e-06
4,73046,6.736250206813565e-05,9.976928828690882e-06
4,73056,8.284729219667497e-05,9.976922428611136e-06
4,73066,6.350119924718456e-05,9.976916027645861e-06
4,73076,7.398851716970967e-05,9.976909625795049e-06
4,73086,9.627892986827646e-05,9.976903223058711e-06
4,73096,8.440976071142359e-05,9.97689681943684e-06
4,73106,9.009745481307619e-05,9.976890414929442e-06
4,73116,9.633287227188702e-05,9.976884009536514e-06
4,73126,9.952172995326692e-05,9.976877603258059e-06
4,73136,7.240515133162262e-05,9.976871196094079e-06
4,73146,8.162380140674941e-05,9.976864788044578e-06
4,73156,7.698532917856938e-05,9.976858379109548e-06
4,73166,5.84720095503144e-05,9.976851969288997e-06
4,73176,0.00010033351099991707,9.976845558582923e-06
4,73186,9.799388099054341e-05,9.976839146991334e-06
4,73196,9.090161029234878e-05,9.976832734514227e-06
4,73206,7.155593311836128e-05,9.9768263211516e-06
4,73216,0.0001162125014616322,9.976819906903456e-06
4,73226,7.018587266429676e-05,9.976813491769792e-06
4,73236,8.386441795664723e-05,9.976807075750619e-06
4,73246,0.00010172816500926275,9.976800658845932e-06
4,73256,0.00010698248929656985,9.976794241055735e-06
4,73266,7.879362469793705e-05,9.976787822380026e-06
4,73276,8.547765387447725e-05,9.976781402818809e-06
4,73286,0.00011445577674749075,9.976774982372081e-06
4,73296,6.617976505367551e-05,9.976768561039845e-06
4,73306,6.273660596889385e-05,9.976762138822104e-06
4,73316,8.286181227958878e-05,9.976755715718857e-06
4,73326,6.474148326560681e-05,9.976749291730105e-06
4,73336,8.005484237401104e-05,9.97674286685585e-06
4,73346,6.968483257878688e-05,9.976736441096091e-06
4,73356,0.00011000372637681721,9.976730014450839e-06
4,73366,7.868075949772902e-05,9.976723586920088e-06
4,73376,7.098945825418923e-05,9.97671715850384e-06
4,73386,7.671086136724625e-05,9.976710729202094e-06
4,73396,7.753803483865341e-05,9.976704299014846e-06
4,73406,8.198259006348962e-05,9.976697867942109e-06
4,73416,9.782758384062618e-05,9.976691435983873e-06
4,73426,0.00011371376654096822,9.976685003140149e-06
4,73436,9.213508224092948e-05,9.97667856941093e-06
4,73446,0.00010753875840237015,9.976672134796222e-06
4,73456,0.00010426600906612294,9.976665699296025e-06
4,73466,0.00011838069858640665,9.976659262910341e-06
4,73476,9.711457814773894e-05,9.976652825639168e-06
4,73486,7.796556733410397e-05,9.97664638748251e-06
4,73496,8.699362952029333e-05,9.976639948440367e-06
4,73506,9.009455307023019e-05,9.976633508512742e-06
4,73516,9.457388432565494e-05,9.976627067699634e-06
4,73526,8.370605369236727e-05,9.976620626001045e-06
4,73536,9.878194273369446e-05,9.976614183416974e-06
4,73546,9.783576711015486e-05,9.976607739947423e-06
4,73556,9.748231664161722e-05,9.976601295592396e-06
4,73566,9.123071008616533e-05,9.976594850351896e-06
4,73576,9.427008794773428e-05,9.976588404225917e-06
4,73586,0.00010354583650951099,9.97658195721447e-06
4,73596,9.442904338357039e-05,9.976575509317545e-06
4,73606,0.00011094561641584732,9.97656906053515e-06
4,73616,8.918969306250801e-05,9.976562610867285e-06
4,73626,7.561808874925192e-05,9.976556160313952e-06
4,73636,7.898571861915117e-05,9.976549708875149e-06
4,73646,0.00011033384694201232,9.976543256550878e-06
4,73656,7.609829440298199e-05,9.97653680334114e-06
4,73666,7.912427845440107e-05,9.976530349245935e-06
4,73676,8.956723686424083e-05,9.976523894265271e-06
4,73686,0.00010050612340819498,9.976517438399146e-06
4,73696,9.125736896749004e-05,9.976510981647552e-06
4,73706,0.00011011095875801402,9.976504524010503e-06
4,73716,7.470713794646144e-05,9.976498065487993e-06
4,73726,8.385295136577043e-05,9.976491606080025e-06
4,73736,9.450410821045807e-05,9.9764851457866e-06
4,73746,9.297621481891838e-05,9.97647868460772e-06
4,73756,7.729055628260539e-05,9.976472222543386e-06
4,73766,0.00013196371933190675,9.976465759593598e-06
4,73776,8.886454102139395e-05,9.976459295758355e-06
4,73786,8.050882743191324e-05,9.976452831037662e-06
4,73796,7.79353128564253e-05,9.976446365431524e-06
4,73806,9.558252095303031e-05,9.976439898939934e-06
4,73816,9.357217982142174e-05,9.976433431562897e-06
4,73826,9.773764363671945e-05,9.976426963300412e-06
4,73836,8.97835410796688e-05,9.976420494152484e-06
4,73846,8.78327062309836e-05,9.976414024119107e-06
4,73856,0.00010342800383114082,9.976407553200288e-06
4,73866,9.666483279033854e-05,9.97640108139603e-06
4,73876,7.50906007397134e-05,9.976394608706326e-06
4,73886,0.00010504435322218341,9.976388135131188e-06
4,73896,7.74506204379577e-05,9.97638166067061e-06
4,73906,9.44309455462644e-05,9.976375185324591e-06
4,73916,7.492750019082449e-05,9.976368709093138e-06
4,73926,5.640133399538172e-05,9.97636223197625e-06
4,73936,8.081838482212333e-05,9.97635575397393e-06
4,73946,7.560357289548847e-05,9.976349275086174e-06
4,73956,8.659876066303695e-05,9.976342795312991e-06
4,73966,9.534343935229117e-05,9.976336314654378e-06
4,73976,8.460579970233084e-05,9.97632983311033e-06
4,73986,7.513183618357289e-05,9.976323350680857e-06
4,73996,8.745942614041269e-05,9.976316867365951e-06
4,74006,8.248110743807047e-05,9.976310383165627e-06
4,74016,9.478772549300629e-05,9.976303898079882e-06
4,74026,6.973235349505558e-05,9.976297412108708e-06
4,74036,7.238061180032673e-05,9.976290925252109e-06
4,74046,7.963467278386814e-05,9.976284437510094e-06
4,74056,0.00010805488573168988,9.97627794888265e-06
4,74066,6.991259701862873e-05,9.976271459369795e-06
4,74076,8.278266514025746e-05,9.97626496897152e-06
4,74086,0.00010555311337157036,9.976258477687832e-06
4,74096,9.244369748557802e-05,9.976251985518725e-06
4,74106,7.987342164597066e-05,9.976245492464206e-06
4,74116,8.774268671913887e-05,9.976238998524272e-06
4,74126,8.862322320055683e-05,9.976232503698927e-06
4,74136,7.796933314239141e-05,9.97622600798817e-06
4,74146,9.649342910051928e-05,9.976219511392005e-06
4,74156,7.510285913667759e-05,9.976213013910429e-06
4,74166,8.086952238954837e-05,9.976206515543443e-06
4,74176,7.797391353960847e-05,9.976200016291055e-06
4,74186,9.383435785821349e-05,9.976193516153262e-06
4,74196,7.067759415804175e-05,9.976187015130062e-06
4,74206,8.899918211682233e-05,9.976180513221462e-06
4,74216,0.00010122302514901094,9.976174010427463e-06
4,74226,8.444467580375204e-05,9.976167506748061e-06
4,74236,9.006549676087161e-05,9.976161002183259e-06
4,74246,9.049347750078596e-05,9.976154496733058e-06
4,74256,8.930230628720893e-05,9.97614799039746e-06
4,74266,9.193159762617142e-05,9.976141483176468e-06
4,74276,9.393530299348641e-05,9.976134975070079e-06
4,74286,7.678569768359012e-05,9.976128466078294e-06
4,74296,7.632470233147614e-05,9.976121956201123e-06
4,74306,7.906751147856994e-05,9.976115445438559e-06
4,74316,9.683935090833983e-05,9.976108933790606e-06
4,74326,9.335322338301921e-05,9.97610242125726e-06
4,74336,7.518641759816092e-05,9.976095907838528e-06
4,74346,9.941774401340808e-05,9.97608939353441e-06
4,74356,6.707822062708146e-05,9.976082878344904e-06
4,74366,8.200247266358928e-05,9.976076362270013e-06
4,74376,8.416977648266766e-05,9.97606984530974e-06
4,74386,5.961934316474071e-05,9.976063327464087e-06
4,74396,9.187712425955397e-05,9.976056808733054e-06
4,74406,8.395966247007892e-05,9.97605028911664e-06
4,74416,7.527478687734402e-05,9.976043768614849e-06
4,74426,9.057432730514847e-05,9.97603724722768e-06
4,74436,7.095651544659631e-05,9.976030724955135e-06
4,74446,8.493798786730622e-05,9.976024201797217e-06
4,74456,8.762487991589296e-05,9.976017677753923e-06
4,74466,7.881807791818573e-05,9.976011152825256e-06
4,74476,8.353797375093563e-05,9.976004627011221e-06
4,74486,7.07672081716737e-05,9.975998100311813e-06
4,74496,0.00010657136058398463,9.975991572727036e-06
4,74506,0.00010554213795330725,9.975985044256895e-06
4,74516,6.744666620761564e-05,9.975978514901382e-06
4,74526,9.329043714387809e-05,9.975971984660509e-06
4,74536,0.00013535232014874054,9.975965453534268e-06
4,74546,0.00011296015636617086,9.97595892152266e-06
4,74556,0.00010703704201660002,9.975952388625693e-06
4,74566,6.991635527811013e-05,9.975945854843364e-06
4,74576,8.782413574408564e-05,9.975939320175675e-06
4,74586,0.00010248395196867932,9.97593278462263e-06
4,74596,8.709970807103674e-05,9.975926248184228e-06
4,74606,7.9302621907118e-05,9.975919710860465e-06
4,74616,6.280125544435577e-05,9.975913172651352e-06
4,74626,0.00010766737095764257,9.975906633556884e-06
4,74636,8.304623693220493e-05,9.975900093577061e-06
4,74646,8.032420400923001e-05,9.97589355271189e-06
4,74656,8.605398475083347e-05,9.975887010961367e-06
4,74666,8.020699706321466e-05,9.975880468325496e-06
4,74676,9.434935345780103e-05,9.975873924804272e-06
4,74686,0.00010479295283403189,9.975867380397706e-06
4,74696,8.204522050618833e-05,9.975860835105791e-06
4,74706,7.642184418727993e-05,9.97585428892853e-06
4,74716,0.0001338054365987773,9.975847741865928e-06
4,74726,8.060852796916151e-05,9.975841193917984e-06
4,74736,9.507767586001137e-05,9.975834645084697e-06
4,74746,8.318727773257706e-05,9.975828095366071e-06
4,74756,0.00010184334778386983,9.97582154476211e-06
4,74766,0.00011463250016277015,9.975814993272806e-06
4,74776,7.717473904449433e-05,9.97580844089817e-06
4,74786,0.00010380024214100559,9.975801887638195e-06
4,74796,8.637636592538911e-05,9.975795333492887e-06
4,74806,8.5460401896853e-05,9.975788778462246e-06
4,74816,6.926878604645026e-05,9.975782222546275e-06
4,74826,7.876898903305119e-05,9.975775665744971e-06
4,74836,6.482892763415293e-05,9.975769108058336e-06
4,74846,6.718070249007723e-05,9.975762549486373e-06
4,74856,9.181358018395258e-05,9.975755990029084e-06
4,74866,6.433265320993087e-05,9.975749429686467e-06
4,74876,9.294472743022198e-05,9.975742868458529e-06
4,74886,9.425598218513186e-05,9.975736306345268e-06
4,74896,7.603559861308895e-05,9.975729743346681e-06
4,74906,8.460057647425856e-05,9.975723179462774e-06
4,74916,7.574735118396348e-05,9.975716614693547e-06
4,74926,8.550326028853305e-05,9.975710049038997e-06
4,74936,6.45784002244909e-05,9.975703482499133e-06
4,74946,7.252383306877164e-05,9.975696915073951e-06
4,74956,9.584076879036728e-05,9.975690346763455e-06
4,74966,8.500666790496325e-05,9.975683777567645e-06
4,74976,0.00010009353100031149,9.975677207486523e-06
4,74986,9.251602295989869e-05,9.975670636520086e-06
4,74996,8.026397185858513e-05,9.975664064668338e-06
4,75006,9.391076482643256e-05,9.975657491931283e-06
4,75016,7.83953901645873e-05,9.975650918308918e-06
4,75026,6.785707832932531e-05,9.975644343801243e-06
4,75036,8.691569073562278e-05,9.975637768408262e-06
4,75046,8.820085167826619e-05,9.97563119212998e-06
4,75056,0.00010203230704064481,9.97562461496639e-06
4,75066,8.658381370878488e-05,9.975618036917498e-06
4,75076,7.396623009299219e-05,9.975611457983306e-06
4,75086,9.137143356383604e-05,9.975604878163816e-06
4,75096,8.883190630513128e-05,9.975598297459026e-06
4,75106,7.245539995892614e-05,9.975591715868938e-06
4,75116,9.476427244408115e-05,9.975585133393551e-06
4,75126,7.266158913807886e-05,9.975578550032874e-06
4,75136,0.0001160563330813602,9.9755719657869e-06
4,75146,9.378497379657346e-05,9.97556538065563e-06
4,75156,5.519323290172906e-05,9.975558794639069e-06
4,75166,7.651294399693142e-05,9.975552207737214e-06
4,75176,6.453651299125339e-05,9.975545619950071e-06
4,75186,8.279101884909324e-05,9.97553903127764e-06
4,75196,8.322887683789303e-05,9.975532441719924e-06
4,75206,8.69315260388248e-05,9.975525851276917e-06
4,75216,8.950810151873156e-05,9.975519259948625e-06
4,75226,7.851661653148767e-05,9.97551266773505e-06
4,75236,9.278136740249466e-05,9.975506074636196e-06
4,75246,7.01226641467656e-05,9.975499480652058e-06
4,75256,8.575010238018877e-05,9.975492885782637e-06
4,75266,7.2070849728334e-05,9.97548629002794e-06
4,75276,7.514757135140826e-05,9.975479693387968e-06
4,75286,8.748622485654778e-05,9.975473095862716e-06
4,75296,0.000109184098755577,9.975466497452192e-06
4,75306,7.764447750560066e-05,9.975459898156387e-06
4,75316,0.0001004963408831827,9.975453297975311e-06
4,75326,8.005525164662685e-05,9.975446696908963e-06
4,75336,9.058938385351211e-05,9.975440094957342e-06
4,75346,6.215135304046272e-05,9.975433492120452e-06
4,75356,9.72552379607805e-05,9.975426888398295e-06
4,75366,0.00010036987337116443,9.97542028379087e-06
4,75376,8.626997573628614e-05,9.975413678298177e-06
4,75386,8.534986236554686e-05,9.97540707192022e-06
4,75396,8.401716013395344e-05,9.975400464656999e-06
4,75406,0.00011190429222551757,9.975393856508517e-06
4,75416,7.359687097050482e-05,9.975387247474772e-06
4,75426,8.443864762739395e-05,9.97538063755577e-06
4,75436,0.00010323441974833258,9.975374026751508e-06
4,75446,8.280551137431758e-05,9.975367415061983e-06
4,75456,8.545834989490687e-05,9.9753608024872e-06
4,75466,9.584394265402807e-05,9.975354189027164e-06
4,75476,8.849810719766538e-05,9.975347574681873e-06
4,75486,9.48571535445808e-05,9.97534095945133e-06
4,75496,6.804305207879225e-05,9.975334343335534e-06
4,75506,9.140214269791614e-05,9.975327726334486e-06
4,75516,6.407992900676618e-05,9.975321108448191e-06
4,75526,9.20801091069734e-05,9.975314489676646e-06
4,75536,7.782618126839225e-05,9.975307870019853e-06
4,75546,8.791178952378688e-05,9.975301249477814e-06
4,75556,9.452278140997805e-05,9.97529462805053e-06
4,75566,0.00011107991208518797,9.975288005738004e-06
4,75576,8.61324263496499e-05,9.975281382540234e-06
4,75586,0.00013220789683145994,9.975274758457223e-06
4,75596,8.014406471374968e-05,9.975268133488972e-06
4,75606,8.470773091175943e-05,9.975261507635479e-06
4,75616,7.312706984521355e-05,9.975254880896749e-06
4,75626,7.85437373451714e-05,9.975248253272782e-06
4,75636,0.00010226145309388812,9.97524162476358e-06
4,75646,0.00011110425471088091,9.975234995369144e-06
4,75656,7.503402439397179e-05,9.975228365089476e-06
4,75666,9.375715080750524e-05,9.975221733924575e-06
4,75676,8.2892604132212e-05,9.975215101874442e-06
4,75686,0.00010750084143182904,9.975208468939075e-06
4,75696,9.900453583213675e-05,9.975201835118485e-06
4,75706,9.16067802336329e-05,9.975195200412664e-06
4,75716,9.900198642753821e-05,9.975188564821618e-06
4,75726,6.916271249792771e-05,9.975181928345346e-06
4,75736,0.00010208287153545825,9.975175290983851e-06
4,75746,9.592161704858881e-05,9.975168652737133e-06
4,75756,7.678287179260224e-05,9.975162013605192e-06
4,75766,8.305076521537559e-05,9.975155373588033e-06
4,75776,7.257263678184245e-05,9.975148732685654e-06
4,75786,7.156947394832968e-05,9.975142090898059e-06
4,75796,0.00010242344314974617,9.975135448225244e-06
4,75806,9.137413130702043e-05,9.975128804667214e-06
4,75816,8.981769892670854e-05,9.975122160223972e-06
4,75826,8.490094601256714e-05,9.975115514895516e-06
4,75836,9.152925745183892e-05,9.975108868681846e-06
4,75846,0.00011486740108921368,9.975102221582966e-06
4,75856,7.946552691464603e-05,9.975095573598877e-06
4,75866,0.00011075785387220093,9.97508892472958e-06
4,75876,7.879817640059627e-05,9.975082274975075e-06
4,75886,7.630297172909196e-05,9.975075624335363e-06
4,75896,9.274642056880112e-05,9.975068972810446e-06
4,75906,0.00012691617675955058,9.975062320400324e-06
4,75916,7.859529760025908e-05,9.975055667105e-06
4,75926,7.624595168636006e-05,9.975049012924475e-06
4,75936,7.173964445428282e-05,9.975042357858754e-06
4,75946,7.529279000664247e-05,9.975035701907829e-06
4,75956,0.00011060506835747219,9.97502904507171e-06
4,75966,8.74571173426375e-05,9.975022387350391e-06
4,75976,7.604234310747416e-05,9.975015728743876e-06
4,75986,9.036136211761913e-05,9.975009069252167e-06
4,75996,8.013360288714467e-05,9.975002408875268e-06
4,76006,6.599692792406132e-05,9.97499574761318e-06
4,76016,8.732631877137464e-05,9.974989085465896e-06
4,76026,6.757928376828205e-05,9.974982422433423e-06
4,76036,7.472466400031408e-05,9.974975758515761e-06
4,76046,8.840738864819287e-05,9.974969093712915e-06
4,76056,8.705449090484763e-05,9.97496242802488e-06
4,76066,7.54585367758409e-05,9.974955761451658e-06
4,76076,0.00010219181826869317,9.974949093993256e-06
4,76086,8.496059244862407e-05,9.974942425649673e-06
4,76096,0.00012476507786232104,9.974935756420906e-06
4,76106,0.00011333333841321292,9.97492908630696e-06
4,76116,0.0001093195557132276,9.974922415307835e-06
4,76126,8.124728014990978e-05,9.974915743423531e-06
4,76136,9.657874338699913e-05,9.974909070654048e-06
4,76146,7.737224732409232e-05,9.974902396999394e-06
4,76156,9.478693859819032e-05,9.974895722459564e-06
4,76166,8.886437653927714e-05,9.97488904703456e-06
4,76176,6.824770821367565e-05,9.974882370724387e-06
4,76186,6.616514242523408e-05,9.974875693529044e-06
4,76196,0.00012465881386560798,9.974869015448533e-06
4,76206,9.457045744056813e-05,9.97486233648285e-06
4,76216,0.00011167779298375536,9.974855656632e-06
4,76226,6.228707261470844e-05,9.974848975895987e-06
4,76236,0.00013203823987169018,9.974842294274806e-06
4,76246,8.475011568407353e-05,9.974835611768462e-06
4,76256,7.448063129231742e-05,9.974828928376958e-06
4,76266,9.405986324964032e-05,9.974822244100289e-06
4,76276,8.792296184765292e-05,9.974815558938462e-06
4,76286,0.00010667747123989103,9.974808872891477e-06
4,76296,7.304932933038799e-05,9.974802185959333e-06
4,76306,7.978284088494549e-05,9.974795498142036e-06
4,76316,7.46335836538492e-05,9.97478880943958e-06
4,76326,7.129610394258635e-05,9.974782119851973e-06
4,76336,8.21318823909678e-05,9.97477542937921e-06
4,76346,0.00012924307702633087,9.974768738021298e-06
4,76356,7.68672831782169e-05,9.974762045778235e-06
4,76366,7.111860927579983e-05,9.974755352650021e-06
4,76376,8.679132565703185e-05,9.974748658636661e-06
4,76386,8.972894720500335e-05,9.974741963738153e-06
4,76396,8.488759758620291e-05,9.974735267954504e-06
4,76406,9.754278521540982e-05,9.97472857128571e-06
4,76416,6.640841179432755e-05,9.974721873731768e-06
4,76426,6.541432799167524e-05,9.974715175292683e-06
4,76436,7.995645673872787e-05,9.974708475968463e-06
4,76446,7.94737929936673e-05,9.974701775759101e-06
4,76456,6.577205663234053e-05,9.9746950746646e-06
4,76466,8.397883484576595e-05,9.974688372684963e-06
4,76476,8.505853884344106e-05,9.97468166982019e-06
4,76486,9.14618521619559e-05,9.974674966070279e-06
4,76496,9.567303495714441e-05,9.974668261435234e-06
4,76506,7.184129594861588e-05,9.97466155591506e-06
4,76516,7.46969236388395e-05,9.974654849509755e-06
4,76526,8.369535548808927e-05,9.974648142219316e-06
4,76536,8.903789698706531e-05,9.974641434043751e-06
4,76546,9.23507578590943e-05,9.97463472498306e-06
4,76556,9.35597726765991e-05,9.97462801503724e-06
4,76566,8.643501960250432e-05,9.974621304206293e-06
4,76576,0.00011095181921518815,9.974614592490223e-06
4,76586,8.432346780864463e-05,9.974607879889032e-06
4,76596,7.513207979172875e-05,9.974601166402718e-06
4,76606,7.044942767606698e-05,9.974594452031282e-06
4,76616,7.740796913822124e-05,9.974587736774728e-06
4,76626,7.826563460184843e-05,9.974581020633056e-06
4,76636,0.0001067642103862454,9.97457430360627e-06
4,76646,9.342516718788828e-05,9.974567585694364e-06
4,76656,9.136867324741616e-05,9.974560866897345e-06
4,76666,8.518341351191339e-05,9.974554147215212e-06
4,76676,0.00010105093756465066,9.974547426647969e-06
4,76686,8.81159652635688e-05,9.974540705195612e-06
4,76696,8.199705321203509e-05,9.97453398285815e-06
4,76706,8.858556871018664e-05,9.974527259635573e-06
4,76716,8.898924243112561e-05,9.974520535527893e-06
4,76726,0.00011040670360671357,9.974513810535104e-06
4,76736,7.543201495536779e-05,9.974507084657211e-06
4,76746,9.159636078948097e-05,9.974500357894215e-06
4,76756,9.289314621128141e-05,9.974493630246116e-06
4,76766,0.00011192533720532082,9.974486901712916e-06
4,76776,9.73822575815575e-05,9.974480172294614e-06
4,76786,7.996203253242129e-05,9.974473441991211e-06
4,76796,9.442315390515431e-05,9.974466710802715e-06
4,76806,6.884419144626008e-05,9.974459978729122e-06
4,76816,8.112119462566625e-05,9.974453245770435e-06
4,76826,8.237805991484493e-05,9.974446511926655e-06
4,76836,7.165317661019798e-05,9.974439777197775e-06
4,76846,6.934458651812746e-05,9.974433041583808e-06
4,76856,0.00010125099820470495,9.974426305084742e-06
4,76866,0.00011293484421912581,9.974419567700595e-06
4,76876,0.00010825255267263856,9.974412829431357e-06
4,76886,6.86507051341323e-05,9.974406090277031e-06
4,76896,6.770094719286135e-05,9.974399350237618e-06
4,76906,8.925617457862246e-05,9.97439260931312e-06
4,76916,9.43192612794519e-05,9.974385867503541e-06
4,76926,8.52749325986224e-05,9.97437912480888e-06
4,76936,7.88293843925203e-05,9.974372381229142e-06
4,76946,7.812299973011249e-05,9.97436563676432e-06
4,76956,9.901725320560217e-05,9.974358891414418e-06
4,76966,8.323898382514016e-05,9.974352145179439e-06
4,76976,0.00010450149543430599,9.974345398059385e-06
4,76986,5.994332882437448e-05,9.974338650054254e-06
4,76996,9.574489799888398e-05,9.974331901164053e-06
4,77006,8.230008561440627e-05,9.974325151388778e-06
4,77016,9.144304312940222e-05,9.97431840072843e-06
4,77026,8.71567591730127e-05,9.974311649183016e-06
4,77036,8.144170683408448e-05,9.974304896752529e-06
4,77046,6.903662783770416e-05,9.974298143436978e-06
4,77056,7.314308136301406e-05,9.974291389236355e-06
4,77066,9.469940664530441e-05,9.974284634150669e-06
4,77076,9.024818086800224e-05,9.974277878179917e-06
4,77086,9.14326297788648e-05,9.974271121324106e-06
4,77096,9.544338495288686e-05,9.97426436358323e-06
4,77106,0.00010774157208288672,9.974257604957292e-06
4,77116,0.00010390717052359833,9.974250845446296e-06
4,77126,9.154511967608414e-05,9.974244085050243e-06
4,77136,8.574892144679325e-05,9.974237323769133e-06
4,77146,0.00011452376847955747,9.974230561602967e-06
4,77156,8.849648206705752e-05,9.974223798551746e-06
4,77166,8.617950343250413e-05,9.974217034615474e-06
4,77176,0.00011875457571477454,9.974210269794145e-06
4,77186,8.250081409642008e-05,9.974203504087765e-06
4,77196,9.319636283180443e-05,9.974196737496335e-06
4,77206,7.838748820176988e-05,9.97418997001986e-06
4,77216,9.352850815957937e-05,9.974183201658335e-06
4,77226,0.0001099983900985535,9.974176432411764e-06
4,77236,9.989245281758486e-05,9.97416966228015e-06
4,77246,8.615542815277878e-05,9.974162891263493e-06
4,77256,7.616055204380245e-05,9.974156119361789e-06
4,77266,8.006239836504392e-05,9.974149346575046e-06
4,77276,6.694019393762573e-05,9.974142572903261e-06
4,77286,7.903410387370969e-05,9.974135798346441e-06
4,77296,8.895705441318568e-05,9.97412902290458e-06
4,77306,0.00010414152238809039,9.974122246577684e-06
4,77316,9.374413862133224e-05,9.974115469365753e-06
4,77326,8.791018994998012e-05,9.974108691268786e-06
4,77336,0.00011095824729636662,9.97410191228679e-06
4,77346,0.0001512747080596455,9.974095132419759e-06
4,77356,8.908099466680142e-05,9.974088351667695e-06
4,77366,6.930271802048082e-05,9.974081570030606e-06
4,77376,6.905367831677722e-05,9.974074787508488e-06
4,77386,0.00012173135423836355,9.974068004101343e-06
4,77396,8.523471406078898e-05,9.974061219809173e-06
4,77406,8.053904007283564e-05,9.974054434631978e-06
4,77416,8.026284936022421e-05,9.974047648569763e-06
4,77426,9.235376205651846e-05,9.974040861622521e-06
4,77436,7.86190297731082e-05,9.97403407379026e-06
4,77446,7.57523848733399e-05,9.974027285072979e-06
4,77456,7.272084344549512e-05,9.974020495470684e-06
4,77466,7.152830221457407e-05,9.974013704983366e-06
4,77476,8.614437215328507e-05,9.974006913611032e-06
4,77486,7.681811562179063e-05,9.974000121353683e-06
4,77496,7.978643552633003e-05,9.973993328211324e-06
4,77506,7.645947175660694e-05,9.973986534183949e-06
4,77516,8.885749703040348e-05,9.973979739271563e-06
4,77526,8.072911932686112e-05,9.973972943474167e-06
4,77536,9.176755233966105e-05,9.973966146791762e-06
4,77546,0.00010280566025357984,9.973959349224353e-06
4,77556,8.35407873182703e-05,9.973952550771939e-06
4,77566,7.140208904274914e-05,9.973945751434514e-06
4,77576,0.00010161779086956813,9.973938951212088e-06
4,77586,9.468297448620434e-05,9.973932150104657e-06
4,77596,9.301192362727306e-05,9.973925348112225e-06
4,77606,8.84023065736983e-05,9.973918545234792e-06
4,77616,9.631374355194567e-05,9.97391174147236e-06
4,77626,9.349153538096287e-05,9.973904936824932e-06
4,77636,9.32996025767352e-05,9.973898131292503e-06
4,77646,8.770689637458418e-05,9.973891324875084e-06
4,77656,7.829821879568044e-05,9.97388451757267e-06
4,77666,0.0001123029192967806,9.97387770938526e-06
4,77676,6.837271230324405e-05,9.973870900312859e-06
4,77686,7.605199070894741e-05,9.973864090355469e-06
4,77696,9.841863288784225e-05,9.973857279513089e-06
4,77706,8.916186034184647e-05,9.97385046778572e-06
4,77716,7.440037625201513e-05,9.973843655173365e-06
4,77726,8.111454258141748e-05,9.973836841676024e-06
4,77736,7.75377298850799e-05,9.9738300272937e-06
4,77746,0.00011990944108219992,9.973823212026393e-06
4,77756,8.465872465421852e-05,9.973816395874099e-06
4,77766,8.49932667279063e-05,9.97380957883683e-06
4,77776,8.317200749843324e-05,9.97380276091458e-06
4,77786,7.835300639271737e-05,9.973795942107351e-06
4,77796,9.329657477792354e-05,9.973789122415144e-06
4,77806,9.679074482846773e-05,9.973782301837961e-06
4,77816,7.603996082252706e-05,9.973775480375802e-06
4,77826,8.077931684056239e-05,9.97376865802867e-06
4,77836,9.008832307699777e-05,9.973761834796566e-06
4,77846,7.994164780029679e-05,9.973755010679494e-06
4,77856,8.60172121974756e-05,9.973748185677447e-06
4,77866,0.00010475501603650627,9.973741359790434e-06
4,77876,8.26710353976523e-05,9.973734533018452e-06
4,77886,6.460762042479472e-05,9.973727705361504e-06
4,77896,7.983611726558593e-05,9.97372087681959e-06
4,77906,6.64747340579197e-05,9.973714047392714e-06
4,77916,8.57949014971382e-05,9.973707217080871e-06
4,77926,7.375812147074612e-05,9.973700385884071e-06
4,77936,7.611389496560151e-05,9.973693553802308e-06
4,77946,9.520584189885996e-05,9.973686720835588e-06
4,77956,7.589038946207439e-05,9.97367988698391e-06
4,77966,7.604780171277525e-05,9.973673052247274e-06
4,77976,0.00010130314631169312,9.973666216625684e-06
4,77986,8.887824010344046e-05,9.973659380119136e-06
4,77996,0.0001043229602601059,9.97365254272764e-06
4,78006,8.561163945159933e-05,9.97364570445119e-06
4,78016,8.771222355790087e-05,9.973638865289792e-06
4,78026,8.326036204380215e-05,9.973632025243445e-06
4,78036,6.837572727818042e-05,9.973625184312149e-06
4,78046,9.488855630479522e-05,9.973618342495905e-06
4,78056,8.092273387774186e-05,9.973611499794715e-06
4,78066,8.993942183224135e-05,9.973604656208579e-06
4,78076,8.148507999976573e-05,9.973597811737505e-06
4,78086,7.3456332393107e-05,9.973590966381485e-06
4,78096,6.459924156843044e-05,9.973584120140528e-06
4,78106,7.675328615732725e-05,9.973577273014627e-06
4,78116,7.772976500746154e-05,9.973570425003789e-06
4,78126,7.561790512227163e-05,9.973563576108017e-06
4,78136,8.241404293585221e-05,9.973556726327303e-06
4,78146,8.157957945513771e-05,9.973549875661659e-06
4,78156,7.957108682603576e-05,9.97354302411108e-06
4,78166,7.026632315501046e-05,9.973536171675568e-06
4,78176,0.00010274689329889953,9.973529318355124e-06
4,78186,0.00011347366198606325,9.973522464149753e-06
4,78196,9.821631115300989e-05,9.97351560905945e-06
4,78206,7.654035157429463e-05,9.97350875308422e-06
4,78216,9.27320939808851e-05,9.973501896224067e-06
4,78226,7.280709478436621e-05,9.973495038478986e-06
4,78236,7.467982059097266e-05,9.973488179848982e-06
4,78246,9.77931308625557e-05,9.973481320334056e-06
4,78256,8.061190110311144e-05,9.973474459934205e-06
4,78266,7.41839037345926e-05,9.973467598649438e-06
4,78276,7.404058860629447e-05,9.973460736479753e-06
4,78286,0.00010526594437578752,9.973453873425149e-06
4,78296,6.734645453434495e-05,9.973447009485628e-06
4,78306,7.849015614738163e-05,9.97344014466119e-06
4,78316,7.637943090230693e-05,9.973433278951841e-06
4,78326,7.495269273931625e-05,9.973426412357581e-06
4,78336,8.165279509739776e-05,9.973419544878406e-06
4,78346,9.607881406736851e-05,9.973412676514327e-06
4,78356,7.127391672838711e-05,9.97340580726533e-06
4,78366,6.356524522743712e-05,9.973398937131425e-06
4,78376,7.938444077808527e-05,9.973392066112617e-06
4,78386,0.0001266403592126153,9.973385194208906e-06
4,78396,7.833556128389318e-05,9.973378321420286e-06
4,78406,8.241902055488025e-05,9.973371447746765e-06
4,78416,7.793347294864361e-05,9.973364573188346e-06
4,78426,6.251749609873514e-05,9.973357697745022e-06
4,78436,8.326058632519563e-05,9.9733508214168e-06
4,78446,0.00012267799547771574,9.97334394420368e-06
4,78456,0.00010915064317487121,9.973337066105661e-06
4,78466,8.072669725152082e-05,9.97333018712275e-06
4,78476,9.966795873879162e-05,9.973323307254941e-06
4,78486,6.091537670727121e-05,9.97331642650224e-06
4,78496,6.392450718522014e-05,9.973309544864644e-06
4,78506,8.964180774455599e-05,9.973302662342162e-06
4,78516,9.60149031925539e-05,9.973295778934786e-06
4,78526,7.987989192770328e-05,9.973288894642527e-06
4,78536,7.684168072046305e-05,9.973282009465377e-06
4,78546,7.227475616673473e-05,9.973275123403342e-06
4,78556,8.916230576687667e-05,9.973268236456426e-06
4,78566,8.343800582224504e-05,9.973261348624627e-06
4,78576,7.83641263296886e-05,9.973254459907944e-06
4,78586,8.25088588953804e-05,9.973247570306379e-06
4,78596,8.536771310900804e-05,9.973240679819935e-06
4,78606,9.281952911806002e-05,9.973233788448613e-06
4,78616,0.00010565497150309966,9.973226896192414e-06
4,78626,6.295593771028507e-05,9.973220003051337e-06
4,78636,0.00010833338947122684,9.973213109025385e-06
4,78646,8.306731401717116e-05,9.97320621411456e-06
4,78656,9.644050401220738e-05,9.973199318318865e-06
4,78666,7.63918853863288e-05,9.973192421638296e-06
4,78676,9.121435227825713e-05,9.973185524072858e-06
4,78686,9.314279482168786e-05,9.973178625622551e-06
4,78696,7.315304110306898e-05,9.973171726287376e-06
4,78706,8.519715611328138e-05,9.973164826067336e-06
4,78716,8.376260511795409e-05,9.97315792496243e-06
4,78726,8.451080166196334e-05,9.97315102297266e-06
4,78736,9.224956047546585e-05,9.973144120098028e-06
4,78746,0.00010098630077663983,9.973137216338533e-06
4,78756,0.00010612374881020514,9.973130311694179e-06
4,78766,7.770266797706426e-05,9.973123406164965e-06
4,78776,9.404986208210174e-05,9.973116499750897e-06
4,78786,7.080650466377847e-05,9.973109592451971e-06
4,78796,0.00011107003488177724,9.97310268426819e-06
4,78806,9.811582694965181e-05,9.973095775199555e-06
4,78816,8.157094489433803e-05,9.973088865246068e-06
4,78826,8.102304032036045e-05,9.97308195440773e-06
4,78836,0.00010101196971845638,9.973075042684537e-06
4,78846,9.443011322218808e-05,9.973068130076497e-06
4,78856,8.917824638956517e-05,9.97306121658361e-06
4,78866,6.871260425214131e-05,9.973054302205877e-06
4,78876,0.00010812318055286596,9.973047386943296e-06
4,78886,0.00010466737962815386,9.973040470795874e-06
4,78896,8.491371763739153e-05,9.973033553763613e-06
4,78906,7.645291680091759e-05,9.973026635846507e-06
4,78916,7.135973410186126e-05,9.973019717044562e-06
4,78926,9.124728421738837e-05,9.973012797357774e-06
4,78936,8.077086981757021e-05,9.973005876786153e-06
4,78946,9.984893831642694e-05,9.972998955329691e-06
4,78956,9.392897336510942e-05,9.972992032988398e-06
4,78966,9.44229816468578e-05,9.97298510976227e-06
4,78976,9.15007067760598e-05,9.972978185651307e-06
4,78986,7.523246395066963e-05,9.972971260655509e-06
4,78996,7.682238128836616e-05,9.972964334774879e-06
4,79006,0.00010682541501410015,9.972957408009423e-06
4,79016,0.00010177966437368014,9.97295048035914e-06
4,79026,8.40849708765745e-05,9.972943551824028e-06
4,79036,9.091036076824821e-05,9.972936622404093e-06
4,79046,8.784090264271071e-05,9.972929692099332e-06
4,79056,9.541873209855112e-05,9.972922760909747e-06
4,79066,8.446188803645782e-05,9.97291582883534e-06
4,79076,6.563711408489326e-05,9.972908895876114e-06
4,79086,8.136221199492866e-05,9.97290196203207e-06
4,79096,9.152016800726415e-05,9.972895027303206e-06
4,79106,6.552223317157768e-05,9.972888091689525e-06
4,79116,6.39683062217955e-05,9.972881155191029e-06
4,79126,8.78098414887063e-05,9.972874217807719e-06
4,79136,8.969911777967354e-05,9.972867279539594e-06
4,79146,6.239412532522692e-05,9.972860340386659e-06
4,79156,9.301544841946453e-05,9.97285340034891e-06
4,79166,0.00011387982954147446,9.972846459426352e-06
4,79176,7.40751056582667e-05,9.972839517618989e-06
4,79186,6.574773674401513e-05,9.97283257492682e-06
4,79196,8.782712457104934e-05,9.97282563134984e-06
4,79206,7.426905344800616e-05,9.972818686888056e-06
4,79216,7.429177135236387e-05,9.972811741541472e-06
4,79226,7.742286725260783e-05,9.972804795310081e-06
4,79236,7.137606221476744e-05,9.972797848193893e-06
4,79246,7.212123296085338e-05,9.972790900192904e-06
4,79256,8.432340600847966e-05,9.972783951307118e-06
4,79266,0.00010298163820152695,9.972777001536536e-06
4,79276,7.763479825371178e-05,9.972770050881154e-06
4,79286,6.228125207599077e-05,9.972763099340974e-06
4,79296,0.0001128507077737595,9.972756146916003e-06
4,79306,9.871455886241165e-05,9.97274919360624e-06
4,79316,9.509677656751591e-05,9.97274223941169e-06
4,79326,8.860845273375161e-05,9.972735284332346e-06
4,79336,6.580046924682392e-05,9.972728328368218e-06
4,79346,8.784657456999412e-05,9.9727213715193e-06
4,79356,7.378931441053283e-05,9.972714413785597e-06
4,79366,0.00010308049600098457,9.972707455167108e-06
4,79376,9.21317335269123e-05,9.972700495663835e-06
4,79386,0.00010669654216144409,9.972693535275779e-06
4,79396,9.3066283443477e-05,9.972686574002941e-06
4,79406,9.385857915731321e-05,9.972679611845323e-06
4,79416,7.644292954864796e-05,9.972672648802926e-06
4,79426,7.926613670861116e-05,9.972665684875753e-06
4,79436,0.00012573612480082375,9.972658720063803e-06
4,79446,7.242901942845492e-05,9.97265175436708e-06
4,79456,8.647985087009146e-05,9.972644787785583e-06
4,79466,0.00011052584127355657,9.972637820319313e-06
4,79476,8.951024278758268e-05,9.972630851968273e-06
4,79486,7.082975466801144e-05,9.972623882732463e-06
4,79496,0.00010821260393640841,9.972616912611883e-06
4,79506,6.152070250209363e-05,9.972609941606537e-06
4,79516,0.00010199118873970291,9.972602969716424e-06
4,79526,6.44900270344806e-05,9.97259599694155e-06
4,79536,7.497038727706241e-05,9.972589023281907e-06
4,79546,9.844942346717289e-05,9.972582048737506e-06
4,79556,6.824834185863438e-05,9.972575073308342e-06
4,79566,7.026048751868075e-05,9.972568096994418e-06
4,79576,0.0001217380045545724,9.972561119795736e-06
4,79586,7.375610121016508e-05,9.972554141712296e-06
4,79596,6.63947744669713e-05,9.972547162744098e-06
4,79606,6.583895933545136e-05,9.972540182891147e-06
4,79616,8.55434949244227e-05,9.972533202153436e-06
4,79626,7.344488612943678e-05,9.972526220530975e-06
4,79636,8.732352139304567e-05,9.972519238023763e-06
4,79646,8.153236963153177e-05,9.972512254631801e-06
4,79656,9.394592002536227e-05,9.972505270355094e-06
4,79666,7.549321380793118e-05,9.972498285193638e-06
4,79676,7.733095822004543e-05,9.972491299147436e-06
4,79686,8.841060657687193e-05,9.972484312216486e-06
4,79696,8.201785781238868e-05,9.972477324400792e-06
4,79706,8.333872274306485e-05,9.972470335700354e-06
4,79716,9.099006042561087e-05,9.972463346115177e-06
4,79726,8.390882012463407e-05,9.97245635564526e-06
4,79736,0.00010456489444550243,9.972449364290604e-06
4,79746,7.239898982334126e-05,9.972442372051207e-06
4,79756,6.813902045905708e-05,9.972435378927076e-06
4,79766,6.606416786780756e-05,9.972428384918212e-06
4,79776,0.00010066293475574639,9.972421390024615e-06
4,79786,8.538050119568651e-05,9.972414394246282e-06
4,79796,7.248533497659083e-05,9.972407397583219e-06
4,79806,9.303488627665502e-05,9.972400400035426e-06
4,79816,9.225342810168514e-05,9.972393401602902e-06
4,79826,0.00010274179753650969,9.972386402285648e-06
4,79836,6.437734095925406e-05,9.97237940208367e-06
4,79846,7.14237168267573e-05,9.972372400996966e-06
4,79856,8.975388582257437e-05,9.972365399025543e-06
4,79866,8.209484326471284e-05,9.972358396169396e-06
4,79876,7.543749861724792e-05,9.972351392428527e-06
4,79886,0.00012127049290029389,9.972344387802933e-06
4,79896,8.694702623870398e-05,9.972337382292624e-06
4,79906,8.983441703094285e-05,9.972330375897596e-06
4,79916,7.719973036728334e-05,9.972323368617853e-06
4,79926,0.000100958202892798,9.972316360453388e-06
4,79936,8.48722644150257e-05,9.97230935140421e-06
4,79946,6.868370978736493e-05,9.972302341470324e-06
4,79956,0.00010428681398479966,9.972295330651726e-06
4,79966,7.047253702694434e-05,9.972288318948416e-06
4,79976,7.317315030377358e-05,9.972281306360395e-06
4,79986,6.710603847750463e-05,9.97227429288767e-06
4,79996,8.662862510391278e-05,9.972267278530238e-06
4,80006,0.00010231726491838343,9.9722602632881e-06
4,80016,9.104484820454672e-05,9.972253247161259e-06
4,80026,7.468118565157056e-05,9.972246230149716e-06
4,80036,0.0001537663382350729,9.972239212253469e-06
4,80046,0.00010821180981110957,9.972232193472522e-06
4,80056,0.00010994294502779668,9.972225173806877e-06
4,80066,9.08708051611029e-05,9.972218153256532e-06
4,80076,8.433435500592167e-05,9.97221113182149e-06
4,80086,8.619173763690924e-05,9.972204109501755e-06
4,80096,0.00010473873339833517,9.972197086297325e-06
4,80106,7.938324206406833e-05,9.972190062208202e-06
4,80116,8.590539323449775e-05,9.972183037234392e-06
4,80126,7.864856565902301e-05,9.972176011375888e-06
4,80136,9.765463537405594e-05,9.972168984632696e-06
4,80146,9.825818283388798e-05,9.97216195700481e-06
4,80156,7.732356652923045e-05,9.972154928492241e-06
4,80166,6.418701914299164e-05,9.972147899094988e-06
4,80176,8.829337539282279e-05,9.972140868813048e-06
4,80186,5.804982333756925e-05,9.972133837646427e-06
4,80196,8.754549235163722e-05,9.972126805595127e-06
4,80206,8.179707506315027e-05,9.972119772659146e-06
4,80216,6.151561947262963e-05,9.972112738838485e-06
4,80226,9.307691589128809e-05,9.972105704133145e-06
4,80236,8.567786358071316e-05,9.97209866854313e-06
4,80246,9.063624024747696e-05,9.972091632068443e-06
4,80256,8.236925668825279e-05,9.97208459470908e-06
4,80266,9.830439316829143e-05,9.972077556465045e-06
4,80276,7.436119981321098e-05,9.972070517336338e-06
4,80286,8.466452695756743e-05,9.972063477322957e-06
4,80296,7.618470926900045e-05,9.97205643642491e-06
4,80306,6.290209544204117e-05,9.972049394642196e-06
4,80316,0.00010548019977250077,9.972042351974813e-06
4,80326,8.789494922893937e-05,9.972035308422764e-06
4,80336,7.397684635179758e-05,9.972028263986055e-06
4,80346,8.870788360582083e-05,9.972021218664679e-06
4,80356,8.402373509852622e-05,9.972014172458646e-06
4,80366,7.858654380470398e-05,9.97200712536795e-06
4,80376,9.443561407351808e-05,9.972000077392598e-06
4,80386,8.28418138098641e-05,9.971993028532586e-06
4,80396,7.998852038326731e-05,9.971985978787917e-06
4,80406,9.576448187544883e-05,9.971978928158594e-06
4,80416,8.471371725136124e-05,9.971971876644617e-06
4,80426,7.866782921155391e-05,9.971964824245986e-06
4,80436,8.833064498503518e-05,9.971957770962705e-06
4,80446,8.325000999320765e-05,9.971950716794773e-06
4,80456,9.139240437434637e-05,9.97194366174219e-06
4,80466,7.20157912837749e-05,9.97193660580496e-06
4,80476,6.556978978551342e-05,9.971929548983084e-06
4,80486,7.627114605384122e-05,9.971922491276565e-06
4,80496,6.543246395267488e-05,9.971915432685402e-06
4,80506,8.21256604467635e-05,9.971908373209597e-06
4,80516,8.502635860168084e-05,9.971901312849147e-06
4,80526,8.341393336195323e-05,9.971894251604058e-06
4,80536,7.055057631077943e-05,9.97188718947433e-06
4,80546,6.676540838270739e-05,9.971880126459965e-06
4,80556,8.769345431574037e-05,9.971873062560964e-06
4,80566,9.231268190887932e-05,9.971865997777325e-06
4,80576,8.815470769150125e-05,9.971858932109052e-06
4,80586,9.818794292186795e-05,9.97185186555615e-06
4,80596,7.80490257056954e-05,9.971844798118618e-06
4,80606,6.739316495441017e-05,9.971837729796453e-06
4,80616,8.698412566445767e-05,9.971830660589661e-06
4,80626,9.006022032735926e-05,9.97182359049824e-06
4,80636,8.06918406397017e-05,9.97181651952219e-06
4,80646,7.526201438849965e-05,9.971809447661513e-06
4,80656,8.665261557325721e-05,9.971802374916219e-06
4,80666,7.778459030305385e-05,9.971795301286299e-06
4,80676,7.884581636972144e-05,9.971788226771764e-06
4,80686,7.754662356092012e-05,9.971781151372604e-06
4,80696,8.815128408059535e-05,9.971774075088826e-06
4,80706,6.49620176773169e-05,9.971766997920427e-06
4,80716,7.966318562466768e-05,9.971759919867416e-06
4,80726,9.568910686539312e-05,9.971752840929786e-06
4,80736,9.449024087189174e-05,9.971745761107548e-06
4,80746,7.175247510531334e-05,9.971738680400696e-06
4,80756,6.17012920884008e-05,9.971731598809235e-06
4,80766,8.995911884994712e-05,9.971724516333159e-06
4,80776,8.167156811396125e-05,9.971717432972471e-06
4,80786,0.00010980879137605371,9.971710348727182e-06
4,80796,8.701274819031823e-05,9.971703263597286e-06
4,80806,7.683850044486462e-05,9.971696177582784e-06
4,80816,7.456659172930813e-05,9.971689090683676e-06
4,80826,8.074025695350428e-05,9.971682002899967e-06
4,80836,9.32172316879587e-05,9.97167491423166e-06
4,80846,8.626824142083933e-05,9.971667824678751e-06
4,80856,7.86128331128566e-05,9.971660734241242e-06
4,80866,9.224777513736627e-05,9.971653642919137e-06
4,80876,7.43855283872108e-05,9.971646550712432e-06
4,80886,8.077848242464823e-05,9.971639457621133e-06
4,80896,0.00012287298927731173,9.971632363645243e-06
4,80906,9.142346825683489e-05,9.971625268784758e-06
4,80916,6.537027416015918e-05,9.971618173039685e-06
4,80926,9.435665683668048e-05,9.971611076410022e-06
4,80936,0.00010524840631660481,9.971603978895768e-06
4,80946,8.285223643724748e-05,9.971596880496927e-06
4,80956,8.14617629202985e-05,9.971589781213501e-06
4,80966,9.616024667593592e-05,9.971582681045488e-06
4,80976,9.153277364930544e-05,9.971575579992895e-06
4,80986,7.593106065542089e-05,9.971568478055718e-06
4,80996,0.0001133845828462654,9.97156137523396e-06
4,81006,8.380650629078446e-05,9.971554271527621e-06
4,81016,8.252631564573676e-05,9.971547166936705e-06
4,81026,9.960746410797583e-05,9.971540061461209e-06
4,81036,0.00011689980033224856,9.97153295510114e-06
4,81046,8.355663135262148e-05,9.971525847856491e-06
4,81056,6.943050461813983e-05,9.971518739727273e-06
4,81066,9.396637797181029e-05,9.971511630713483e-06
4,81076,7.828131538190063e-05,9.971504520815121e-06
4,81086,8.616206328042607e-05,9.971497410032195e-06
4,81096,7.97294233507273e-05,9.9714902983647e-06
4,81106,6.893837817187887e-05,9.971483185812633e-06
4,81116,5.251891234365757e-05,9.971476072376001e-06
4,81126,0.00010615890701046738,9.97146895805481e-06
4,81136,8.503803201165283e-05,9.971461842849051e-06
4,81146,8.818079932098043e-05,9.971454726758728e-06
4,81156,8.320938804899923e-05,9.971447609783848e-06
4,81166,0.0001027743858685426,9.971440491924408e-06
4,81176,9.019482304211123e-05,9.97143337318041e-06
4,81186,7.479409537154424e-05,9.971426253551856e-06
4,81196,9.806786461012963e-05,9.971419133038745e-06
4,81206,8.343772178704967e-05,9.971412011641079e-06
4,81216,9.142675480688922e-05,9.971404889358858e-06
4,81226,6.432533186853106e-05,9.97139776619209e-06
4,81236,7.246822674460418e-05,9.971390642140768e-06
4,81246,6.689941665172228e-05,9.971383517204895e-06
4,81256,7.068494073791953e-05,9.971376391384479e-06
4,81266,7.447490920640121e-05,9.971369264679515e-06
4,81276,6.865922787255841e-05,9.971362137090004e-06
4,81286,0.00010145551050300128,9.971355008615949e-06
4,81296,8.014725194698258e-05,9.971347879257351e-06
4,81306,7.024439432825602e-05,9.97134074901421e-06
4,81316,9.884782389235625e-05,9.971333617886533e-06
4,81326,7.453070575138553e-05,9.971326485874312e-06
4,81336,8.649988444631163e-05,9.971319352977551e-06
4,81346,9.904592820930704e-05,9.971312219196257e-06
4,81356,7.845080981496721e-05,9.971305084530428e-06
4,81366,6.955763810765348e-05,9.971297948980065e-06
4,81376,9.150101577688474e-05,9.97129081254517e-06
4,81386,7.993978501872335e-05,9.971283675225743e-06
4,81396,8.678465101183975e-05,9.971276537021784e-06
4,81406,7.018426667855239e-05,9.971269397933294e-06
4,81416,8.292449711007067e-05,9.97126225796028e-06
4,81426,8.07725951744942e-05,9.97125511710274e-06
4,81436,7.116603346730699e-05,9.971247975360676e-06
4,81446,6.298708563008404e-05,9.971240832734084e-06
4,81456,8.097779491436085e-05,9.97123368922297e-06
4,81466,6.0559900339285386e-05,9.971226544827334e-06
4,81476,7.030687952465086e-05,9.971219399547182e-06
4,81486,9.482320597271609e-05,9.971212253382506e-06
4,81496,8.530298437108286e-05,9.971205106333313e-06
4,81506,8.996656838462513e-05,9.971197958399608e-06
4,81516,8.813399717837457e-05,9.971190809581383e-06
4,81526,7.046821792755509e-05,9.971183659878646e-06
4,81536,8.155254568009697e-05,9.971176509291402e-06
4,81546,7.40420251077012e-05,9.97116935781964e-06
4,81556,9.786293276192737e-05,9.971162205463372e-06
4,81566,0.0001090958393888286,9.971155052222594e-06
4,81576,0.0001154735481577518,9.97114789809731e-06
4,81586,8.04852018973179e-05,9.971140743087517e-06
4,81596,7.247410658237641e-05,9.97113358719322e-06
4,81606,7.647676966371364e-05,9.97112643041442e-06
4,81616,7.692132226111426e-05,9.97111927275112e-06
4,81626,8.321513842020068e-05,9.971112114203317e-06
4,81636,8.22846706796554e-05,9.971104954771014e-06
4,81646,9.225551598319727e-05,9.971097794454214e-06
4,81656,0.00011954608685300628,9.971090633252917e-06
4,81666,9.98566344151186e-05,9.971083471167124e-06
4,81676,6.993234155743267e-05,9.971076308196832e-06
4,81686,0.00011214849755560862,9.97106914434205e-06
4,81696,7.910101276138449e-05,9.971061979602779e-06
4,81706,8.901979499569278e-05,9.971054813979012e-06
4,81716,9.973349328902259e-05,9.971047647470759e-06
4,81726,7.974467380336136e-05,9.971040480078014e-06
4,81736,7.500081396756286e-05,9.971033311800783e-06
4,81746,9.365396140310623e-05,9.971026142639067e-06
4,81756,9.840892103056832e-05,9.971018972592862e-06
4,81766,6.581509351235581e-05,9.971011801662178e-06
4,81776,7.684737579438661e-05,9.971004629847012e-06
4,81786,0.00010763252535070933,9.970997457147365e-06
4,81796,0.0001768042504863843,9.970990283563237e-06
4,81806,8.020968275559425e-05,9.970983109094632e-06
4,81816,7.279201035998996e-05,9.970975933741548e-06
4,81826,0.00010593520855763928,9.970968757503991e-06
4,81836,8.048462177612237e-05,9.97096158038196e-06
4,81846,7.681412448619085e-05,9.970954402375455e-06
4,81856,8.482464991175221e-05,9.970947223484478e-06
4,81866,8.651477078274184e-05,9.97094004370903e-06
4,81876,7.396254432023852e-05,9.970932863049116e-06
4,81886,0.00011014164347216137,9.970925681504733e-06
4,81896,0.00012214818675602147,9.97091849907589e-06
4,81906,7.742033503745915e-05,9.970911315762576e-06
4,81916,9.85458976629161e-05,9.970904131564799e-06
4,81926,7.963960142660654e-05,9.970896946482561e-06
4,81936,8.261240213869314e-05,9.97088976051586e-06
4,81946,9.269458587368719e-05,9.970882573664697e-06
4,81956,8.29175974104146e-05,9.970875385929073e-06
4,81966,9.767257388375582e-05,9.970868197308995e-06
4,81976,0.00010380233870819212,9.970861007804458e-06
4,81986,7.637159428668383e-05,9.970853817415466e-06
4,81996,8.611288590145704e-05,9.970846626142022e-06
4,82006,7.486347603844479e-05,9.970839433984122e-06
4,82016,9.89490172287333e-05,9.970832240941771e-06
4,82026,7.071497789183923e-05,9.970825047014975e-06
4,82036,9.266445122193545e-05,9.970817852203727e-06
4,82046,0.00010093789278471375,9.970810656508031e-06
4,82056,6.65576527808298e-05,9.970803459927892e-06
4,82066,7.208004562926362e-05,9.970796262463311e-06
4,82076,0.00010792398575176775,9.97078906411428e-06
4,82086,9.277323583773977e-05,9.97078186488081e-06
4,82096,9.06186987322144e-05,9.970774664762899e-06
4,82106,8.215347052100696e-05,9.970767463760545e-06
4,82116,0.00010899778853854514,9.970760261873754e-06
4,82126,0.00011767833975682151,9.97075305910253e-06
4,82136,8.228620363297522e-05,9.970745855446863e-06
4,82146,5.726820422751189e-05,9.970738650906763e-06
4,82156,9.501364497737085e-05,9.970731445482233e-06
4,82166,8.93805964551575e-05,9.970724239173268e-06
4,82176,7.259902413352392e-05,9.970717031979877e-06
4,82186,6.149697915134312e-05,9.970709823902052e-06
4,82196,8.258405100605159e-05,9.970702614939802e-06
4,82206,8.817409197945381e-05,9.970695405093125e-06
4,82216,7.894223017501645e-05,9.97068819436202e-06
4,82226,9.831637576098729e-05,9.970680982746488e-06
4,82236,8.40249776501878e-05,9.970673770246538e-06
4,82246,0.00011199653704352386,9.970666556862165e-06
4,82256,8.43996729599894e-05,9.97065934259337e-06
4,82266,7.597838671244972e-05,9.970652127440159e-06
4,82276,8.954216236816137e-05,9.970644911402524e-06
4,82286,0.00011007444659298925,9.970637694480477e-06
4,82296,7.721705242147436e-05,9.970630476674013e-06
4,82306,5.9681469019778886e-05,9.970623257983136e-06
4,82316,7.918940264062257e-05,9.970616038407846e-06
4,82326,0.00011015707800652308,9.970608817948144e-06
4,82336,8.154895240295445e-05,9.970601596604033e-06
4,82346,7.82437383350043e-05,9.97059437437551e-06
4,82356,9.60915316682076e-05,9.970587151262581e-06
4,82366,8.762433035371941e-05,9.970579927265246e-06
4,82376,7.346401503127709e-05,9.970572702383505e-06
4,82386,9.077163413167e-05,9.970565476617359e-06
4,82396,8.422754235652973e-05,9.970558249966815e-06
4,82406,6.33480345186399e-05,9.970551022431867e-06
4,82416,6.507238763333589e-05,9.97054379401252e-06
4,82426,6.437228353206592e-05,9.970536564708774e-06
4,82436,7.297449051293369e-05,9.97052933452063e-06
4,82446,0.00010801032631206907,9.97052210344809e-06
4,82456,9.306715337515926e-05,9.970514871491156e-06
4,82466,8.640972023385985e-05,9.970507638649826e-06
4,82476,6.536622408930271e-05,9.970500404924106e-06
4,82486,8.054377763073717e-05,9.970493170313999e-06
4,82496,9.758252649589849e-05,9.9704859348195e-06
4,82506,8.106806808427791e-05,9.970478698440609e-06
4,82516,7.920230782474392e-05,9.970471461177333e-06
4,82526,0.00010027943230852542,9.97046422302967e-06
4,82536,8.273963449028087e-05,9.970456983997624e-06
4,82546,8.818016053737665e-05,9.970449744081196e-06
4,82556,7.666466740374744e-05,9.970442503280384e-06
4,82566,7.873996491980506e-05,9.970435261595192e-06
4,82576,7.397456829494331e-05,9.97042801902562e-06
4,82586,6.94253856636351e-05,9.970420775571673e-06
4,82596,9.284863649554608e-05,9.970413531233346e-06
4,82606,7.815108269824122e-05,9.970406286010644e-06
4,82616,7.592687779833796e-05,9.97039903990357e-06
4,82626,7.967479773469676e-05,9.970391792912123e-06
4,82636,7.365164669863589e-05,9.970384545036306e-06
4,82646,9.457074115744036e-05,9.970377296276117e-06
4,82656,6.498882526102534e-05,9.970370046631557e-06
4,82666,6.732587426085956e-05,9.970362796102631e-06
4,82676,8.253057253568841e-05,9.970355544689337e-06
4,82686,7.379270591627573e-05,9.970348292391679e-06
4,82696,8.744627034502629e-05,9.970341039209657e-06
4,82706,7.987737535586348e-05,9.970333785143269e-06
4,82716,8.268713104371272e-05,9.970326530192524e-06
4,82726,7.832073329154808e-05,9.97031927435742e-06
4,82736,8.171939944077167e-05,9.970312017637951e-06
4,82746,8.005785666682642e-05,9.970304760034128e-06
4,82756,7.300162415049271e-05,9.97029750154595e-06
4,82766,8.547698889742606e-05,9.970290242173419e-06
4,82776,9.254124397557461e-05,9.970282981916531e-06
4,82786,6.707743887091056e-05,9.970275720775294e-06
4,82796,6.409719044313534e-05,9.970268458749701e-06
4,82806,6.647080685979746e-05,9.970261195839762e-06
4,82816,7.481080660909356e-05,9.970253932045475e-06
4,82826,6.759684379176178e-05,9.970246667366838e-06
4,82836,7.954965567478211e-05,9.970239401803858e-06
4,82846,0.00011800226952800586,9.970232135356533e-06
4,82856,8.090152205113555e-05,9.970224868024865e-06
4,82866,9.21468511933199e-05,9.970217599808856e-06
4,82876,7.088463512445742e-05,9.970210330708506e-06
4,82886,8.528321263838734e-05,9.970203060723814e-06
4,82896,8.588073224018445e-05,9.970195789854787e-06
4,82906,9.437874005016055e-05,9.970188518101421e-06
4,82916,7.598353795401636e-05,9.970181245463722e-06
4,82926,9.477914882154437e-05,9.97017397194169e-06
4,82936,0.00010958015154756141,9.970166697535324e-06
4,82946,7.522477726524812e-05,9.970159422244626e-06
4,82956,7.475070374312054e-05,9.970152146069602e-06
4,82966,7.522721389250365e-05,9.970144869010245e-06
4,82976,9.816087990657251e-05,9.970137591066564e-06
4,82986,6.823909129707317e-05,9.970130312238552e-06
4,82996,6.733764557793621e-05,9.970123032526213e-06
4,83006,0.00010301188531229855,9.970115751929554e-06
4,83016,6.498059760815521e-05,9.970108470448568e-06
4,83026,8.48136479362438e-05,9.970101188083267e-06
4,83036,9.34187349230342e-05,9.97009390483364e-06
4,83046,9.29805686155305e-05,9.9700866206997e-06
4,83056,8.689542910360614e-05,9.970079335681441e-06
4,83066,8.025682086554298e-05,9.970072049778867e-06
4,83076,8.27653349006141e-05,9.970064762991978e-06
4,83086,8.680803139213822e-05,9.970057475320774e-06
4,83096,0.00010079526732624798,9.970050186765259e-06
4,83106,0.00010956619435091852,9.970042897325433e-06
4,83116,8.495321826558212e-05,9.970035607001296e-06
4,83126,6.406560551113215e-05,9.970028315792852e-06
4,83136,9.535868553030015e-05,9.9700210237001e-06
4,83146,0.00010355971007811605,9.970013730723043e-06
4,83156,8.75487916800921e-05,9.97000643686168e-06
4,83166,8.063239265538868e-05,9.969999142116016e-06
4,83176,8.786095950199523e-05,9.969991846486052e-06
4,83186,7.268357753673627e-05,9.969984549971785e-06
4,83196,7.39318569230818e-05,9.969977252573219e-06
4,83206,6.999754750722787e-05,9.969969954290356e-06
4,83216,7.749683045403799e-05,9.969962655123195e-06
4,83226,0.0001195777362681838,9.96995535507174e-06
4,83236,8.013353644855669e-05,9.969948054135987e-06
4,83246,9.799607992135861e-05,9.969940752315946e-06
4,83256,8.048093945944856e-05,9.969933449611613e-06
4,83266,7.401343009405535e-05,9.96992614602299e-06
4,83276,0.00012503236353040849,9.969918841550078e-06
4,83286,8.369316115022229e-05,9.969911536192877e-06
4,83296,7.333302764891413e-05,9.969904229951388e-06
4,83306,9.222673461408703e-05,9.969896922825621e-06
4,83316,7.077870000102849e-05,9.969889614815564e-06
4,83326,0.00011087261677857895,9.969882305921226e-06
4,83336,7.785448210597678e-05,9.96987499614261e-06
4,83346,9.060046154445445e-05,9.969867685479718e-06
4,83356,0.00010015104694502951,9.969860373932544e-06
4,83366,8.721931794752891e-05,9.969853061501091e-06
4,83376,7.464449149665597e-05,9.969845748185361e-06
4,83386,7.802366708347107e-05,9.96983843398536e-06
4,83396,8.616994336989592e-05,9.969831118901087e-06
4,83406,7.98734573436377e-05,9.969823802932538e-06
4,83416,8.163189895640243e-05,9.969816486079722e-06
4,83426,6.670138618574129e-05,9.969809168342633e-06
4,83436,8.002887875591114e-05,9.969801849721279e-06
4,83446,8.150206863319909e-05,9.969794530215656e-06
4,83456,5.605655424005818e-05,9.96978720982577e-06
4,83466,7.75497067024844e-05,9.96977988855162e-06
4,83476,6.987831734477367e-05,9.969772566393206e-06
4,83486,7.68146839163819e-05,9.96976524335053e-06
4,83496,8.74250134529575e-05,9.969757919423595e-06
4,83506,9.403146309523436e-05,9.9697505946124e-06
4,83516,9.190293444589771e-05,9.969743268916945e-06
4,83526,8.278109849015892e-05,9.969735942337238e-06
4,83536,8.247752825809584e-05,9.969728614873275e-06
4,83546,8.535323363503266e-05,9.969721286525057e-06
4,83556,6.657834487668878e-05,9.969713957292587e-06
4,83566,7.783905780343048e-05,9.969706627175868e-06
4,83576,7.314402523661556e-05,9.969699296174898e-06
4,83586,9.119364781327022e-05,9.969691964289679e-06
4,83596,8.310283396895102e-05,9.969684631520213e-06
4,83606,8.014565482881154e-05,9.969677297866504e-06
4,83616,8.384973366446503e-05,9.969669963328549e-06
4,83626,6.178130129228521e-05,9.969662627906347e-06
4,83636,7.684300289838575e-05,9.969655291599905e-06
4,83646,8.11298029475438e-05,9.969647954409226e-06
4,83656,8.480406672788378e-05,9.969640616334305e-06
4,83666,8.826367611618479e-05,9.969633277375147e-06
4,83676,5.715255415452702e-05,9.969625937531752e-06
4,83686,0.00010301688894287508,9.969618596804122e-06
4,83696,8.500986837134406e-05,9.969611255192262e-06
4,83706,0.00013306807504704922,9.969603912696166e-06
4,83716,7.74290312165249e-05,9.96959656931584e-06
4,83726,7.66176062370505e-05,9.96958922505128e-06
4,83736,7.214631323222421e-05,9.969581879902496e-06
4,83746,7.543986384916934e-05,9.969574533869482e-06
4,83756,7.375620411949057e-05,9.969567186952243e-06
4,83766,9.210380226249982e-05,9.969559839150779e-06
4,83776,6.755519862053916e-05,9.969552490465088e-06
4,83786,8.613029854132037e-05,9.969545140895177e-06
4,83796,7.634670041625213e-05,9.969537790441048e-06
4,83806,8.031413472053828e-05,9.969530439102699e-06
4,83816,7.788265775161562e-05,9.969523086880125e-06
4,83826,8.75524011462403e-05,9.969515733773337e-06
4,83836,7.151759314183437e-05,9.969508379782335e-06
4,83846,8.644669424029415e-05,9.969501024907117e-06
4,83856,8.079623125922808e-05,9.969493669147688e-06
4,83866,6.785401014894888e-05,9.96948631250405e-06
4,83876,8.966067493929586e-05,9.9694789549762e-06
4,83886,7.196012852546118e-05,9.96947159656414e-06
4,83896,7.8351615320571e-05,9.969464237267869e-06
4,83906,7.183671259554103e-05,9.96945687708739e-06
4,83916,9.624704457564802e-05,9.969449516022708e-06
4,83926,7.624925751770206e-05,9.969442154073824e-06
4,83936,7.218799250949815e-05,9.969434791240738e-06
4,83946,8.972680952865631e-05,9.969427427523451e-06
4,83956,8.525397233825061e-05,9.969420062921959e-06
4,83966,7.360085492109647e-05,9.969412697436269e-06
4,83976,8.38325775021076e-05,9.969405331066383e-06
4,83986,8.208692411244557e-05,9.969397963812304e-06
4,83996,8.0981140717995e-05,9.969390595674025e-06
4,84006,6.310107687568234e-05,9.969383226651558e-06
4,84016,9.219763378496282e-05,9.969375856744898e-06
4,84026,7.710048212175024e-05,9.969368485954044e-06
4,84036,0.00010466657249708078,9.969361114279003e-06
4,84046,8.016552947083255e-05,9.969353741719773e-06
4,84056,7.804423312336439e-05,9.969346368276356e-06
4,84066,6.907376259732701e-05,9.969338993948754e-06
4,84076,7.735185490673758e-05,9.969331618736967e-06
4,84086,9.135795680776938e-05,9.969324242640999e-06
4,84096,9.824500166359939e-05,9.969316865660848e-06
4,84106,8.860762204676575e-05,9.969309487796516e-06
4,84116,7.136084109333751e-05,9.969302109048004e-06
4,84126,9.634130274207564e-05,9.969294729415317e-06
4,84136,7.007185345173639e-05,9.96928734889845e-06
4,84146,0.00010021310613410604,9.969279967497413e-06
4,84156,7.032928310763964e-05,9.969272585212197e-06
4,84166,7.786339692756883e-05,9.96926520204281e-06
4,84176,8.45471407956211e-05,9.96925781798925e-06
4,84186,6.382896976901975e-05,9.96925043305152e-06
4,84196,7.34339938389894e-05,9.96924304722962e-06
4,84206,9.157498780041352e-05,9.96923566052355e-06
4,84216,0.000116049740336166,9.969228272933319e-06
4,84226,6.850467243566528e-05,9.969220884458924e-06
4,84236,8.429008248640457e-05,9.969213495100368e-06
4,84246,8.33560129194666e-05,9.969206104857652e-06
4,84256,8.692460601196218e-05,9.96919871373077e-06
4,84266,7.464401892320895e-05,9.969191321719729e-06
4,84276,9.118029593082611e-05,9.969183928824532e-06
4,84286,8.792154612820015e-05,9.96917653504518e-06
4,84296,8.969844898274459e-05,9.969169140381674e-06
4,84306,7.999034482963907e-05,9.969161744834008e-06
4,84316,9.057335555553436e-05,9.969154348402195e-06
4,84326,7.730356333013333e-05,9.969146951086229e-06
4,84336,0.00010179838168369315,9.96913955288611e-06
4,84346,7.421415825774602e-05,9.969132153801845e-06
4,84356,7.179250537774351e-05,9.969124753833432e-06
4,84366,9.783344321476762e-05,9.969117352980873e-06
4,84376,8.044954097385926e-05,9.96910995124417e-06
4,84386,7.364017264990252e-05,9.969102548623323e-06
4,84396,8.503444164489337e-05,9.969095145118328e-06
4,84406,0.00011379653828953452,9.969087740729198e-06
4,84416,7.783290816405497e-05,9.96908033545593e-06
4,84426,7.088783822837285e-05,9.969072929298518e-06
4,84436,8.124224987113848e-05,9.969065522256971e-06
4,84446,6.274826500884956e-05,9.969058114331288e-06
4,84456,0.0001395106747168029,9.969050705521474e-06
4,84466,8.692450696798914e-05,9.969043295827527e-06
4,84476,7.299842159227411e-05,9.969035885249447e-06
4,84486,7.536256225648685e-05,9.969028473787232e-06
4,84496,0.00010409548672214443,9.969021061440895e-06
4,84506,8.21725241621607e-05,9.96901364821043e-06
4,84516,6.985344880376943e-05,9.969006234095833e-06
4,84526,9.771539071152803e-05,9.968998819097115e-06
4,84536,7.653893862880068e-05,9.968991403214272e-06
4,84546,0.00013553059884543475,9.968983986447307e-06
4,84556,8.593383204242856e-05,9.968976568796219e-06
4,84566,9.78532539193111e-05,9.968969150261011e-06
4,84576,8.03473298674362e-05,9.968961730841688e-06
4,84586,6.425357396437903e-05,9.968954310538246e-06
4,84596,6.915497065165254e-05,9.968946889350689e-06
4,84606,6.394995630216726e-05,9.968939467279019e-06
4,84616,9.55553420681099e-05,9.968932044323233e-06
4,84626,6.899757577230047e-05,9.96892462048334e-06
4,84636,7.806079256624798e-05,9.968917195759331e-06
4,84646,9.674883181105544e-05,9.968909770151214e-06
4,84656,7.43893599974399e-05,9.968902343658991e-06
4,84666,0.0001005762401746324,9.96889491628266e-06
4,84676,9.599919771972055e-05,9.968887488022223e-06
4,84686,6.318935547824366e-05,9.968880058877681e-06
4,84696,6.851991588519013e-05,9.96887262884904e-06
4,84706,9.610241972950462e-05,9.968865197936292e-06
4,84716,9.208646524712094e-05,9.968857766139449e-06
4,84726,8.289291768051043e-05,9.968850333458508e-06
4,84736,9.674748644101784e-05,9.968842899893468e-06
4,84746,0.00011195481720278621,9.968835465444338e-06
4,84756,9.10407052742812e-05,9.968828030111112e-06
4,84766,8.507761822329485e-05,9.968820593893792e-06
4,84776,8.340884628523781e-05,9.968813156792374e-06
4,84786,6.757597197974974e-05,9.968805718806867e-06
4,84796,0.00011955660334024287,9.968798279937272e-06
4,84806,8.886930277185456e-05,9.968790840183588e-06
4,84816,8.70258934355661e-05,9.96878339954582e-06
4,84826,7.347183959609537e-05,9.968775958023962e-06
4,84836,7.118961952983226e-05,9.968768515618021e-06
4,84846,8.598327081017488e-05,9.968761072327996e-06
4,84856,8.771473621891346e-05,9.968753628153892e-06
4,84866,0.0001109925450236915,9.968746183095705e-06
4,84876,0.0001030294800784759,9.968738737153442e-06
4,84886,8.994259392238745e-05,9.968731290327102e-06
4,84896,6.529476536343282e-05,9.968723842616685e-06
4,84906,8.160424563357083e-05,9.968716394022194e-06
4,84916,5.5227537222890534e-05,9.96870894454363e-06
4,84926,8.855375385792285e-05,9.96870149418099e-06
4,84936,8.294140902762591e-05,9.968694042934281e-06
4,84946,9.258151790163538e-05,9.968686590803502e-06
4,84956,8.072974187598447e-05,9.968679137788655e-06
4,84966,9.731095587994787e-05,9.968671683889738e-06
4,84976,6.563049187207071e-05,9.968664229106762e-06
4,84986,8.560843098166513e-05,9.968656773439719e-06
4,84996,6.984049846323615e-05,9.96864931688861e-06
4,85006,8.921952608034189e-05,9.96864185945344e-06
4,85016,6.223427253644331e-05,9.968634401134217e-06
4,85026,9.416604475518398e-05,9.968626941930928e-06
4,85036,6.566846664100013e-05,9.968619481843581e-06
4,85046,8.646316118756658e-05,9.96861202087218e-06
4,85056,9.019355984491994e-05,9.968604559016723e-06
4,85066,8.721178010091536e-05,9.968597096277214e-06
4,85076,7.163670084082696e-05,9.968589632653651e-06
4,85086,8.33421070183249e-05,9.96858216814604e-06
4,85096,8.118433215713593e-05,9.968574702754378e-06
4,85106,7.829228079572204e-05,9.968567236478668e-06
4,85116,8.505044952471508e-05,9.968559769318912e-06
4,85126,7.795300439283892e-05,9.968552301275108e-06
4,85136,8.533073282706029e-05,9.968544832347264e-06
4,85146,9.06510041659203e-05,9.968537362535374e-06
4,85156,9.305336038778478e-05,9.96852989183944e-06
4,85166,7.547750478806848e-05,9.968522420259469e-06
4,85176,0.0001106781148337177,9.968514947795463e-06
4,85186,9.344704535578785e-05,9.968507474447413e-06
4,85196,9.0105617800873e-05,9.96850000021533e-06
4,85206,8.226169034060147e-05,9.96849252509921e-06
4,85216,7.967169863150047e-05,9.968485049099058e-06
4,85226,8.521805543750816e-05,9.968477572214871e-06
4,85236,7.676799232285702e-05,9.968470094446653e-06
4,85246,8.933214321587001e-05,9.968462615794408e-06
4,85256,8.391540809498109e-05,9.968455136258136e-06
4,85266,0.00011461418730505102,9.968447655837832e-06
4,85276,5.9359142187531686e-05,9.968440174533504e-06
4,85286,7.858111921450472e-05,9.968432692345153e-06
4,85296,7.320676427298168e-05,9.96842520927278e-06
4,85306,7.20172530691343e-05,9.968417725316379e-06
4,85316,6.71175585466699e-05,9.968410240475957e-06
4,85326,7.769360963720827e-05,9.96840275475152e-06
4,85336,0.00010018963257607537,9.968395268143071e-06
4,85346,8.654267617203004e-05,9.9683877806506e-06
4,85356,0.00010641400613167206,9.968380292274115e-06
4,85366,9.474408989262884e-05,9.968372803013617e-06
4,85376,7.736982047390484e-05,9.968365312869107e-06
4,85386,8.115334126159723e-05,9.968357821840585e-06
4,85396,9.612791964173083e-05,9.968350329928053e-06
4,85406,9.406941740053298e-05,9.968342837131512e-06
4,85416,0.00010004259956986061,9.968335343450965e-06
4,85426,8.8845821983341e-05,9.968327848886412e-06
4,85436,8.719160141481552e-05,9.968320353437854e-06
4,85446,6.732100055160118e-05,9.968312857105296e-06
4,85456,0.00011925557332688186,9.968305359888732e-06
4,85466,7.256010499077093e-05,9.968297861788174e-06
4,85476,6.375496022883453e-05,9.968290362803612e-06
4,85486,8.073500880527716e-05,9.968282862935057e-06
4,85496,9.385188909618591e-05,9.968275362182505e-06
4,85506,8.844227722875076e-05,9.968267860545956e-06
4,85516,7.422418470923731e-05,9.968260358025412e-06
4,85526,7.791901280143065e-05,9.968252854620878e-06
4,85536,9.142477297245931e-05,9.96824535033235e-06
4,85546,7.243784675665665e-05,9.968237845159832e-06
4,85556,8.03336316948844e-05,9.96823033910333e-06
4,85566,9.065142426152307e-05,9.968222832162839e-06
4,85576,8.836133724798856e-05,9.96821532433836e-06
4,85586,7.663983105885564e-05,9.968207815629897e-06
4,85596,0.00010630999672684994,9.96820030603745e-06
4,85606,0.00010215546603831172,9.968192795561024e-06
4,85616,8.680269370415772e-05,9.968185284200617e-06
4,85626,6.754425157851074e-05,9.968177771956234e-06
4,85636,0.00012519869874267898,9.96817025882787e-06
4,85646,7.973711417434969e-05,9.96816274481553e-06
4,85656,9.76680782969197e-05,9.968155229919217e-06
4,85666,0.00011224848885831307,9.968147714138932e-06
4,85676,7.46997306123376e-05,9.96814019747467e-06
4,85686,9.612685107640573e-05,9.968132679926438e-06
4,85696,0.0001093944820240722,9.968125161494235e-06
4,85706,0.00011376379511602863,9.968117642178068e-06
4,85716,0.0001151976352048223,9.968110121977931e-06
4,85726,7.389174056697812e-05,9.968102600893827e-06
4,85736,8.207630794458965e-05,9.968095078925761e-06
4,85746,7.645481523468333e-05,9.968087556073731e-06
4,85756,9.65152070421027e-05,9.968080032337743e-06
4,85766,7.38589793400024e-05,9.96807250771779e-06
4,85776,0.00010152459012715553,9.968064982213875e-06
4,85786,6.46889928248129e-05,9.96805745582601e-06
4,85796,6.660162193838914e-05,9.968049928554186e-06
4,85806,9.565712207404431e-05,9.96804240039841e-06
4,85816,6.354853667289717e-05,9.96803487135868e-06
4,85826,9.272198926737473e-05,9.96802734143499e-06
4,85836,9.293659245486198e-05,9.968019810627361e-06
4,85846,9.749222522259515e-05,9.968012278935776e-06
4,85856,8.774591087785666e-05,9.968004746360248e-06
4,85866,8.08681924809207e-05,9.967997212900771e-06
4,85876,7.488821242986887e-05,9.967989678557345e-06
4,85886,7.819260945325368e-05,9.967982143329976e-06
4,85896,8.45609150474047e-05,9.967974607218662e-06
4,85906,7.187609262473415e-05,9.967967070223405e-06
4,85916,7.63884183470509e-05,9.967959532344213e-06
4,85926,8.03346145858086e-05,9.967951993581078e-06
4,85936,9.013625581246742e-05,9.967944453934006e-06
4,85946,7.836998688617315e-05,9.967936913403002e-06
4,85956,8.823575394671934e-05,9.967929371988057e-06
4,85966,8.30242008305504e-05,9.967921829689184e-06
4,85976,9.041814719239482e-05,9.967914286506375e-06
4,85986,7.632491347067117e-05,9.967906742439636e-06
4,85996,8.147926182573428e-05,9.967899197488968e-06
4,86006,8.704072101863857e-05,9.967891651654371e-06
4,86016,6.361204609675041e-05,9.967884104935848e-06
4,86026,9.09735953882773e-05,9.9678765573334e-06
4,86036,6.925571647116159e-05,9.967869008847027e-06
4,86046,7.205765573417012e-05,9.967861459476734e-06
4,86056,8.789387652541335e-05,9.967853909222516e-06
4,86066,7.941196477077029e-05,9.967846358084378e-06
4,86076,9.185810031340225e-05,9.967838806062323e-06
4,86086,6.856568938928831e-05,9.967831253156352e-06
4,86096,0.00011847701075566875,9.967823699366462e-06
4,86106,0.00010320257215425954,9.96781614469266e-06
4,86116,8.33446016713424e-05,9.967808589134942e-06
4,86126,9.313375308011018e-05,9.967801032693313e-06
4,86136,0.00010960476297441347,9.967793475367774e-06
4,86146,8.805024076536939e-05,9.967785917158328e-06
4,86156,0.00010849086465896106,9.96777835806497e-06
4,86166,9.765808890733753e-05,9.967770798087705e-06
4,86176,6.461664384005417e-05,9.967763237226539e-06
4,86186,7.617234468852985e-05,9.967755675481467e-06
4,86196,6.983666362430086e-05,9.967748112852494e-06
4,86206,8.61657068526256e-05,9.96774054933962e-06
4,86216,7.63344946790312e-05,9.967732984942844e-06
4,86226,9.085952788154828e-05,9.967725419662168e-06
4,86236,7.336427797781653e-05,9.967717853497599e-06
4,86246,8.535454089724225e-05,9.967710286449131e-06
4,86256,5.9674641852325296e-05,9.967702718516772e-06
4,86266,6.829288577137049e-05,9.967695149700518e-06
4,86276,0.0001021980515361065,9.96768758000037e-06
4,86286,7.864265744501608e-05,9.967680009416331e-06
4,86296,0.00010060336571768858,9.967672437948405e-06
4,86306,9.117062995755987e-05,9.96766486559659e-06
4,86316,0.00010669203898032719,9.967657292360891e-06
4,86326,0.00010100658359988302,9.967649718241306e-06
4,86336,6.017280447849771e-05,9.96764214323784e-06
4,86346,0.0001052526961757394,9.967634567350488e-06
4,86356,9.391653184138704e-05,9.967626990579255e-06
4,86366,7.196950191428185e-05,9.967619412924143e-06
4,86376,9.293264361076581e-05,9.967611834385156e-06
4,86386,8.465679497930978e-05,9.967604254962286e-06
4,86396,7.588156649944722e-05,9.967596674655547e-06
4,86406,8.639034781481313e-05,9.96758909346493e-06
4,86416,8.80578430951573e-05,9.967581511390444e-06
4,86426,9.134170491051918e-05,9.967573928432085e-06
4,86436,6.524373138745432e-05,9.96756634458985e-06
4,86446,7.46071414596372e-05,9.967558759863753e-06
4,86456,8.021585204005532e-05,9.967551174253783e-06
4,86466,6.185057095535739e-05,9.96754358775995e-06
4,86476,8.15585840427957e-05,9.96753600038225e-06
4,86486,5.96163022237306e-05,9.967528412120691e-06
4,86496,8.564073837078467e-05,9.967520822975267e-06
4,86506,7.522475038967968e-05,9.967513232945985e-06
4,86516,8.214710487663979e-05,9.96750564203284e-06
4,86526,4.998536257971864e-05,9.967498050235839e-06
4,86536,8.718518738533022e-05,9.967490457554979e-06
4,86546,7.592130205011927e-05,9.967482863990262e-06
4,86556,9.164263969978493e-05,9.967475269541697e-06
4,86566,8.471253809148037e-05,9.967467674209271e-06
4,86576,9.639658801461336e-05,9.967460077993e-06
4,86586,6.534156309498939e-05,9.967452480892874e-06
4,86596,7.905109855528282e-05,9.967444882908896e-06
4,86606,6.786947992623028e-05,9.967437284041076e-06
4,86616,7.46690011510509e-05,9.967429684289412e-06
4,86626,9.576695538271451e-05,9.967422083653901e-06
4,86636,9.633766103434027e-05,9.967414482134549e-06
4,86646,9.010903513626545e-05,9.967406879731355e-06
4,86656,8.445256430604785e-05,9.96739927644432e-06
4,86666,6.358054379234091e-05,9.967391672273448e-06
4,86676,7.339124367717886e-05,9.967384067218739e-06
4,86686,7.071562254168384e-05,9.967376461280197e-06
4,86696,7.919158683762361e-05,9.967368854457812e-06
4,86706,6.322828739939723e-05,9.967361246751596e-06
4,86716,7.172312593866082e-05,9.967353638161546e-06
4,86726,8.476932712255802e-05,9.967346028687667e-06
4,86736,7.34718913463439e-05,9.96733841832996e-06
4,86746,9.096406297430802e-05,9.967330807088423e-06
4,86756,8.020281379685911e-05,9.967323194963056e-06
4,86766,7.045802367429132e-05,9.967315581953869e-06
4,86776,9.734713225952873e-05,9.967307968060853e-06
4,86786,7.145274935282941e-05,9.967300353284015e-06
4,86796,8.196881262847456e-05,9.967292737623355e-06
4,86806,0.00010721690387072158,9.967285121078871e-06
4,86816,7.750502350063472e-05,9.967277503650575e-06
4,86826,8.378810694011917e-05,9.96726988533846e-06
4,86836,9.598003075552696e-05,9.967262266142527e-06
4,86846,6.935932833584957e-05,9.967254646062779e-06
4,86856,8.34382113225729e-05,9.967247025099218e-06
4,86866,8.983258417174512e-05,9.967239403251842e-06
4,86876,7.588816251882235e-05,9.96723178052066e-06
4,86886,8.936304598137213e-05,9.96722415690567e-06
4,86896,7.141192386370677e-05,9.96721653240687e-06
4,86906,6.701904444526008e-05,9.967208907024264e-06
4,86916,6.841063432148076e-05,9.96720128075785e-06
4,86926,0.00010243121682833588,9.967193653607638e-06
4,86936,7.548901799054874e-05,9.967186025573617e-06
4,86946,7.769108806314762e-05,9.967178396655798e-06
4,86956,9.062753561011049e-05,9.967170766854184e-06
4,86966,8.871044615261782e-05,9.967163136168768e-06
4,86976,8.82753089626931e-05,9.96715550459955e-06
4,86986,8.240768443101842e-05,9.96714787214654e-06
4,86996,8.518791528331348e-05,9.967140238809736e-06
4,87006,0.00011548734410098405,9.967132604589138e-06
4,87016,5.780303740721138e-05,9.967124969484749e-06
4,87026,7.421469422297378e-05,9.967117333496571e-06
4,87036,8.442883772659115e-05,9.9671096966246e-06
4,87046,9.506769947620342e-05,9.967102058868843e-06
4,87056,7.940393165881686e-05,9.9670944202293e-06
4,87066,6.956617185096547e-05,9.967086780705975e-06
4,87076,8.216789083235199e-05,9.967079140298862e-06
4,87086,7.493170360248769e-05,9.967071499007967e-06
4,87096,8.320880747305636e-05,9.967063856833292e-06
4,87106,6.492031347988815e-05,9.967056213774834e-06
4,87116,7.987002022673551e-05,9.967048569832602e-06
4,87126,7.325452565964952e-05,9.967040925006593e-06
4,87136,9.808236750359357e-05,9.96703327929681e-06
4,87146,8.742054337744776e-05,9.967025632703252e-06
4,87156,6.139327392702398e-05,9.96701798522592e-06
4,87166,8.187986454686325e-05,9.967010336864819e-06
4,87176,8.245726926361386e-05,9.967002687619946e-06
4,87186,8.93958194865263e-05,9.966995037491307e-06
4,87196,8.450569880551483e-05,9.966987386478898e-06
4,87206,9.051933152477433e-05,9.966979734582722e-06
4,87216,9.661649628469604e-05,9.966972081802781e-06
4,87226,7.71316874306649e-05,9.96696442813908e-06
4,87236,9.433183654437015e-05,9.966956773591615e-06
4,87246,6.772876399736559e-05,9.96694911816039e-06
4,87256,8.321085097122704e-05,9.966941461845407e-06
4,87266,0.00010037948309218336,9.966933804646668e-06
4,87276,8.249826773862879e-05,9.966926146564173e-06
4,87286,7.690385964451708e-05,9.966918487597921e-06
4,87296,9.552135143167106e-05,9.966910827747916e-06
4,87306,7.187650548985402e-05,9.966903167014163e-06
4,87316,9.220531987921276e-05,9.966895505396656e-06
4,87326,7.351170943366015e-05,9.966887842895395e-06
4,87336,7.08239236701047e-05,9.966880179510388e-06
4,87346,9.040085938067932e-05,9.966872515241634e-06
4,87356,8.128645195029093e-05,9.966864850089136e-06
4,87366,7.066895104799187e-05,9.966857184052894e-06
4,87376,8.02612495590438e-05,9.966849517132908e-06
4,87386,7.151432705541084e-05,9.966841849329179e-06
4,87396,8.238697619162849e-05,9.966834180641711e-06
4,87406,7.104307987901848e-05,9.966826511070504e-06
4,87416,8.966728441919258e-05,9.966818840615561e-06
4,87426,7.124521807782003e-05,9.966811169276883e-06
4,87436,9.096976227738197e-05,9.966803497054472e-06
4,87446,7.566057815893146e-05,9.966795823948325e-06
4,87456,8.572531983190857e-05,9.96678814995845e-06
4,87466,6.737229105056031e-05,9.966780475084842e-06
4,87476,0.00010296228861079726,9.966772799327505e-06
4,87486,9.489179774391231e-05,9.966765122686441e-06
4,87496,7.82748274559708e-05,9.966757445161645e-06
4,87506,7.105589525053801e-05,9.966749766753124e-06
4,87516,6.727896811753453e-05,9.966742087460886e-06
4,87526,7.639740847480425e-05,9.966734407284927e-06
4,87536,8.295512925542424e-05,9.966726726225244e-06
4,87546,7.369424151875137e-05,9.966719044281843e-06
4,87556,8.093638457467023e-05,9.966711361454721e-06
4,87566,9.550270342515433e-05,9.966703677743884e-06
4,87576,9.178423333651153e-05,9.966695993149333e-06
4,87586,7.728627961114398e-05,9.966688307671068e-06
4,87596,7.959487134030497e-05,9.966680621309088e-06
4,87606,6.767741833755281e-05,9.966672934063401e-06
4,87616,6.859530908513989e-05,9.966665245934e-06
4,87626,9.486388548793912e-05,9.966657556920893e-06
4,87636,9.971297981792304e-05,9.966649867024078e-06
4,87646,9.996513349506131e-05,9.966642176243555e-06
4,87656,0.00010089287898153997,9.96663448457933e-06
4,87666,8.549447152290669e-05,9.966626792031401e-06
4,87676,7.985246711541549e-05,9.96661909859977e-06
4,87686,7.670704530937655e-05,9.966611404284442e-06
4,87696,6.269963928389189e-05,9.96660370908541e-06
4,87706,9.447136158087232e-05,9.966596013002682e-06
4,87716,6.541551874761352e-05,9.966588316036257e-06
4,87726,8.319318112626206e-05,9.96658061818614e-06
4,87736,9.011110510073194e-05,9.966572919452327e-06
4,87746,0.00011525124959916866,9.966565219834821e-06
4,87756,7.644752158739721e-05,9.966557519333624e-06
4,87766,9.065348367585103e-05,9.96654981794874e-06
4,87776,8.868548607097181e-05,9.966542115680169e-06
4,87786,7.60024442570284e-05,9.966534412527907e-06
4,87796,8.3562687950689e-05,9.966526708491962e-06
4,87806,0.00010683666596378316,9.966519003572333e-06
4,87816,8.43028161852999e-05,9.966511297769022e-06
4,87826,7.916596036920965e-05,9.966503591082027e-06
4,87836,7.110354836186162e-05,9.966495883511356e-06
4,87846,7.257249180838698e-05,9.966488175057006e-06
4,87856,8.742447603253823e-05,9.966480465718978e-06
4,87866,8.406908232245767e-05,9.966472755497275e-06
4,87876,6.846273204246245e-05,9.966465044391897e-06
4,87886,0.00011298743461338746,9.966457332402848e-06
4,87896,7.002431379987684e-05,9.966449619530127e-06
4,87906,8.818817591418337e-05,9.96644190577374e-06
4,87916,8.385458263546753e-05,9.96643419113368e-06
4,87926,9.433991053811041e-05,9.966426475609955e-06
4,87936,9.027013306877051e-05,9.966418759202562e-06
4,87946,6.590366870113939e-05,9.966411041911502e-06
4,87956,0.00010909816946877982,9.96640332373678e-06
4,87966,9.475671172367583e-05,9.966395604678396e-06
4,87976,0.000101404155657292,9.96638788473635e-06
4,87986,9.613733454898464e-05,9.966380163910645e-06
4,87996,7.864264034651569e-05,9.966372442201284e-06
4,88006,6.239114804884593e-05,9.966364719608265e-06
4,88016,7.08058002146572e-05,9.966356996131591e-06
4,88026,8.372444340238873e-05,9.966349271771269e-06
4,88036,6.492196171166142e-05,9.966341546527291e-06
4,88046,7.473944942830713e-05,9.966333820399665e-06
4,88056,7.991316783773073e-05,9.966326093388384e-06
4,88066,8.99455357739498e-05,9.966318365493455e-06
4,88076,9.02055872757046e-05,9.96631063671488e-06
4,88086,8.105857496047973e-05,9.96630290705266e-06
4,88096,7.641994716323097e-05,9.966295176506799e-06
4,88106,8.029800042095304e-05,9.966287445077293e-06
4,88116,6.406168890862318e-05,9.966279712764145e-06
4,88126,8.039446511247661e-05,9.966271979567354e-06
4,88136,9.13639014470391e-05,9.966264245486927e-06
4,88146,8.073342332863833e-05,9.966256510522864e-06
4,88156,6.500638346551568e-05,9.966248774675164e-06
4,88166,8.022717997846485e-05,9.966241037943827e-06
4,88176,6.0413795654312705e-05,9.966233300328858e-06
4,88186,7.277448739841929e-05,9.966225561830259e-06
4,88196,7.619572670591879e-05,9.96621782244803e-06
4,88206,9.469347451158683e-05,9.966210082182173e-06
4,88216,6.27113989139616e-05,9.966202341032683e-06
4,88226,9.751420075190253e-05,9.966194598999572e-06
4,88236,0.0001057720653079741,9.966186856082837e-06
4,88246,8.070176168075704e-05,9.96617911228248e-06
4,88256,9.495257500020672e-05,9.966171367598496e-06
4,88266,7.356469182013823e-05,9.966163622030895e-06
4,88276,9.048881270246056e-05,9.966155875579673e-06
4,88286,7.921374999568797e-05,9.966148128244838e-06
4,88296,7.183040024756337e-05,9.966140380026379e-06
4,88306,6.54887039672758e-05,9.96613263092431e-06
4,88316,7.24641111901292e-05,9.966124880938626e-06
4,88326,6.948457053113088e-05,9.966117130069332e-06
4,88336,6.579040141332372e-05,9.966109378316421e-06
4,88346,6.622004548262339e-05,9.9661016256799e-06
4,88356,7.83765238338674e-05,9.966093872159773e-06
4,88366,6.863206635898678e-05,9.966086117756043e-06
4,88376,7.865364686949759e-05,9.966078362468703e-06
4,88386,8.499235545968986e-05,9.96607060629776e-06
4,88396,8.776793033575814e-05,9.966062849243217e-06
4,88406,8.310373186759534e-05,9.966055091305072e-06
4,88416,6.955612243473298e-05,9.966047332483326e-06
4,88426,6.634819033024542e-05,9.966039572777984e-06
4,88436,7.419084299726819e-05,9.966031812189041e-06
4,88446,7.604219417771674e-05,9.966024050716502e-06
4,88456,0.00014193682995937705,9.966016288360367e-06
4,88466,9.107275345741073e-05,9.966008525120641e-06
4,88476,8.879279544089514e-05,9.966000760997325e-06
4,88486,9.901465605253178e-05,9.965992995990417e-06
4,88496,8.727596114113111e-05,9.96598523009992e-06
4,88506,8.297992244479247e-05,9.965977463325834e-06
4,88516,6.787051888750284e-05,9.965969695668164e-06
4,88526,7.91692062648508e-05,9.96596192712691e-06
4,88536,8.522659886693873e-05,9.965954157702071e-06
4,88546,8.759814277254919e-05,9.96594638739365e-06
4,88556,8.87576953118696e-05,9.96593861620165e-06
4,88566,6.700793906020409e-05,9.965930844126067e-06
4,88576,6.537238568853354e-05,9.965923071166904e-06
4,88586,6.381391403920134e-05,9.965915297324165e-06
4,88596,7.80416064117162e-05,9.965907522597854e-06
4,88606,7.01248516634223e-05,9.96589974698797e-06
4,88616,9.372406848342507e-05,9.965891970494514e-06
4,88626,7.689737008149677e-05,9.965884193117488e-06
4,88636,6.34731612080941e-05,9.965876414856893e-06
4,88646,8.142504634633951e-05,9.965868635712726e-06
4,88656,7.751433713565348e-05,9.965860855684995e-06
4,88666,8.120974262055824e-05,9.965853074773699e-06
4,88676,0.0001368992722746043,9.965845292978834e-06
4,88686,8.766194214331336e-05,9.965837510300408e-06
4,88696,7.272544726220075e-05,9.965829726738424e-06
4,88706,8.42846651266882e-05,9.965821942292877e-06
4,88716,8.471299352095229e-05,9.965814156963776e-06
4,88726,9.176883067993913e-05,9.965806370751112e-06
4,88736,6.61537804717227e-05,9.9657985836549e-06
4,88746,0.00011240018834541843,9.965790795675129e-06
4,88756,0.00011441296060183958,9.965783006811807e-06
4,88766,7.847501701689908e-05,9.965775217064932e-06
4,88776,8.968884226305818e-05,9.965767426434507e-06
4,88786,7.283728232323483e-05,9.965759634920532e-06
4,88796,8.771395214353106e-05,9.965751842523008e-06
4,88806,0.00010350729171477725,9.965744049241942e-06
4,88816,8.21411277684092e-05,9.96573625507733e-06
4,88826,6.739494237990584e-05,9.965728460029176e-06
4,88836,8.520221172148013e-05,9.96572066409748e-06
4,88846,7.08896942796855e-05,9.96571286728224e-06
4,88856,7.865092375141103e-05,9.965705069583466e-06
4,88866,9.162325386569138e-05,9.96569727100115e-06
4,88876,6.875436301925219e-05,9.9656894715353e-06
4,88886,7.61937398237933e-05,9.965681671185914e-06
4,88896,8.831926638777076e-05,9.965673869952994e-06
4,88906,9.466864785281359e-05,9.965666067836542e-06
4,88916,0.00013961683694105884,9.965658264836562e-06
4,88926,0.00010546178741606128,9.965650460953051e-06
4,88936,8.54300124956353e-05,9.965642656186014e-06
4,88946,0.00011631960437625821,9.965634850535452e-06
4,88956,7.9622038447269e-05,9.96562704400136e-06
4,88966,7.70130614455411e-05,9.965619236583744e-06
4,88976,7.639198975084582e-05,9.96561142828261e-06
4,88986,6.585446858480282e-05,9.96560361909795e-06
4,88996,8.310721236739482e-05,9.965595809029773e-06
4,89006,7.734437940598582e-05,9.965587998078078e-06
4,89016,7.424178934343218e-05,9.965580186242865e-06
4,89026,0.00010054359145215131,9.965572373524137e-06
4,89036,8.357817650903599e-05,9.965564559921897e-06
4,89046,7.82222881753114e-05,9.965556745436144e-06
4,89056,6.111111670179525e-05,9.965548930066877e-06
4,89066,6.762960015294084e-05,9.9655411138141e-06
4,89076,0.0001280734658394067,9.965533296677816e-06
4,89086,9.654880450398196e-05,9.965525478658027e-06
4,89096,6.298523185250815e-05,9.965517659754733e-06
4,89106,9.061756368282659e-05,9.96550983996793e-06
4,89116,6.740454032296838e-05,9.965502019297628e-06
4,89126,7.2507296636104e-05,9.965494197743821e-06
4,89136,7.848513755561727e-05,9.965486375306514e-06
4,89146,9.197711469823843e-05,9.96547855198571e-06
4,89156,9.371207802360005e-05,9.965470727781409e-06
4,89166,0.0001154487700205209,9.965462902693609e-06
4,89176,6.995079811531469e-05,9.965455076722316e-06
4,89186,8.937876864365535e-05,9.965447249867531e-06
4,89196,6.386801878761616e-05,9.965439422129252e-06
4,89206,8.822528611744928e-05,9.96543159350748e-06
4,89216,7.664304657737376e-05,9.965423764002225e-06
4,89226,7.730596407782287e-05,9.965415933613481e-06
4,89236,5.579729995588423e-05,9.965408102341251e-06
4,89246,7.655480167159112e-05,9.965400270185532e-06
4,89256,9.468930948060007e-05,9.965392437146334e-06
4,89266,0.00010443507621857862,9.965384603223654e-06
4,89276,7.783561263750017e-05,9.965376768417492e-06
4,89286,8.500006797476089e-05,9.965368932727852e-06
4,89296,9.93962747088517e-05,9.965361096154732e-06
4,89306,8.549709100407198e-05,9.965353258698134e-06
4,89316,7.088569223014928e-05,9.965345420358065e-06
4,89326,7.674287994632322e-05,9.965337581134522e-06
4,89336,7.136238286875596e-05,9.965329741027501e-06
4,89346,7.71223928040854e-05,9.965321900037013e-06
4,89356,8.912996536309948e-05,9.965314058163055e-06
4,89366,6.452614575209736e-05,9.965306215405624e-06
4,89376,8.681136000632249e-05,9.965298371764726e-06
4,89386,7.998917835720931e-05,9.965290527240371e-06
4,89396,6.76219867727923e-05,9.96528268183255e-06
4,89406,0.00011393033219064819,9.965274835541266e-06
4,89416,7.912839087111933e-05,9.965266988366518e-06
4,89426,7.126889299797767e-05,9.965259140308311e-06
4,89436,7.787845033817574e-05,9.965251291366647e-06
4,89446,6.719651764797163e-05,9.965243441541526e-06
4,89456,8.404935861108243e-05,9.965235590832948e-06
4,89466,8.861275482558994e-05,9.965227739240918e-06
4,89476,8.050845426623709e-05,9.965219886765434e-06
4,89486,9.228926141986449e-05,9.965212033406502e-06
4,89496,8.795430135251082e-05,9.965204179164118e-06
4,89506,7.489626354981738e-05,9.965196324038285e-06
4,89516,8.520883106939437e-05,9.965188468029005e-06
4,89526,9.616700372134802e-05,9.965180611136275e-06
4,89536,6.870861043353215e-05,9.965172753360103e-06
4,89546,9.063257116395106e-05,9.96516489470049e-06
4,89556,7.875058904573961e-05,9.965157035157434e-06
4,89566,8.053448182181455e-05,9.965149174730938e-06
4,89576,0.00010414346388643025,9.965141313421002e-06
4,89586,9.865192791949085e-05,9.96513345122763e-06
4,89596,6.6776432640836e-05,9.965125588150824e-06
4,89606,8.669041480970918e-05,9.965117724190578e-06
4,89616,6.037377324901172e-05,9.965109859346907e-06
4,89626,6.389627424141509e-05,9.965101993619796e-06
4,89636,7.541072545791394e-05,9.965094127009257e-06
4,89646,5.561006660173006e-05,9.965086259515288e-06
4,89656,5.828816238135915e-05,9.965078391137896e-06
4,89666,6.580605286217178e-05,9.965070521877075e-06
4,89676,7.970981009748358e-05,9.965062651732833e-06
4,89686,7.19113011200534e-05,9.965054780705163e-06
4,89696,6.362401336446055e-05,9.965046908794075e-06
4,89706,7.49528835513047e-05,9.965039035999565e-06
4,89716,7.670386439713184e-05,9.965031162321635e-06
4,89726,8.530672826054796e-05,9.965023287760287e-06
4,89736,0.00010073080416077574,9.965015412315521e-06
4,89746,8.10137591088278e-05,9.965007535987337e-06
4,89756,6.965767870497074e-05,9.964999658775742e-06
4,89766,8.698755787008849e-05,9.964991780680736e-06
4,89776,7.458367949766397e-05,9.964983901702321e-06
4,89786,9.420523315384344e-05,9.964976021840497e-06
4,89796,8.151242604981235e-05,9.964968141095263e-06
4,89806,7.920478228697902e-05,9.964960259466623e-06
4,89816,8.298808638755871e-05,9.964952376954579e-06
4,89826,8.757366003919742e-05,9.964944493559128e-06
4,89836,6.486265233434097e-05,9.964936609280277e-06
4,89846,7.415589589072624e-05,9.964928724118024e-06
4,89856,9.359662599308649e-05,9.964920838072372e-06
4,89866,7.480908134311903e-05,9.96491295114332e-06
4,89876,8.051841027736372e-05,9.96490506333087e-06
4,89886,9.76707943209476e-05,9.96489717463503e-06
4,89896,0.00010485352918294667,9.96488928505579e-06
4,89906,6.658987413175055e-05,9.964881394593161e-06
4,89916,7.103206985448196e-05,9.96487350324714e-06
4,89926,8.559920515835984e-05,9.96486561101773e-06
4,89936,9.32688737520948e-05,9.964857717904932e-06
4,89946,9.62071537742304e-05,9.964849823908748e-06
4,89956,7.400023851005244e-05,9.964841929029176e-06
4,89966,7.27471002846869e-05,9.964834033266222e-06
4,89976,7.420719412039034e-05,9.964826136619886e-06
4,89986,6.869365870443289e-05,9.964818239090168e-06
4,89996,6.274380302784266e-05,9.96481034067707e-06
4,90006,5.5849819364084394e-05,9.964802441380594e-06
4,90016,8.829717639855517e-05,9.964794541200736e-06
4,90026,9.0733786146302e-05,9.964786640137511e-06
4,90036,6.082582863200514e-05,9.964778738190909e-06
4,90046,7.149761199798377e-05,9.964770835360931e-06
4,90056,8.296291307487992e-05,9.964762931647584e-06
4,90066,7.069392777339089e-05,9.964755027050868e-06
4,90076,6.559672497132851e-05,9.96474712157078e-06
4,90086,6.9181991602818e-05,9.964739215207328e-06
4,90096,9.983369609471993e-05,9.964731307960505e-06
4,90106,9.190790115098935e-05,9.964723399830321e-06
4,90116,7.585406101497937e-05,9.964715490816772e-06
4,90126,7.5964081361235e-05,9.964707580919866e-06
4,90136,8.834192408357922e-05,9.964699670139596e-06
4,90146,8.953813091920893e-05,9.964691758475968e-06
4,90156,8.259829778580753e-05,9.96468384592898e-06
4,90166,8.560916085116333e-05,9.964675932498639e-06
4,90176,7.276706164702774e-05,9.964668018184944e-06
4,90186,7.522330201936711e-05,9.964660102987895e-06
4,90196,7.757181870147179e-05,9.964652186907495e-06
4,90206,7.325602177843393e-05,9.964644269943745e-06
4,90216,9.103609859266726e-05,9.964636352096646e-06
4,90226,7.708121620453312e-05,9.9646284333662e-06
4,90236,8.687533768352296e-05,9.964620513752407e-06
4,90246,7.990753965714248e-05,9.96461259325527e-06
4,90256,8.984760197563446e-05,9.964604671874784e-06
4,90266,8.514318788002128e-05,9.964596749610962e-06
4,90276,7.974100531100703e-05,9.964588826463796e-06
4,90286,8.106004784167454e-05,9.964580902433293e-06
4,90296,8.444158929705736e-05,9.964572977519451e-06
4,90306,8.89958934749302e-05,9.964565051722273e-06
4,90316,8.309170384563913e-05,9.964557125041762e-06
4,90326,9.061374662451271e-05,9.964549197477917e-06
4,90336,7.167900844251562e-05,9.96454126903074e-06
4,90346,6.562148732882633e-05,9.964533339700232e-06
4,90356,7.594134935970943e-05,9.964525409486394e-06
4,90366,9.552153419463138e-05,9.964517478389229e-06
4,90376,6.674769506389566e-05,9.964509546408735e-06
4,90386,7.207162125268952e-05,9.96450161354492e-06
4,90396,0.00013158325118638458,9.964493679797781e-06
4,90406,8.942626036514411e-05,9.964485745167318e-06
4,90416,7.238980756483216e-05,9.964477809653535e-06
4,90426,6.322667768472457e-05,9.964469873256431e-06
4,90436,8.921004009607713e-05,9.96446193597601e-06
4,90446,7.390336222670157e-05,9.964453997812272e-06
4,90456,8.667382858220663e-05,9.964446058765218e-06
4,90466,0.00010873085325329157,9.964438118834851e-06
4,90476,8.891383613445214e-05,9.964430178021173e-06
4,90486,6.817606658842124e-05,9.964422236324185e-06
4,90496,6.696774225929402e-05,9.964414293743886e-06
4,90506,8.648256848573509e-05,9.96440635028028e-06
4,90516,6.528518756567791e-05,9.964398405933368e-06
4,90526,8.639948896416172e-05,9.96439046070315e-06
4,90536,5.9589825423245205e-05,9.96438251458963e-06
4,90546,9.323928834419349e-05,9.964374567592805e-06
4,90556,6.95377786996687e-05,9.96436661971268e-06
4,90566,9.19269947189605e-05,9.964358670949254e-06
4,90576,6.575379134119429e-05,9.964350721302531e-06
4,90586,9.969314191948797e-05,9.96434277077251e-06
4,90596,7.843896896702062e-05,9.964334819359193e-06
4,90606,0.00010133581299669459,9.964326867062586e-06
4,90616,8.946270822889345e-05,9.964318913882684e-06
4,90626,9.671711422924999e-05,9.964310959819493e-06
4,90636,0.00013739504515797307,9.964303004873013e-06
4,90646,9.233086152562464e-05,9.964295049043242e-06
4,90656,8.24089690013352e-05,9.964287092330186e-06
4,90666,7.228783701975771e-05,9.964279134733843e-06
4,90676,8.410766654378676e-05,9.964271176254212e-06
4,90686,8.293361584037483e-05,9.9642632168913e-06
4,90696,7.025783329481783e-05,9.96425525664511e-06
4,90706,9.139917833635992e-05,9.96424729551564e-06
4,90716,0.00012960981603100664,9.964239333502896e-06
4,90726,6.680939609395863e-05,9.964231370606876e-06
4,90736,5.856911002410925e-05,9.964223406827573e-06
4,90746,6.656069963355549e-05,9.964215442164996e-06
4,90756,6.727755098836496e-05,9.96420747661915e-06
4,90766,0.00010188546762037731,9.964199510190032e-06
4,90776,8.350168177457817e-05,9.964191542877645e-06
4,90786,8.323313677465194e-05,9.96418357468199e-06
4,90796,8.481809818476904e-05,9.964175605603067e-06
4,90806,6.197786942720995e-05,9.964167635640876e-06
4,90816,6.21250781478011e-05,9.964159664795425e-06
4,90826,6.933903246135742e-05,9.96415169306671e-06
4,90836,8.269069535344897e-05,9.964143720454733e-06
4,90846,7.395167212962406e-05,9.964135746959495e-06
4,90856,9.273627301809029e-05,9.964127772581001e-06
4,90866,8.194751858354722e-05,9.964119797319249e-06
4,90876,9.663956407166551e-05,9.964111821174241e-06
4,90886,7.503201863983121e-05,9.96410384414598e-06
4,90896,8.512827234881115e-05,9.964095866234466e-06
4,90906,8.72779093697318e-05,9.964087887439698e-06
4,90916,6.405276403711468e-05,9.964079907761683e-06
4,90926,7.427602631651099e-05,9.964071927200417e-06
4,90936,8.726482114980173e-05,9.964063945755905e-06
4,90946,6.436392363866617e-05,9.964055963428148e-06
4,90956,9.537234404888295e-05,9.964047980217147e-06
4,90966,8.746463427087291e-05,9.9640399961229e-06
4,90976,7.792621208864148e-05,9.964032011145418e-06
4,90986,8.90512212208705e-05,9.964024025284691e-06
4,90996,9.579064690115046e-05,9.964016038540728e-06
4,91006,9.67041833064286e-05,9.964008050913526e-06
4,91016,7.337918027587876e-05,9.964000062403089e-06
4,91026,8.898457585928554e-05,9.963992073009415e-06
4,91036,0.00011272031110820535,9.96398408273251e-06
4,91046,7.204717157947016e-05,9.963976091572372e-06
4,91056,7.362851715697616e-05,9.963968099529006e-06
4,91066,0.00010380343833276129,9.96396010660241e-06
4,91076,0.00011737245540643924,9.963952112792586e-06
4,91086,7.962055765347032e-05,9.963944118099539e-06
4,91096,7.77891005782294e-05,9.963936122523266e-06
4,91106,6.459571477535064e-05,9.963928126063772e-06
4,91116,8.990071210064344e-05,9.963920128721057e-06
4,91126,8.044140295169199e-05,9.963912130495118e-06
4,91136,6.636008251916793e-05,9.963904131385961e-06
4,91146,9.804561486816965e-05,9.96389613139359e-06
4,91156,9.563190715198289e-05,9.963888130518e-06
4,91166,7.34066883524065e-05,9.963880128759198e-06
4,91176,6.790478119000909e-05,9.96387212611718e-06
4,91186,7.00091933595104e-05,9.963864122591954e-06
4,91196,0.0001058170391843305,9.963856118183516e-06
4,91206,8.505030937158153e-05,9.963848112891868e-06
4,91216,8.21088259726821e-05,9.963840106717012e-06
4,91226,8.04468815204018e-05,9.963832099658954e-06
4,91236,8.037026482270447e-05,9.96382409171769e-06
4,91246,7.331693605010514e-05,9.963816082893224e-06
4,91256,8.590441966589425e-05,9.963808073185554e-06
4,91266,7.44017471333791e-05,9.963800062594682e-06
4,91276,7.645162304470432e-05,9.963792051120616e-06
4,91286,9.627752297092228e-05,9.963784038763347e-06
4,91296,8.178080083780513e-05,9.963776025522887e-06
4,91306,9.698554454189433e-05,9.96376801139923e-06
4,91316,9.171377437269256e-05,9.96375999639238e-06
4,91326,8.816981699055759e-05,9.963751980502341e-06
4,91336,5.8262836364519896e-05,9.963743963729114e-06
4,91346,7.299922745005461e-05,9.963735946072696e-06
4,91356,7.276275955518941e-05,9.96372792753309e-06
4,91366,0.00010641448534443043,9.963719908110297e-06
4,91376,0.00010117172955688147,9.963711887804322e-06
4,91386,7.744545337118325e-05,9.963703866615159e-06
4,91396,6.90399438553868e-05,9.963695844542818e-06
4,91406,8.519408729625867e-05,9.9636878215873e-06
4,91416,8.633769880361797e-05,9.963679797748601e-06
4,91426,7.384819086837524e-05,9.963671773026725e-06
4,91436,6.143914447420684e-05,9.963663747421669e-06
4,91446,0.00010417320668238972,9.963655720933442e-06
4,91456,7.44705091619835e-05,9.96364769356204e-06
4,91466,7.79044338287349e-05,9.963639665307469e-06
4,91476,9.211730439346865e-05,9.963631636169723e-06
4,91486,6.692112183372955e-05,9.96362360614881e-06
4,91496,7.689076055612531e-05,9.963615575244728e-06
4,91506,0.00010399017701274716,9.963607543457486e-06
4,91516,9.79655196715612e-05,9.963599510787074e-06
4,91526,0.0001040534163621487,9.963591477233502e-06
4,91536,7.680333364987746e-05,9.963583442796767e-06
4,91546,7.57517596866819e-05,9.963575407476872e-06
4,91556,6.706320568810043e-05,9.96356737127382e-06
4,91566,6.940103990018543e-05,9.96355933418761e-06
4,91576,9.010449534798681e-05,9.963551296218242e-06
4,91586,8.936514864217315e-05,9.963543257365721e-06
4,91596,5.832028396071109e-05,9.963535217630048e-06
4,91606,6.157243501547782e-05,9.963527177011223e-06
4,91616,7.568652090412797e-05,9.963519135509245e-06
4,91626,7.058441933622816e-05,9.96351109312412e-06
4,91636,7.131478946575953e-05,9.963503049855851e-06
4,91646,7.925278141556192e-05,9.963495005704435e-06
4,91656,7.644962643098551e-05,9.963486960669871e-06
4,91666,8.613090740254848e-05,9.963478914752168e-06
4,91676,9.760255197761581e-05,9.96347086795132e-06
4,91686,6.218259782144741e-05,9.963462820267336e-06
4,91696,7.486008034902626e-05,9.963454771700213e-06
4,91706,0.00010245761141050024,9.963446722249954e-06
4,91716,7.310243408937822e-05,9.963438671916554e-06
4,91726,7.189216817096166e-05,9.963430620700018e-06
4,91736,7.281363937181594e-05,9.963422568600353e-06
4,91746,7.277830623024784e-05,9.963414515617556e-06
4,91756,8.781820342846914e-05,9.963406461751627e-06
4,91766,8.469398139823171e-05,9.96339840700257e-06
4,91776,7.093661638464256e-05,9.963390351370386e-06
4,91786,0.00010295416204826325,9.963382294855077e-06
4,91796,7.913682934486132e-05,9.963374237456641e-06
4,91806,7.268400204338832e-05,9.963366179175082e-06
4,91816,7.066528669383843e-05,9.963358120010401e-06
4,91826,6.661064385298232e-05,9.963350059962603e-06
4,91836,7.12450711944257e-05,9.963341999031685e-06
4,91846,8.89443224423303e-05,9.96333393721765e-06
4,91856,9.082376773221768e-05,9.9633258745205e-06
4,91866,0.00010538601795815338,9.963317810940233e-06
4,91876,7.13410313892382e-05,9.963309746476853e-06
4,91886,8.636678317088809e-05,9.963301681130361e-06
4,91896,7.60105727295013e-05,9.963293614900764e-06
4,91906,8.631715350020386e-05,9.963285547788056e-06
4,91916,7.726852422820229e-05,9.96327747979224e-06
4,91926,8.085172471510304e-05,9.96326941091332e-06
4,91936,6.193451963554253e-05,9.963261341151293e-06
4,91946,0.00012214200460221037,9.963253270506163e-06
4,91956,6.915151270732168e-05,9.963245198977934e-06
4,91966,8.800025561868096e-05,9.963237126566603e-06
4,91976,0.00010542837394496018,9.963229053272176e-06
4,91986,7.70237752021785e-05,9.963220979094651e-06
4,91996,8.336351784237196e-05,9.963212904034027e-06
4,92006,6.651542025792878e-05,9.963204828090311e-06
4,92016,8.956098213275254e-05,9.963196751263506e-06
4,92026,9.240446838703064e-05,9.963188673553603e-06
4,92036,9.310655946137558e-05,9.963180594960613e-06
4,92046,7.591450062136572e-05,9.963172515484533e-06
4,92056,7.123498803593976e-05,9.963164435125368e-06
4,92066,7.751409975753631e-05,9.963156353883114e-06
4,92076,7.892233479651624e-05,9.963148271757778e-06
4,92086,8.825111181067768e-05,9.963140188749357e-06
4,92096,7.28604156847723e-05,9.963132104857855e-06
4,92106,7.983070227055578e-05,9.963124020083272e-06
4,92116,7.320640738726069e-05,9.963115934425613e-06
4,92126,6.872150124763721e-05,9.96310784788488e-06
4,92136,8.919556994442246e-05,9.963099760461067e-06
4,92146,7.685426630814618e-05,9.963091672154183e-06
4,92156,7.898569997450978e-05,9.963083582964225e-06
4,92166,8.913292526813166e-05,9.963075492891196e-06
4,92176,7.963944649418409e-05,9.9630674019351e-06
4,92186,9.192986640300661e-05,9.963059310095937e-06
4,92196,7.706832834628584e-05,9.9630512173737e-06
4,92206,9.443086487408435e-05,9.963043123768402e-06
4,92216,7.523233193751366e-05,9.963035029280037e-06
4,92226,7.042991260277631e-05,9.963026933908613e-06
4,92236,9.18126675514941e-05,9.963018837654128e-06
4,92246,0.0001051226782692538,9.963010740516587e-06
4,92256,7.720449539192487e-05,9.963002642495983e-06
4,92266,8.572202605137135e-05,9.962994543592321e-06
4,92276,7.606990170643258e-05,9.9629864438056e-06
4,92286,6.524329401145224e-05,9.96297834313583e-06
4,92296,0.00011629595869635522,9.962970241583006e-06
4,92306,8.45813005525997e-05,9.96296213914713e-06
4,92316,7.372629365818285e-05,9.962954035828205e-06
4,92326,0.00010287223553859804,9.962945931626232e-06
4,92336,0.0001298966122249112,9.962937826541211e-06
4,92346,7.233458841255924e-05,9.962929720573148e-06
4,92356,6.704856791657222e-05,9.962921613722038e-06
4,92366,7.023297248451855e-05,9.962913505987887e-06
4,92376,0.00010129474849236432,9.962905397370694e-06
4,92386,0.00010874822692130692,9.962897287870464e-06
4,92396,6.884752506266522e-05,9.962889177487196e-06
4,92406,7.357127651630435e-05,9.96288106622089e-06
4,92416,8.081423879957582e-05,9.96287295407155e-06
4,92426,0.00010272857985000882,9.962864841039175e-06
4,92436,8.873965157363273e-05,9.962856727123765e-06
4,92446,7.82124157922226e-05,9.962848612325329e-06
4,92456,8.559425600651593e-05,9.962840496643862e-06
4,92466,9.495420158600609e-05,9.962832380079367e-06
4,92476,0.00011370623874427111,9.962824262631845e-06
4,92486,7.104749001882738e-05,9.962816144301296e-06
4,92496,6.784642851016542e-05,9.962808025087724e-06
4,92506,6.598650793421257e-05,9.962799904991129e-06
4,92516,8.311805877383449e-05,9.962791784011515e-06
4,92526,6.856765298834944e-05,9.962783662148883e-06
4,92536,7.308538270081045e-05,9.96277553940323e-06
4,92546,0.00010753412107078475,9.962767415774557e-06
4,92556,9.827732587837089e-05,9.962759291262875e-06
4,92566,8.470794709865004e-05,9.962751165868179e-06
4,92576,7.262546582751384e-05,9.962743039590469e-06
4,92586,6.98323279266333e-05,9.962734912429749e-06
4,92596,5.103594080537733e-05,9.96272678438602e-06
4,92606,9.075686598407629e-05,9.962718655459285e-06
4,92616,0.00010729320347309112,9.962710525649542e-06
4,92626,7.665817256565787e-05,9.962702394956794e-06
4,92636,5.897174710298714e-05,9.962694263381042e-06
4,92646,8.351522119482979e-05,9.962686130922288e-06
4,92656,8.062701572271181e-05,9.962677997580534e-06
4,92666,7.840434909667238e-05,9.962669863355781e-06
4,92676,6.047514530109766e-05,9.96266172824803e-06
4,92686,6.663053677584685e-05,9.962653592257283e-06
4,92696,7.074078707773879e-05,9.962645455383542e-06
4,92706,7.329208742703485e-05,9.962637317626806e-06
4,92716,9.178933746625261e-05,9.96262917898708e-06
4,92726,7.177542461249687e-05,9.962621039464364e-06
4,92736,6.859960567453526e-05,9.96261289905866e-06
4,92746,6.747927818651078e-05,9.962604757769965e-06
4,92756,0.00012163893952674699,9.962596615598288e-06
4,92766,9.372582958349085e-05,9.962588472543626e-06
4,92776,6.416109704332484e-05,9.962580328605975e-06
4,92786,9.194352405756945e-05,9.962572183785347e-06
4,92796,9.724844621814555e-05,9.962564038081739e-06
4,92806,7.504735804104713e-05,9.962555891495154e-06
4,92816,0.00010306059784852549,9.962547744025591e-06
4,92826,6.364492855936987e-05,9.962539595673045e-06
4,92836,7.150405822358153e-05,9.962531446437529e-06
4,92846,8.125529466269654e-05,9.962523296319041e-06
4,92856,6.202242020663107e-05,9.962515145317578e-06
4,92866,7.995363193913363e-05,9.962506993433149e-06
4,92876,8.085674980975454e-05,9.96249884066575e-06
4,92886,8.554678242944647e-05,9.962490687015383e-06
4,92896,8.728656894163578e-05,9.962482532482054e-06
4,92906,5.7176821928806025e-05,9.962474377065756e-06
4,92916,8.082778376774514e-05,9.962466220766497e-06
4,92926,6.227903804756352e-05,9.962458063584278e-06
4,92936,6.468901469816046e-05,9.962449905519097e-06
4,92946,6.875503313494847e-05,9.962441746570959e-06
4,92956,9.51484673350933e-05,9.962433586739865e-06
4,92966,0.00011265534790254604,9.962425426025815e-06
4,92976,5.6999383423317335e-05,9.96241726442881e-06
4,92986,7.407735047308961e-05,9.96240910194885e-06
4,92996,8.388814835598168e-05,9.96240093858594e-06
4,93006,6.601524974030325e-05,9.96239277434008e-06
4,93016,9.249026420548036e-05,9.962384609211272e-06
4,93026,8.69387385137088e-05,9.962376443199516e-06
4,93036,0.00010788488966682053,9.962368276304816e-06
4,93046,0.00010576380532256735,9.96236010852717e-06
4,93056,6.520057036141225e-05,9.962351939866587e-06
4,93066,7.494008928006224e-05,9.962343770323055e-06
4,93076,9.047656753864431e-05,9.962335599896589e-06
4,93086,7.612810468344832e-05,9.962327428587182e-06
4,93096,0.00010135168286069529,9.96231925639484e-06
4,93106,0.00010725769725468127,9.962311083319563e-06
4,93116,6.999466550041688e-05,9.962302909361353e-06
4,93126,5.9953430900350205e-05,9.962294734520209e-06
4,93136,7.459020989699638e-05,9.962286558796136e-06
4,93146,6.361567570820626e-05,9.962278382189129e-06
4,93156,9.056355947905103e-05,9.962270204699197e-06
4,93166,6.94917160217301e-05,9.96226202632634e-06
4,93176,7.742176212559571e-05,9.962253847070556e-06
4,93186,6.849644723843085e-05,9.962245666931848e-06
4,93196,8.248486506090558e-05,9.96223748591022e-06
4,93206,8.365990547645196e-05,9.962229304005668e-06
4,93216,8.466841745757847e-05,9.962221121218196e-06
4,93226,9.429923152310948e-05,9.96221293754781e-06
4,93236,9.001434350466297e-05,9.962204752994503e-06
4,93246,8.5564661776516e-05,9.962196567558285e-06
4,93256,7.397809486064943e-05,9.962188381239157e-06
4,93266,0.00011482044615149788,9.962180194037111e-06
4,93276,0.00012817880055990827,9.962172005952154e-06
4,93286,7.101239298208385e-05,9.962163816984294e-06
4,93296,6.304300122792484e-05,9.962155627133522e-06
4,93306,6.78315469485824e-05,9.962147436399844e-06
4,93316,7.272621278389124e-05,9.96213924478326e-06
4,93326,6.799547422815521e-05,9.962131052283773e-06
4,93336,8.536365608051709e-05,9.962122858901387e-06
4,93346,7.464877394340874e-05,9.9621146646361e-06
4,93356,9.59542325745133e-05,9.962106469487912e-06
4,93366,6.585822989109147e-05,9.962098273456828e-06
4,93376,8.216210926548229e-05,9.962090076542849e-06
4,93386,6.239885988179594e-05,9.962081878745978e-06
4,93396,9.968885651687743e-05,9.962073680066213e-06
4,93406,8.156555477398797e-05,9.962065480503556e-06
4,93416,8.485044236294925e-05,9.96205728005801e-06
4,93426,8.469039557894574e-05,9.962049078729572e-06
4,93436,8.007240362530866e-05,9.96204087651825e-06
4,93446,9.105052909035293e-05,9.96203267342404e-06
4,93456,6.987228030084225e-05,9.962024469446948e-06
4,93466,8.60605082834809e-05,9.962016264586968e-06
4,93476,7.112653383956058e-05,9.962008058844106e-06
4,93486,7.843127800697403e-05,9.961999852218369e-06
4,93496,7.371220167442515e-05,9.961991644709754e-06
4,93506,9.62210170655453e-05,9.96198343631826e-06
4,93516,5.81982642870571e-05,9.96197522704389e-06
4,93526,0.00010230580946881674,9.961967016886647e-06
4,93536,8.268161450359912e-05,9.961958805846528e-06
4,93546,7.883285616117064e-05,9.961950593923542e-06
4,93556,7.447282350767637e-05,9.961942381117684e-06
4,93566,8.894921179489756e-05,9.961934167428957e-06
4,93576,0.00011481372557682336,9.961925952857366e-06
4,93586,8.513200573361246e-05,9.961917737402911e-06
4,93596,7.948400334498728e-05,9.961909521065592e-06
4,93606,6.32385973858618e-05,9.961901303845407e-06
4,93616,7.618715289936517e-05,9.961893085742365e-06
4,93626,8.506243038937101e-05,9.961884866756458e-06
4,93636,8.502571427015937e-05,9.961876646887696e-06
4,93646,7.561595521110576e-05,9.96186842613608e-06
4,93656,8.610375343778287e-05,9.961860204501608e-06
4,93666,6.432873865378497e-05,9.96185198198428e-06
4,93676,8.223963968703173e-05,9.961843758584104e-06
4,93686,0.00010584455408206851,9.961835534301074e-06
4,93696,8.039961599024537e-05,9.961827309135197e-06
4,93706,7.395357774839795e-05,9.961819083086472e-06
4,93716,8.486136621286278e-05,9.961810856154902e-06
4,93726,7.137596935535839e-05,9.961802628340484e-06
4,93736,8.13185788501869e-05,9.961794399643228e-06
4,93746,7.221407850011019e-05,9.961786170063123e-06
4,93756,9.236219630111009e-05,9.961777939600181e-06
4,93766,6.759718939974846e-05,9.961769708254395e-06
4,93776,7.546221822849474e-05,9.961761476025774e-06
4,93786,9.484107717980806e-05,9.96175324291432e-06
4,93796,9.419928110219188e-05,9.96174500892003e-06
4,93806,7.08567944002425e-05,9.96173677404291e-06
4,93816,9.313420978287467e-05,9.961728538282955e-06
4,93826,9.205514093082456e-05,9.961720301640174e-06
4,93836,0.00011942779015043925,9.96171206411456e-06
4,93846,7.508820967814245e-05,9.96170382570612e-06
4,93856,8.288816602544102e-05,9.961695586414854e-06
4,93866,8.186698146346317e-05,9.961687346240763e-06
4,93876,7.535109962191199e-05,9.961679105183849e-06
4,93886,5.958557449048385e-05,9.961670863244114e-06
4,93896,9.725534177960072e-05,9.961662620421558e-06
4,93906,6.648214230153826e-05,9.961654376716186e-06
4,93916,8.872229227563366e-05,9.961646132127996e-06
4,93926,0.00010006545076066687,9.96163788665699e-06
4,93936,8.644569029456762e-05,9.961629640303171e-06
4,93946,9.249200106751232e-05,9.961621393066536e-06
4,93956,7.826070727787738e-05,9.961613144947094e-06
4,93966,5.909996552873054e-05,9.961604895944842e-06
4,93976,8.538790789316408e-05,9.961596646059781e-06
4,93986,6.96169067396113e-05,9.961588395291915e-06
4,93996,8.833082492856192e-05,9.961580143641241e-06
4,94006,6.930932750037755e-05,9.961571891107763e-06
4,94016,9.926414572873911e-05,9.961563637691485e-06
4,94026,7.362180281234032e-05,9.961555383392408e-06
4,94036,6.759955890629498e-05,9.961547128210528e-06
4,94046,7.753222967039619e-05,9.961538872145848e-06
4,94056,7.90313020843314e-05,9.961530615198371e-06
4,94066,8.493995260323574e-05,9.961522357368101e-06
4,94076,9.614652371965348e-05,9.961514098655038e-06
4,94086,8.088833233159676e-05,9.961505839059184e-06
4,94096,9.231808567164989e-05,9.961497578580542e-06
4,94106,8.818515020720951e-05,9.961489317219108e-06
4,94116,9.247641951333209e-05,9.961481054974885e-06
4,94126,7.291246756722103e-05,9.961472791847878e-06
4,94136,7.930788833618863e-05,9.961464527838087e-06
4,94146,0.00012096840800950304,9.961456262945513e-06
4,94156,8.667235892971802e-05,9.961447997170157e-06
4,94166,0.00010563615564933571,9.961439730512018e-06
4,94176,6.039402460373822e-05,9.961431462971101e-06
4,94186,7.018166065790864e-05,9.961423194547407e-06
4,94196,6.28004054306075e-05,9.96141492524094e-06
4,94206,7.612623676322983e-05,9.961406655051694e-06
4,94216,0.0001029140682931029,9.961398383979676e-06
4,94226,0.00011075206748500932,9.96139011202489e-06
4,94236,9.742925335558539e-05,9.961381839187329e-06
4,94246,7.903674086264801e-05,9.961373565467004e-06
4,94248,4.9897148073796416e-05,9.961371910617007e-06
4,validation,2.600650792114071e-05,9.961371910617007e-06
5,94258,6.064265580789652e-05,9.96136363583736e-06
5,94268,9.334592450613855e-05,9.96135536017495e-06
5,94278,7.053683798403654e-05,9.96134708362978e-06
5,94288,8.130621931741188e-05,9.96133880620184e-06
5,94298,9.029532866406954e-05,9.961330527891142e-06
5,94308,8.073496701399563e-05,9.961322248697683e-06
5,94318,8.862848417265923e-05,9.961313968621469e-06
5,94328,9.773164933903899e-05,9.9613056876625e-06
5,94338,6.659123159806768e-05,9.961297405820774e-06
5,94348,8.575074175496412e-05,9.961289123096294e-06
5,94358,7.288731999324227e-05,9.961280839489063e-06
5,94368,7.207730895970599e-05,9.961272554999078e-06
5,94378,7.635652018507244e-05,9.961264269626346e-06
5,94388,8.170517080543504e-05,9.961255983370868e-06
5,94398,7.682251280130003e-05,9.961247696232642e-06
5,94408,7.462104649675893e-05,9.961239408211668e-06
5,94418,7.939855236145378e-05,9.961231119307957e-06
5,94428,7.641689767297067e-05,9.9612228295215e-06
5,94438,8.621495398983826e-05,9.961214538852305e-06
5,94448,8.423238368777674e-05,9.961206247300371e-06
5,94458,7.100505681592039e-05,9.961197954865704e-06
5,94468,8.209482602978825e-05,9.961189661548296e-06
5,94478,9.760650405041816e-05,9.961181367348154e-06
5,94488,9.105575122703158e-05,9.961173072265278e-06
5,94498,9.124393714046165e-05,9.961164776299674e-06
5,94508,8.10605581591517e-05,9.961156479451338e-06
5,94518,6.76243348607386e-05,9.961148181720273e-06
5,94528,8.152288460223643e-05,9.961139883106483e-06
5,94538,6.20259899278608e-05,9.961131583609966e-06
5,94548,9.307361460741959e-05,9.961123283230728e-06
5,94558,7.467944296877248e-05,9.961114981968765e-06
5,94568,7.944095459606615e-05,9.961106679824083e-06
5,94578,8.819686304377683e-05,9.961098376796677e-06
5,94588,8.459902446702471e-05,9.96109007288656e-06
5,94598,9.055849618562207e-05,9.961081768093724e-06
5,94608,8.771852490099263e-05,9.96107346241817e-06
5,94618,0.0001227716366884124,9.961065155859906e-06
5,94628,8.121048417706334e-05,9.961056848418927e-06
5,94638,8.255591174020083e-05,9.961048540095237e-06
5,94648,6.97916497301776e-05,9.961040230888841e-06
5,94658,9.153217010862135e-05,9.961031920799737e-06
5,94668,7.917275065665308e-05,9.961023609827924e-06
5,94678,7.937427676552034e-05,9.961015297973408e-06
5,94688,7.348821864070488e-05,9.961006985236184e-06
5,94698,0.00010487523190931826,9.960998671616262e-06
5,94708,7.084156736709701e-05,9.960990357113644e-06
5,94718,8.583086632825144e-05,9.960982041728323e-06
5,94728,9.86495140750776e-05,9.960973725460305e-06
5,94738,7.638196984771639e-05,9.960965408309594e-06
5,94748,8.172430434569832e-05,9.960957090276188e-06
5,94758,8.368031258214615e-05,9.960948771360085e-06
5,94768,8.428536466453806e-05,9.960940451561293e-06
5,94778,7.857014538785734e-05,9.960932130879812e-06
5,94788,9.619808047318656e-05,9.96092380931564e-06
5,94798,6.187048734318523e-05,9.960915486868782e-06
5,94808,9.953311632671102e-05,9.960907163539239e-06
5,94818,9.074991630768635e-05,9.960898839327012e-06
5,94828,8.063839195528998e-05,9.9608905142321e-06
5,94838,6.643177357545937e-05,9.96088218825451e-06
5,94848,0.00011499606362121994,9.960873861394238e-06
5,94858,8.801401959317446e-05,9.960865533651288e-06
5,94868,8.074114994087721e-05,9.960857205025662e-06
5,94878,7.495196450690855e-05,9.960848875517363e-06
5,94888,7.414912693093356e-05,9.96084054512639e-06
5,94898,9.317685512542085e-05,9.960832213852746e-06
5,94908,8.703088969923556e-05,9.960823881696428e-06
5,94918,6.666234344265831e-05,9.960815548657442e-06
5,94928,7.371152178166085e-05,9.960807214735787e-06
5,94938,0.00011815113184638905,9.960798879931465e-06
5,94948,0.00011956505290982021,9.960790544244483e-06
5,94958,6.411495569409453e-05,9.960782207674837e-06
5,94968,7.064734095365565e-05,9.960773870222525e-06
5,94978,9.610235342734084e-05,9.960765531887555e-06
5,94988,5.121460903865227e-05,9.960757192669926e-06
5,94998,6.334075937957096e-05,9.96074885256964e-06
5,95008,9.628612233427702e-05,9.960740511586698e-06
5,95018,7.565961404907283e-05,9.960732169721101e-06
5,95028,8.145030906234752e-05,9.960723826972853e-06
5,95038,7.885849836384296e-05,9.960715483341952e-06
5,95048,8.596174147896818e-05,9.9607071388284e-06
5,95058,8.338383722730213e-05,9.960698793432201e-06
5,95068,7.540557080574218e-05,9.960690447153355e-06
5,95078,6.589755785171293e-05,9.960682099991867e-06
5,95088,5.657238343701464e-05,9.960673751947731e-06
5,95098,7.631670814589597e-05,9.960665403020957e-06
5,95108,7.830809422557649e-05,9.960657053211536e-06
5,95118,8.588081759626222e-05,9.960648702519478e-06
5,95128,7.615554904987221e-05,9.960640350944781e-06
5,95138,7.387308551187743e-05,9.960631998487448e-06
5,95148,6.616065893467748e-05,9.96062364514748e-06
5,95158,6.983442258388096e-05,9.960615290924877e-06
5,95168,7.81013339292258e-05,9.960606935819646e-06
5,95178,6.751221185368195e-05,9.960598579831783e-06
5,95188,6.86159045471868e-05,9.96059022296129e-06
5,95198,8.154278839356266e-05,9.960581865208169e-06
5,95208,8.762241245676705e-05,9.960573506572422e-06
5,95218,8.275350573967445e-05,9.960565147054047e-06
5,95228,6.509750114673807e-05,9.960556786653056e-06
5,95238,8.599363445682684e-05,9.960548425369436e-06
5,95248,0.00010647163408066263,9.960540063203201e-06
5,95258,0.00011548342667992984,9.960531700154348e-06
5,95268,7.29669300653768e-05,9.960523336222876e-06
5,95278,7.922013728602905e-05,9.96051497140879e-06
5,95288,8.750133688408823e-05,9.960506605712085e-06
5,95298,0.00010727331186899391,9.96049823913277e-06
5,95308,8.700643543306797e-05,9.96048987167084e-06
5,95318,8.732099058761378e-05,9.960481503326303e-06
5,95328,8.716944325897203e-05,9.96047313409916e-06
5,95338,8.3880213651355e-05,9.960464763989407e-06
5,95348,8.296328355754666e-05,9.960456392997048e-06
5,95358,6.947988199499378e-05,9.960448021122086e-06
5,95368,8.41921311803162e-05,9.960439648364523e-06
5,95378,8.093112278402259e-05,9.960431274724359e-06
5,95388,9.190521022901521e-05,9.960422900201597e-06
5,95398,7.871606026128576e-05,9.960414524796236e-06
5,95408,7.802751320014069e-05,9.960406148508278e-06
5,95418,6.8877819694535e-05,9.960397771337725e-06
5,95428,7.402646815535263e-05,9.960389393284579e-06
5,95438,6.862190198262397e-05,9.960381014348843e-06
5,95448,9.047309304150985e-05,9.960372634530516e-06
5,95458,9.507714071332884e-05,9.9603642538296e-06
5,95468,6.505968713099719e-05,9.960355872246097e-06
5,95478,6.80787513829273e-05,9.960347489780005e-06
5,95488,8.0483682859267e-05,9.96033910643133e-06
5,95498,9.275505435653029e-05,9.960330722200075e-06
5,95508,8.417581284447806e-05,9.960322337086238e-06
5,95518,9.32328396174853e-05,9.960313951089819e-06
5,95528,5.8644736736823684e-05,9.960305564210822e-06
5,95538,0.00010479364254933898,9.960297176449247e-06
5,95548,6.751287828592467e-05,9.960288787805097e-06
5,95558,8.086542675300734e-05,9.960280398278375e-06
5,95568,8.38882902826299e-05,9.960272007869082e-06
5,95578,9.428229232071316e-05,9.960263616577214e-06
5,95588,6.98694093443919e-05,9.960255224402776e-06
5,95598,9.056061880983179e-05,9.96024683134577e-06
5,95608,7.148317290557317e-05,9.960238437406197e-06
5,95618,9.744236772348813e-05,9.96023004258406e-06
5,95628,8.477909050270682e-05,9.960221646879359e-06
5,95638,9.108341428145649e-05,9.960213250292095e-06
5,95648,5.796159543933754e-05,9.960204852822273e-06
5,95658,8.55193168263213e-05,9.960196454469894e-06
5,95668,9.330036714345624e-05,9.960188055234958e-06
5,95678,7.398659422506171e-05,9.960179655117463e-06
5,95688,8.21218157398107e-05,9.960171254117413e-06
5,95698,7.99401983840653e-05,9.960162852234811e-06
5,95708,9.132306749961571e-05,9.960154449469657e-06
5,95718,7.28684829937265e-05,9.960146045821952e-06
5,95728,7.74953820837254e-05,9.9601376412917e-06
5,95738,8.587988845647488e-05,9.9601292358789e-06
5,95748,7.249074947139889e-05,9.96012082958356e-06
5,95758,6.362346093737869e-05,9.960112422405674e-06
5,95768,7.817927184987638e-05,9.96010401434524e-06
5,95778,7.513961186305096e-05,9.960095605402265e-06
5,95788,6.109709129304975e-05,9.960087195576756e-06
5,95798,7.588360958834527e-05,9.960078784868702e-06
5,95808,6.868709892842162e-05,9.960070373278115e-06
5,95818,6.280617581069236e-05,9.960061960804991e-06
5,95828,7.345703661485458e-05,9.960053547449335e-06
5,95838,7.506904912588651e-05,9.960045133211146e-06
5,95848,6.0369394714143705e-05,9.960036718090424e-06
5,95858,8.466322851745644e-05,9.960028302087178e-06
5,95868,7.797116963956797e-05,9.9600198852014e-06
5,95878,7.309162874662434e-05,9.9600114674331e-06
5,95888,7.629911442563753e-05,9.960003048782273e-06
5,95898,7.740307655694778e-05,9.959994629248925e-06
5,95908,7.360288154814043e-05,9.959986208833052e-06
5,95918,8.2728939696608e-05,9.959977787534663e-06
5,95928,7.38393114261271e-05,9.959969365353752e-06
5,95938,7.029110633993696e-05,9.959960942290325e-06
5,95948,7.697258215557667e-05,9.959952518344385e-06
5,95958,8.86363885456376e-05,9.959944093515927e-06
5,95968,6.972689352551243e-05,9.959935667804957e-06
5,95978,9.413799075446151e-05,9.959927241211473e-06
5,95988,6.659380655946733e-05,9.959918813735481e-06
5,95998,7.240229683702637e-05,9.959910385376986e-06
5,96008,7.87457908700162e-05,9.959901956135982e-06
5,96018,8.849897540130769e-05,9.959893526012468e-06
5,96028,7.599623122587218e-05,9.959885095006453e-06
5,96038,0.00011825710053017246,9.959876663117936e-06
5,96048,6.54852912248316e-05,9.959868230346919e-06
5,96058,9.202830992762756e-05,9.9598597966934e-06
5,96068,5.838238325850398e-05,9.959851362157387e-06
5,96078,6.390298185579013e-05,9.959842926738875e-06
5,96088,9.545908169457107e-05,9.959834490437867e-06
5,96098,8.306580184580525e-05,9.95982605325437e-06
5,96108,8.50472161801008e-05,9.959817615188377e-06
5,96118,8.638123940727383e-05,9.959809176239898e-06
5,96128,8.98032564236928e-05,9.95980073640893e-06
5,96138,8.137131289913669e-05,9.959792295695475e-06
5,96148,5.710886130145809e-05,9.959783854099536e-06
5,96158,7.986372775121708e-05,9.95977541162111e-06
5,96168,8.561413037568854e-05,9.959766968260202e-06
5,96178,7.499072148675623e-05,9.959758524016817e-06
5,96188,8.000240750334342e-05,9.95975007889095e-06
5,96198,0.00010267125276186562,9.959741632882602e-06
5,96208,7.754957841825672e-05,9.95973318599178e-06
5,96218,7.060908028506674e-05,9.959724738218481e-06
5,96228,7.875149362917e-05,9.95971628956271e-06
5,96238,6.194957381921995e-05,9.959707840024464e-06
5,96248,5.514647623385826e-05,9.959699389603746e-06
5,96258,8.394873348152033e-05,9.959690938300559e-06
5,96268,8.172481243491347e-05,9.95968248611491e-06
5,96278,8.678175909153652e-05,9.95967403304679e-06
5,96288,8.007415367501381e-05,9.959665579096205e-06
5,96298,7.799184477335075e-05,9.959657124263158e-06
5,96308,9.224306027135753e-05,9.959648668547652e-06
5,96318,5.9101481156176305e-05,9.959640211949685e-06
5,96328,7.55566449242906e-05,9.959631754469258e-06
5,96338,7.262935059770825e-05,9.959623296106377e-06
5,96348,6.866372987133219e-05,9.959614836861039e-06
5,96358,8.018193061616331e-05,9.95960637673325e-06
5,96368,8.83333725596458e-05,9.959597915723003e-06
5,96378,0.00011114262233604678,9.959589453830308e-06
5,96388,6.56452204566449e-05,9.959580991055166e-06
5,96398,0.00010177406438742763,9.959572527397572e-06
5,96408,9.439672021471779e-05,9.959564062857533e-06
5,96418,8.852639398355678e-05,9.959555597435049e-06
5,96428,6.616422224396955e-05,9.95954713113012e-06
5,96438,9.359960345136641e-05,9.959538663942748e-06
5,96448,7.911904044703988e-05,9.959530195872936e-06
5,96458,7.314920817407256e-05,9.959521726920685e-06
5,96468,8.797274990683946e-05,9.959513257085998e-06
5,96478,7.62817646318581e-05,9.959504786368874e-06
5,96488,7.709417891419434e-05,9.959496314769313e-06
5,96498,9.185524368149345e-05,9.959487842287321e-06
5,96508,7.855628182369402e-05,9.959479368922899e-06
5,96518,8.925291708692385e-05,9.959470894676046e-06
5,96528,9.724662286316743e-05,9.959462419546765e-06
5,96538,0.00011418391845836595,9.959453943535057e-06
5,96548,9.616892452868342e-05,9.959445466640923e-06
5,96558,8.200562633646769e-05,9.959436988864362e-06
5,96568,7.675253132219951e-05,9.959428510205383e-06
5,96578,6.510716771117586e-05,9.95942003066398e-06
5,96588,6.379652936630009e-05,9.95941155024016e-06
5,96598,8.647954118714552e-05,9.959403068933921e-06
5,96608,9.86537374501495e-05,9.959394586745264e-06
5,96618,0.00011348255961820541,9.959386103674195e-06
5,96628,6.395290251930419e-05,9.95937761972071e-06
5,96638,6.291644162956799e-05,9.959369134884815e-06
5,96648,6.028614666320209e-05,9.959360649166515e-06
5,96658,9.331583032690105e-05,9.959352162565803e-06
5,96668,8.172794287020224e-05,9.959343675082681e-06
5,96678,6.775151300644212e-05,9.959335186717153e-06
5,96688,7.188318813859951e-05,9.959326697469222e-06
5,96698,7.497895139749743e-05,9.959318207338887e-06
5,96708,7.998428541213797e-05,9.959309716326154e-06
5,96718,8.260911858997132e-05,9.959301224431014e-06
5,96728,6.555117001880718e-05,9.959292731653483e-06
5,96738,6.738081788171257e-05,9.959284237993557e-06
5,96748,6.881195777168613e-05,9.95927574345123e-06
5,96758,8.623665139566582e-05,9.95926724802651e-06
5,96768,6.658310808234091e-05,9.959258751719399e-06
5,96778,5.973330894448736e-05,9.959250254529899e-06
5,96788,6.599983789783437e-05,9.959241756458008e-06
5,96798,7.96800578427792e-05,9.959233257503728e-06
5,96808,9.538690924273396e-05,9.95922475766706e-06
5,96818,7.817721798346611e-05,9.959216256948012e-06
5,96828,9.052185600921803e-05,9.95920775534658e-06
5,96838,8.661865094836685e-05,9.959199252862765e-06
5,96848,6.872538692732634e-05,9.95919074949657e-06
5,96858,7.981234407452576e-05,9.959182245247999e-06
5,96868,7.94757109360944e-05,9.959173740117048e-06
5,96878,8.730875442779507e-05,9.959165234103722e-06
5,96888,0.00010856452495318082,9.959156727208018e-06
5,96898,7.266176321536478e-05,9.959148219429947e-06
5,96908,6.507111106657248e-05,9.959139710769503e-06
5,96918,7.613417624270369e-05,9.95913120122669e-06
5,96928,7.474240796909726e-05,9.95912269080151e-06
5,96938,7.847507476981265e-05,9.959114179493962e-06
5,96948,0.00010310813167961895,9.95910566730405e-06
5,96958,6.622508999498677e-05,9.959097154231772e-06
5,96968,6.303101986304682e-05,9.959088640277131e-06
5,96978,6.396539083652897e-05,9.959080125440134e-06
5,96988,9.491758605690847e-05,9.959071609720778e-06
5,96998,6.965218362893212e-05,9.959063093119061e-06
5,97008,7.929443227112642e-05,9.95905457563499e-06
5,97018,9.787472754396731e-05,9.959046057268565e-06
5,97028,8.893286626516784e-05,9.959037538019789e-06
5,97038,7.371690326181124e-05,9.959029017888657e-06
5,97048,8.864430751600593e-05,9.959020496875179e-06
5,97058,6.185769643707317e-05,9.959011974979353e-06
5,97068,0.00010490646654943704,9.959003452201182e-06
5,97078,7.470275577361462e-05,9.958994928540662e-06
5,97088,0.00011521676483425835,9.958986403997793e-06
5,97098,5.882651830688701e-05,9.958977878572588e-06
5,97108,7.726321268819447e-05,9.958969352265042e-06
5,97118,9.90472981811763e-05,9.958960825075156e-06
5,97128,7.809925182300503e-05,9.95895229700293e-06
5,97138,8.52773793212691e-05,9.958943768048372e-06
5,97148,7.513184600611566e-05,9.958935238211477e-06
5,97158,7.707478871452623e-05,9.958926707492248e-06
5,97168,9.559184609315707e-05,9.958918175890689e-06
5,97178,8.706806597729157e-05,9.958909643406801e-06
5,97188,6.620653261961707e-05,9.958901110040583e-06
5,97198,9.035486632456014e-05,9.95889257579204e-06
5,97208,7.33867635972274e-05,9.958884040661168e-06
5,97218,7.475662491742696e-05,9.95887550464797e-06
5,97228,7.568283249383966e-05,9.95886696775245e-06
5,97238,7.322012270378764e-05,9.958858429974607e-06
5,97248,8.478981403641228e-05,9.958849891314453e-06
5,97258,7.798798205840286e-05,9.958841351771977e-06
5,97268,7.119110509847814e-05,9.958832811347186e-06
5,97278,7.923126700006832e-05,9.95882427004008e-06
5,97288,8.604644672232098e-05,9.958815727850656e-06
5,97298,6.236090998754663e-05,9.958807184778922e-06
5,97308,0.00010634143295646936,9.95879864082488e-06
5,97318,7.82316043114406e-05,9.95879009598853e-06
5,97328,8.673145011925954e-05,9.958781550269872e-06
5,97338,6.23240194272512e-05,9.958773003668908e-06
5,97348,8.767775871092455e-05,9.95876445618564e-06
5,97358,7.842726454327932e-05,9.95875590782007e-06
5,97368,6.261960065785388e-05,9.958747358572195e-06
5,97378,5.561145840147219e-05,9.95873880844202e-06
5,97388,5.398672137744143e-05,9.958730257429547e-06
5,97398,6.546773111040238e-05,9.958721705534781e-06
5,97408,7.503035549234482e-05,9.958713152757717e-06
5,97418,9.439914229005807e-05,9.958704599098363e-06
5,97428,8.414740727857861e-05,9.958696044556714e-06
5,97438,6.333310097943468e-05,9.958687489132775e-06
5,97448,7.834662287677929e-05,9.958678932826546e-06
5,97458,8.736618647162685e-05,9.95867037563803e-06
5,97468,7.704387708145078e-05,9.95866181756723e-06
5,97478,8.641599747534201e-05,9.958653258614146e-06
5,97488,6.0066490277677076e-05,9.958644698778776e-06
5,97498,0.0001286005012843816,9.958636138061127e-06
5,97508,7.45836324767879e-05,9.958627576461197e-06
5,97518,7.173009653342888e-05,9.95861901397899e-06
5,97528,4.738705642921559e-05,9.958610450614507e-06
5,97538,9.50257506701746e-05,9.958601886367747e-06
5,97548,8.183881232071144e-05,9.958593321238711e-06
5,97558,7.32619982045435e-05,9.958584755227403e-06
5,97568,9.39575846587104e-05,9.958576188333821e-06
5,97578,8.232591371779562e-05,9.958567620557968e-06
5,97588,8.560691067032167e-05,9.958559051899858e-06
5,97598,8.514431915500609e-05,9.958550482359473e-06
5,97608,7.553618158908648e-05,9.958541911936825e-06
5,97618,7.408685169139063e-05,9.958533340631914e-06
5,97628,6.030332733644172e-05,9.958524768444744e-06
5,97638,7.180355660239001e-05,9.958516195375314e-06
5,97648,8.783944958850042e-05,9.958507621423623e-06
5,97658,9.564085935380718e-05,9.958499046589675e-06
5,97668,0.00010324680511075712,9.958490470873475e-06
5,97678,8.121780804231094e-05,9.958481894275018e-06
5,97688,6.282863951128092e-05,9.95847331679431e-06
5,97698,6.576980772479146e-05,9.95846473843135e-06
5,97708,9.097226920857792e-05,9.95845615918614e-06
5,97718,8.547313655071775e-05,9.958447579058683e-06
5,97728,9.183404890791281e-05,9.958438998048983e-06
5,97738,6.339766378005152e-05,9.958430416157033e-06
5,97748,9.47308780723688e-05,9.95842183338284e-06
5,97758,0.000108041752673671,9.958413249726409e-06
5,97768,6.810724612478225e-05,9.958404665187737e-06
5,97778,7.14010008778132e-05,9.958396079766824e-06
5,97788,7.731313912699989e-05,9.95838749346367e-06
5,97798,8.766794126131572e-05,9.958378906278286e-06
5,97808,9.972072234631923e-05,9.958370318210668e-06
5,97818,7.983199420777964e-05,9.958361729260815e-06
5,97828,9.897967215692916e-05,9.95835313942873e-06
5,97838,6.543172712554224e-05,9.958344548714417e-06
5,97848,0.00010239631142212603,9.958335957117877e-06
5,97858,9.831567958826782e-05,9.958327364639113e-06
5,97868,0.0001322477212852391,9.958318771278122e-06
5,97878,8.04692566362064e-05,9.958310177034904e-06
5,97888,7.935935154819162e-05,9.958301581909463e-06
5,97898,6.607150994568656e-05,9.958292985901802e-06
5,97908,6.56105380585359e-05,9.958284389011925e-06
5,97918,9.404426400578815e-05,9.95827579123983e-06
5,97928,6.905862701387378e-05,9.958267192585518e-06
5,97938,7.943135619825625e-05,9.958258593048994e-06
5,97948,9.662325246608816e-05,9.958249992630255e-06
5,97958,6.178028152135085e-05,9.958241391329304e-06
5,97968,7.172129048740316e-05,9.958232789146143e-06
5,97978,6.851341931906063e-05,9.95822418608078e-06
5,97988,7.58664598379255e-05,9.958215582133208e-06
5,97998,9.024770092764811e-05,9.958206977303433e-06
5,98008,0.00010333848981645133,9.958198371591453e-06
5,98018,8.362339872292068e-05,9.958189764997272e-06
5,98028,0.00010843547879630932,9.958181157520885e-06
5,98038,7.019909567134164e-05,9.958172549162301e-06
5,98048,8.009661701180448e-05,9.958163939921519e-06
5,98058,8.913227934499446e-05,9.958155329798542e-06
5,98068,9.700251221147482e-05,9.958146718793372e-06
5,98078,8.086456009550603e-05,9.958138106906006e-06
5,98088,7.373275134341383e-05,9.958129494136451e-06
5,98098,9.38703905831062e-05,9.958120880484706e-06
5,98108,7.556897480753832e-05,9.958112265950774e-06
5,98118,9.576863435540872e-05,9.958103650534655e-06
5,98128,0.00011211671057935746,9.95809503423635e-06
5,98138,6.746746571479889e-05,9.958086417055864e-06
5,98148,7.448878086506739e-05,9.958077798993193e-06
5,98158,7.232472576106374e-05,9.958069180048341e-06
5,98168,7.924005603854312e-05,9.958060560221314e-06
5,98178,8.683013584231958e-05,9.958051939512106e-06
5,98188,9.361516490571375e-05,9.95804331792072e-06
5,98198,6.91640455443121e-05,9.95803469544716e-06
5,98208,6.383064319379627e-05,9.958026072091426e-06
5,98218,7.261326500156428e-05,9.958017447853523e-06
5,98228,9.033223764163267e-05,9.95800882273345e-06
5,98238,5.310859287419589e-05,9.958000196731208e-06
5,98248,7.330852854465776e-05,9.9579915698468e-06
5,98258,0.00011778304778999881,9.957982942080225e-06
5,98268,7.337800293498731e-05,9.957974313431487e-06
5,98278,8.881255807864363e-05,9.95796568390059e-06
5,98288,6.413038463506381e-05,9.957957053487531e-06
5,98298,8.097548516161623e-05,9.957948422192312e-06
5,98308,8.23647757897561e-05,9.957939790014935e-06
5,98318,6.523677470795519e-05,9.9579311569554e-06
5,98328,8.811225106910569e-05,9.957922523013716e-06
5,98338,0.00010199671301052149,9.957913888189877e-06
5,98348,8.424872667092131e-05,9.957905252483886e-06
5,98358,0.00010365648540755501,9.957896615895744e-06
5,98368,7.710450295235205e-05,9.957887978425458e-06
5,98378,8.688458337928751e-05,9.957879340073021e-06
5,98388,7.544796399088226e-05,9.95787070083844e-06
5,98398,8.616297482149094e-05,9.957862060721718e-06
5,98408,7.492934159927244e-05,9.957853419722852e-06
5,98418,6.453919086197857e-05,9.957844777841841e-06
5,98428,9.391061139467638e-05,9.957836135078697e-06
5,98438,8.104339972305751e-05,9.957827491433415e-06
5,98448,8.769859418862324e-05,9.957818846905995e-06
5,98458,7.921859541966113e-05,9.957810201496438e-06
5,98468,0.00011903992399311391,9.95780155520475e-06
5,98478,7.616373713972279e-05,9.95779290803093e-06
5,98488,6.655842244072118e-05,9.957784259974982e-06
5,98498,8.327810689934267e-05,9.957775611036908e-06
5,98508,6.349048435367876e-05,9.957766961216702e-06
5,98518,7.847500705793209e-05,9.957758310514372e-06
5,98528,6.655820711785055e-05,9.957749658929918e-06
5,98538,8.523231867911817e-05,9.957741006463343e-06
5,98548,7.673590976082778e-05,9.957732353114641e-06
5,98558,5.9019672198701295e-05,9.957723698883823e-06
5,98568,7.686757862757077e-05,9.957715043770892e-06
5,98578,7.895580142758263e-05,9.957706387775841e-06
5,98588,8.471798819300602e-05,9.957697730898679e-06
5,98598,5.7195938279619436e-05,9.957689073139402e-06
5,98608,7.194764275482157e-05,9.957680414498014e-06
5,98618,7.491247417874548e-05,9.957671754974515e-06
5,98628,6.729296555931797e-05,9.957663094568908e-06
5,98638,6.596613307010556e-05,9.957654433281195e-06
5,98648,9.176163102893042e-05,9.957645771111374e-06
5,98658,6.306357613539149e-05,9.957637108059456e-06
5,98668,7.460312572220573e-05,9.957628444125435e-06
5,98678,9.252479221686371e-05,9.957619779309314e-06
5,98688,0.00010093787986988901,9.957611113611087e-06
5,98698,6.500315130324452e-05,9.957602447030764e-06
5,98708,8.719435804778186e-05,9.957593779568349e-06
5,98718,6.496847304333641e-05,9.957585111223837e-06
5,98728,9.09803429749445e-05,9.957576441997235e-06
5,98738,7.34475714580185e-05,9.957567771888539e-06
5,98748,8.348577944161661e-05,9.95755910089775e-06
5,98758,9.04400742456346e-05,9.957550429024874e-06
5,98768,9.293535813412746e-05,9.957541756269912e-06
5,98778,6.703640306113812e-05,9.957533082632866e-06
5,98788,8.040418438213238e-05,9.957524408113737e-06
5,98798,7.256216590576515e-05,9.957515732712526e-06
5,98808,7.629297974744987e-05,9.957507056429232e-06
5,98818,8.697913367541332e-05,9.957498379263863e-06
5,98828,7.952448613650631e-05,9.957489701216412e-06
5,98838,8.072674877439566e-05,9.957481022286882e-06
5,98848,8.791610689513619e-05,9.957472342475283e-06
5,98858,7.082458605509601e-05,9.957463661781612e-06
5,98868,8.585819350628298e-05,9.957454980205868e-06
5,98878,7.588887715428427e-05,9.957446297748052e-06
5,98888,5.574647825596913e-05,9.957437614408169e-06
5,98898,0.00012523986642918317,9.95742893018622e-06
5,98908,9.23596673146676e-05,9.957420245082206e-06
5,98918,8.130834416988363e-05,9.957411559096129e-06
5,98928,9.836121803346032e-05,9.957402872227989e-06
5,98938,8.414381145485094e-05,9.957394184477787e-06
5,98948,9.550377476443828e-05,9.957385495845526e-06
5,98958,7.286915620170475e-05,9.957376806331206e-06
5,98968,8.120221546050743e-05,9.957368115934836e-06
5,98978,0.00011271837856838828,9.957359424656409e-06
5,98988,8.473129073536257e-05,9.957350732495926e-06
5,98998,7.465167027476127e-05,9.957342039453397e-06
5,99008,0.00010591255309009285,9.957333345528818e-06
5,99018,0.0001066828309376433,9.95732465072219e-06
5,99028,6.988262039158144e-05,9.957315955033517e-06
5,99038,7.6525901840796e-05,9.957307258462798e-06
5,99048,9.066952788998606e-05,9.957298561010034e-06
5,99058,8.820893776828596e-05,9.95728986267523e-06
5,99068,6.721430231664272e-05,9.957281163458385e-06
5,99078,0.00010788676918309648,9.957272463359501e-06
5,99088,0.00011680580746542546,9.957263762378578e-06
5,99098,8.584341212554136e-05,9.957255060515622e-06
5,99108,7.05606177689333e-05,9.957246357770626e-06
5,99118,8.397758010687539e-05,9.957237654143606e-06
5,99128,6.828881450928747e-05,9.957228949634553e-06
5,99138,9.436899645152152e-05,9.95722024424347e-06
5,99148,0.00011056933653890154,9.957211537970361e-06
5,99158,8.940347174757335e-05,9.957202830815223e-06
5,99168,7.119551178220717e-05,9.957194122778058e-06
5,99178,8.093656024357187e-05,9.957185413858869e-06
5,99188,8.711174209565797e-05,9.95717670405766e-06
5,99198,8.914179788916955e-05,9.95716799337443e-06
5,99208,8.107710150397906e-05,9.957159281809181e-06
5,99218,8.29155625524436e-05,9.957150569361913e-06
5,99228,7.046652722237922e-05,9.95714185603263e-06
5,99238,7.7048860339346e-05,9.957133141821335e-06
5,99248,9.034890485963841e-05,9.957124426728028e-06
5,99258,7.974875179570518e-05,9.957115710752713e-06
5,99268,8.769055684751948e-05,9.957106993895378e-06
5,99278,8.774271395850519e-05,9.957098276156044e-06
5,99288,0.0001035206058077165,9.957089557534704e-06
5,99298,7.870600538808503e-05,9.957080838031356e-06
5,99308,7.518320389863219e-05,9.957072117646009e-06
5,99318,8.912210191738267e-05,9.957063396378656e-06
5,99328,7.548787480118335e-05,9.957054674229306e-06
5,99338,7.72432884787122e-05,9.957045951197955e-06
5,99348,7.081295566422341e-05,9.957037227284602e-06
5,99358,7.650348870811286e-05,9.957028502489258e-06
5,99368,0.00011844320561067434,9.95701977681192e-06
5,99378,7.029425564724079e-05,9.95701105025259e-06
5,99388,6.372186307999072e-05,9.957002322811268e-06
5,99398,7.96630858530989e-05,9.956993594487962e-06
5,99408,8.39146343878383e-05,9.956984865282666e-06
5,99418,9.575103595125257e-05,9.956976135195382e-06
5,99428,7.751236535114003e-05,9.956967404226116e-06
5,99438,7.290324967925698e-05,9.956958672374865e-06
5,99448,0.00010232824597551371,9.956949939641633e-06
5,99458,8.814857114884944e-05,9.956941206026419e-06
5,99468,9.201264056173386e-05,9.956932471529225e-06
5,99478,8.100461436697515e-05,9.95692373615006e-06
5,99488,8.95528530691081e-05,9.956914999888919e-06
5,99498,8.346240269929694e-05,9.956906262745804e-06
5,99508,6.246209536584502e-05,9.956897524720713e-06
5,99518,9.334690867035532e-05,9.956888785813653e-06
5,99528,0.00010137898566426884,9.956880046024626e-06
5,99538,7.55442822992336e-05,9.95687130535363e-06
5,99548,6.77514824019454e-05,9.956862563800667e-06
5,99558,8.341237812601321e-05,9.95685382136574e-06
5,99568,9.645039208407979e-05,9.956845078048854e-06
5,99578,8.187796670426906e-05,9.956836333850004e-06
5,99588,7.088240054144989e-05,9.956827588769191e-06
5,99598,7.69494542510074e-05,9.956818842806424e-06
5,99608,7.802515460753057e-05,9.956810095961696e-06
5,99618,8.16276800378546e-05,9.956801348235013e-06
5,99628,6.838839690317399e-05,9.956792599626376e-06
5,99638,9.656022270974063e-05,9.956783850135786e-06
5,99648,0.00011180818701177488,9.956775099763253e-06
5,99658,7.43693396088929e-05,9.956766348508768e-06
5,99668,7.695270574004098e-05,9.956757596372339e-06
5,99678,8.995389575829904e-05,9.956748843353962e-06
5,99688,7.657850064788362e-05,9.956740089453644e-06
5,99698,7.464386289939283e-05,9.956731334671381e-06
5,99708,8.368561443603539e-05,9.956722579007177e-06
5,99718,9.017387319545379e-05,9.956713822461033e-06
5,99728,8.367993573301647e-05,9.95670506503295e-06
5,99738,9.04795257611113e-05,9.956696306722936e-06
5,99748,8.534091534784238e-05,9.956687547530981e-06
5,99758,6.456075452661025e-05,9.956678787457096e-06
5,99768,6.598078907700255e-05,9.95667002650128e-06
5,99778,0.00012699606736532587,9.95666126466353e-06
5,99788,8.698170709067198e-05,9.956652501943852e-06
5,99798,8.110597832455824e-05,9.956643738342248e-06
5,99808,6.50253037292714e-05,9.956634973858721e-06
5,99818,7.152156440497493e-05,9.956626208493267e-06
5,99828,6.269851260185533e-05,9.956617442245892e-06
5,99838,8.20322279651009e-05,9.956608675116595e-06
5,99848,8.01637645054143e-05,9.956599907105382e-06
5,99858,7.536044595326529e-05,9.95659113821225e-06
5,99868,7.019838199084916e-05,9.956582368437202e-06
5,99878,0.00010053271553260857,9.95657359778024e-06
5,99888,8.758792073422229e-05,9.956564826241365e-06
5,99898,8.600836995356077e-05,9.956556053820579e-06
5,99908,8.413218356508879e-05,9.956547280517883e-06
5,99918,9.152211714535952e-05,9.956538506333281e-06
5,99928,7.193246801762143e-05,9.956529731266767e-06
5,99938,7.784780950714776e-05,9.95652095531835e-06
5,99948,0.00012169701299171721,9.956512178488031e-06
5,99958,5.541283198908786e-05,9.95650340077581e-06
5,99968,6.885788238832901e-05,9.956494622181684e-06
5,99978,9.385082712469738e-05,9.95648584270566e-06
5,99988,9.655379503783478e-05,9.95647706234774e-06
5,99998,8.555133194931841e-05,9.956468281107924e-06
5,100008,6.96097633408499e-05,9.956459498986213e-06
5,100018,6.802978318773967e-05,9.95645071598261e-06
5,100028,6.575047896149045e-05,9.95644193209712e-06
5,100038,6.617948029088438e-05,9.956433147329735e-06
5,100048,8.077125489762693e-05,9.956424361680465e-06
5,100058,7.362379806181707e-05,9.95641557514931e-06
5,100068,7.449411268680705e-05,9.956406787736268e-06
5,100078,0.00010233498983325262,9.956397999441346e-06
5,100088,0.00010168110411541421,9.956389210264537e-06
5,100098,6.870860743219964e-05,9.956380420205847e-06
5,100108,6.210289934642788e-05,9.956371629265282e-06
5,100118,8.168660451701726e-05,9.95636283744284e-06
5,100128,7.753123900329228e-05,9.956354044738521e-06
5,100138,7.147582277866604e-05,9.956345251152331e-06
5,100148,7.628665025549708e-05,9.956336456684266e-06
5,100158,7.179564195212152e-05,9.956327661334332e-06
5,100168,7.280904101207853e-05,9.956318865102527e-06
5,100178,8.475008480672841e-05,9.956310067988857e-06
5,100188,9.67026192938647e-05,9.956301269993317e-06
5,100198,7.130750304895628e-05,9.956292471115912e-06
5,100208,8.743025227886392e-05,9.956283671356645e-06
5,100218,8.01076183506666e-05,9.95627487071552e-06
5,100228,6.867352990411746e-05,9.95626606919253e-06
5,100238,9.531355090075522e-05,9.956257266787681e-06
5,100248,7.246820055115677e-05,9.95624846350098e-06
5,100258,9.121564444285468e-05,9.956239659332423e-06
5,100268,7.77636288148642e-05,9.956230854282013e-06
5,100278,8.631451064502472e-05,9.95622204834975e-06
5,100288,6.582751007044862e-05,9.956213241535636e-06
5,100298,8.488017811032477e-05,9.956204433839673e-06
5,100308,0.00010249485080748855,9.956195625261864e-06
5,100318,6.314608604043314e-05,9.956186815802209e-06
5,100328,7.150221381380106e-05,9.956178005460712e-06
5,100338,0.00010498329224901681,9.956169194237372e-06
5,100348,9.296292878389068e-05,9.95616038213219e-06
5,100358,7.733310949333828e-05,9.956151569145168e-06
5,100368,8.175375583050482e-05,9.956142755276314e-06
5,100378,8.409318879785132e-05,9.95613394052562e-06
5,100388,7.150097958401602e-05,9.956125124893086e-06
5,100398,7.000298401180772e-05,9.956116308378723e-06
5,100408,9.418084941898995e-05,9.956107490982528e-06
5,100418,7.346621555370803e-05,9.956098672704502e-06
5,100428,7.962838676576212e-05,9.956089853544648e-06
5,100438,7.505987723561702e-05,9.956081033502966e-06
5,100448,7.866280520829605e-05,9.956072212579458e-06
5,100458,6.449601846725272e-05,9.956063390774127e-06
5,100468,0.0001051300726885529,9.956054568086977e-06
5,100478,0.00011977293961535906,9.956045744518004e-06
5,100488,7.601704955959577e-05,9.95603692006721e-06
5,100498,6.874675914332329e-05,9.956028094734602e-06
5,100508,6.544766065417207e-05,9.956019268520174e-06
5,100518,7.791933044245524e-05,9.956010441423938e-06
5,100528,6.744833740413014e-05,9.956001613445887e-06
5,100538,7.152782236516942e-05,9.955992784586027e-06
5,100548,7.534414717156324e-05,9.95598395484435e-06
5,100558,6.661541310677421e-05,9.955975124220872e-06
5,100568,7.350947757913672e-05,9.955966292715587e-06
5,100578,5.323457983195113e-05,9.9559574603285e-06
5,100588,8.03231836471241e-05,9.955948627059602e-06
5,100598,8.052579814830097e-05,9.955939792908906e-06
5,100608,7.454740371031221e-05,9.95593095787641e-06
5,100618,8.947823375820008e-05,9.955922121962113e-06
5,100628,8.797612899797968e-05,9.955913285166016e-06
5,100638,7.42591983453167e-05,9.955904447488124e-06
5,100648,9.5713246082596e-05,9.955895608928444e-06
5,100658,8.781286837802328e-05,9.955886769486968e-06
5,100668,7.613969578414982e-05,9.955877929163704e-06
5,100678,6.220276072781417e-05,9.95586908795865e-06
5,100688,7.772926460347662e-05,9.955860245871807e-06
5,100698,6.419665955945675e-05,9.95585140290318e-06
5,100708,6.884776394144865e-05,9.955842559052762e-06
5,100718,8.078283340182678e-05,9.955833714320566e-06
5,100728,7.659610378141224e-05,9.955824868706587e-06
5,100738,6.806907645113825e-05,9.95581602221083e-06
5,100748,7.127649978428962e-05,9.955807174833294e-06
5,100758,5.6455584672221446e-05,9.955798326573983e-06
5,100768,8.283456199933425e-05,9.955789477432898e-06
5,100778,7.291774122677452e-05,9.955780627410037e-06
5,100788,6.004928936818033e-05,9.955771776505407e-06
5,100798,7.83625368057983e-05,9.955762924719004e-06
5,100808,0.0001112728607495228,9.955754072050833e-06
5,100818,9.260547508347371e-05,9.955745218500897e-06
5,100828,7.197207628450997e-05,9.955736364069193e-06
5,100838,8.318522041008692e-05,9.955727508755726e-06
5,100848,8.673676975377021e-05,9.9557186525605e-06
5,100858,0.00010495455985619629,9.955709795483506e-06
5,100868,6.303267764451448e-05,9.955700937524757e-06
5,100878,5.413771493749664e-05,9.955692078684246e-06
5,100888,6.28346785561007e-05,9.955683218961981e-06
5,100898,8.28881057259423e-05,9.955674358357962e-06
5,100908,9.331144615316589e-05,9.955665496872193e-06
5,100918,8.941460405367251e-05,9.955656634504671e-06
5,100928,8.773648200985917e-05,9.955647771255396e-06
5,100938,5.645689138873422e-05,9.955638907124379e-06
5,100948,8.245793310379668e-05,9.955630042111612e-06
5,100958,7.838800693207303e-05,9.955621176217101e-06
5,100968,8.594974324296344e-05,9.955612309440844e-06
5,100978,7.711661655775969e-05,9.955603441782847e-06
5,100988,8.62876362134557e-05,9.955594573243108e-06
5,100998,6.355228515531053e-05,9.955585703821633e-06
5,101008,0.00011031796639144886,9.955576833518419e-06
5,101018,8.73286293426645e-05,9.955567962333474e-06
5,101028,6.170246956571646e-05,9.955559090266793e-06
5,101038,8.655940064272727e-05,9.955550217318378e-06
5,101048,7.762550908410048e-05,9.955541343488234e-06
5,101058,8.570272379984089e-05,9.955532468776357e-06
5,101068,7.936825504657463e-05,9.955523593182756e-06
5,101078,7.511105150115327e-05,9.955514716707424e-06
5,101088,9.027476908158861e-05,9.95550583935037e-06
5,101098,5.977245027679601e-05,9.955496961111594e-06
5,101108,0.00010279619900757097,9.955488081991096e-06
5,101118,0.00012062320229233592,9.955479201988878e-06
5,101128,0.0001084440751128568,9.95547032110494e-06
5,101138,7.6521592654899e-05,9.95546143933929e-06
5,101148,7.042369784358016e-05,9.955452556691922e-06
5,101158,6.906076032464625e-05,9.95544367316284e-06
5,101168,6.746102935721865e-05,9.95543478875205e-06
5,101178,6.984546853345819e-05,9.95542590345955e-06
5,101188,9.277678518628817e-05,9.955417017285335e-06
5,101198,8.935122809816676e-05,9.955408130229415e-06
5,101208,7.190608239397989e-05,9.95539924229179e-06
5,101218,8.429672147940437e-05,9.95539035347246e-06
5,101228,9.862789720500586e-05,9.955381463771426e-06
5,101238,7.952246478453161e-05,9.955372573188696e-06
5,101248,7.252558552863774e-05,9.955363681724263e-06
5,101258,5.988929160594125e-05,9.95535478937813e-06
5,101268,8.666752432873182e-05,9.9553458961503e-06
5,101278,8.498481897731836e-05,9.955337002040779e-06
5,101288,8.543405201635323e-05,9.955328107049568e-06
5,101298,6.232759842532687e-05,9.955319211176664e-06
5,101308,7.249638333632902e-05,9.955310314422072e-06
5,101318,0.0001148964573530975,9.955301416785793e-06
5,101328,8.269853165074891e-05,9.955292518267823e-06
5,101338,7.125320635168464e-05,9.95528361886817e-06
5,101348,8.021918010854278e-05,9.955274718586831e-06
5,101358,8.486888141305826e-05,9.955265817423817e-06
5,101368,5.8724615632854694e-05,9.955256915379117e-06
5,101378,8.139714609569637e-05,9.955248012452738e-06
5,101388,6.618170659749012e-05,9.95523910864468e-06
5,101398,6.731913285875634e-05,9.95523020395495e-06
5,101408,8.09982132523146e-05,9.955221298383547e-06
5,101418,9.842614090302958e-05,9.955212391930468e-06
5,101428,0.00010759995943772084,9.95520348459572e-06
5,101438,6.189930854816339e-05,9.955194576379301e-06
5,101448,0.00011117737976746868,9.955185667281216e-06
5,101458,6.736677974004124e-05,9.95517675730147e-06
5,101468,0.00010128141348104691,9.955167846440054e-06
5,101478,7.74743468809902e-05,9.955158934696977e-06
5,101488,8.35292339161242e-05,9.955150022072236e-06
5,101498,7.019483623480483e-05,9.95514110856584e-06
5,101508,6.773235581931658e-05,9.955132194177787e-06
5,101518,8.7828433197501e-05,9.95512327890807e-06
5,101528,8.416236437369662e-05,9.955114362756705e-06
5,101538,6.471667447840445e-05,9.955105445723683e-06
5,101548,0.00011111032722510572,9.955096527809011e-06
5,101558,9.7651529858922e-05,9.95508760901269e-06
5,101568,7.757525031593104e-05,9.95507868933472e-06
5,101578,6.856458358015516e-05,9.955069768775103e-06
5,101588,8.628639402559201e-05,9.955060847333842e-06
5,101598,9.193837527163851e-05,9.955051925010932e-06
5,101608,8.501774987053069e-05,9.955043001806382e-06
5,101618,0.00010216851546829275,9.95503407772019e-06
5,101628,8.546305161871715e-05,9.95502515275236e-06
5,101638,9.756093772921304e-05,9.955016226902892e-06
5,101648,8.515968947904186e-05,9.95500730017179e-06
5,101658,6.64115357267292e-05,9.954998372559056e-06
5,101668,7.320505774259799e-05,9.954989444064683e-06
5,101678,6.213953283804586e-05,9.954980514688683e-06
5,101688,0.00011594367006182438,9.954971584431052e-06
5,101698,6.539222795254318e-05,9.954962653291796e-06
5,101708,0.00010569875748842606,9.954953721270911e-06
5,101718,9.331117635156261e-05,9.954944788368401e-06
5,101728,7.900321520537547e-05,9.954935854584269e-06
5,101738,7.485178098249889e-05,9.954926919918512e-06
5,101748,7.279941078195407e-05,9.954917984371135e-06
5,101758,6.40723924334452e-05,9.954909047942144e-06
5,101768,7.300690949705314e-05,9.954900110631536e-06
5,101778,5.894265254937636e-05,9.954891172439312e-06
5,101788,8.20839595689904e-05,9.954882233365474e-06
5,101798,8.438000290880154e-05,9.954873293410022e-06
5,101808,0.00010216680270787039,9.954864352572963e-06
5,101818,8.591573337071169e-05,9.954855410854294e-06
5,101828,0.0001016239186128587,9.954846468254015e-06
5,101838,8.039285148697672e-05,9.954837524772135e-06
5,101848,8.997330769489054e-05,9.954828580408648e-06
5,101858,7.334399756473431e-05,9.954819635163555e-06
5,101868,0.00011056763032684104,9.954810689036866e-06
5,101878,9.451324121982906e-05,9.95480174202858e-06
5,101888,8.80194656929234e-05,9.954792794138696e-06
5,101898,8.570911577407968e-05,9.954783845367213e-06
5,101908,8.656391996737511e-05,9.954774895714135e-06
5,101918,7.094604475241794e-05,9.954765945179464e-06
5,101928,9.017006655085425e-05,9.9547569937632e-06
5,101938,6.398519340109488e-05,9.954748041465352e-06
5,101948,9.034243485075421e-05,9.954739088285914e-06
5,101958,7.115865691957878e-05,9.954730134224885e-06
5,101968,0.00010092637735397149,9.954721179282267e-06
5,101978,7.46486094158172e-05,9.954712223458072e-06
5,101988,0.00010158371255784005,9.954703266752296e-06
5,101998,8.34518669762474e-05,9.95469430916494e-06
5,102008,8.101816338239587e-05,9.954685350696005e-06
5,102018,7.118796502254554e-05,9.954676391345492e-06
5,102028,9.196321575473122e-05,9.954667431113407e-06
5,102038,9.897733925754438e-05,9.954658469999748e-06
5,102048,9.280460499212496e-05,9.954649508004515e-06
5,102058,7.555019551546139e-05,9.954640545127712e-06
5,102068,6.101547587604728e-05,9.954631581369336e-06
5,102078,7.99279107923212e-05,9.954622616729396e-06
5,102088,8.054372469814552e-05,9.954613651207893e-06
5,102098,9.863358877737483e-05,9.954604684804825e-06
5,102108,9.534892228657554e-05,9.954595717520191e-06
5,102118,9.43801023367996e-05,9.954586749353995e-06
5,102128,8.615366828053083e-05,9.954577780306241e-06
5,102138,8.077487946138716e-05,9.954568810376931e-06
5,102148,8.181991811397892e-05,9.954559839566065e-06
5,102158,7.357736008088976e-05,9.95455086787364e-06
5,102168,9.497763339822995e-05,9.954541895299661e-06
5,102178,8.548520872864174e-05,9.954532921844132e-06
5,102188,6.943437808786257e-05,9.954523947507056e-06
5,102198,6.426706031561481e-05,9.954514972288431e-06
5,102208,5.967520178273844e-05,9.954505996188261e-06
5,102218,7.479920720925293e-05,9.954497019206544e-06
5,102228,9.318276956946648e-05,9.954488041343283e-06
5,102238,8.967068915808341e-05,9.954479062598483e-06
5,102248,5.092961296213617e-05,9.954470082972141e-06
5,102258,9.563831417835898e-05,9.954461102464264e-06
5,102268,0.00010130262498933008,9.954452121074845e-06
5,102278,7.136704584809195e-05,9.95444313880389e-06
5,102288,6.701538800371055e-05,9.954434155651403e-06
5,102298,6.662254650109389e-05,9.954425171617384e-06
5,102308,9.502327548034374e-05,9.954416186701836e-06
5,102318,9.477152839281188e-05,9.954407200904753e-06
5,102328,7.387997611658647e-05,9.954398214226146e-06
5,102338,6.873696152069897e-05,9.954389226666016e-06
5,102348,8.221219077313434e-05,9.954380238224358e-06
5,102358,8.320773558807558e-05,9.954371248901175e-06
5,102368,8.614762396064178e-05,9.954362258696475e-06
5,102378,8.377545505027229e-05,9.954353267610255e-06
5,102388,8.140789827848494e-05,9.954344275642518e-06
5,102398,0.00011865829937960371,9.954335282793264e-06
5,102408,9.098744185394025e-05,9.954326289062495e-06
5,102418,7.87773570209538e-05,9.95431729445021e-06
5,102428,9.974917552426631e-05,9.95430829895641e-06
5,102438,7.352884781539615e-05,9.954299302581105e-06
5,102448,7.456864846062672e-05,9.954290305324291e-06
5,102458,8.733497588764294e-05,9.954281307185973e-06
5,102468,7.471078024536838e-05,9.954272308166152e-06
5,102478,7.68462925861968e-05,9.954263308264825e-06
5,102488,9.40335218274413e-05,9.954254307481994e-06
5,102498,8.154365136761043e-05,9.954245305817664e-06
5,102508,9.583698415553953e-05,9.954236303271838e-06
5,102518,8.466476042485737e-05,9.954227299844513e-06
5,102528,7.681763322580082e-05,9.95421829553569e-06
5,102538,6.033329400452203e-05,9.954209290345376e-06
5,102548,7.828672232790268e-05,9.95420028427357e-06
5,102558,9.30383002923918e-05,9.954191277320275e-06
5,102568,7.187456021711114e-05,9.954182269485488e-06
5,102578,9.040206532517914e-05,9.954173260769216e-06
5,102588,7.475679108210897e-05,9.95416425117146e-06
5,102598,5.102760060253786e-05,9.954155240692215e-06
5,102608,7.129529344638286e-05,9.95414622933149e-06
5,102618,8.668954333188595e-05,9.954137217089282e-06
5,102628,0.00011200212393305264,9.954128203965596e-06
5,102638,8.041408623284951e-05,9.954119189960432e-06
5,102648,9.451485866520671e-05,9.954110175073791e-06
5,102658,8.341613572611095e-05,9.954101159305679e-06
5,102668,7.383060215033765e-05,9.95409214265609e-06
5,102678,7.090406552379136e-05,9.954083125125032e-06
5,102688,6.116255735832965e-05,9.9540741067125e-06
5,102698,0.00010864539472095204,9.954065087418504e-06
5,102708,6.807549434597605e-05,9.95405606724304e-06
5,102718,7.421487366627843e-05,9.95404704618611e-06
5,102728,6.331929116640823e-05,9.954038024247715e-06
5,102738,8.346893746420392e-05,9.95402900142786e-06
5,102748,7.941524177113024e-05,9.954019977726547e-06
5,102758,6.744898500983254e-05,9.95401095314377e-06
5,102768,6.723219366904233e-05,9.954001927679538e-06
5,102778,0.00010594781542749843,9.953992901333849e-06
5,102788,8.686092296557036e-05,9.953983874106707e-06
5,102798,9.737434274939005e-05,9.953974845998117e-06
5,102808,9.041270418492787e-05,9.953965817008075e-06
5,102818,6.801962376812298e-05,9.953956787136586e-06
5,102828,7.583082051496604e-05,9.953947756383645e-06
5,102838,8.572329743401498e-05,9.953938724749262e-06
5,102848,7.574169694635202e-05,9.953929692233433e-06
5,102858,9.845596714512793e-05,9.953920658836163e-06
5,102868,6.394235574589401e-05,9.953911624557451e-06
5,102878,8.272821482933069e-05,9.953902589397295e-06
5,102888,6.854642770122154e-05,9.953893553355714e-06
5,102898,5.55568158688402e-05,9.953884516432684e-06
5,102908,8.500908716086996e-05,9.953875478628223e-06
5,102918,6.40291711079044e-05,9.95386643994233e-06
5,102928,9.137904257841e-05,9.953857400375007e-06
5,102938,7.022687773314829e-05,9.953848359926252e-06
5,102948,6.98227993780165e-05,9.95383931859607e-06
5,102958,7.296223288904004e-05,9.953830276384464e-06
5,102968,8.640197661407001e-05,9.95382123329143e-06
5,102978,8.803396481198434e-05,9.953812189316974e-06
5,102988,9.604836309335952e-05,9.953803144461096e-06
5,102998,9.219693133672991e-05,9.953794098723799e-06
5,103008,6.541541222304659e-05,9.953785052105083e-06
5,103018,8.135677685459087e-05,9.953776004604951e-06
5,103028,7.836674035388569e-05,9.953766956223402e-06
5,103038,7.944059450437635e-05,9.953757906960442e-06
5,103048,8.873003043845528e-05,9.953748856816068e-06
5,103058,8.885347037903557e-05,9.953739805790284e-06
5,103068,6.237553620849212e-05,9.953730753883089e-06
5,103078,8.065103786520922e-05,9.953721701094488e-06
5,103088,7.946819882818091e-05,9.95371264742448e-06
5,103098,8.176438268492348e-05,9.953703592873072e-06
5,103108,7.717194430370001e-05,9.953694537440263e-06
5,103118,0.00010227487209704122,9.95368548112605e-06
5,103128,8.811794878056388e-05,9.953676423930443e-06
5,103138,7.957913967402418e-05,9.953667365853434e-06
5,103148,0.00014927554827863786,9.95365830689503e-06
5,103158,7.326981240112217e-05,9.953649247055231e-06
5,103168,7.437947256221378e-05,9.95364018633404e-06
5,103178,6.805474349675933e-05,9.953631124731457e-06
5,103188,5.8338911503597044e-05,9.953622062247487e-06
5,103198,7.744159711364773e-05,9.953612998882124e-06
5,103208,9.332368795185175e-05,9.953603934635377e-06
5,103218,0.00010594093414511007,9.953594869507248e-06
5,103228,0.00011029737656826911,9.953585803497734e-06
5,103238,7.633861550857546e-05,9.95357673660684e-06
5,103248,9.488532627983659e-05,9.953567668834565e-06
5,103258,7.608506316501007e-05,9.953558600180913e-06
5,103268,8.391927126467636e-05,9.953549530645883e-06
5,103278,8.167172795765508e-05,9.953540460229484e-06
5,103288,8.541050060557609e-05,9.953531388931704e-06
5,103298,6.615560841964907e-05,9.953522316752552e-06
5,103308,9.336226453342532e-05,9.953513243692032e-06
5,103318,7.17261732006591e-05,9.953504169750146e-06
5,103328,8.827463270790758e-05,9.953495094926893e-06
5,103338,8.334393583027123e-05,9.953486019222268e-06
5,103348,8.792921689746436e-05,9.953476942636289e-06
5,103358,9.153787705145078e-05,9.953467865168941e-06
5,103368,8.728705006433302e-05,9.95345878682023e-06
5,103378,9.31863679397793e-05,9.953449707590168e-06
5,103388,9.620825067031548e-05,9.953440627478746e-06
5,103398,5.908668781557936e-05,9.953431546485971e-06
5,103408,5.47838960756053e-05,9.95342246461184e-06
5,103418,7.736180155006878e-05,9.953413381856357e-06
5,103428,7.614210453539272e-05,9.953404298219523e-06
5,103438,8.101899265966495e-05,9.953395213701342e-06
5,103448,9.604424262761313e-05,9.95338612830181e-06
5,103458,8.034980360207555e-05,9.953377042020936e-06
5,103468,9.758940182109655e-05,9.953367954858715e-06
5,103478,8.995435805445596e-05,9.953358866815153e-06
5,103488,7.375434629466326e-05,9.953349777890252e-06
5,103498,8.040139555305357e-05,9.953340688084007e-06
5,103508,9.043308414220519e-05,9.953331597396427e-06
5,103518,9.223930878761167e-05,9.95332250582751e-06
5,103528,9.671660682215588e-05,9.95331341337726e-06
5,103538,6.318305299828353e-05,9.953304320045678e-06
5,103548,9.280783920075918e-05,9.95329522583276e-06
5,103558,0.00010986201546074881,9.953286130738517e-06
5,103568,6.247824048841722e-05,9.953277034762942e-06
5,103578,8.357933261322615e-05,9.95326793790604e-06
5,103588,6.098400872360799e-05,9.953258840167815e-06
5,103598,6.902096661178802e-05,9.953249741548267e-06
5,103608,6.765090670342033e-05,9.953240642047397e-06
5,103618,8.366354186364333e-05,9.953231541665208e-06
5,103628,0.00010669489206520666,9.953222440401701e-06
5,103638,7.743986570858398e-05,9.953213338256879e-06
5,103648,0.00010216073196716025,9.953204235230737e-06
5,103658,7.066565897275722e-05,9.953195131323286e-06
5,103668,7.516267173741653e-05,9.953186026534523e-06
5,103678,6.816681052441708e-05,9.953176920864448e-06
5,103688,9.84101697213191e-05,9.953167814313065e-06
5,103698,6.200412849466375e-05,9.953158706880374e-06
5,103708,7.30517234387662e-05,9.953149598566378e-06
5,103718,6.693498171443935e-05,9.95314048937108e-06
5,103728,8.942436111283313e-05,9.953131379294477e-06
5,103738,6.65004848542594e-05,9.953122268336573e-06
5,103748,7.590448230985203e-05,9.953113156497374e-06
5,103758,7.879581703491567e-05,9.953104043776877e-06
5,103768,0.00011180796655025916,9.953094930175084e-06
5,103778,7.804546162333281e-05,9.953085815691998e-06
5,103788,0.00014093102372498835,9.953076700327617e-06
5,103798,6.075100882299011e-05,9.953067584081943e-06
5,103808,9.061018677130051e-05,9.953058466954977e-06
5,103818,7.001947005846887e-05,9.953049348946729e-06
5,103828,8.550269390070753e-05,9.953040230057198e-06
5,103838,7.898901349108199e-05,9.95303111028638e-06
5,103848,6.870177985547343e-05,9.95302198963428e-06
5,103858,7.864431149755547e-05,9.953012868100897e-06
5,103868,6.552129721058008e-05,9.953003745686237e-06
5,103878,6.955844000913202e-05,9.952994622390297e-06
5,103888,6.664236029791936e-05,9.952985498213084e-06
5,103898,6.707205579914444e-05,9.952976373154595e-06
5,103908,7.995135683813714e-05,9.952967247214835e-06
5,103918,7.548045873591037e-05,9.952958120393803e-06
5,103928,7.799379586685973e-05,9.952948992691501e-06
5,103938,8.090604878816521e-05,9.95293986410793e-06
5,103948,0.00010860923866857774,9.95293073464309e-06
5,103958,7.014554789748217e-05,9.95292160429699e-06
5,103968,9.700672826511436e-05,9.952912473069623e-06
5,103978,8.481898089485185e-05,9.952903340960994e-06
5,103988,0.00011240591338719241,9.952894207971108e-06
5,103998,8.156267585945898e-05,9.952885074099965e-06
5,104008,7.673241498196148e-05,9.952875939347564e-06
5,104018,8.131465992846642e-05,9.952866803713908e-06
5,104028,7.847823003430675e-05,9.952857667198998e-06
5,104038,8.044009637160343e-05,9.952848529802834e-06
5,104048,6.162574900372419e-05,9.952839391525422e-06
5,104058,6.163579273561481e-05,9.952830252366763e-06
5,104068,7.179625395110635e-05,9.952821112326855e-06
5,104078,8.493154423376837e-05,9.952811971405701e-06
5,104088,8.757215996411106e-05,9.952802829603307e-06
5,104098,6.857049938844285e-05,9.95279368691967e-06
5,104108,0.00013354848870221757,9.952784543354793e-06
5,104118,9.624566191632767e-05,9.952775398908675e-06
5,104128,7.200092577477334e-05,9.952766253581323e-06
5,104138,9.90534326319903e-05,9.952757107372732e-06
5,104148,8.988674394458939e-05,9.95274796028291e-06
5,104158,8.025432853173697e-05,9.952738812311855e-06
5,104168,7.31190198166587e-05,9.952729663459567e-06
5,104178,0.0001258930508811318,9.95272051372605e-06
5,104188,8.42612568703771e-05,9.952711363111307e-06
5,104198,7.512221059187142e-05,9.952702211615338e-06
5,104208,8.732343053452496e-05,9.952693059238148e-06
5,104218,0.00010205143667008086,9.952683905979732e-06
5,104228,9.113001392506704e-05,9.952674751840096e-06
5,104238,6.937190782991821e-05,9.952665596819242e-06
5,104248,7.925231388981047e-05,9.952656440917171e-06
5,104258,7.925582794996443e-05,9.952647284133882e-06
5,104268,5.2282599699537966e-05,9.952638126469382e-06
5,104278,7.805897621437907e-05,9.952628967923667e-06
5,104288,9.422528428331134e-05,9.952619808496738e-06
5,104298,7.903425062067981e-05,9.9526106481886e-06
5,104308,6.502107571577653e-05,9.952601486999255e-06
5,104318,9.752938749443273e-05,9.952592324928705e-06
5,104328,6.52299682769808e-05,9.95258316197695e-06
5,104338,8.136316187119519e-05,9.952573998143994e-06
5,104348,8.183664845091698e-05,9.952564833429834e-06
5,104358,0.00010161653758586909,9.952555667834476e-06
5,104368,6.837934129180211e-05,9.952546501357923e-06
5,104378,8.351229107574908e-05,9.95253733400017e-06
5,104388,7.735493936706916e-05,9.95252816576122e-06
5,104398,8.500369681314623e-05,9.95251899664108e-06
5,104408,0.00011732923035197018,9.952509826639744e-06
5,104418,8.349564322998048e-05,9.952500655757224e-06
5,104428,9.865886659099488e-05,9.952491483993513e-06
5,104438,0.000101377975761352,9.952482311348616e-06
5,104448,6.615097199755838e-05,9.952473137822533e-06
5,104458,7.928932423055814e-05,9.952463963415265e-06
5,104468,7.924996912151982e-05,9.952454788126818e-06
5,104478,9.717686252770363e-05,9.952445611957187e-06
5,104488,8.959423807937128e-05,9.952436434906378e-06
5,104498,8.527360087100532e-05,9.952427256974396e-06
5,104508,8.592494946242367e-05,9.952418078161238e-06
5,104518,6.978515984883416e-05,9.952408898466904e-06
5,104528,0.00010542852683101956,9.952399717891403e-06
5,104538,7.09575321252487e-05,9.95239053643473e-06
5,104548,6.293167534749955e-05,9.952381354096885e-06
5,104558,7.661220806767234e-05,9.952372170877877e-06
5,104568,7.799086170052761e-05,9.952362986777706e-06
5,104578,7.717511630289664e-05,9.952353801796365e-06
5,104588,9.3452028795582e-05,9.952344615933862e-06
5,104598,8.450680870737415e-05,9.952335429190199e-06
5,104608,9.295124664276955e-05,9.952326241565376e-06
5,104618,9.531132586744206e-05,9.952317053059397e-06
5,104628,7.945282063701598e-05,9.952307863672266e-06
5,104638,8.595208355473005e-05,9.95229867340398e-06
5,104648,0.0001125845496517286,9.952289482254544e-06
5,104658,0.00010675522371457191,9.952280290223955e-06
5,104668,6.279829822233295e-05,9.952271097312216e-06
5,104678,7.333044222832542e-05,9.952261903519331e-06
5,104688,6.080328080315667e-05,9.952252708845297e-06
5,104698,0.00010329819474463875,9.952243513290121e-06
5,104708,7.198164394139894e-05,9.952234316853805e-06
5,104718,8.59265951476118e-05,9.952225119536348e-06
5,104728,0.0001109022567561624,9.95221592133775e-06
5,104738,9.812628236431921e-05,9.952206722258015e-06
5,104748,8.393042371608318e-05,9.952197522297142e-06
5,104758,7.513089562962704e-05,9.952188321455134e-06
5,104768,9.197149643114244e-05,9.952179119731994e-06
5,104778,9.372942813570261e-05,9.952169917127723e-06
5,104788,7.9031891118575e-05,9.952160713642322e-06
5,104798,6.591655292140786e-05,9.952151509275793e-06
5,104808,7.384180184999423e-05,9.952142304028137e-06
5,104818,7.129766308935359e-05,9.952133097899356e-06
5,104828,8.043827233450429e-05,9.952123890889456e-06
5,104838,7.599146829306846e-05,9.952114682998431e-06
5,104848,8.579314935559524e-05,9.952105474226288e-06
5,104858,7.634876656084088e-05,9.95209626457303e-06
5,104868,5.708442140530679e-05,9.95208705403865e-06
5,104878,7.646708700121964e-05,9.952077842623161e-06
5,104888,7.64344415983942e-05,9.952068630326554e-06
5,104898,9.594393618499453e-05,9.952059417148838e-06
5,104908,6.77822970374109e-05,9.952050203090012e-06
5,104918,8.919409224290576e-05,9.952040988150078e-06
5,104928,8.501514566887635e-05,9.952031772329038e-06
5,104938,5.831151243000932e-05,9.952022555626894e-06
5,104948,8.845752795423324e-05,9.952013338043647e-06
5,104958,6.651061994489282e-05,9.952004119579299e-06
5,104968,8.209016968976358e-05,9.95199490023385e-06
5,104978,7.314603049053403e-05,9.951985680007304e-06
5,104988,6.868103391752812e-05,9.951976458899659e-06
5,104998,7.29065529867512e-05,9.95196723691092e-06
5,105008,0.00010498881661078486,9.951958014041086e-06
5,105018,8.887933186088048e-05,9.951948790290161e-06
5,105028,7.198570642685809e-05,9.951939565658147e-06
5,105038,6.497475992546242e-05,9.951930340145044e-06
5,105048,8.96382835435361e-05,9.951921113750854e-06
5,105058,7.135438067962241e-05,9.951911886475582e-06
5,105068,8.846435944178665e-05,9.951902658319223e-06
5,105078,6.726493925270915e-05,9.951893429281781e-06
5,105088,0.0001018501828184526,9.95188419936326e-06
5,105098,8.511820115018054e-05,9.951874968563658e-06
5,105108,6.137351670076896e-05,9.951865736882983e-06
5,105118,0.000100789393627565,9.95185650432123e-06
5,105128,8.876891156432976e-05,9.951847270878404e-06
5,105138,6.12986228588852e-05,9.951838036554507e-06
5,105148,9.49833849517745e-05,9.95182880134954e-06
5,105158,9.827776580095815e-05,9.951819565263503e-06
5,105168,7.996614981493623e-05,9.951810328296398e-06
5,105178,7.681766478526696e-05,9.951801090448233e-06
5,105188,8.427680986642372e-05,9.951791851718998e-06
5,105198,8.746765997784678e-05,9.951782612108702e-06
5,105208,7.323434106183413e-05,9.95177337161735e-06
5,105218,7.308107547032705e-05,9.951764130244938e-06
5,105228,6.419708424800774e-05,9.951754887991465e-06
5,105238,9.104801929424867e-05,9.95174564485694e-06
5,105248,9.086408376788314e-05,9.951736400841363e-06
5,105258,7.97981060713937e-05,9.95172715594473e-06
5,105268,7.547524692199658e-05,9.951717910167044e-06
5,105278,8.096444539660297e-05,9.951708663508311e-06
5,105288,8.333661362485145e-05,9.951699415968533e-06
5,105298,8.072872983575508e-05,9.951690167547707e-06
5,105308,7.807159345247784e-05,9.951680918245833e-06
5,105318,8.049811153796327e-05,9.951671668062921e-06
5,105328,6.770174422854325e-05,9.951662416998971e-06
5,105338,7.236768060465692e-05,9.951653165053978e-06
5,105348,9.743581376824295e-05,9.95164391222795e-06
5,105358,7.406432587231393e-05,9.951634658520884e-06
5,105368,9.943226427822083e-05,9.951625403932784e-06
5,105378,7.607609372826118e-05,9.951616148463651e-06
5,105388,7.450785058153996e-05,9.951606892113485e-06
5,105398,0.0001081698201232939,9.951597634882297e-06
5,105408,7.584934410260759e-05,9.951588376770077e-06
5,105418,0.00011662989277283486,9.951579117776833e-06
5,105428,7.663072478862887e-05,9.951569857902562e-06
5,105438,6.026273831594153e-05,9.95156059714727e-06
5,105448,8.527702011633665e-05,9.951551335510957e-06
5,105458,7.055368869259837e-05,9.951542072993624e-06
5,105468,7.365025999206408e-05,9.951532809595274e-06
5,105478,7.741300241832505e-05,9.951523545315906e-06
5,105488,6.0457150675574665e-05,9.951514280155523e-06
5,105498,6.08852555615158e-05,9.951505014114127e-06
5,105508,7.480885224140366e-05,9.951495747191723e-06
5,105518,8.504833249389776e-05,9.951486479388306e-06
5,105528,9.637584334996064e-05,9.951477210703884e-06
5,105538,0.0001016806870666187,9.951467941138456e-06
5,105548,6.855354113213252e-05,9.951458670692024e-06
5,105558,7.642965238119359e-05,9.951449399364584e-06
5,105568,9.969609272957314e-05,9.951440127156146e-06
5,105578,6.699457253489527e-05,9.95143085406671e-06
5,105588,9.406145018147072e-05,9.951421580096276e-06
5,105598,9.111096687774989e-05,9.951412305244845e-06
5,105608,8.087935716503124e-05,9.951403029512424e-06
5,105618,9.109996990446234e-05,9.951393752899003e-06
5,105628,9.767092201400373e-05,9.951384475404594e-06
5,105638,6.215597964001062e-05,9.951375197029195e-06
5,105648,8.41074453546753e-05,9.951365917772808e-06
5,105658,9.36368639486318e-05,9.951356637635436e-06
5,105668,6.382682590810873e-05,9.951347356617079e-06
5,105678,9.59662952936924e-05,9.951338074717737e-06
5,105688,6.763233427591331e-05,9.951328791937415e-06
5,105698,7.092126247698616e-05,9.951319508276116e-06
5,105708,8.398610730182555e-05,9.951310223733837e-06
5,105718,6.780356561648659e-05,9.95130093831058e-06
5,105728,0.00012060634658155321,9.951291652006347e-06
5,105738,7.167687449509686e-05,9.95128236482114e-06
5,105748,7.058956211949407e-05,9.951273076754966e-06
5,105758,9.420542069165095e-05,9.95126378780782e-06
5,105768,6.97730003594188e-05,9.951254497979706e-06
5,105778,7.237498771246464e-05,9.951245207270626e-06
5,105788,6.384041316778167e-05,9.951235915680581e-06
5,105798,6.554913293257413e-05,9.951226623209571e-06
5,105808,5.964026718174864e-05,9.951217329857603e-06
5,105818,6.645630414823245e-05,9.951208035624672e-06
5,105828,7.039200713734317e-05,9.95119874051078e-06
5,105838,9.466016126680187e-05,9.951189444515934e-06
5,105848,7.654400815226836e-05,9.951180147640136e-06
5,105858,6.587066577594668e-05,9.951170849883383e-06
5,105868,6.069055871193996e-05,9.951161551245676e-06
5,105878,8.630130955680216e-05,9.95115225172702e-06
5,105888,9.277283302253637e-05,9.951142951327416e-06
5,105898,9.656448369241843e-05,9.951133650046869e-06
5,105908,8.456674027002009e-05,9.951124347885375e-06
5,105918,8.008286463336844e-05,9.951115044842935e-06
5,105928,8.314606661770085e-05,9.951105740919555e-06
5,105938,7.423131291943718e-05,9.951096436115233e-06
5,105948,7.314118943213543e-05,9.951087130429973e-06
5,105958,8.90186424840067e-05,9.951077823863781e-06
5,105968,8.215691559598781e-05,9.95106851641665e-06
5,105978,0.00010276744719703858,9.951059208088585e-06
5,105988,7.69276352457382e-05,9.951049898879589e-06
5,105998,8.170898004209449e-05,9.951040588789664e-06
5,106008,7.569114877696848e-05,9.951031277818809e-06
5,106018,7.792187898303383e-05,9.951021965967028e-06
5,106028,7.777407845424023e-05,9.951012653234317e-06
5,106038,7.039108991193643e-05,9.95100333962069e-06
5,106048,6.376844194164733e-05,9.950994025126142e-06
5,106058,7.427452476349572e-05,9.95098470975067e-06
5,106068,6.214136747075826e-05,9.950975393494282e-06
5,106078,8.708883819963376e-05,9.950966076356971e-06
5,106088,6.254127201827941e-05,9.950956758338748e-06
5,106098,8.066165603395347e-05,9.950947439439614e-06
5,106108,0.00010177961389672419,9.950938119659566e-06
5,106118,8.186092477444617e-05,9.95092879899861e-06
5,106128,6.285828121690428e-05,9.950919477456743e-06
5,106138,8.165957692654046e-05,9.950910155033972e-06
5,106148,8.248441167779674e-05,9.950900831730294e-06
5,106158,7.939506062939471e-05,9.950891507545712e-06
5,106168,0.0001014555851725163,9.950882182480227e-06
5,106178,8.951525037446118e-05,9.950872856533841e-06
5,106188,7.50811306261312e-05,9.950863529706557e-06
5,106198,9.691754453342582e-05,9.950854201998377e-06
5,106208,7.696856600887258e-05,9.950844873409299e-06
5,106218,7.567993902739545e-05,9.95083554393933e-06
5,106228,8.022637102840234e-05,9.950826213588467e-06
5,106238,6.223982386472926e-05,9.950816882356715e-06
5,106248,6.86077708905941e-05,9.950807550244074e-06
5,106258,0.00011447263836998899,9.950798217250545e-06
5,106268,6.690491304652823e-05,9.950788883376133e-06
5,106278,5.379842732509132e-05,9.950779548620837e-06
5,106288,7.72693116687151e-05,9.950770212984662e-06
5,106298,7.324781395254832e-05,9.950760876467607e-06
5,106308,8.186367631424218e-05,9.950751539069671e-06
5,106318,7.239785659294285e-05,9.950742200790857e-06
5,106328,0.00011004118787241168,9.950732861631167e-06
5,106338,8.396608586735965e-05,9.950723521590606e-06
5,106348,6.494934768852545e-05,9.950714180669171e-06
5,106358,7.731998171038869e-05,9.950704838866862e-06
5,106368,8.528805319656384e-05,9.950695496183687e-06
5,106378,9.634398297748703e-05,9.950686152619643e-06
5,106388,7.123158784452243e-05,9.950676808174732e-06
5,106398,9.011013435156201e-05,9.950667462848963e-06
5,106408,7.104547189555887e-05,9.950658116642328e-06
5,106418,8.920026998566754e-05,9.950648769554834e-06
5,106428,8.40723796045495e-05,9.950639421586483e-06
5,106438,7.869284449952829e-05,9.950630072737273e-06
5,106448,6.84908114180871e-05,9.950620723007207e-06
5,106458,8.386339409298673e-05,9.950611372396288e-06
5,106468,8.051624140534842e-05,9.95060202090452e-06
5,106478,8.701408751221607e-05,9.9505926685319e-06
5,106488,6.460351814894239e-05,9.950583315278425e-06
5,106498,7.591436997245182e-05,9.950573961144101e-06
5,106508,8.659082377562299e-05,9.950564606128934e-06
5,106518,8.976716185316035e-05,9.950555250232929e-06
5,106528,9.483970598012093e-05,9.950545893456081e-06
5,106538,6.330458008960705e-05,9.950536535798391e-06
5,106548,7.00181790307397e-05,9.950527177259862e-06
5,106558,7.605386485920462e-05,9.950517817840498e-06
5,106568,8.570996460548486e-05,9.950508457540292e-06
5,106578,6.950129204597033e-05,9.95049909635926e-06
5,106588,8.045881158977864e-05,9.95048973429739e-06
5,106598,7.804363021932659e-05,9.950480371354697e-06
5,106608,8.149357640832023e-05,9.95047100753117e-06
5,106618,5.906848555241595e-05,9.950461642826818e-06
5,106628,8.061375160650641e-05,9.95045227724164e-06
5,106638,7.00439387401275e-05,9.950442910775641e-06
5,106648,8.039583531171957e-05,9.950433543428818e-06
5,106658,5.768391988567601e-05,9.95042417520117e-06
5,106668,8.8939570423463e-05,9.950414806092706e-06
5,106678,6.423688539598515e-05,9.950405436103426e-06
5,106688,8.21344566247717e-05,9.950396065233332e-06
5,106698,8.182332867363585e-05,9.95038669348242e-06
5,106708,5.413191793195438e-05,9.950377320850696e-06
5,106718,6.394062102117459e-05,9.950367947338166e-06
5,106728,9.288119445045595e-05,9.950358572944823e-06
5,106738,7.52065018787107e-05,9.950349197670674e-06
5,106748,7.854689843043162e-05,9.950339821515723e-06
5,106758,5.857147439201072e-05,9.950330444479964e-06
5,106768,9.827843559833126e-05,9.950321066563404e-06
5,106778,9.681489209469873e-05,9.950311687766047e-06
5,106788,7.805248733347981e-05,9.950302308087886e-06
5,106798,7.28881970189832e-05,9.950292927528928e-06
5,106808,7.294404172171198e-05,9.950283546089175e-06
5,106818,5.5184359939630665e-05,9.950274163768632e-06
5,106828,8.009427806427994e-05,9.950264780567297e-06
5,106838,8.684695130796171e-05,9.950255396485168e-06
5,106848,8.09078329893964e-05,9.950246011522251e-06
5,106858,6.388972128661408e-05,9.950236625678552e-06
5,106868,7.942634720166097e-05,9.950227238954067e-06
5,106878,8.379080854865606e-05,9.950217851348795e-06
5,106888,6.888788243486488e-05,9.95020846286274e-06
5,106898,6.612619813495257e-05,9.950199073495908e-06
5,106908,7.290403700608294e-05,9.950189683248292e-06
5,106918,7.028547834124766e-05,9.950180292119905e-06
5,106928,6.74842173793877e-05,9.950170900110738e-06
5,106938,6.0764168392779534e-05,9.950161507220795e-06
5,106948,0.00010137713102267298,9.95015211345008e-06
5,106958,5.745791549998103e-05,9.950142718798601e-06
5,106968,8.849466194078559e-05,9.950133323266348e-06
5,106978,7.253250178109739e-05,9.950123926853332e-06
5,106988,0.00010574085658845434,9.950114529559549e-06
5,106998,6.464093657996273e-05,9.950105131385002e-06
5,107008,6.49890201202652e-05,9.950095732329695e-06
5,107018,9.59140953455062e-05,9.950086332393624e-06
5,107028,0.00011193667251063744,9.950076931576794e-06
5,107038,7.770643433104851e-05,9.95006752987921e-06
5,107048,5.948263501522888e-05,9.950058127300868e-06
5,107058,6.344382645693259e-05,9.950048723841772e-06
5,107068,7.564492252640776e-05,9.950039319501925e-06
5,107078,7.388595786324005e-05,9.950029914281328e-06
5,107088,9.067401801985398e-05,9.950020508179983e-06
5,107098,0.00010341434817746632,9.950011101197887e-06
5,107108,6.622884316129785e-05,9.95000169333505e-06
5,107118,7.591962648803018e-05,9.94999228459147e-06
5,107128,9.041510461429425e-05,9.949982874967149e-06
5,107138,6.571736889782187e-05,9.94997346446209e-06
5,107148,0.00013490656065187067,9.949964053076288e-06
5,107158,9.036173250933644e-05,9.949954640809748e-06
5,107168,7.572275230813829e-05,9.949945227662474e-06
5,107178,7.725653981651703e-05,9.949935813634464e-06
5,107188,8.730132108212275e-05,9.949926398725729e-06
5,107198,6.438916052502464e-05,9.949916982936256e-06
5,107208,8.179778551493655e-05,9.94990756626606e-06
5,107218,7.486681956834219e-05,9.949898148715135e-06
5,107228,6.495731558970874e-05,9.949888730283487e-06
5,107238,6.692574179396615e-05,9.949879310971115e-06
5,107248,5.815290160171571e-05,9.949869890778018e-06
5,107258,6.075622159187333e-05,9.949860469704203e-06
5,107268,9.608550535631367e-05,9.949851047749668e-06
5,107278,8.623765161246412e-05,9.949841624914418e-06
5,107288,8.192329628400331e-05,9.949832201198452e-06
5,107298,0.00010158409627365473,9.94982277660177e-06
5,107308,7.017715347501507e-05,9.949813351124379e-06
5,107318,8.281818500108783e-05,9.949803924766278e-06
5,107328,6.835741714894539e-05,9.94979449752747e-06
5,107338,8.517757960362359e-05,9.949785069407953e-06
5,107348,5.799131502044474e-05,9.949775640407731e-06
5,107358,5.320677357758541e-05,9.949766210526806e-06
5,107368,9.43316786106152e-05,9.949756779765177e-06
5,107378,7.810585675542824e-05,9.949747348122844e-06
5,107388,8.084639496246382e-05,9.949737915599816e-06
5,107398,7.144584697016398e-05,9.949728482196093e-06
5,107408,7.896574365986452e-05,9.949719047911678e-06
5,107418,8.074543716247717e-05,9.949709612746567e-06
5,107428,7.36325840534846e-05,9.949700176700762e-06
5,107438,8.087296000667266e-05,9.949690739774266e-06
5,107448,6.976812755965511e-05,9.949681301967083e-06
5,107458,0.0001016456174056657,9.949671863279218e-06
5,107468,7.857955247345672e-05,9.949662423710666e-06
5,107478,7.846150151635811e-05,9.94965298326143e-06
5,107488,6.98735317655519e-05,9.94964354193151e-06
5,107498,9.465158609600621e-05,9.949634099720915e-06
5,107508,7.276111459759704e-05,9.949624656629637e-06
5,107518,7.198318908194779e-05,9.949615212657686e-06
5,107528,6.460822114604526e-05,9.94960576780506e-06
5,107538,7.558507663816272e-05,9.949596322071764e-06
5,107548,8.254867409505096e-05,9.949586875457793e-06
5,107558,8.60579732034239e-05,9.949577427963152e-06
5,107568,8.329492670782202e-05,9.949567979587842e-06
5,107578,0.00011555292812772678,9.949558530331867e-06
5,107588,0.00011461176450211495,9.949549080195224e-06
5,107598,8.901404039534099e-05,9.949539629177917e-06
5,107608,8.274810588773107e-05,9.94953017727995e-06
5,107618,7.470230198123318e-05,9.949520724501324e-06
5,107628,6.714182195537433e-05,9.949511270842043e-06
5,107638,0.00010088439730679965,9.949501816302105e-06
5,107648,7.267132668857812e-05,9.949492360881511e-06
5,107658,0.00010103134522978507,9.949482904580263e-06
5,107668,8.916650599530839e-05,9.949473447398367e-06
5,107678,6.228265901881968e-05,9.949463989335815e-06
5,107688,7.750556869723368e-05,9.94945453039262e-06
5,107698,8.085118904546106e-05,9.949445070568781e-06
5,107708,8.880798573045466e-05,9.949435609864294e-06
5,107718,6.301442917902022e-05,9.949426148279165e-06
5,107728,8.049600264712354e-05,9.949416685813392e-06
5,107738,0.00012601256566995288,9.949407222466982e-06
5,107748,7.95453322098183e-05,9.949397758239932e-06
5,107758,0.0001000697553081409,9.949388293132245e-06
5,107768,8.921917965380998e-05,9.949378827143929e-06
5,107778,6.298397756836494e-05,9.949369360274978e-06
5,107788,6.255728776523028e-05,9.949359892525394e-06
5,107798,7.910755066404817e-05,9.949350423895185e-06
5,107808,8.314602923746861e-05,9.94934095438435e-06
5,107818,0.00010253876243950799,9.949331483992884e-06
5,107828,8.734644698051852e-05,9.949322012720792e-06
5,107838,6.451167314480699e-05,9.949312540568081e-06
5,107848,8.45603292418673e-05,9.949303067534745e-06
5,107858,7.38090842787642e-05,9.949293593620792e-06
5,107868,8.41828930788324e-05,9.94928411882622e-06
5,107878,6.86749704527756e-05,9.949274643151031e-06
5,107888,9.264723098567629e-05,9.94926516659523e-06
5,107898,7.684844281357073e-05,9.949255689158818e-06
5,107908,7.475538568542106e-05,9.94924621084179e-06
5,107918,7.390737450805319e-05,9.949236731644156e-06
5,107928,8.574851472076261e-05,9.949227251565916e-06
5,107938,6.503168692688633e-05,9.94921777060707e-06
5,107948,9.350898108095862e-05,9.949208288767621e-06
5,107958,6.866044186608632e-05,9.949198806047566e-06
5,107968,9.699881929918773e-05,9.949189322446913e-06
5,107978,0.00011094612491433508,9.949179837965658e-06
5,107988,6.775928118258889e-05,9.949170352603811e-06
5,107998,7.979839979270764e-05,9.949160866361363e-06
5,108008,7.72035308273189e-05,9.949151379238321e-06
5,108018,6.938393489690498e-05,9.94914189123469e-06
5,108028,8.460334524897916e-05,9.949132402350469e-06
5,108038,9.027555333886994e-05,9.949122912585657e-06
5,108048,7.81922783517075e-05,9.949113421940257e-06
5,108058,6.317530660453486e-05,9.949103930414272e-06
5,108068,8.621619595032825e-05,9.949094438007703e-06
5,108078,7.555017364211381e-05,9.949084944720551e-06
5,108088,7.554875433015696e-05,9.949075450552818e-06
5,108098,7.905007628323801e-05,9.949065955504507e-06
5,108108,7.830333802303358e-05,9.949056459575619e-06
5,108118,7.304055757231253e-05,9.949046962766154e-06
5,108128,8.082003682829964e-05,9.949037465076117e-06
5,108138,6.739141867910803e-05,9.949027966505508e-06
5,108148,6.852017991150205e-05,9.949018467054331e-06
5,108158,9.937072395587164e-05,9.949008966722585e-06
5,108168,7.099708318492048e-05,9.94899946551027e-06
5,108178,7.23110576018371e-05,9.948989963417389e-06
5,108188,7.512490915360104e-05,9.948980460443948e-06
5,108198,9.515228966847645e-05,9.94897095658994e-06
5,108208,9.517730372863298e-05,9.948961451855376e-06
5,108218,9.342713406113035e-05,9.948951946240251e-06
5,108228,7.541652639702079e-05,9.948942439744572e-06
5,108238,8.808330944702901e-05,9.94893293236833e-06
5,108248,8.34905980809708e-05,9.948923424111543e-06
5,108258,0.00011177587280144508,9.948913914974205e-06
5,108268,7.647630859537459e-05,9.948904404956313e-06
5,108278,8.922625329432775e-05,9.948894894057871e-06
5,108288,8.225593091992779e-05,9.94888538227888e-06
5,108298,0.000107549370977722,9.94887586961935e-06
5,108308,7.187209348558099e-05,9.948866356079274e-06
5,108318,7.338809409702662e-05,9.948856841658657e-06
5,108328,8.30186053917714e-05,9.948847326357497e-06
5,108338,6.720092551404377e-05,9.948837810175801e-06
5,108348,8.186997956727282e-05,9.948828293113571e-06
5,108358,7.317027730096015e-05,9.948818775170807e-06
5,108368,0.00010552365242801897,9.948809256347508e-06
5,108378,6.713794355164281e-05,9.948799736643676e-06
5,108388,0.00011146570354867436,9.948790216059314e-06
5,108398,7.649053272871243e-05,9.948780694594426e-06
5,108408,6.430789230762456e-05,9.94877117224901e-06
5,108418,7.367222383436456e-05,9.948761649023074e-06
5,108428,8.115314963106358e-05,9.94875212491661e-06
5,108438,8.206880793295567e-05,9.948742599929625e-06
5,108448,7.689604290135321e-05,9.948733074062122e-06
5,108458,6.007194228914159e-05,9.948723547314101e-06
5,108468,6.430566559174623e-05,9.948714019685557e-06
5,108478,7.936469642118027e-05,9.948704491176504e-06
5,108488,7.161025419009093e-05,9.948694961786938e-06
5,108498,8.094236395663756e-05,9.948685431516862e-06
5,108508,0.00010074278779939049,9.948675900366274e-06
5,108518,9.091595507015882e-05,9.94866636833518e-06
5,108528,6.646753549830465e-05,9.94865683542358e-06
5,108538,8.098453263301054e-05,9.948647301631479e-06
5,108548,7.362699407167383e-05,9.94863776695887e-06
5,108558,6.544058046529245e-05,9.948628231405759e-06
5,108568,8.116020258057687e-05,9.948618694972153e-06
5,108578,8.800825758044084e-05,9.948609157658045e-06
5,108588,0.00010833596388692968,9.948599619463443e-06
5,108598,6.566576680597792e-05,9.94859008038835e-06
5,108608,8.91935745585215e-05,9.948580540432767e-06
5,108618,6.758018296295631e-05,9.948570999596688e-06
5,108628,8.080994380179617e-05,9.948561457880122e-06
5,108638,7.99898595232662e-05,9.948551915283067e-06
5,108648,6.543161116496776e-05,9.948542371805529e-06
5,108658,6.97693528536547e-05,9.948532827447508e-06
5,108668,7.771872678858926e-05,9.948523282209004e-06
5,108678,6.772665535663691e-05,9.948513736090017e-06
5,108688,6.361536807162338e-05,9.948504189090552e-06
5,108698,7.614910787197004e-05,9.948494641210607e-06
5,108708,9.196448831971793e-05,9.948485092450192e-06
5,108718,7.297548941096466e-05,9.948475542809295e-06
5,108728,7.601106749461905e-05,9.948465992287931e-06
5,108738,7.449143563462713e-05,9.948456440886096e-06
5,108748,6.466444569923624e-05,9.948446888603793e-06
5,108758,8.929554655878746e-05,9.948437335441023e-06
5,108768,7.345505109697114e-05,9.94842778139779e-06
5,108778,6.72553879667248e-05,9.948418226474093e-06
5,108788,7.71077779290863e-05,9.948408670669932e-06
5,108798,5.4512649057869567e-05,9.948399113985312e-06
5,108808,9.368752762384247e-05,9.94838955642023e-06
5,108818,7.73303122514335e-05,9.948379997974695e-06
5,108828,6.77784388699365e-05,9.948370438648703e-06
5,108838,7.718252854829188e-05,9.948360878442255e-06
5,108848,8.38819410546421e-05,9.94835131735536e-06
5,108858,8.049354792092344e-05,9.948341755388012e-06
5,108868,6.805751950196281e-05,9.948332192540216e-06
5,108878,6.273191320360638e-05,9.948322628811976e-06
5,108888,8.995654193313384e-05,9.948313064203291e-06
5,108898,6.882416605549224e-05,9.948303498714164e-06
5,108908,7.304191021830774e-05,9.948293932344593e-06
5,108918,9.549413139211539e-05,9.948284365094582e-06
5,108928,8.144844359776472e-05,9.948274796964133e-06
5,108938,0.00010265518794767558,9.94826522795325e-06
5,108948,8.570524564674998e-05,9.948255658061929e-06
5,108958,9.17755569844303e-05,9.948246087290177e-06
5,108968,8.39533298403694e-05,9.948236515637994e-06
5,108978,8.83243017597124e-05,9.948226943105383e-06
5,108988,7.044438980301493e-05,9.948217369692342e-06
5,108998,6.563818442373304e-05,9.948207795398874e-06
5,109008,7.6384021940612e-05,9.948198220224984e-06
5,109018,0.00011606837215367703,9.948188644170668e-06
5,109028,8.661407737236005e-05,9.948179067235935e-06
5,109038,8.547740749236255e-05,9.948169489420783e-06
5,109048,7.72703063375957e-05,9.948159910725209e-06
5,109058,7.322024832774332e-05,9.948150331149217e-06
5,109068,6.617134308726236e-05,9.948140750692816e-06
5,109078,5.831535240758967e-05,9.948131169356002e-06
5,109088,8.146282739289745e-05,9.948121587138776e-06
5,109098,8.415773850174446e-05,9.948112004041143e-06
5,109108,9.996616645366885e-05,9.948102420063104e-06
5,109118,7.165391848502622e-05,9.94809283520466e-06
5,109128,0.00011762314707084442,9.948083249465813e-06
5,109138,9.343656465716776e-05,9.94807366284656e-06
5,109148,7.441010266120429e-05,9.948064075346903e-06
5,109158,8.554354949410482e-05,9.94805448696685e-06
5,109168,8.114560835110752e-05,9.948044897706398e-06
5,109178,8.238638597504177e-05,9.948035307565552e-06
5,109188,9.655273643147667e-05,9.948025716544312e-06
5,109198,9.375025933877623e-05,9.94801612464268e-06
5,109208,8.894626917026472e-05,9.948006531860658e-06
5,109218,5.68665672062707e-05,9.947996938198246e-06
5,109228,8.283054899038689e-05,9.947987343655446e-06
5,109238,0.0001184463553727255,9.94797774823226e-06
5,109248,9.34467307615705e-05,9.947968151928696e-06
5,109258,9.628450975469606e-05,9.947958554744747e-06
5,109268,7.904323879301956e-05,9.947948956680418e-06
5,109278,7.474326616829785e-05,9.94793935773571e-06
5,109288,7.125978831936663e-05,9.947929757910627e-06
5,109298,6.32046075679682e-05,9.94792015720517e-06
5,109308,7.587401760247303e-05,9.947910555619336e-06
5,109318,9.399198952451115e-05,9.947900953153133e-06
5,109328,6.445162784984859e-05,9.947891349806562e-06
5,109338,7.56110037855251e-05,9.94788174557962e-06
5,109348,9.633731910980714e-05,9.947872140472312e-06
5,109358,8.313790831380175e-05,9.947862534484638e-06
5,109368,5.750529285251105e-05,9.947852927616603e-06
5,109378,7.126106170289859e-05,9.947843319868205e-06
5,109388,7.07995192897215e-05,9.94783371123945e-06
5,109398,7.61640042583167e-05,9.947824101730331e-06
5,109408,9.535942499496741e-05,9.94781449134086e-06
5,109418,8.190390362869947e-05,9.947804880071036e-06
5,109428,9.482434306846697e-05,9.94779526792086e-06
5,109438,6.770561817575072e-05,9.947785654890332e-06
5,109448,8.239314906859362e-05,9.947776040979453e-06
5,109458,5.521550297089561e-05,9.94776642618823e-06
5,109468,7.342387502831115e-05,9.947756810516658e-06
5,109478,9.604505844436062e-05,9.947747193964743e-06
5,109488,6.950266297280906e-05,9.947737576532487e-06
5,109498,6.558700288223919e-05,9.947727958219883e-06
5,109508,8.887707144822343e-05,9.947718339026945e-06
5,109518,8.0778550272953e-05,9.947708718953668e-06
5,109528,7.35848396743677e-05,9.947699098000059e-06
5,109538,7.827898052710225e-05,9.947689476166112e-06
5,109548,0.00010391927839918935,9.947679853451836e-06
5,109558,6.985713589529041e-05,9.94767022985723e-06
5,109568,7.579252821869887e-05,9.947660605382296e-06
5,109578,6.745028463228664e-05,9.947650980027031e-06
5,109588,5.753017153438122e-05,9.947641353791442e-06
5,109598,8.554509372515895e-05,9.947631726675528e-06
5,109608,8.572920587539557e-05,9.947622098679292e-06
5,109618,7.758697120152647e-05,9.94761246980274e-06
5,109628,7.50877092286828e-05,9.947602840045866e-06
5,109638,8.419059167863452e-05,9.947593209408678e-06
5,109648,8.508282185175631e-05,9.947583577891174e-06
5,109658,7.173716553552368e-05,9.947573945493355e-06
5,109668,7.218681880658551e-05,9.947564312215222e-06
5,109678,8.138231191878731e-05,9.947554678056783e-06
5,109688,5.1864286251657174e-05,9.947545043018038e-06
5,109698,8.64549931975489e-05,9.947535407098985e-06
5,109708,7.532960312346404e-05,9.947525770299624e-06
5,109718,6.665397622782621e-05,9.94751613261996e-06
5,109728,0.00010149861091122148,9.947506494059995e-06
5,109738,6.985385434745694e-05,9.947496854619732e-06
5,109748,0.00011635463756647367,9.947487214299172e-06
5,109758,7.479338100893075e-05,9.947477573098312e-06
5,109768,6.238185737856838e-05,9.947467931017159e-06
5,109778,0.00012798072802979731,9.947458288055715e-06
5,109788,0.00010047796231447138,9.947448644213978e-06
5,109798,8.755977637520118e-05,9.947438999491952e-06
5,109808,8.668368404869397e-05,9.94742935388964e-06
5,109818,7.34548306581928e-05,9.947419707407041e-06
5,109828,7.344878906678787e-05,9.947410060044158e-06
5,109838,6.686928604722196e-05,9.947400411800992e-06
5,109848,8.149868945110937e-05,9.947390762677544e-06
5,109858,7.205353745121101e-05,9.947381112673819e-06
5,109868,7.824414142305613e-05,9.947371461789816e-06
5,109878,5.987039971842023e-05,9.947361810025535e-06
5,109888,6.18002719420474e-05,9.947352157380983e-06
5,109898,8.71142400228564e-05,9.947342503856156e-06
5,109908,8.557932824260206e-05,9.947332849451062e-06
5,109918,9.426728588550758e-05,9.947323194165698e-06
5,109928,8.155927384905228e-05,9.947313538000067e-06
5,109938,6.988077543610416e-05,9.947303880954174e-06
5,109948,9.009924742713338e-05,9.947294223028018e-06
5,109958,6.428803321796294e-05,9.947284564221599e-06
5,109968,5.2214190554877865e-05,9.947274904534917e-06
5,109978,6.821674412549328e-05,9.94726524396798e-06
5,109988,7.812399612703303e-05,9.947255582520786e-06
5,109998,0.00014384771725417522,9.947245920193334e-06
5,110008,6.377784720825731e-05,9.947236256985627e-06
5,110018,8.601460240242886e-05,9.94722659289767e-06
5,110028,7.402540204566321e-05,9.947216927929461e-06
5,110038,7.92989971159841e-05,9.947207262081006e-06
5,110048,8.827945307530172e-05,9.947197595352301e-06
5,110058,7.428608823829563e-05,9.947187927743357e-06
5,110068,9.82089662556973e-05,9.947178259254168e-06
5,110078,9.789859054762929e-05,9.94716858988474e-06
5,110088,6.462526430368598e-05,9.947158919635069e-06
5,110098,0.00010675875705601356,9.947149248505163e-06
5,110108,7.101448150024226e-05,9.947139576495018e-06
5,110118,0.00010683813193281821,9.94712990360464e-06
5,110128,8.770192102929288e-05,9.94712022983403e-06
5,110138,9.13769549697463e-05,9.947110555183187e-06
5,110148,7.441536949954752e-05,9.947100879652117e-06
5,110158,5.221072524363989e-05,9.94709120324082e-06
5,110168,7.709373662692087e-05,9.947081525949296e-06
5,110178,8.921827566155116e-05,9.947071847777546e-06
5,110188,8.91734306151193e-05,9.947062168725578e-06
5,110198,9.008613560581579e-05,9.947052488793387e-06
5,110208,6.504954744741553e-05,9.947042807980976e-06
5,110218,7.767711963424517e-05,9.947033126288349e-06
5,110228,6.688946000394935e-05,9.947023443715502e-06
5,110238,7.642732625754434e-05,9.947013760262447e-06
5,110248,8.374650165023923e-05,9.94700407592918e-06
5,110258,7.891806631050713e-05,9.946994390715702e-06
5,110268,6.860717571726126e-05,9.94698470462201e-06
5,110278,7.843486864658188e-05,9.946975017648118e-06
5,110288,7.342739618252381e-05,9.946965329794017e-06
5,110298,8.352703114269388e-05,9.946955641059713e-06
5,110308,8.559402774608316e-05,9.946945951445212e-06
5,110318,7.958200499160739e-05,9.946936260950507e-06
5,110328,7.099570682385092e-05,9.946926569575602e-06
5,110338,7.5719332198787e-05,9.946916877320504e-06
5,110348,6.656497280346229e-05,9.946907184185209e-06
5,110358,7.843002240406349e-05,9.946897490169721e-06
5,110368,8.555288500247115e-05,9.946887795274043e-06
5,110378,8.149399945978075e-05,9.946878099498175e-06
5,110388,8.6606504419251e-05,9.94686840284212e-06
5,110398,6.160441314477794e-05,9.946858705305876e-06
5,110408,6.994398145252489e-05,9.946849006889453e-06
5,110418,6.122216113908507e-05,9.946839307592848e-06
5,110428,9.423779547432787e-05,9.946829607416058e-06
5,110438,7.505958978981653e-05,9.946819906359089e-06
5,110448,4.9159117270392014e-05,9.94681020442194e-06
5,110458,7.151479410367757e-05,9.94680050160462e-06
5,110468,7.312754805752775e-05,9.946790797907125e-06
5,110478,8.570797290303744e-05,9.946781093329457e-06
5,110488,5.4983113477646833e-05,9.94677138787162e-06
5,110498,7.767410365886462e-05,9.946761681533612e-06
5,110508,6.493287983175832e-05,9.946751974315437e-06
5,110518,7.589781921524263e-05,9.946742266217098e-06
5,110528,0.00010404359222775384,9.94673255723859e-06
5,110538,8.427505781583022e-05,9.946722847379923e-06
5,110548,6.977814296078578e-05,9.946713136641098e-06
5,110558,7.0238519947452e-05,9.946703425022113e-06
5,110568,6.433643579839554e-05,9.946693712522973e-06
5,110578,6.626698441323241e-05,9.946683999143677e-06
5,110588,7.654459391233104e-05,9.946674284884226e-06
5,110598,8.661059032419872e-05,9.946664569744622e-06
5,110608,0.00010974457650263503,9.946654853724872e-06
5,110618,8.577398557463312e-05,9.94664513682497e-06
5,110628,6.304268817984849e-05,9.946635419044927e-06
5,110638,7.058263422550226e-05,9.946625700384734e-06
5,110648,7.518485963373678e-05,9.946615980844402e-06
5,110658,5.0317875457039916e-05,9.946606260423924e-06
5,110668,8.750940910431381e-05,9.946596539123311e-06
5,110678,0.00010440815108267998,9.946586816942558e-06
5,110688,9.391266371494567e-05,9.946577093881669e-06
5,110698,9.942996698555361e-05,9.946567369940646e-06
5,110708,8.39087656004267e-05,9.946557645119491e-06
5,110718,4.82518847547908e-05,9.946547919418205e-06
5,110728,9.454632745473646e-05,9.946538192836789e-06
5,110738,7.394872786790075e-05,9.94652846537525e-06
5,110748,8.010011861188104e-05,9.946518737033584e-06
5,110758,6.030939252923418e-05,9.94650900781179e-06
5,110768,7.418050920477981e-05,9.946499277709877e-06
5,110778,7.413948610519584e-05,9.946489546727838e-06
5,110788,8.512290619364649e-05,9.946479814865687e-06
5,110798,6.092887956583582e-05,9.946470082123419e-06
5,110808,9.266164952350663e-05,9.946460348501038e-06
5,110818,9.398247793797054e-05,9.946450613998537e-06
5,110828,8.243043976108311e-05,9.946440878615929e-06
5,110838,9.756564522831468e-05,9.94643114235321e-06
5,110848,5.827522995787149e-05,9.946421405210382e-06
5,110858,7.104908349901962e-05,9.946411667187446e-06
5,110868,8.147731987264707e-05,9.946401928284406e-06
5,110878,6.456533751588722e-05,9.946392188501263e-06
5,110888,6.691066030271032e-05,9.94638244783802e-06
5,110898,6.589627710127389e-05,9.946372706294674e-06
5,110908,8.305587366521649e-05,9.946362963871233e-06
5,110918,8.706873586561414e-05,9.946353220567696e-06
5,110928,7.957111929499661e-05,9.946343476384061e-06
5,110938,8.965702550085551e-05,9.946333731320334e-06
5,110948,6.543835188494995e-05,9.946323985376516e-06
5,110958,6.925701666204986e-05,9.94631423855261e-06
5,110968,8.032201701553278e-05,9.946304490848614e-06
5,110978,6.475401896750554e-05,9.946294742264535e-06
5,110988,0.00012572697532959866,9.946284992800373e-06
5,110998,6.577947356163349e-05,9.946275242456125e-06
5,111008,0.00010449858041283734,9.9462654912318e-06
5,111018,7.415275804305566e-05,9.946255739127396e-06
5,111028,6.51965484394168e-05,9.946245986142914e-06
5,111038,7.603704971188563e-05,9.946236232278357e-06
5,111048,9.063784154932364e-05,9.946226477533726e-06
5,111058,6.485838378011977e-05,9.946216721909022e-06
5,111068,9.111815570577164e-05,9.946206965404246e-06
5,111078,8.526709461875726e-05,9.946197208019406e-06
5,111088,9.708242650958709e-05,9.946187449754496e-06
5,111098,9.423915148545347e-05,9.946177690609518e-06
5,111108,9.122801425291981e-05,9.946167930584483e-06
5,111118,6.412776078832395e-05,9.946158169679385e-06
5,111128,9.446846761420601e-05,9.946148407894224e-06
5,111138,0.0001025084870889259,9.946138645229008e-06
5,111148,7.839469585633196e-05,9.946128881683736e-06
5,111158,6.0626034019151115e-05,9.946119117258408e-06
5,111168,7.261908358486835e-05,9.946109351953027e-06
5,111178,9.108981803365168e-05,9.946099585767597e-06
5,111188,7.381634486591793e-05,9.946089818702117e-06
5,111198,6.779093505429045e-05,9.946080050756589e-06
5,111208,7.346539889567794e-05,9.946070281931016e-06
5,111218,6.536820615110628e-05,9.946060512225399e-06
5,111228,8.817068473945256e-05,9.946050741639735e-06
5,111238,6.817394510107987e-05,9.946040970174033e-06
5,111248,5.9399982137620104e-05,9.946031197828296e-06
5,111258,6.784460415474314e-05,9.94602142460252e-06
5,111268,7.110574010766868e-05,9.946011650496708e-06
5,111278,9.953193484761868e-05,9.946001875510866e-06
5,111288,7.749311021143512e-05,9.945992099644989e-06
5,111298,0.00010943481734102534,9.945982322899085e-06
5,111308,7.521050115428806e-05,9.945972545273146e-06
5,111318,6.575237048309646e-05,9.945962766767184e-06
5,111328,6.378927118930733e-05,9.945952987381199e-06
5,111338,6.472746404142527e-05,9.945943207115185e-06
5,111348,0.00010608556922306889,9.94593342596915e-06
5,111358,7.297278989426559e-05,9.945923643943094e-06
5,111368,0.0001019600217205152,9.945913861037026e-06
5,111378,8.53929902859818e-05,9.94590407725094e-06
5,111388,8.468919577353518e-05,9.945894292584837e-06
5,111398,8.102058861823025e-05,9.945884507038724e-06
5,111408,5.9843041026397255e-05,9.945874720612598e-06
5,111418,5.635182883452218e-05,9.945864933306467e-06
5,111428,9.43160264796461e-05,9.945855145120323e-06
5,111438,5.927158190388582e-05,9.945845356054177e-06
5,111448,6.332860702968901e-05,9.945835566108024e-06
5,111458,7.452821068909543e-05,9.945825775281871e-06
5,111468,8.30571552796755e-05,9.945815983575717e-06
5,111478,9.417287997166568e-05,9.945806190989567e-06
5,111488,0.00010006670549955743,9.945796397523414e-06
5,111498,8.809005535113102e-05,9.945786603177268e-06
5,111508,7.015402834440466e-05,9.945776807951132e-06
5,111518,8.64198228555324e-05,9.945767011844999e-06
5,111528,8.85046881649032e-05,9.945757214858877e-06
5,111538,0.00010171971680392745,9.945747416992767e-06
5,111548,0.00010577368375379592,9.945737618246668e-06
5,111558,6.611786247958661e-05,9.945727818620585e-06
5,111568,7.994375982889323e-05,9.94571801811452e-06
5,111578,7.329986278818979e-05,9.945708216728473e-06
5,111588,9.037545378305368e-05,9.94569841446245e-06
5,111598,8.665793775435303e-05,9.945688611316442e-06
5,111608,7.718826591371908e-05,9.94567880729046e-06
5,111618,5.999997333674401e-05,9.945669002384507e-06
5,111628,8.174687332029862e-05,9.945659196598578e-06
5,111638,7.095724222381249e-05,9.945649389932679e-06
5,111648,8.342915789398829e-05,9.945639582386812e-06
5,111658,9.570310453455023e-05,9.945629773960978e-06
5,111668,9.32263123559096e-05,9.945619964655178e-06
5,111678,8.534619087186002e-05,9.945610154469412e-06
5,111688,0.00010049656784758553,9.945600343403683e-06
5,111698,7.151193917707133e-05,9.945590531457996e-06
5,111708,7.448996884704683e-05,9.94558071863235e-06
5,111718,7.922373952169437e-05,9.945570904926746e-06
5,111728,6.309581399364105e-05,9.945561090341188e-06
5,111738,6.228930351426243e-05,9.945551274875676e-06
5,111748,7.06766033090389e-05,9.945541458530209e-06
5,111758,7.840995817787189e-05,9.945531641304794e-06
5,111768,9.264268614970206e-05,9.94552182319943e-06
5,111778,9.129139839387788e-05,9.945512004214119e-06
5,111788,6.44798471512331e-05,9.945502184348866e-06
5,111798,7.505979169764032e-05,9.945492363603671e-06
5,111808,6.36543697964953e-05,9.945482541978535e-06
5,111818,5.974944965601025e-05,9.945472719473458e-06
5,111828,6.496744081232463e-05,9.945462896088441e-06
5,111838,7.091640327416826e-05,9.945453071823491e-06
5,111848,0.00010365897792325995,9.945443246678604e-06
5,111858,6.599389653274556e-05,9.945433420653785e-06
5,111868,8.998428988888918e-05,9.945423593749035e-06
5,111878,7.483959589080769e-05,9.945413765964358e-06
5,111888,7.895258813732652e-05,9.945403937299749e-06
5,111898,5.869063420504972e-05,9.945394107755217e-06
5,111908,8.766713203840481e-05,9.94538427733076e-06
5,111918,7.675667884541327e-05,9.945374446026383e-06
5,111928,8.832528856146382e-05,9.945364613842081e-06
5,111938,6.598843078791106e-05,9.945354780777865e-06
5,111948,9.082305664378509e-05,9.945344946833735e-06
5,111958,7.540771089225018e-05,9.945335112009689e-06
5,111968,7.585882735838823e-05,9.94532527630573e-06
5,111978,7.866008527344093e-05,9.94531543972186e-06
5,111988,6.154487673484254e-05,9.945305602258076e-06
5,111998,7.499057828681543e-05,9.945295763914384e-06
5,112008,8.04398218406277e-05,9.945285924690786e-06
5,112018,4.7345085135930276e-05,9.945276084587287e-06
5,112028,6.83834088704316e-05,9.945266243603882e-06
5,112038,5.7802451237876085e-05,9.945256401740574e-06
5,112048,6.72367468723678e-05,9.94524655899737e-06
5,112058,6.331458098429721e-05,9.945236715374267e-06
5,112068,8.381768011531677e-05,9.94522687087127e-06
5,112078,0.00012054942685608695,9.94521702548838e-06
5,112088,7.149556563490478e-05,9.945207179225592e-06
5,112098,8.900579200599168e-05,9.945197332082917e-06
5,112108,9.39596390708175e-05,9.945187484060354e-06
5,112118,5.210467707001953e-05,9.945177635157906e-06
5,112128,6.872583485346696e-05,9.945167785375568e-06
5,112138,6.59468497360649e-05,9.945157934713348e-06
5,112148,8.416500677412841e-05,9.94514808317125e-06
5,112158,9.192237803290482e-05,9.945138230749264e-06
5,112168,0.0001054549269611016,9.945128377447404e-06
5,112178,9.298742834289442e-05,9.945118523265669e-06
5,112188,8.767754820837581e-05,9.945108668204059e-06
5,112198,6.955602443667885e-05,9.945098812262577e-06
5,112208,9.372602280564023e-05,9.945088955441223e-06
5,112218,8.740798857616029e-05,9.945079097739999e-06
5,112228,8.651336479488236e-05,9.945069239158907e-06
5,112238,0.00011781933592374115,9.945059379697948e-06
5,112248,9.401459719811102e-05,9.945049519357126e-06
5,112258,6.648882731496997e-05,9.94503965813644e-06
5,112268,8.061547246143163e-05,9.945029796035895e-06
5,112278,6.32252486411744e-05,9.945019933055492e-06
5,112288,8.549631293135463e-05,9.94501006919523e-06
5,112298,8.211653303078491e-05,9.945000204455114e-06
5,112308,8.277401593659306e-05,9.944990338835142e-06
5,112318,8.686733904141874e-05,9.944980472335318e-06
5,112328,9.036427391038159e-05,9.944970604955644e-06
5,112338,0.00010220722638223378,9.944960736696123e-06
5,112348,9.378873146488331e-05,9.944950867556754e-06
5,112358,6.7045697278445e-05,9.944940997537535e-06
5,112368,8.174694344234012e-05,9.94493112663848e-06
5,112378,9.149591201094154e-05,9.94492125485958e-06
5,112388,7.433516357195913e-05,9.944911382200846e-06
5,112398,6.681917675450678e-05,9.944901508662273e-06
5,112408,9.704239414531912e-05,9.94489163424386e-06
5,112418,6.847076970188937e-05,9.944881758945612e-06
5,112428,7.321864063669636e-05,9.944871882767534e-06
5,112438,8.216927358262183e-05,9.944862005709627e-06
5,112448,7.216125945888052e-05,9.944852127771888e-06
5,112458,7.666817227800494e-05,9.944842248954325e-06
5,112468,8.081988526100758e-05,9.944832369256931e-06
5,112478,9.617115083528915e-05,9.944822488679716e-06
5,112488,0.00010558539929661492,9.94481260722268e-06
5,112498,8.932369655667571e-05,9.94480272488582e-06
5,112508,8.881089715941926e-05,9.944792841669141e-06
5,112518,8.055526000134705e-05,9.944782957572648e-06
5,112528,7.867941949371015e-05,9.944773072596337e-06
5,112538,8.986517409539374e-05,9.944763186740218e-06
5,112548,0.00011260765395491035,9.944753300004284e-06
5,112558,7.678693127672888e-05,9.944743412388538e-06
5,112568,6.885917591716862e-05,9.944733523892992e-06
5,112578,4.6886624204489635e-05,9.944723634517635e-06
5,112588,7.22618019381116e-05,9.944713744262472e-06
5,112598,6.222531092134887e-05,9.944703853127505e-06
5,112608,6.99378845638421e-05,9.944693961112743e-06
5,112618,9.012760315272317e-05,9.944684068218176e-06
5,112628,7.535452605225145e-05,9.944674174443815e-06
5,112638,6.843512555860798e-05,9.944664279789656e-06
5,112648,8.182903634406103e-05,9.944654384255704e-06
5,112658,8.120204920487596e-05,9.944644487841962e-06
5,112668,6.734828407388705e-05,9.944634590548422e-06
5,112678,8.812320179458767e-05,9.9446246923751e-06
5,112688,5.0006287847281786e-05,9.944614793321991e-06
5,112698,6.761335000646796e-05,9.944604893389093e-06
5,112708,9.984068478843255e-05,9.944594992576414e-06
5,112718,9.685515847195346e-05,9.944585090883954e-06
5,112728,0.00010933920916613715,9.944575188311712e-06
5,112738,5.931153891651775e-05,9.944565284859696e-06
5,112748,7.209264181256003e-05,9.9445553805279e-06
5,112758,9.731314476084663e-05,9.944545475316327e-06
5,112768,8.165324970832444e-05,9.944535569224982e-06
5,112778,7.222821732284501e-05,9.94452566225387e-06
5,112788,7.187633686953632e-05,9.944515754402987e-06
5,112798,9.592999299457006e-05,9.944505845672338e-06
5,112808,8.466556487292109e-05,9.944495936061925e-06
5,112818,7.5584154774333e-05,9.944486025571743e-06
5,112828,8.765472307459277e-05,9.944476114201802e-06
5,112838,7.64750052439922e-05,9.944466201952099e-06
5,112848,5.617862761937431e-05,9.94445628882264e-06
5,112858,8.58538200645853e-05,9.944446374813421e-06
5,112868,9.978426814996055e-05,9.944436459924448e-06
5,112878,9.688786844890275e-05,9.94442654415572e-06
5,112888,7.460581637133145e-05,9.944416627507243e-06
5,112898,8.582410437156796e-05,9.944406709979017e-06
5,112908,0.00013139295137989395,9.94439679157104e-06
5,112918,8.982122017187066e-05,9.944386872283319e-06
5,112928,7.838075548534107e-05,9.944376952115848e-06
5,112938,6.038642495695968e-05,9.94436703106864e-06
5,112948,8.282797239189676e-05,9.944357109141691e-06
5,112958,7.855817734707671e-05,9.944347186335005e-06
5,112968,0.00010464284200679685,9.944337262648573e-06
5,112978,8.697523494447524e-05,9.944327338082411e-06
5,112988,8.830394162941956e-05,9.944317412636515e-06
5,112998,9.125578098974074e-05,9.944307486310888e-06
5,113008,9.370852135361928e-05,9.94429755910553e-06
5,113018,7.374048186647997e-05,9.94428763102044e-06
5,113028,7.177599823080528e-05,9.944277702055623e-06
5,113038,6.856148747829139e-05,9.944267772211082e-06
5,113048,8.316326138810837e-05,9.944257841486819e-06
5,113058,0.00010025687529378047,9.944247909882833e-06
5,113068,7.2447812772225e-05,9.94423797739913e-06
5,113078,7.4587813242033e-05,9.944228044035705e-06
5,113088,5.927398742642254e-05,9.944218109792564e-06
5,113098,7.579661805721117e-05,9.94420817466971e-06
5,113108,8.580512271691986e-05,9.944198238667144e-06
5,113118,7.862683414714411e-05,9.944188301784864e-06
5,113128,8.246889601650764e-05,9.944178364022875e-06
5,113138,8.724157044071035e-05,9.944168425381179e-06
5,113148,7.177611760198487e-05,9.944158485859781e-06
5,113158,6.187326516737812e-05,9.944148545458676e-06
5,113168,8.607853678768151e-05,9.944138604177869e-06
5,113178,9.477690773564972e-05,9.94412866201736e-06
5,113188,6.650515297224047e-05,9.94411871897715e-06
5,113198,6.770890850020806e-05,9.944108775057246e-06
5,113208,6.646366109634981e-05,9.944098830257644e-06
5,113218,7.21918867839122e-05,9.944088884578354e-06
5,113228,8.554306978112435e-05,9.944078938019371e-06
5,113238,6.531435578835953e-05,9.944068990580694e-06
5,113248,5.6597014008730184e-05,9.944059042262333e-06
5,113258,9.277999251935399e-05,9.944049093064281e-06
5,113268,7.455266704710084e-05,9.944039142986551e-06
5,113278,9.602959962649039e-05,9.944029192029136e-06
5,113288,7.862343945816975e-05,9.944019240192039e-06
5,113298,0.00010437808014103211,9.944009287475264e-06
5,113308,8.578044926252914e-05,9.943999333878813e-06
5,113318,8.334351173289178e-05,9.943989379402684e-06
5,113328,7.701229155827604e-05,9.943979424046883e-06
5,113338,7.562857576886018e-05,9.943969467811406e-06
5,113348,5.585325961874332e-05,9.943959510696262e-06
5,113358,0.0001013195170344261,9.943949552701448e-06
5,113368,9.675936339590408e-05,9.943939593826969e-06
5,113378,7.928263803478331e-05,9.943929634072824e-06
5,113388,7.185328531704727e-05,9.943919673439017e-06
5,113398,7.327419352805009e-05,9.943909711925547e-06
5,113408,0.00010737958564277506,9.943899749532417e-06
5,113418,8.352551831194432e-05,9.943889786259627e-06
5,113428,0.00011237302833251306,9.943879822107187e-06
5,113438,6.852787682873896e-05,9.943869857075087e-06
5,113448,7.19979817404237e-05,9.943859891163341e-06
5,113458,9.02786556252977e-05,9.94384992437194e-06
5,113468,8.573883919780201e-05,9.943839956700888e-06
5,113478,7.907548765615502e-05,9.943829988150192e-06
5,113488,7.52203923639172e-05,9.943820018719848e-06
5,113498,7.576643251923087e-05,9.943810048409861e-06
5,113508,8.986079023998172e-05,9.943800077220234e-06
5,113518,9.414128608113969e-05,9.943790105150962e-06
5,113528,7.68463404256181e-05,9.943780132202055e-06
5,113538,7.010165236351896e-05,9.94377015837351e-06
5,113548,0.00010203137667303963,9.94376018366533e-06
5,113558,8.94614134267613e-05,9.94375020807752e-06
5,113568,6.274912916524045e-05,9.943740231610079e-06
5,113578,8.509798421982851e-05,9.943730254263005e-06
5,113588,8.9530766081225e-05,9.943720276036305e-06
5,113598,6.814729008510768e-05,9.943710296929976e-06
5,113608,7.4475371866356e-05,9.943700316944026e-06
5,113618,8.035564515012082e-05,9.94369033607845e-06
5,113628,0.00010166106267206486,9.943680354333257e-06
5,113638,8.119445105876366e-05,9.943670371708443e-06
5,113648,7.462466646757093e-05,9.943660388204012e-06
5,113658,6.696344762531225e-05,9.943650403819967e-06
5,113668,7.422647645398682e-05,9.943640418556308e-06
5,113678,6.68596853302006e-05,9.943630432413038e-06
5,113688,8.178713028428321e-05,9.943620445390156e-06
5,113698,9.411956025360269e-05,9.943610457487667e-06
5,113708,9.332446225016611e-05,9.943600468705572e-06
5,113718,7.819236147952325e-05,9.943590479043873e-06
5,113728,7.926850603325874e-05,9.943580488502574e-06
5,113738,7.784744389027763e-05,9.943570497081672e-06
5,113748,0.00011486583443911514,9.943560504781168e-06
5,113758,9.025217668749976e-05,9.94355051160107e-06
5,113768,8.246798079198925e-05,9.943540517541371e-06
5,113778,0.00010390103898316738,9.943530522602086e-06
5,113788,8.058971316131647e-05,9.943520526783204e-06
5,113798,7.056308027131308e-05,9.943510530084731e-06
5,113808,5.862043740307854e-05,9.94350053250667e-06
5,113818,8.374181904855505e-05,9.943490534049022e-06
5,113828,6.819978962084861e-05,9.943480534711787e-06
5,113838,5.738305512750231e-05,9.943470534494973e-06
5,113848,6.696772625218728e-05,9.943460533398576e-06
5,113858,6.409123211597033e-05,9.943450531422597e-06
5,113868,7.341654795709474e-05,9.943440528567038e-06
5,113878,9.624279759918865e-05,9.943430524831906e-06
5,113888,0.00010009246598201571,9.943420520217199e-06
5,113898,7.61179387154698e-05,9.943410514722924e-06
5,113908,7.581113809465024e-05,9.943400508349075e-06
5,113918,9.102162453018536e-05,9.943390501095655e-06
5,113928,7.574841210953308e-05,9.943380492962671e-06
5,113938,6.763354062968573e-05,9.943370483950116e-06
5,113948,6.798938507017738e-05,9.943360474057999e-06
5,113958,9.021352680065319e-05,9.943350463286317e-06
5,113968,8.577673788749961e-05,9.943340451635082e-06
5,113978,5.94462546359864e-05,9.943330439104286e-06
5,113988,7.714856510574463e-05,9.943320425693931e-06
5,113998,8.10724062830559e-05,9.943310411404022e-06
5,114008,7.291280890058261e-05,9.94330039623456e-06
5,114018,6.50634481189627e-05,9.94329038018555e-06
5,114028,7.288496799446875e-05,9.943280363256988e-06
5,114038,6.400948514055927e-05,9.943270345448882e-06
5,114048,6.738856986885367e-05,9.943260326761227e-06
5,114058,7.59594709961675e-05,9.943250307194029e-06
5,114068,7.32629588128475e-05,9.943240286747286e-06
5,114078,7.841122667286981e-05,9.943230265421003e-06
5,114088,7.105328527359233e-05,9.943220243215182e-06
5,114098,6.966258242755429e-05,9.943210220129822e-06
5,114108,6.991202094468462e-05,9.943200196164928e-06
5,114118,7.0177429688556e-05,9.943190171320502e-06
5,114128,6.389901809598087e-05,9.943180145596544e-06
5,114138,6.831615273767966e-05,9.943170118993053e-06
5,114148,7.792185924699879e-05,9.943160091510038e-06
5,114158,9.523939529572091e-05,9.943150063147494e-06
5,114168,7.143405532588077e-05,9.943140033905429e-06
5,114178,9.342153934994712e-05,9.943130003783835e-06
5,114188,0.00011684549158417213,9.943119972782728e-06
5,114198,0.00010655660594238725,9.943109940902102e-06
5,114208,7.752741198601143e-05,9.943099908141955e-06
5,114218,8.096735614344652e-05,9.943089874502291e-06
5,114228,7.720109106230667e-05,9.943079839983115e-06
5,114238,7.759879458717478e-05,9.943069804584426e-06
5,114248,9.575151320859732e-05,9.94305976830623e-06
5,114258,7.677104813410551e-05,9.943049731148523e-06
5,114268,6.425148612834163e-05,9.943039693111309e-06
5,114278,5.4785748125141255e-05,9.943029654194586e-06
5,114288,7.982613215062884e-05,9.943019614398365e-06
5,114298,0.0001011006472253939,9.943009573722643e-06
5,114308,6.75926542498928e-05,9.942999532167421e-06
5,114318,6.608253934246023e-05,9.942989489732701e-06
5,114328,6.845510806670064e-05,9.942979446418483e-06
5,114338,6.560964347954724e-05,9.942969402224772e-06
5,114348,9.089501838843717e-05,9.94295935715157e-06
5,114358,7.375890463663381e-05,9.942949311198875e-06
5,114368,8.190451271730127e-05,9.942939264366688e-06
5,114378,7.852011995055364e-05,9.94292921665502e-06
5,114388,6.824298661740613e-05,9.942919168063864e-06
5,114398,7.319898227251543e-05,9.942909118593224e-06
5,114408,9.228084213646071e-05,9.942899068243105e-06
5,114418,8.849240934978299e-05,9.942889017013505e-06
5,114428,9.111164595196897e-05,9.942878964904425e-06
5,114438,9.69536080447142e-05,9.942868911915873e-06
5,114448,9.732929834171955e-05,9.942858858047844e-06
5,114458,5.664608952429262e-05,9.942848803300342e-06
5,114468,0.00010565383458924771,9.942838747673372e-06
5,114478,6.86770212269039e-05,9.942828691166927e-06
5,114488,8.467887014376174e-05,9.942818633781019e-06
5,114498,8.763044020270171e-05,9.942808575515643e-06
5,114508,9.536997858958785e-05,9.942798516370804e-06
5,114518,8.044477399380412e-05,9.942788456346501e-06
5,114528,7.919378035694535e-05,9.94277839544274e-06
5,114538,6.590722409782757e-05,9.94276833365952e-06
5,114548,8.570387922191003e-05,9.942758270996845e-06
5,114558,6.246121838557884e-05,9.942748207454715e-06
5,114568,6.083951511755004e-05,9.94273814303313e-06
5,114578,8.444621876151358e-05,9.942728077732099e-06
5,114588,8.641861113574124e-05,9.942718011551615e-06
5,114598,6.290581090979685e-05,9.942707944491682e-06
5,114608,6.61903613490722e-05,9.942697876552305e-06
5,114618,9.465210252983524e-05,9.942687807733487e-06
5,114628,9.493094989920792e-05,9.942677738035219e-06
5,114638,7.736048391961958e-05,9.942667667457516e-06
5,114648,0.00010020292693297962,9.94265759600037e-06
5,114658,7.796475520081004e-05,9.942647523663792e-06
5,114668,7.653181810383103e-05,9.94263745044778e-06
5,114678,9.983218483284872e-05,9.942627376352326e-06
5,114688,7.592570063934545e-05,9.942617301377447e-06
5,114698,8.998687721941678e-05,9.942607225523138e-06
5,114708,6.615136057916971e-05,9.942597148789398e-06
5,114718,7.099401104824209e-05,9.942587071176236e-06
5,114728,8.041586734179873e-05,9.942576992683645e-06
5,114738,7.526278986915714e-05,9.942566913311633e-06
5,114748,7.605602957028168e-05,9.9425568330602e-06
5,114758,7.749976293780492e-05,9.942546751929351e-06
5,114768,8.478432528136182e-05,9.942536669919082e-06
5,114778,6.59253373669344e-05,9.942526587029399e-06
5,114788,7.457382530446922e-05,9.9425165032603e-06
5,114798,7.587283048451355e-05,9.94250641861179e-06
5,114808,8.343317972503428e-05,9.942496333083871e-06
5,114818,8.37923614653846e-05,9.942486246676542e-06
5,114828,8.482714752062746e-05,9.94247615938981e-06
5,114838,8.195605792025163e-05,9.94246607122367e-06
5,114848,5.6562900272183474e-05,9.942455982178128e-06
5,114858,7.949998657750256e-05,9.942445892253185e-06
5,114868,8.024522521736798e-05,9.942435801448843e-06
5,114878,8.46942249154381e-05,9.942425709765104e-06
5,114888,8.304991993099975e-05,9.942415617201966e-06
5,114898,8.561476720387873e-05,9.942405523759438e-06
5,114908,7.654775913579215e-05,9.942395429437518e-06
5,114918,6.525438896005653e-05,9.942385334236206e-06
5,114928,7.531901162565191e-05,9.942375238155507e-06
5,114938,6.496223850263049e-05,9.942365141195418e-06
5,114948,0.00010546708572292119,9.942355043355947e-06
5,114958,9.954991523954959e-05,9.942344944637096e-06
5,114968,7.543891533714486e-05,9.942334845038862e-06
5,114978,8.778971491665288e-05,9.94232474456125e-06
5,114988,5.205356214901257e-05,9.942314643204258e-06
5,114998,8.525198741153872e-05,9.942304540967887e-06
5,115008,7.68745760069578e-05,9.942294437852149e-06
5,115018,7.820280275154801e-05,9.942284333857038e-06
5,115028,8.201800860661023e-05,9.942274228982557e-06
5,115038,9.463260425945919e-05,9.942264123228706e-06
5,115048,7.190360079221136e-05,9.942254016595485e-06
5,115058,7.423696765727073e-05,9.942243909082898e-06
5,115068,9.480819248892658e-05,9.942233800690951e-06
5,115078,6.915137482792489e-05,9.94222369141964e-06
5,115088,7.371745473392367e-05,9.942213581268969e-06
5,115098,0.00010136545629393367,9.942203470238939e-06
5,115108,9.012874038489826e-05,9.942193358329555e-06
5,115118,9.982869223676972e-05,9.942183245540816e-06
5,115128,7.036901333776769e-05,9.942173131872725e-06
5,115138,9.807903152250219e-05,9.942163017325285e-06
5,115148,6.811266398472071e-05,9.942152901898491e-06
5,115158,6.086258590585203e-05,9.942142785592354e-06
5,115168,6.851287116660387e-05,9.942132668406874e-06
5,115178,7.550303253083257e-05,9.942122550342047e-06
5,115188,6.655800470980466e-05,9.942112431397878e-06
5,115198,9.886444263429439e-05,9.942102311574368e-06
5,115208,6.199668350745923e-05,9.942092190871521e-06
5,115218,7.428364574479929e-05,9.942082069289338e-06
5,115228,8.193597623176174e-05,9.942071946827823e-06
5,115238,9.698092326289044e-05,9.94206182348697e-06
5,115248,9.265552844226477e-05,9.942051699266793e-06
5,115258,0.00010405325051578985,9.942041574167285e-06
5,115268,9.046835712069878e-05,9.942031448188447e-06
5,115278,5.593986693384068e-05,9.942021321330287e-06
5,115288,7.045802567517967e-05,9.942011193592801e-06
5,115298,0.00011265671651017328,9.942001064975996e-06
5,115308,7.436654213961446e-05,9.94199093547987e-06
5,115318,6.693566122066841e-05,9.941980805104421e-06
5,115328,0.00011759707658711704,9.94197067384966e-06
5,115338,8.055523271650598e-05,9.941960541715583e-06
5,115348,8.542563086848532e-05,9.94195040870219e-06
5,115358,6.40642213056708e-05,9.941940274809489e-06
5,115368,9.307772047577601e-05,9.941930140037481e-06
5,115378,9.717565917526372e-05,9.941920004386165e-06
5,115388,6.802303046242742e-05,9.94190986785554e-06
5,115398,8.386934750888032e-05,9.941899730445612e-06
5,115408,7.382934841189127e-05,9.941889592156382e-06
5,115418,8.295705847558566e-05,9.941879452987851e-06
5,115428,6.550584853357578e-05,9.941869312940026e-06
5,115438,6.59414738038322e-05,9.9418591720129e-06
5,115448,9.347707859888032e-05,9.941849030206478e-06
5,115458,7.885057798375782e-05,9.941838887520766e-06
5,115468,8.712920152902369e-05,9.941828743955763e-06
5,115478,5.857491239567025e-05,9.941818599511471e-06
5,115488,6.993476854404435e-05,9.94180845418789e-06
5,115498,6.866800090392644e-05,9.941798307985025e-06
5,115508,7.998127866812866e-05,9.941788160902876e-06
5,115518,6.588151245523477e-05,9.941778012941439e-06
5,115528,7.227378500829218e-05,9.941767864100724e-06
5,115538,8.058332632572275e-05,9.941757714380728e-06
5,115548,9.431738621969998e-05,9.94174756378146e-06
5,115558,6.775192346140101e-05,9.941737412302917e-06
5,115568,8.843998334668867e-05,9.941727259945098e-06
5,115578,9.183212287098286e-05,9.941717106708011e-06
5,115588,7.356757841989748e-05,9.94170695259165e-06
5,115598,8.845972720337159e-05,9.941696797596023e-06
5,115608,7.181766341091134e-05,9.94168664172113e-06
5,115618,0.00010003547522501322,9.941676484966974e-06
5,115628,7.732181779829261e-05,9.941666327333553e-06
5,115638,6.24005158442742e-05,9.941656168820874e-06
5,115648,7.634939324816515e-05,9.94164600942894e-06
5,115658,7.409200279653305e-05,9.941635849157744e-06
5,115668,8.699045470166311e-05,9.941625688007295e-06
5,115678,8.028584948078787e-05,9.94161552597759e-06
5,115688,8.552131814667518e-05,9.941605363068637e-06
5,115698,5.119853399264685e-05,9.941595199280433e-06
5,115708,6.721208610542817e-05,9.941585034612982e-06
5,115718,8.711483342267456e-05,9.941574869066285e-06
5,115728,0.00010550281031100893,9.941564702640345e-06
5,115738,7.11786546617077e-05,9.941554535335162e-06
5,115748,8.65520647039375e-05,9.941544367150739e-06
5,115758,8.405572318679334e-05,9.941534198087075e-06
5,115768,6.821941422003874e-05,9.941524028144173e-06
5,115778,7.129623359105607e-05,9.941513857322036e-06
5,115788,6.347665889734344e-05,9.941503685620668e-06
5,115798,8.679363982082578e-05,9.941493513040067e-06
5,115808,7.488045771424368e-05,9.941483339580233e-06
5,115818,6.926230721546745e-05,9.941473165241177e-06
5,115828,6.849789310763298e-05,9.94146299002289e-06
5,115838,7.935877176805662e-05,9.941452813925375e-06
5,115848,8.740737580410496e-05,9.941442636948645e-06
5,115858,9.83946987616946e-05,9.941432459092688e-06
5,115868,8.631583868918824e-05,9.941422280357517e-06
5,115878,6.58624489005888e-05,9.941412100743128e-06
5,115888,7.22211847005383e-05,9.941401920249525e-06
5,115898,5.722056976082968e-05,9.94139173887671e-06
5,115908,5.654354567923292e-05,9.941381556624678e-06
5,115918,8.540216545043224e-05,9.941371373493437e-06
5,115928,6.874651530779375e-05,9.941361189482994e-06
5,115938,8.71857371294027e-05,9.941351004593341e-06
5,115948,8.917327368180849e-05,9.941340818824482e-06
5,115958,6.588222227037477e-05,9.941330632176421e-06
5,115968,6.337270751828329e-05,9.941320444649162e-06
5,115978,0.00010195606650995615,9.9413102562427e-06
5,115988,8.824355559227117e-05,9.941300066957046e-06
5,115998,7.189833199845452e-05,9.941289876792192e-06
5,116008,6.794852420171081e-05,9.941279685748147e-06
5,116018,9.706166074465727e-05,9.941269493824914e-06
5,116028,5.954640032541647e-05,9.941259301022488e-06
5,116038,6.673638354186551e-05,9.941249107340873e-06
5,116048,7.436414425683324e-05,9.941238912780074e-06
5,116058,6.220232066880271e-05,9.941228717340084e-06
5,116068,9.798171690817982e-05,9.941218521020914e-06
5,116078,8.378289830943685e-05,9.941208323822565e-06
5,116088,8.803113239537195e-05,9.941198125745038e-06
5,116098,8.63729424054327e-05,9.941187926788331e-06
5,116108,8.571459011363913e-05,9.94117772695245e-06
5,116118,6.478624727606075e-05,9.941167526237396e-06
5,116128,8.023073971799023e-05,9.941157324643168e-06
5,116138,6.102693550928962e-05,9.94114712216977e-06
5,116148,6.301171861196053e-05,9.941136918817205e-06
5,116158,7.202731289908115e-05,9.941126714585475e-06
5,116168,7.783860187373647e-05,9.941116509474579e-06
5,116178,6.407258729268506e-05,9.94110630348452e-06
5,116188,7.964377323332883e-05,9.941096096615301e-06
5,116198,7.866910932534666e-05,9.941085888866925e-06
5,116208,5.0283160271646926e-05,9.94107568023939e-06
5,116218,6.488713243015808e-05,9.941065470732697e-06
5,116228,8.75133958288643e-05,9.941055260346858e-06
5,116238,7.129288633223041e-05,9.94104504908186e-06
5,116248,6.500896197394467e-05,9.941034836937715e-06
5,116258,5.63035634058906e-05,9.941024623914422e-06
5,116268,0.00015306834925468137,9.941014410011978e-06
5,116278,0.00010219492610303858,9.941004195230392e-06
5,116288,0.00011370784832251957,9.940993979569666e-06
5,116298,7.373636399279348e-05,9.940983763029795e-06
5,116308,6.514672459161375e-05,9.940973545610786e-06
5,116318,6.367217606566556e-05,9.940963327312644e-06
5,116328,7.256049862007785e-05,9.940953108135365e-06
5,116338,4.7699481956442466e-05,9.940942888078949e-06
5,116348,5.8680175106928795e-05,9.940932667143404e-06
5,116358,6.280288234847831e-05,9.940922445328728e-06
5,116368,9.795244286578964e-05,9.940912222634925e-06
5,116378,7.410288512801343e-05,9.940901999061994e-06
5,116388,0.00010563961473053497,9.94089177460994e-06
5,116398,7.726088820163568e-05,9.940881549278763e-06
5,116408,7.483346153094318e-05,9.940871323068468e-06
5,116418,7.838710944270133e-05,9.940861095979053e-06
5,116428,0.00010352421468269312,9.940850868010516e-06
5,116438,6.423445270229423e-05,9.940840639162862e-06
5,116448,8.308949732054316e-05,9.940830409436098e-06
5,116458,7.656062525711605e-05,9.94082017883022e-06
5,116468,0.0001107645302909077,9.940809947345236e-06
5,116478,9.789339837880108e-05,9.94079971498114e-06
5,116488,9.408666260242171e-05,9.940789481737939e-06
5,116498,7.279672672666493e-05,9.940779247615634e-06
5,116508,7.468919211532921e-05,9.94076901261423e-06
5,116518,8.755614376241284e-05,9.940758776733724e-06
5,116528,6.262198480726511e-05,9.940748539974118e-06
5,116538,8.252749080384092e-05,9.940738302335412e-06
5,116548,7.539574289694428e-05,9.940728063817611e-06
5,116558,6.959497236493916e-05,9.940717824420716e-06
5,116568,7.218831106001745e-05,9.94070758414473e-06
5,116578,7.11124151621334e-05,9.94069734298965e-06
5,116588,8.342225901287747e-05,9.940687100955488e-06
5,116598,7.890942979429382e-05,9.940676858042235e-06
5,116608,5.1217147347415445e-05,9.940666614249897e-06
5,116618,8.261079769908975e-05,9.940656369578477e-06
5,116628,7.980503555700124e-05,9.940646124027977e-06
5,116638,5.691192195627081e-05,9.940635877598394e-06
5,116648,7.695027443332947e-05,9.940625630289735e-06
5,116658,7.291708157026734e-05,9.940615382102003e-06
5,116668,8.106180575850885e-05,9.940605133035201e-06
5,116678,6.881008257551003e-05,9.940594883089325e-06
5,116688,7.963241450852366e-05,9.940584632264381e-06
5,116698,5.6154056164814395e-05,9.940574380560368e-06
5,116708,6.733530503879592e-05,9.940564127977289e-06
5,116718,7.831284619896905e-05,9.940553874515145e-06
5,116728,8.039716954044707e-05,9.940543620173943e-06
5,116738,7.360745967162076e-05,9.940533364953672e-06
5,116748,0.0001029795228078001,9.940523108854346e-06
5,116758,8.290555631447206e-05,9.940512851875963e-06
5,116768,0.00011126477575089665,9.940502594018522e-06
5,116778,0.00010688557467801728,9.94049233528203e-06
5,116788,0.00010521073445488583,9.940482075666486e-06
5,116798,8.249525744759012e-05,9.940471815171894e-06
5,116808,7.46825075339075e-05,9.940461553798255e-06
5,116818,6.937971861589176e-05,9.94045129154557e-06
5,116828,7.434460735566972e-05,9.940441028413836e-06
5,116838,7.179962017289654e-05,9.940430764403061e-06
5,116848,8.114424276755017e-05,9.940420499513244e-06
5,116858,8.775533719926898e-05,9.94041023374439e-06
5,116868,7.981380895216716e-05,9.940399967096503e-06
5,116878,6.699390396534e-05,9.940389699569573e-06
5,116888,0.00010071637498185738,9.940379431163612e-06
5,116898,8.566056735617166e-05,9.940369161878622e-06
5,116908,7.93266287928418e-05,9.940358891714602e-06
5,116918,9.012207065097754e-05,9.940348620671549e-06
5,116928,7.336017802117567e-05,9.940338348749474e-06
5,116938,8.646272062833303e-05,9.940328075948378e-06
5,116948,7.095233991094574e-05,9.94031780226825e-06
5,116958,9.581649073879818e-05,9.940307527709108e-06
5,116968,6.198270493769088e-05,9.940297252270947e-06
5,116978,8.138190023601055e-05,9.940286975953768e-06
5,116988,7.657287837901095e-05,9.940276698757575e-06
5,116998,0.00010198686322837602,9.94026642068237e-06
5,117008,6.4061326565934e-05,9.940256141728153e-06
5,117018,9.642522368267237e-05,9.940245861894925e-06
5,117028,7.981815465427645e-05,9.940235581182693e-06
5,117038,9.176331518574443e-05,9.94022529959145e-06
5,117048,7.035907660792872e-05,9.940215017121205e-06
5,117058,6.268032539082923e-05,9.940204733771955e-06
5,117068,9.181496845940273e-05,9.940194449543706e-06
5,117078,0.00010825368926816736,9.940184164436459e-06
5,117088,6.323447248632875e-05,9.940173878450215e-06
5,117098,9.443987455597382e-05,9.940163591584979e-06
5,117108,6.690572959087148e-05,9.940153303840749e-06
5,117118,8.695323326719518e-05,9.940143015217524e-06
5,117128,8.922797001105209e-05,9.940132725715307e-06
5,117138,8.001155940746683e-05,9.94012243533411e-06
5,117148,7.108771355888167e-05,9.940112144073926e-06
5,117158,0.00012394672830851047,9.940101851934753e-06
5,117168,8.635168660475756e-05,9.9400915589166e-06
5,117178,0.00010495292226551101,9.940081265019465e-06
5,117188,8.284281132091565e-05,9.940070970243355e-06
5,117198,7.935963703857851e-05,9.940060674588266e-06
5,117208,0.00010397208966423933,9.940050378054206e-06
5,117218,0.00011395358305890113,9.940040080641166e-06
5,117228,6.032516866980586e-05,9.94002978234916e-06
5,117238,8.335321963386378e-05,9.940019483178185e-06
5,117248,7.598316460644128e-05,9.940009183128241e-06
5,117258,6.2096995588945e-05,9.93999888219933e-06
5,117268,7.207249877865252e-05,9.939988580391455e-06
5,117278,7.22554286767263e-05,9.93997827770462e-06
5,117288,6.727337949996581e-05,9.939967974138824e-06
5,117298,9.007075273075315e-05,9.939957669694071e-06
5,117308,6.0855155879835365e-05,9.93994736437036e-06
5,117318,7.898082108113157e-05,9.939937058167695e-06
5,117328,9.895837224576099e-05,9.939926751086079e-06
5,117338,9.473754071223083e-05,9.93991644312551e-06
5,117348,8.243277588917408e-05,9.939906134285989e-06
5,117358,8.19119998595852e-05,9.939895824567527e-06
5,117368,6.977623579587088e-05,9.939885513970118e-06
5,117378,6.414328154278338e-05,9.939875202493763e-06
5,117388,7.868283692005206e-05,9.939864890138467e-06
5,117398,7.096402446222782e-05,9.939854576904229e-06
5,117408,0.00010123332967850728,9.939844262791052e-06
5,117418,7.919939112071005e-05,9.93983394779894e-06
5,117428,7.158684634305246e-05,9.939823631927896e-06
5,117438,6.811560406276839e-05,9.939813315177917e-06
5,117448,6.327979776870052e-05,9.939802997549006e-06
5,117458,8.133076948979577e-05,9.939792679041166e-06
5,117468,7.767563247398356e-05,9.939782359654406e-06
5,117478,8.702148415977718e-05,9.939772039388715e-06
5,117488,6.263668960855284e-05,9.9397617182441e-06
5,117498,6.78866379075771e-05,9.939751396220566e-06
5,117508,6.840787398232351e-05,9.939741073318113e-06
5,117518,8.625651639704301e-05,9.93973074953674e-06
5,117528,8.175875304914371e-05,9.939720424876448e-06
5,117538,7.404459615827364e-05,9.939710099337246e-06
5,117548,6.787146035094337e-05,9.939699772919128e-06
5,117558,7.868920947657898e-05,9.939689445622105e-06
5,117568,8.428271380580555e-05,9.93967911744617e-06
5,117578,7.274913837136411e-05,9.93966878839133e-06
5,117588,9.82165445748251e-05,9.939658458457581e-06
5,117598,7.978180160534977e-05,9.93964812764493e-06
5,117608,8.7707259808667e-05,9.939637795953374e-06
5,117618,6.728001749252144e-05,9.939627463382922e-06
5,117628,7.039946117401997e-05,9.939617129933574e-06
5,117638,9.227756977452372e-05,9.939606795605327e-06
5,117648,8.813913364065229e-05,9.939596460398187e-06
5,117658,8.338860475305411e-05,9.939586124312158e-06
5,117668,8.44258325287228e-05,9.939575787347237e-06
5,117678,8.379919217986753e-05,9.939565449503427e-06
5,117688,7.730458073638147e-05,9.93955511078073e-06
5,117698,7.014174746018398e-05,9.939544771179147e-06
5,117708,7.054434713609226e-05,9.939534430698681e-06
5,117718,6.693242503388319e-05,9.939524089339334e-06
5,117728,7.621731310791802e-05,9.939513747101106e-06
5,117738,7.871232069192046e-05,9.939503403984006e-06
5,117748,8.423690005656682e-05,9.939493059988025e-06
5,117758,7.538775685134169e-05,9.939482715113169e-06
5,117768,9.377447377119098e-05,9.93947236935944e-06
5,117778,0.00010735253881648532,9.939462022726844e-06
5,117788,9.181602158605528e-05,9.939451675215378e-06
5,117798,5.5558024541824125e-05,9.93944132682505e-06
5,117808,7.00962280461681e-05,9.939430977555854e-06
5,117810,5.8164506754110334e-05,9.939428907596553e-06
5,validation,1.8236817660571042e-05,9.939428907596553e-06
6,117820,9.099272906496481e-05,9.939418557272721e-06
6,117830,8.700983421476848e-05,9.939408206070031e-06
6,117840,9.827532294366393e-05,9.939397853988482e-06
6,117850,7.6018964045943e-05,9.939387501028072e-06
6,117860,8.0906585435514e-05,9.939377147188807e-06
6,117870,8.233179312355787e-05,9.939366792470692e-06
6,117880,8.874074414961796e-05,9.939356436873726e-06
6,117890,8.73390275046404e-05,9.93934608039791e-06
6,117900,9.491052069279248e-05,9.939335723043247e-06
6,117910,6.625340979553583e-05,9.939325364809736e-06
6,117920,8.775881283327181e-05,9.939315005697385e-06
6,117930,8.973081457952503e-05,9.939304645706191e-06
6,117940,7.269683874255861e-05,9.939294284836159e-06
6,117950,8.694513421687588e-05,9.939283923087283e-06
6,117960,9.089439599847539e-05,9.939273560459574e-06
6,117970,7.25969054201414e-05,9.93926319695303e-06
6,117980,8.238246623477606e-05,9.93925283256765e-06
6,117990,9.290000907640207e-05,9.939242467303438e-06
6,118000,6.980003445278271e-05,9.939232101160402e-06
6,118010,6.0431782480918626e-05,9.939221734138535e-06
6,118020,8.336136907018953e-05,9.939211366237844e-06
6,118030,7.853142296880833e-05,9.939200997458326e-06
6,118040,7.334403285312873e-05,9.939190627799988e-06
6,118050,8.547196998733853e-05,9.93918025726283e-06
6,118060,9.83168450602534e-05,9.939169885846856e-06
6,118070,7.004783760748979e-05,9.939159513552067e-06
6,118080,7.741279896436027e-05,9.939149140378464e-06
6,118090,9.534221730973513e-05,9.939138766326045e-06
6,118100,6.463378722401102e-05,9.939128391394817e-06
6,118110,7.033364281596732e-05,9.93911801558478e-06
6,118120,0.00010192843619734049,9.939107638895932e-06
6,118130,7.545097746515239e-05,9.93909726132828e-06
6,118140,6.000537941872608e-05,9.939086882881829e-06
6,118150,7.190424250893556e-05,9.939076503556571e-06
6,118160,7.8943013022581e-05,9.939066123352518e-06
6,118170,8.07826094842312e-05,9.939055742269666e-06
6,118180,8.233405869759736e-05,9.939045360308018e-06
6,118190,8.033688964133036e-05,9.939034977467575e-06
6,118200,5.502669973793673e-05,9.939024593748339e-06
6,118210,9.276762007175421e-05,9.939014209150313e-06
6,118220,6.495599350273551e-05,9.939003823673495e-06
6,118230,7.102780473360326e-05,9.938993437317893e-06
6,118240,7.044172384667036e-05,9.93898305008351e-06
6,118250,0.00010419384921078745,9.938972661970342e-06
6,118260,6.899369022903557e-05,9.938962272978392e-06
6,118270,8.446998931503913e-05,9.938951883107659e-06
6,118280,7.349665570473008e-05,9.938941492358151e-06
6,118290,8.256282421825745e-05,9.938931100729868e-06
6,118300,8.185362426047505e-05,9.93892070822281e-06
6,118310,8.347730895366112e-05,9.93891031483698e-06
6,118320,7.81730172548123e-05,9.93889992057238e-06
6,118330,8.916105448406598e-05,9.938889525429012e-06
6,118340,7.452344170815194e-05,9.938879129406875e-06
6,118350,7.966215412125166e-05,9.93886873250598e-06
6,118360,7.053901972540188e-05,9.938858334726319e-06
6,118370,6.981578517297748e-05,9.938847936067895e-06
6,118380,6.844592558081785e-05,9.938837536530715e-06
6,118390,9.605969121366799e-05,9.938827136114777e-06
6,118400,7.17879853254999e-05,9.938816734820083e-06
6,118410,6.205542288171273e-05,9.938806332646635e-06
6,118420,7.14363467068324e-05,9.938795929594438e-06
6,118430,7.186932709828398e-05,9.938785525663488e-06
6,118440,6.245864310585602e-05,9.938775120853792e-06
6,118450,6.952205517336551e-05,9.93876471516535e-06
6,118460,8.711304790267604e-05,9.938754308598161e-06
6,118470,6.834422151769104e-05,9.93874390115223e-06
6,118480,6.31782560958527e-05,9.93873349282756e-06
6,118490,6.179015481393435e-05,9.938723083624153e-06
6,118500,9.89528524769412e-05,9.93871267354201e-06
6,118510,6.991858917899662e-05,9.938702262581126e-06
6,118520,6.425864585253293e-05,9.938691850741512e-06
6,118530,8.92090246452426e-05,9.938681438023166e-06
6,118540,6.800305393426243e-05,9.938671024426093e-06
6,118550,7.582215707770956e-05,9.938660609950286e-06
6,118560,6.190209464875806e-05,9.938650194595762e-06
6,118570,9.261125239845569e-05,9.93863977836251e-06
6,118580,7.006125033512945e-05,9.938629361250534e-06
6,118590,7.120086027043727e-05,9.938618943259836e-06
6,118600,8.913184424272914e-05,9.938608524390424e-06
6,118610,6.973347499297233e-05,9.938598104642296e-06
6,118620,8.477955493617629e-05,9.938587684015452e-06
6,118630,7.662707437248172e-05,9.938577262509897e-06
6,118640,8.043593088586931e-05,9.938566840125631e-06
6,118650,7.417604761030815e-05,9.938556416862657e-06
6,118660,8.425221562902152e-05,9.938545992720974e-06
6,118670,8.668761179251306e-05,9.938535567700587e-06
6,118680,8.788569825810555e-05,9.938525141801492e-06
6,118690,0.00011433666516040832,9.938514715023699e-06
6,118700,7.730220258963527e-05,9.938504287367206e-06
6,118710,7.332109721573943e-05,9.938493858832014e-06
6,118720,9.037007062033809e-05,9.938483429418125e-06
6,118730,0.00011347765430400614,9.938472999125541e-06
6,118740,7.484482416657557e-05,9.938462567954266e-06
6,118750,9.235416951014486e-05,9.938452135904302e-06
6,118760,7.484743723580322e-05,9.938441702975647e-06
6,118770,8.872858202266798e-05,9.938431269168308e-06
6,118780,9.683751704869792e-05,9.938420834482283e-06
6,118790,0.00010867060636883253,9.938410398917572e-06
6,118800,0.0001053803991908353,9.938399962474182e-06
6,118810,7.375589680123085e-05,9.938389525152112e-06
6,118820,6.660297021880979e-05,9.938379086951366e-06
6,118830,7.463011702384393e-05,9.938368647871949e-06
6,118840,8.688048833391803e-05,9.938358207913855e-06
6,118850,7.439633068315744e-05,9.938347767077085e-06
6,118860,6.281207511165121e-05,9.93833732536165e-06
6,118870,7.216343856271123e-05,9.93832688276754e-06
6,118880,6.913866095601407e-05,9.93831643929477e-06
6,118890,7.468748481187504e-05,9.938305994943331e-06
6,118900,8.124279829644366e-05,9.93829554971323e-06
6,118910,9.866020009212663e-05,9.938285103604472e-06
6,118920,6.540357621815928e-05,9.938274656617054e-06
6,118930,5.575515415330301e-05,9.938264208750976e-06
6,118940,5.7344479682797096e-05,9.938253760006245e-06
6,118950,7.323124850699968e-05,9.93824331038286e-06
6,118960,9.478443616899313e-05,9.938232859880826e-06
6,118970,9.044832499967015e-05,9.93822240850014e-06
6,118980,9.363299172946427e-05,9.93821195624081e-06
6,118990,0.00010316065722690838,9.938201503102829e-06
6,119000,6.960300388527686e-05,9.938191049086208e-06
6,119010,7.724575857537275e-05,9.93818059419094e-06
6,119020,8.571635917178356e-05,9.938170138417037e-06
6,119030,6.326805041680927e-05,9.938159681764492e-06
6,119040,7.35716690087429e-05,9.938149224233314e-06
6,119050,5.889917874810634e-05,9.9381387658235e-06
6,119060,9.424183917872142e-05,9.938128306535058e-06
6,119070,5.5542653649354184e-05,9.938117846367976e-06
6,119080,8.083152897597756e-05,9.938107385322269e-06
6,119090,5.78231851250166e-05,9.93809692339793e-06
6,119100,0.00010628736831677089,9.93808646059497e-06
6,119110,8.22424427497026e-05,9.938075996913386e-06
6,119120,7.978234216352576e-05,9.93806553235318e-06
6,119130,7.292498676179094e-05,9.938055066914355e-06
6,119140,6.58688506064209e-05,9.938044600596913e-06
6,119150,7.50428816445492e-05,9.93803413340085e-06
6,119160,8.424843840657559e-05,9.938023665326172e-06
6,119170,8.140673498928662e-05,9.938013196372884e-06
6,119180,8.798528579063715e-05,9.938002726540988e-06
6,119190,7.759885725135973e-05,9.937992255830481e-06
6,119200,8.539242985534656e-05,9.93798178424137e-06
6,119210,8.717062898995209e-05,9.937971311773652e-06
6,119220,5.875916640434298e-05,9.937960838427329e-06
6,119230,9.493787342762516e-05,9.937950364202407e-06
6,119240,6.762458424418583e-05,9.937939889098886e-06
6,119250,8.303620320475601e-05,9.937929413116765e-06
6,119260,0.00011189691854269767,9.937918936256048e-06
6,119270,8.531877119821729e-05,9.937908458516738e-06
6,119280,7.62776384362951e-05,9.937897979898834e-06
6,119290,6.486508823400072e-05,9.937887500402343e-06
6,119300,9.986439245039945e-05,9.937877020027266e-06
6,119310,7.276877645381318e-05,9.937866538773603e-06
6,119320,6.728237458446528e-05,9.937856056641356e-06
6,119330,0.00011276254499534844,9.937845573630522e-06
6,119340,7.377377801276452e-05,9.93783508974111e-06
6,119350,7.037802761260537e-05,9.937824604973119e-06
6,119360,9.649013268244743e-05,9.937814119326549e-06
6,119370,7.20529636964784e-05,9.937803632801405e-06
6,119380,5.595103489213216e-05,9.937793145397685e-06
6,119390,6.442720216455201e-05,9.9377826571154e-06
6,119400,8.69137785230123e-05,9.937772167954541e-06
6,119410,8.545028906610241e-05,9.937761677915116e-06
6,119420,8.842669039950125e-05,9.937751186997127e-06
6,119430,8.182333435797774e-05,9.937740695200571e-06
6,119440,6.0299160895738166e-05,9.937730202525456e-06
6,119450,8.641297149551974e-05,9.937719708971783e-06
6,119460,9.12269682430633e-05,9.937709214539545e-06
6,119470,5.679705930106138e-05,9.937698719228755e-06
6,119480,9.026312905007217e-05,9.937688223039405e-06
6,119490,5.6989805761986646e-05,9.937677725971504e-06
6,119500,8.025877814361592e-05,9.937667228025052e-06
6,119510,7.210527755887596e-05,9.937656729200052e-06
6,119520,7.808869900145511e-05,9.937646229496505e-06
6,119530,6.371819454216165e-05,9.937635728914413e-06
6,119540,6.761445747542892e-05,9.937625227453777e-06
6,119550,9.542996931486414e-05,9.937614725114602e-06
6,119560,6.770220084035827e-05,9.937604221896888e-06
6,119570,8.216706644361693e-05,9.937593717800636e-06
6,119580,8.003977586668042e-05,9.937583212825844e-06
6,119590,9.53844634750567e-05,9.937572706972517e-06
6,119600,6.932456549293419e-05,9.93756220024066e-06
6,119610,6.565337585016095e-05,9.937551692630271e-06
6,119620,5.263193247628806e-05,9.937541184141356e-06
6,119630,8.233960388679406e-05,9.937530674773916e-06
6,119640,8.034036068238493e-05,9.937520164527951e-06
6,119650,6.135597750471787e-05,9.937509653403462e-06
6,119660,6.563104136603215e-05,9.937499141400451e-06
6,119670,7.285512947419193e-05,9.937488628518921e-06
6,119680,8.553145953555942e-05,9.937478114758874e-06
6,119690,8.459739833597269e-05,9.93746760012031e-06
6,119700,7.214275487967824e-05,9.937457084603233e-06
6,119710,0.00010268015748806648,9.937446568207646e-06
6,119720,6.844192453172581e-05,9.937436050933547e-06
6,119730,7.245103890909376e-05,9.937425532780941e-06
6,119740,7.929101095669465e-05,9.93741501374983e-06
6,119750,8.631155656075861e-05,9.937404493840215e-06
6,119760,6.896830668665644e-05,9.937393973052098e-06
6,119770,6.818262113483797e-05,9.937383451385478e-06
6,119780,6.735420070071997e-05,9.937372928840363e-06
6,119790,7.558429606433493e-05,9.93736240541675e-06
6,119800,9.212522486450324e-05,9.937351881114644e-06
6,119810,6.563830841059825e-05,9.937341355934043e-06
6,119820,6.159753061183438e-05,9.937330829874954e-06
6,119830,5.019679406359501e-05,9.937320302937377e-06
6,119840,7.73792178279109e-05,9.937309775121307e-06
6,119850,5.560928625527594e-05,9.937299246426753e-06
6,119860,8.319430928622752e-05,9.93728871685372e-06
6,119870,6.94610604114132e-05,9.937278186402204e-06
6,119880,8.588585028519446e-05,9.937267655072207e-06
6,119890,7.135501609809581e-05,9.93725712286373e-06
6,119900,6.856140694253555e-05,9.937246589776779e-06
6,119910,0.00011194811640962144,9.937236055811354e-06
6,119920,8.517445439792937e-05,9.937225520967457e-06
6,119930,8.55447916819685e-05,9.937214985245087e-06
6,119940,9.022648323480098e-05,9.937204448644251e-06
6,119950,7.688490377404378e-05,9.937193911164949e-06
6,119960,8.463584940727743e-05,9.937183372807181e-06
6,119970,8.234676747633785e-05,9.937172833570951e-06
6,119980,7.817786913619785e-05,9.93716229345626e-06
6,119990,7.328707936267166e-05,9.93715175246311e-06
6,120000,6.408104945876403e-05,9.937141210591505e-06
6,120010,7.615563740728248e-05,9.937130667841442e-06
6,120020,0.00010938188538602844,9.937120124212926e-06
6,120030,5.9080911273667884e-05,9.937109579705956e-06
6,120040,9.89061313248385e-05,9.937099034320536e-06
6,120050,8.09397772172815e-05,9.937088488056668e-06
6,120060,6.98928318797698e-05,9.937077940914356e-06
6,120070,6.738492702424992e-05,9.937067392893598e-06
6,120080,7.093080812410336e-05,9.937056843994401e-06
6,120090,6.36741912103389e-05,9.937046294216766e-06
6,120100,8.600774815477052e-05,9.937035743560685e-06
6,120110,7.415169920932385e-05,9.93702519202617e-06
6,120120,0.0001006783092634578,9.937014639613222e-06
6,120130,9.207081529893912e-05,9.937004086321842e-06
6,120140,7.601634320053563e-05,9.93699353215203e-06
6,120150,8.45426955493167e-05,9.936982977103786e-06
6,120160,5.13238678649941e-05,9.93697242117712e-06
6,120170,6.068407285511057e-05,9.936961864372023e-06
6,120180,0.00010806857017087168,9.936951306688505e-06
6,120190,6.118649275776988e-05,9.93694074812657e-06
6,120200,7.847005804251239e-05,9.93693018868621e-06
6,120210,8.541923943994334e-05,9.936919628367435e-06
6,120220,6.133661931926327e-05,9.936909067170237e-06
6,120230,8.294502408716652e-05,9.936898505094626e-06
6,120240,7.694871956118732e-05,9.936887942140606e-06
6,120250,7.13377144165861e-05,9.936877378308177e-06
6,120260,6.710026257223944e-05,9.936866813597336e-06
6,120270,7.031855525383435e-05,9.93685624800809e-06
6,120280,6.444708737944893e-05,9.936845681540444e-06
6,120290,6.896136478644621e-05,9.93683511419439e-06
6,120300,7.301336950149562e-05,9.936824545969942e-06
6,120310,7.339528033298848e-05,9.93681397686709e-06
6,120320,6.853253416920778e-05,9.936803406885838e-06
6,120330,7.451237515851972e-05,9.936792836026194e-06
6,120340,9.785919410205679e-05,9.936782264288154e-06
6,120350,7.113319552445318e-05,9.936771691671724e-06
6,120360,6.25926637894736e-05,9.936761118176903e-06
6,120370,7.835095334485231e-05,9.936750543803698e-06
6,120380,7.635209581167147e-05,9.936739968552105e-06
6,120390,8.893452486518072e-05,9.93672939242213e-06
6,120400,7.977667185059544e-05,9.936718815413773e-06
6,120410,5.7844517596095105e-05,9.936708237527035e-06
6,120420,0.00012868151725342614,9.93669765876192e-06
6,120430,7.081302333062922e-05,9.936687079118429e-06
6,120440,6.147245828742598e-05,9.936676498596558e-06
6,120450,8.025170254768455e-05,9.936665917196315e-06
6,120460,8.649181363580283e-05,9.936655334917704e-06
6,120470,5.438530033643474e-05,9.936644751760725e-06
6,120480,8.466499175483478e-05,9.936634167725377e-06
6,120490,5.4371810711018044e-05,9.936623582811663e-06
6,120500,5.585513004007226e-05,9.936612997019587e-06
6,120510,9.981621910810645e-05,9.936602410349151e-06
6,120520,5.8583678742252233e-05,9.936591822800356e-06
6,120530,7.273310620803386e-05,9.936581234373202e-06
6,120540,7.717297025919834e-05,9.936570645067694e-06
6,120550,9.200212266478046e-05,9.936560054883828e-06
6,120560,8.03676676696341e-05,9.936549463821611e-06
6,120570,6.589676563635294e-05,9.936538871881043e-06
6,120580,8.222783640121634e-05,9.936528279062128e-06
6,120590,7.888486707088304e-05,9.93651768536487e-06
6,120600,7.721341917203972e-05,9.936507090789262e-06
6,120610,8.026695340959122e-05,9.936496495335314e-06
6,120620,7.910034350970818e-05,9.93648589900303e-06
6,120630,7.128857332645566e-05,9.936475301792402e-06
6,120640,6.599589439701959e-05,9.936464703703436e-06
6,120650,6.696530422232171e-05,9.936454104736139e-06
6,120660,7.185012955233106e-05,9.936443504890505e-06
6,120670,8.505606147082289e-05,9.936432904166542e-06
6,120680,5.7321922986375286e-05,9.936422302564254e-06
6,120690,7.281493519712968e-05,9.936411700083631e-06
6,120700,7.047926283121342e-05,9.936401096724682e-06
6,120710,8.431931669292681e-05,9.936390492487413e-06
6,120720,7.304412342818978e-05,9.936379887371822e-06
6,120730,6.348724550662155e-05,9.93636928137791e-06
6,120740,6.97764658525557e-05,9.93635867450568e-06
6,120750,6.659561909145851e-05,9.936348066755132e-06
6,120760,7.307550254154194e-05,9.936337458126273e-06
6,120770,0.00010090259684147895,9.9363268486191e-06
6,120780,9.405093887835392e-05,9.936316238233616e-06
6,120790,8.138756020343862e-05,9.936305626969826e-06
6,120800,6.436824075990444e-05,9.93629501482773e-06
6,120810,9.398119314028009e-05,9.936284401807324e-06
6,120820,8.205024128074e-05,9.936273787908617e-06
6,120830,0.00011320363505546993,9.93626317313161e-06
6,120840,7.916324711914058e-05,9.936252557476303e-06
6,120850,7.028006041309708e-05,9.936241940942703e-06
6,120860,8.533027425983164e-05,9.936231323530807e-06
6,120870,7.6840759084007e-05,9.936220705240614e-06
6,120880,9.501069102952897e-05,9.936210086072128e-06
6,120890,8.593417392148695e-05,9.936199466025354e-06
6,120900,7.618959443789208e-05,9.936188845100295e-06
6,120910,6.729581828039955e-05,9.936178223296946e-06
6,120920,9.865791189440641e-05,9.936167600615313e-06
6,120930,6.54358816518652e-05,9.9361569770554e-06
6,120940,9.004184389596048e-05,9.936146352617204e-06
6,120950,7.404104474062478e-05,9.936135727300732e-06
6,120960,5.834456451339065e-05,9.936125101105984e-06
6,120970,6.892555620652274e-05,9.93611447403296e-06
6,120980,6.152153816856299e-05,9.936103846081664e-06
6,120990,9.606061494196184e-05,9.936093217252096e-06
6,121000,7.89731450822728e-05,9.936082587544265e-06
6,121010,8.720893729332601e-05,9.936071956958163e-06
6,121020,7.784473186802642e-05,9.936061325493799e-06
6,121030,7.617545447828889e-05,9.936050693151168e-06
6,121040,8.864613732839643e-05,9.936040059930277e-06
6,121050,8.397421747758927e-05,9.936029425831124e-06
6,121060,8.36379604152171e-05,9.936018790853713e-06
6,121070,7.829407263670873e-05,9.936008154998047e-06
6,121080,9.614622304070508e-05,9.935997518264127e-06
6,121090,0.00010192815370828611,9.935986880651955e-06
6,121100,8.646616061014356e-05,9.935976242161536e-06
6,121110,7.05777330949786e-05,9.935965602792867e-06
6,121120,7.84611574090377e-05,9.935954962545954e-06
6,121130,7.335414693443454e-05,9.935944321420795e-06
6,121140,7.700189146362391e-05,9.935933679417397e-06
6,121150,5.587246316736127e-05,9.935923036535754e-06
6,121160,9.39395877367133e-05,9.935912392775873e-06
6,121170,7.278137429693743e-05,9.935901748137755e-06
6,121180,8.974113288786612e-05,9.935891102621402e-06
6,121190,9.986936240693466e-05,9.935880456226817e-06
6,121200,7.560303997706796e-05,9.935869808954001e-06
6,121210,7.257439297063684e-05,9.935859160802956e-06
6,121220,8.65257060922886e-05,9.935848511773682e-06
6,121230,7.424732734762074e-05,9.935837861866185e-06
6,121240,8.156297217283281e-05,9.935827211080466e-06
6,121250,6.252293437682965e-05,9.935816559416521e-06
6,121260,6.649567471868067e-05,9.93580590687436e-06
6,121270,9.566881212776934e-05,9.935795253453981e-06
6,121280,8.626348235338809e-05,9.935784599155384e-06
6,121290,9.168795149889774e-05,9.935773943978574e-06
6,121300,9.549127557875182e-05,9.93576328792355e-06
6,121310,8.342052633452113e-05,9.935752630990317e-06
6,121320,9.13058282549173e-05,9.935741973178873e-06
6,121330,8.320926581291134e-05,9.935731314489227e-06
6,121340,7.302353810700879e-05,9.935720654921376e-06
6,121350,8.547429429199838e-05,9.93570999447532e-06
6,121360,8.412116239924217e-05,9.935699333151061e-06
6,121370,6.838272097411392e-05,9.935688670948607e-06
6,121380,7.857272585169995e-05,9.935678007867954e-06
6,121390,6.7333457445784e-05,9.935667343909107e-06
6,121400,6.865387531433953e-05,9.93565667907207e-06
6,121410,7.811161003701272e-05,9.93564601335684e-06
6,121420,8.880113718987558e-05,9.935635346763418e-06
6,121430,8.44874221002101e-05,9.935624679291812e-06
6,121440,0.00014128288871688712,9.935614010942018e-06
6,121450,7.19912250588095e-05,9.935603341714042e-06
6,121460,7.334827046179271e-05,9.935592671607882e-06
6,121470,0.00011125750929750212,9.935582000623544e-06
6,121480,7.980865061654185e-05,9.935571328761026e-06
6,121490,8.409368547290796e-05,9.935560656020335e-06
6,121500,8.333019395649899e-05,9.935549982401466e-06
6,121510,7.62281635616091e-05,9.935539307904428e-06
6,121520,7.212545376660273e-05,9.935528632529217e-06
6,121530,7.467944269592408e-05,9.935517956275843e-06
6,121540,8.377932003895692e-05,9.935507279144296e-06
6,121550,7.440758604388975e-05,9.935496601134587e-06
6,121560,7.539787657151464e-05,9.935485922246717e-06
6,121570,6.929635319465887e-05,9.935475242480686e-06
6,121580,6.284342448452662e-05,9.93546456183649e-06
6,121590,6.977400280447909e-05,9.935453880314137e-06
6,121600,0.00011565880058697075,9.935443197913633e-06
6,121610,0.00010921081957349088,9.935432514634975e-06
6,121620,8.460255148747819e-05,9.935421830478163e-06
6,121630,6.797317546443082e-05,9.935411145443204e-06
6,121640,6.958698304515565e-05,9.935400459530097e-06
6,121650,7.012203086560477e-05,9.935389772738843e-06
6,121660,7.518470501963748e-05,9.935379085069449e-06
6,121670,0.00010405197199361283,9.935368396521912e-06
6,121680,8.818467154014797e-05,9.935357707096234e-06
6,121690,7.384940527117578e-05,9.935347016792414e-06
6,121700,8.811919446998219e-05,9.935336325610466e-06
6,121710,7.713731242802169e-05,9.93532563355038e-06
6,121720,8.119917947624344e-05,9.935314940612159e-06
6,121730,7.45078202271543e-05,9.935304246795813e-06
6,121740,6.147117665022961e-05,9.935293552101336e-06
6,121750,6.308859369710262e-05,9.93528285652873e-06
6,121760,9.488160471846641e-05,9.935272160078003e-06
6,121770,6.81651372815395e-05,9.935261462749152e-06
6,121780,7.681276588300534e-05,9.935250764542182e-06
6,121790,6.372817606461467e-05,9.935240065457092e-06
6,121800,7.200461782304046e-05,9.93522936549389e-06
6,121810,6.929178739483177e-05,9.935218664652564e-06
6,121820,7.00241868798912e-05,9.935207962933128e-06
6,121830,8.383834065170959e-05,9.935197260335581e-06
6,121840,7.57994538616913e-05,9.935186556859925e-06
6,121850,6.861205074528699e-05,9.93517585250616e-06
6,121860,7.731136292932206e-05,9.93516514727429e-06
6,121870,5.696338489542541e-05,9.935154441164315e-06
6,121880,7.304531377485545e-05,9.93514373417624e-06
6,121890,7.7818332147217e-05,9.935133026310064e-06
6,121900,7.070719402690884e-05,9.935122317565789e-06
6,121910,7.138606515582069e-05,9.93511160794342e-06
6,121920,5.84565189001296e-05,9.935100897442955e-06
6,121930,7.457663655259239e-05,9.935090186064397e-06
6,121940,7.49312866901164e-05,9.935079473807747e-06
6,121950,8.829509565657644e-05,9.935068760673012e-06
6,121960,7.616873976985516e-05,9.935058046660186e-06
6,121970,6.172799967316678e-05,9.935047331769277e-06
6,121980,9.807544340674214e-05,9.935036616000288e-06
6,121990,8.333117993970518e-05,9.935025899353218e-06
6,122000,6.799849352319143e-05,9.935015181828067e-06
6,122010,0.00010020262166108296,9.935004463424839e-06
6,122020,8.479474736304838e-05,9.934993744143535e-06
6,122030,7.018291080385097e-05,9.93498302398416e-06
6,122040,6.982332006373326e-05,9.934972302946711e-06
6,122050,6.413783351035817e-05,9.93496158103119e-06
6,122060,9.44363910548418e-05,9.934950858237605e-06
6,122070,6.866668563816347e-05,9.934940134565956e-06
6,122080,7.484642546842223e-05,9.934929410016244e-06
6,122090,9.004574753816995e-05,9.93491868458847e-06
6,122100,8.174530653377589e-05,9.934907958282635e-06
6,122110,6.220444684004178e-05,9.934897231098739e-06
6,122120,8.1286265685776e-05,9.93488650303679e-06
6,122130,6.705884234179394e-05,9.934875774096787e-06
6,122140,6.635653294324584e-05,9.934865044278732e-06
6,122150,8.473835800941743e-05,9.934854313582623e-06
6,122160,6.893274889989698e-05,9.934843582008472e-06
6,122170,9.266828565159812e-05,9.93483284955627e-06
6,122180,8.015420348783665e-05,9.934822116226026e-06
6,122190,8.038438877520094e-05,9.934811382017741e-06
6,122200,6.355664936563699e-05,9.934800646931409e-06
6,122210,8.03688266842073e-05,9.93478991096704e-06
6,122220,7.263696973041079e-05,9.934779174124633e-06
6,122230,7.157238137551759e-05,9.934768436404194e-06
6,122240,9.396727191415267e-05,9.93475769780572e-06
6,122250,7.499280977754096e-05,9.934746958329217e-06
6,122260,0.00010289662559443968,9.934736217974681e-06
6,122270,7.243872444178124e-05,9.934725476742122e-06
6,122280,8.214198128371208e-05,9.934714734631536e-06
6,122290,0.00012848473415942862,9.934703991642923e-06
6,122300,7.728768509878136e-05,9.934693247776288e-06
6,122310,9.043707223099773e-05,9.934682503031635e-06
6,122320,7.444537131959806e-05,9.934671757408964e-06
6,122330,9.442475502510205e-05,9.934661010908282e-06
6,122340,7.565694038476068e-05,9.93465026352958e-06
6,122350,8.667178649375273e-05,9.934639515272866e-06
6,122360,9.20969826665896e-05,9.934628766138146e-06
6,122370,7.96854674263159e-05,9.934618016125416e-06
6,122380,8.922750766942044e-05,9.934607265234677e-06
6,122390,0.00013421592784652604,9.934596513465935e-06
6,122400,7.014450384303927e-05,9.93458576081919e-06
6,122410,8.233549597207456e-05,9.934575007294446e-06
6,122420,9.297944748141163e-05,9.9345642528917e-06
6,122430,8.101275075205195e-05,9.934553497610958e-06
6,122440,6.594598030460475e-05,9.934542741452223e-06
6,122450,9.031074055201315e-05,9.934531984415494e-06
6,122460,8.54133074881247e-05,9.934521226500771e-06
6,122470,6.317171819318901e-05,9.934510467708063e-06
6,122480,7.584854106426064e-05,9.934499708037367e-06
6,122490,7.859787897359637e-05,9.934488947488683e-06
6,122500,4.851711971696205e-05,9.934478186062013e-06
6,122510,7.623049293670192e-05,9.934467423757367e-06
6,122520,8.072430555330356e-05,9.934456660574738e-06
6,122530,0.0001024675022563315,9.934445896514131e-06
6,122540,9.032565353663812e-05,9.934435131575552e-06
6,122550,8.663458779665235e-05,9.934424365758998e-06
6,122560,5.941453273408116e-05,9.934413599064469e-06
6,122570,6.355279974741279e-05,9.934402831491971e-06
6,122580,8.713581908068591e-05,9.934392063041509e-06
6,122590,6.913386769156204e-05,9.934381293713076e-06
6,122600,5.7888585888576924e-05,9.93437052350668e-06
6,122610,7.4143633901258e-05,9.934359752422322e-06
6,122620,8.78783454936638e-05,9.934348980460007e-06
6,122630,7.800456965014747e-05,9.934338207619728e-06
6,122640,8.504365541739389e-05,9.934327433901495e-06
6,122650,6.549751735747122e-05,9.934316659305306e-06
6,122660,7.638815209247696e-05,9.934305883831167e-06
6,122670,8.016627698452793e-05,9.934295107479076e-06
6,122680,8.215029743041669e-05,9.934284330249036e-06
6,122690,8.882382198862616e-05,9.93427355214105e-06
6,122700,7.446196709679497e-05,9.934262773155117e-06
6,122710,0.00011535446478774247,9.934251993291241e-06
6,122720,6.581245020242932e-05,9.934241212549423e-06
6,122730,7.262259805429494e-05,9.934230430929666e-06
6,122740,7.867755339248107e-05,9.934219648431969e-06
6,122750,7.78879696099466e-05,9.93420886505634e-06
6,122760,8.739193699511816e-05,9.934198080802776e-06
6,122770,8.056116703301085e-05,9.934187295671282e-06
6,122780,8.041558917284419e-05,9.934176509661854e-06
6,122790,7.071083791743149e-05,9.934165722774501e-06
6,122800,9.158575639958145e-05,9.934154935009224e-06
6,122810,6.697694116155616e-05,9.934144146366022e-06
6,122820,0.00012820980673495798,9.934133356844893e-06
6,122830,0.00011628907122940291,9.934122566445849e-06
6,122840,0.00011599648728406465,9.934111775168889e-06
6,122850,7.553249033662724e-05,9.93410098301401e-06
6,122860,6.22939305685577e-05,9.934090189981214e-06
6,122870,6.96637454439042e-05,9.93407939607051e-06
6,122880,5.296201811688661e-05,9.934068601281892e-06
6,122890,7.345081887706328e-05,9.934057805615368e-06
6,122900,8.279955288799101e-05,9.934047009070939e-06
6,122910,5.944850174728345e-05,9.9340362116486e-06
6,122920,8.352799864042026e-05,9.934025413348357e-06
6,122930,6.753816628588539e-05,9.934014614170215e-06
6,122940,6.330696553504822e-05,9.934003814114174e-06
6,122950,0.00010225336914118088,9.933993013180237e-06
6,122960,7.615203026034578e-05,9.933982211368404e-06
6,122970,0.00010315376484868466,9.933971408678676e-06
6,122980,5.760163926424866e-05,9.933960605111056e-06
6,122990,6.501919158381497e-05,9.933949800665548e-06
6,123000,8.505982773385768e-05,9.933938995342152e-06
6,123010,7.853597189750871e-05,9.933928189140871e-06
6,123020,8.60342986015894e-05,9.933917382061709e-06
6,123030,5.769146084730892e-05,9.933906574104662e-06
6,123040,6.571708131559717e-05,9.933895765269734e-06
6,123050,7.222702365652366e-05,9.933884955556934e-06
6,123060,7.473994394331384e-05,9.933874144966254e-06
6,123070,7.811706477696133e-05,9.9338633334977e-06
6,123080,6.205789504747371e-05,9.933852521151275e-06
6,123090,9.121740527007205e-05,9.933841707926978e-06
6,123100,9.245439123333198e-05,9.933830893824814e-06
6,123110,8.450374084532087e-05,9.933820078844784e-06
6,123120,7.086833229550394e-05,9.93380926298689e-06
6,123130,6.298764315033622e-05,9.93379844625113e-06
6,123140,6.257983263822098e-05,9.933787628637512e-06
6,123150,6.328475988084393e-05,9.933776810146034e-06
6,123160,7.121785201888998e-05,9.933765990776697e-06
6,123170,7.05809339251573e-05,9.933755170529508e-06
6,123180,7.742224413505027e-05,9.933744349404465e-06
6,123190,7.278459434019169e-05,9.933733527401571e-06
6,123200,8.324949626512535e-05,9.933722704520827e-06
6,123210,9.916815179167315e-05,9.93371188076224e-06
6,123220,0.00010684831222533831,9.933701056125805e-06
6,123230,0.00010230805569335643,9.933690230611527e-06
6,123240,8.001459473234717e-05,9.933679404219408e-06
6,123250,7.666272877031588e-05,9.93366857694945e-06
6,123260,9.652344951973645e-05,9.93365774880165e-06
6,123270,9.315099950981675e-05,9.933646919776022e-06
6,123280,9.389605393153034e-05,9.933636089872558e-06
6,123290,8.117691631923662e-05,9.933625259091262e-06
6,123300,0.00010414332691652817,9.933614427432138e-06
6,123310,5.726175204472384e-05,9.933603594895182e-06
6,123320,8.342407390955486e-05,9.933592761480396e-06
6,123330,7.450974487710482e-05,9.933581927187787e-06
6,123340,6.964958397475128e-05,9.933571092017358e-06
6,123350,8.737722159821715e-05,9.933560255969111e-06
6,123360,8.168179390395381e-05,9.933549419043047e-06
6,123370,6.253408751035749e-05,9.933538581239165e-06
6,123380,8.114147633477841e-05,9.933527742557465e-06
6,123390,8.83017273281439e-05,9.933516902997959e-06
6,123400,8.667466490805965e-05,9.933506062560641e-06
6,123410,7.535233244198024e-05,9.933495221245513e-06
6,123420,0.0001046520628278813,9.933484379052579e-06
6,123430,7.961986825648637e-05,9.93347353598184e-06
6,123440,7.87641066381184e-05,9.933462692033297e-06
6,123450,6.182171837281203e-05,9.933451847206955e-06
6,123460,7.393779951598844e-05,9.933441001502812e-06
6,123470,7.248440529110667e-05,9.933430154920875e-06
6,123480,5.4229606735134436e-05,9.93341930746114e-06
6,123490,7.834959169485956e-05,9.933408459123612e-06
6,123500,8.08045549547387e-05,9.933397609908293e-06
6,123510,7.755995898151014e-05,9.933386759815187e-06
6,123520,8.597521555202548e-05,9.933375908844294e-06
6,123530,7.262338244800049e-05,9.933365056995615e-06
6,123540,7.090148276347464e-05,9.933354204269152e-06
6,123550,5.921113329350192e-05,9.933343350664906e-06
6,123560,0.00010216825971838261,9.933332496182879e-06
6,123570,7.901891540313954e-05,9.933321640823075e-06
6,123580,6.583768890777719e-05,9.933310784585497e-06
6,123590,7.410975790662633e-05,9.933299927470146e-06
6,123600,7.683735816499393e-05,9.93328906947702e-06
6,123610,6.532026466175012e-05,9.933278210606126e-06
6,123620,7.032451198938361e-05,9.933267350857467e-06
6,123630,6.962543138797628e-05,9.93325649023104e-06
6,123640,8.620854441687698e-05,9.933245628726849e-06
6,123650,0.00011097936580881652,9.933234766344893e-06
6,123660,9.937524323504477e-05,9.933223903085181e-06
6,123670,7.208387251012027e-05,9.933213038947707e-06
6,123680,6.776508857910812e-05,9.933202173932478e-06
6,123690,7.28710123894416e-05,9.933191308039493e-06
6,123700,7.577227227102412e-05,9.933180441268756e-06
6,123710,5.5922829460541834e-05,9.933169573620268e-06
6,123720,6.077026002913044e-05,9.933158705094034e-06
6,123730,0.00010073633202409838,9.933147835690051e-06
6,123740,7.93746940416895e-05,9.933136965408326e-06
6,123750,6.461682332883356e-05,9.933126094248856e-06
6,123760,9.290186676480516e-05,9.933115222211644e-06
6,123770,7.735320382380452e-05,9.933104349296693e-06
6,123780,7.259993685693189e-05,9.933093475504006e-06
6,123790,7.266018455993618e-05,9.93308260083358e-06
6,123800,7.597426729262224e-05,9.933071725285424e-06
6,123810,6.508954782020738e-05,9.933060848859535e-06
6,123820,8.290887908515287e-05,9.933049971555922e-06
6,123830,7.168607426137897e-05,9.93303909337458e-06
6,123840,6.631183223362313e-05,9.933028214315512e-06
6,123850,7.755694996376405e-05,9.93301733437872e-06
6,123860,7.181968512668391e-05,9.933006453564204e-06
6,123870,7.352034272116726e-05,9.932995571871974e-06
6,123880,5.003565861443349e-05,9.932984689302022e-06
6,123890,7.421088312185021e-05,9.932973805854355e-06
6,123900,7.656464324554691e-05,9.932962921528976e-06
6,123910,6.847615791230054e-05,9.932952036325882e-06
6,123920,7.084248031787865e-05,9.932941150245076e-06
6,123930,7.275900995864503e-05,9.932930263286564e-06
6,123940,8.537394528502773e-05,9.932919375450349e-06
6,123950,7.772019162075595e-05,9.932908486736426e-06
6,123960,6.994084342295538e-05,9.9328975971448e-06
6,123970,9.563474895912806e-05,9.932886706675476e-06
6,123980,7.204490652839013e-05,9.932875815328454e-06
6,123990,6.793794095756311e-05,9.932864923103732e-06
6,124000,7.8575635825473e-05,9.932854030001314e-06
6,124010,7.248411570799362e-05,9.93284313602121e-06
6,124020,8.745878417357745e-05,9.93283224116341e-06
6,124030,9.125312531068631e-05,9.932821345427925e-06
6,124040,0.00010098490756718092,9.932810448814749e-06
6,124050,8.309187664963248e-05,9.93279955132389e-06
6,124060,8.584438178331766e-05,9.932788652955349e-06
6,124070,6.231167039913999e-05,9.932777753709125e-06
6,124080,8.625317245787302e-05,9.932766853585223e-06
6,124090,0.0001143485207194317,9.932755952583652e-06
6,124100,8.08502347808826e-05,9.9327450507044e-06
6,124110,5.8183725604976645e-05,9.932734147947474e-06
6,124120,7.203734976428678e-05,9.932723244312874e-06
6,124130,7.095804785421932e-05,9.932712339800608e-06
6,124140,6.826862281741341e-05,9.932701434410674e-06
6,124150,7.716455488662177e-05,9.932690528143074e-06
6,124160,9.557575035614718e-05,9.93267962099781e-06
6,124170,7.607520979036055e-05,9.932668712974889e-06
6,124180,6.943986727492302e-05,9.932657804074307e-06
6,124190,5.923062717556604e-05,9.932646894296064e-06
6,124200,6.399944579698057e-05,9.932635983640166e-06
6,124210,6.821346312335663e-05,9.932625072106616e-06
6,124220,7.699031611991814e-05,9.932614159695413e-06
6,124230,6.421650768970722e-05,9.932603246406562e-06
6,124240,7.231927893371904e-05,9.932592332240061e-06
6,124250,8.463019280497974e-05,9.932581417195916e-06
6,124260,8.803152468317423e-05,9.932570501274125e-06
6,124270,6.640747099027067e-05,9.93255958447469e-06
6,124280,8.549136941837787e-05,9.932548666797617e-06
6,124290,8.687535682838643e-05,9.932537748242905e-06
6,124300,9.154661192951609e-05,9.932526828810561e-06
6,124310,6.640307856287109e-05,9.932515908500576e-06
6,124320,6.439353373934864e-05,9.93250498731296e-06
6,124330,6.31242366580409e-05,9.932494065247712e-06
6,124340,7.051614061310829e-05,9.932483142304837e-06
6,124350,7.793452505211462e-05,9.93247221848434e-06
6,124360,7.017404277576134e-05,9.932461293786212e-06
6,124370,0.0001060234147189476,9.932450368210464e-06
6,124380,6.665872065241274e-05,9.932439441757094e-06
6,124390,6.346142561142187e-05,9.932428514426109e-06
6,124400,8.959932615653088e-05,9.932417586217506e-06
6,124410,8.049298339756205e-05,9.932406657131289e-06
6,124420,5.6491391569579724e-05,9.932395727167454e-06
6,124430,7.19592497262056e-05,9.93238479632601e-06
6,124440,8.238183140747423e-05,9.932373864606956e-06
6,124450,6.511005776701496e-05,9.932362932010297e-06
6,124460,6.241410533220914e-05,9.932351998536031e-06
6,124470,8.235386867454507e-05,9.93234106418416e-06
6,124480,7.768047121317067e-05,9.932330128954693e-06
6,124490,8.598282129241852e-05,9.932319192847625e-06
6,124500,6.232839637050347e-05,9.93230825586296e-06
6,124510,6.861569090688135e-05,9.932297318000697e-06
6,124520,8.060160130298755e-05,9.932286379260842e-06
6,124530,6.283216334850295e-05,9.932275439643396e-06
6,124540,9.764581222952984e-05,9.93226449914836e-06
6,124550,7.806083981449774e-05,9.932253557775737e-06
6,124560,6.656686332462414e-05,9.932242615525529e-06
6,124570,6.817073069669277e-05,9.932231672397736e-06
6,124580,6.750948741682806e-05,9.932220728392365e-06
6,124590,6.975372334636632e-05,9.932209783509407e-06
6,124600,7.496652833651751e-05,9.932198837748872e-06
6,124610,7.377443330369715e-05,9.932187891110764e-06
6,124620,8.130883279591218e-05,9.93217694359508e-06
6,124630,7.26385522284545e-05,9.932165995201826e-06
6,124640,9.028631366163609e-05,9.932155045931e-06
6,124650,5.102194368191704e-05,9.932144095782606e-06
6,124660,7.498905074498907e-05,9.932133144756646e-06
6,124670,8.991766335384455e-05,9.932122192853122e-06
6,124680,7.34691667730658e-05,9.932111240072035e-06
6,124690,8.148479182636947e-05,9.932100286413387e-06
6,124700,8.888582028703242e-05,9.932089331877183e-06
6,124710,8.79237920344167e-05,9.93207837646342e-06
6,124720,8.525744347025465e-05,9.932067420172107e-06
6,124730,8.265159731308813e-05,9.93205646300324e-06
6,124740,9.10393201138504e-05,9.932045504956822e-06
6,124750,7.515587099078403e-05,9.932034546032854e-06
6,124760,7.420098286274879e-05,9.93202358623134e-06
6,124770,7.942186116451922e-05,9.93201262555228e-06
6,124780,6.790320630898349e-05,9.932001663995675e-06
6,124790,7.857389532546221e-05,9.931990701561534e-06
6,124800,8.890922613318253e-05,9.931979738249854e-06
6,124810,8.978517471405211e-05,9.931968774060632e-06
6,124820,8.198661234928294e-05,9.931957808993878e-06
6,124830,6.126157313701697e-05,9.931946843049592e-06
6,124840,5.1457929839671126e-05,9.931935876227774e-06
6,124850,7.587760410388e-05,9.93192490852842e-06
6,124860,7.207789403764763e-05,9.931913939951545e-06
6,124870,7.480084072994942e-05,9.931902970497143e-06
6,124880,8.481206818942156e-05,9.931892000165221e-06
6,124890,0.00010482204804702633,9.931881028955776e-06
6,124900,6.904817596478096e-05,9.931870056868811e-06
6,124910,0.00010696638328226982,9.931859083904331e-06
6,124920,8.66890143697674e-05,9.93184811006233e-06
6,124930,0.00010916127944256005,9.931837135342814e-06
6,124940,8.556041289011773e-05,9.931826159745789e-06
6,124950,0.00011254102500970475,9.93181518327125e-06
6,124960,0.00010682303636713186,9.93180420591921e-06
6,124970,6.382368396771199e-05,9.931793227689662e-06
6,124980,7.167321873566835e-05,9.93178224858261e-06
6,124990,5.472626719438267e-05,9.93177126859806e-06
6,125000,7.401178322652413e-05,9.931760287736009e-06
6,125010,8.277166889456566e-05,9.931749305996455e-06
6,125020,6.876514034956927e-05,9.93173832337941e-06
6,125030,7.783275414112723e-05,9.931727339884871e-06
6,125040,8.521207369085459e-05,9.93171635551284e-06
6,125050,0.00011147502091262139,9.931705370263315e-06
6,125060,6.973768859097618e-05,9.931694384136303e-06
6,125070,7.476335526916955e-05,9.931683397131808e-06
6,125080,7.796931754455727e-05,9.931672409249823e-06
6,125090,6.133639558356663e-05,9.931661420490359e-06
6,125100,8.687188733347284e-05,9.931650430853415e-06
6,125110,6.583539216080681e-05,9.931639440338992e-06
6,125120,7.549660058430163e-05,9.931628448947093e-06
6,125130,7.372356160431081e-05,9.931617456677722e-06
6,125140,7.459876078428352e-05,9.931606463530876e-06
6,125150,6.501357693196043e-05,9.931595469506559e-06
6,125160,6.156563590593578e-05,9.931584474604774e-06
6,125170,7.229933717098903e-05,9.93157347882552e-06
6,125180,0.00011996864761840698,9.931562482168807e-06
6,125190,8.025662073123384e-05,9.931551484634628e-06
6,125200,6.115031560511852e-05,9.931540486222986e-06
6,125210,5.4384016357289505e-05,9.931529486933889e-06
6,125220,7.61777313073253e-05,9.93151848676733e-06
6,125230,6.344672792693019e-05,9.93150748572332e-06
6,125240,9.717650768834574e-05,9.931496483801859e-06
6,125250,8.98226467143104e-05,9.931485481002942e-06
6,125260,6.166268763081461e-05,9.931474477326576e-06
6,125270,7.254525053213001e-05,9.93146347277277e-06
6,125280,6.603310516766215e-05,9.931452467341515e-06
6,125290,6.581882516911718e-05,9.931441461032818e-06
6,125300,8.596821398896281e-05,9.931430453846679e-06
6,125310,6.811370476498269e-05,9.931419445783094e-06
6,125320,9.108576605285633e-05,9.931408436842079e-06
6,125330,6.448358117268071e-05,9.931397427023625e-06
6,125340,7.26940439108148e-05,9.931386416327738e-06
6,125350,6.396511234925128e-05,9.931375404754417e-06
6,125360,6.054123241483467e-05,9.93136439230367e-06
6,125370,8.91440155555756e-05,9.931353378975494e-06
6,125380,9.244518696505112e-05,9.931342364769896e-06
6,125390,7.285632805178467e-05,9.931331349686872e-06
6,125400,6.02578450980218e-05,9.931320333726427e-06
6,125410,6.873948855172785e-05,9.931309316888563e-06
6,125420,6.757483627097826e-05,9.931298299173284e-06
6,125430,8.700897733433521e-05,9.931287280580584e-06
6,125440,6.849005737876723e-05,9.931276261110471e-06
6,125450,7.605843479723262e-05,9.931265240762949e-06
6,125460,7.728401442363975e-05,9.931254219538016e-06
6,125470,6.888444454489218e-05,9.931243197435674e-06
6,125480,8.166517995960021e-05,9.931232174455927e-06
6,125490,7.752684311981283e-05,9.931221150598777e-06
6,125500,7.384463806374697e-05,9.93121012586422e-06
6,125510,7.259831158989982e-05,9.931199100252266e-06
6,125520,7.586142933178053e-05,9.931188073762915e-06
6,125530,8.230918965637101e-05,9.931177046396166e-06
6,125540,7.987861340552627e-05,9.931166018152026e-06
6,125550,7.804869132996828e-05,9.931154989030494e-06
6,125560,9.107182690968329e-05,9.931143959031568e-06
6,125570,8.274274032373796e-05,9.931132928155257e-06
6,125580,8.012110079107515e-05,9.93112189640156e-06
6,125590,7.041757321530896e-05,9.93111086377047e-06
6,125600,8.114836468848806e-05,9.931099830262003e-06
6,125610,6.45796066010007e-05,9.931088795876155e-06
6,125620,7.067208855460194e-05,9.931077760612931e-06
6,125630,6.086803891776071e-05,9.931066724472329e-06
6,125640,6.920746075138595e-05,9.931055687454351e-06
6,125650,8.556520094771258e-05,9.931044649559004e-06
6,125660,7.504001823690487e-05,9.931033610786285e-06
6,125670,7.754365551591035e-05,9.931022571136197e-06
6,125680,8.164836831383581e-05,9.931011530608745e-06
6,125690,9.039373835548759e-05,9.931000489203928e-06
6,125700,9.57531343374285e-05,9.930989446921746e-06
6,125710,8.186034156096867e-05,9.9309784037622e-06
6,125720,9.426420247109491e-05,9.9309673597253e-06
6,125730,6.73339540753659e-05,9.930956314811038e-06
6,125740,8.711555092304478e-05,9.930945269019424e-06
6,125750,9.318140944287735e-05,9.930934222350458e-06
6,125760,6.828253331150335e-05,9.930923174804139e-06
6,125770,6.408989916053542e-05,9.930912126380466e-06
6,125780,6.051500363355444e-05,9.930901077079452e-06
6,125790,5.536093058253755e-05,9.930890026901095e-06
6,125800,7.556376467618974e-05,9.930878975845395e-06
6,125810,7.727329707449826e-05,9.930867923912351e-06
6,125820,7.29767945358617e-05,9.93085687110197e-06
6,125830,8.748021691644681e-05,9.930845817414251e-06
6,125840,8.603744763604481e-05,9.930834762849197e-06
6,125850,6.0820382987003545e-05,9.930823707406811e-06
6,125860,8.41420860069775e-05,9.930812651087089e-06
6,125870,8.891337949989975e-05,9.93080159389004e-06
6,125880,8.549252311240707e-05,9.930790535815667e-06
6,125890,7.389534291633027e-05,9.930779476863965e-06
6,125900,7.251032852764183e-05,9.930768417034936e-06
6,125910,9.033789460772824e-05,9.930757356328591e-06
6,125920,9.472413803450762e-05,9.930746294744921e-06
6,125930,7.033587648948014e-05,9.93073523228394e-06
6,125940,8.23734406822041e-05,9.93072416894564e-06
6,125950,7.460001797880978e-05,9.930713104730025e-06
6,125960,7.308069953069208e-05,9.930702039637102e-06
6,125970,0.00010276629759573551,9.930690973666867e-06
6,125980,0.00010389377143837919,9.93067990681933e-06
6,125990,8.59517265780596e-05,9.93066883909448e-06
6,126000,8.2279986827416e-05,9.93065777049233e-06
6,126010,6.49026552309806e-05,9.930646701012875e-06
6,126020,7.326171225940925e-05,9.930635630656123e-06
6,126030,9.868490228654992e-05,9.930624559422073e-06
6,126040,6.004160391057666e-05,9.930613487310726e-06
6,126050,6.783215908399143e-05,9.930602414322085e-06
6,126060,8.469206677546025e-05,9.930591340456155e-06
6,126070,5.2390220298548234e-05,9.930580265712933e-06
6,126080,6.0155043274789936e-05,9.93056919009242e-06
6,126090,8.785435779827822e-05,9.930558113594622e-06
6,126100,8.353746616194258e-05,9.93054703621954e-06
6,126110,7.927194160401997e-05,9.930535957967177e-06
6,126120,8.257446443167283e-05,9.930524878837537e-06
6,126130,5.807935719985835e-05,9.930513798830614e-06
6,126140,5.48692690244934e-05,9.930502717946417e-06
6,126150,8.893548751984782e-05,9.930491636184947e-06
6,126160,8.136859032674693e-05,9.930480553546203e-06
6,126170,6.803513624618062e-05,9.93046947003019e-06
6,126180,4.689652760134777e-05,9.930458385636905e-06
6,126190,7.031616842141375e-05,9.930447300366358e-06
6,126200,6.55971106425568e-05,9.930436214218543e-06
6,126210,7.712522844940394e-05,9.930425127193467e-06
6,126220,6.70474863909476e-05,9.930414039291132e-06
6,126230,8.29831850296614e-05,9.930402950511538e-06
6,126240,8.70649748321739e-05,9.93039186085469e-06
6,126250,7.27148501027841e-05,9.930380770320581e-06
6,126260,6.231959650904173e-05,9.930369678909222e-06
6,126270,7.893626832355949e-05,9.930358586620617e-06
6,126280,8.115737082334817e-05,9.930347493454765e-06
6,126290,6.642244188697076e-05,9.930336399411663e-06
6,126300,7.623334370236988e-05,9.930325304491313e-06
6,126310,6.960460132177104e-05,9.930314208693725e-06
6,126320,6.420719219022431e-05,9.930303112018895e-06
6,126330,8.145475003402681e-05,9.930292014466827e-06
6,126340,9.190506079903571e-05,9.93028091603752e-06
6,126350,6.238375824523246e-05,9.930269816730974e-06
6,126360,7.494331912312191e-05,9.930258716547197e-06
6,126370,5.895716947179608e-05,9.930247615486195e-06
6,126380,7.495698996535793e-05,9.930236513547962e-06
6,126390,6.30743755664298e-05,9.930225410732499e-06
6,126400,8.367496766368277e-05,9.930214307039815e-06
6,126410,7.016006493358873e-05,9.930203202469906e-06
6,126420,8.84486370068771e-05,9.930192097022776e-06
6,126430,8.426216863881565e-05,9.930180990698428e-06
6,126440,8.83565172443923e-05,9.930169883496862e-06
6,126450,6.781826841688599e-05,9.93015877541808e-06
6,126460,8.076471938238683e-05,9.930147666462088e-06
6,126470,7.836950790078845e-05,9.930136556628884e-06
6,126480,6.573849341293681e-05,9.930125445918467e-06
6,126490,6.764181953258231e-05,9.930114334330848e-06
6,126500,7.969511761984904e-05,9.930103221866021e-06
6,126510,7.204183484645909e-05,9.930092108523992e-06
6,126520,9.288833052778501e-05,9.930080994304762e-06
6,126530,8.581988906826156e-05,9.930069879208336e-06
6,126540,7.554219964731602e-05,9.930058763234707e-06
6,126550,7.445963947247946e-05,9.930047646383888e-06
6,126560,7.469222505278593e-05,9.93003652865587e-06
6,126570,7.706012247581383e-05,9.930025410050667e-06
6,126580,8.130319820338627e-05,9.930014290568274e-06
6,126590,8.53215909046412e-05,9.930003170208695e-06
6,126600,7.851412224226807e-05,9.929992048971928e-06
6,126610,9.467902223150304e-05,9.929980926857978e-06
6,126620,9.461090762670211e-05,9.929969803866846e-06
6,126630,8.82667894984479e-05,9.929958679998531e-06
6,126640,9.78017059424019e-05,9.929947555253043e-06
6,126650,6.184750623106083e-05,9.92993642963038e-06
6,126660,5.312211408181611e-05,9.92992530313054e-06
6,126670,8.226724421547261e-05,9.92991417575353e-06
6,126680,6.760152459719392e-05,9.929903047499349e-06
6,126690,7.714621424383949e-05,9.929891918368e-06
6,126700,0.00010441535591780847,9.92988078835949e-06
6,126710,6.20788524429372e-05,9.929869657473817e-06
6,126720,6.264600242502638e-05,9.929858525710978e-06
6,126730,0.00010152318427572026,9.92984739307098e-06
6,126740,6.860665498606978e-05,9.929836259553824e-06
6,126750,6.270272660913179e-05,9.929825125159517e-06
6,126760,8.04737674570788e-05,9.929813989888056e-06
6,126770,7.634040719040058e-05,9.929802853739444e-06
6,126780,5.910178585963877e-05,9.929791716713679e-06
6,126790,8.202911963053338e-05,9.929780578810765e-06
6,126800,7.25370853615459e-05,9.929769440030705e-06
6,126810,8.743637599764043e-05,9.929758300373504e-06
6,126820,9.665375055192272e-05,9.929747159839159e-06
6,126830,0.00010522650741222607,9.929736018427675e-06
6,126840,7.607193492731312e-05,9.929724876139052e-06
6,126850,7.479655168936006e-05,9.929713732973294e-06
6,126860,8.610871082055382e-05,9.929702588930403e-06
6,126870,7.568709288534592e-05,9.929691444010376e-06
6,126880,7.09534115230781e-05,9.929680298213227e-06
6,126890,6.898742906287226e-05,9.929669151538947e-06
6,126900,6.750774091415224e-05,9.929658003987537e-06
6,126910,8.981605565168138e-05,9.929646855559004e-06
6,126920,6.56685835110693e-05,9.929635706253356e-06
6,126930,7.216893836812233e-05,9.929624556070582e-06
6,126940,7.965754514316359e-05,9.929613405010692e-06
6,126950,8.124081618916533e-05,9.929602253073688e-06
6,126960,6.416215992430806e-05,9.929591100259567e-06
6,126970,9.155783009191509e-05,9.929579946568334e-06
6,126980,8.345269734491012e-05,9.92956879199999e-06
6,126990,8.233684870901925e-05,9.92955763655454e-06
6,127000,8.900031293705978e-05,9.929546480231982e-06
6,127010,7.788380366946512e-05,9.929535323032323e-06
6,127020,8.097343265944801e-05,9.92952416495556e-06
6,127030,6.36479880540719e-05,9.929513006001697e-06
6,127040,7.266384204740461e-05,9.929501846170735e-06
6,127050,7.481801458197879e-05,9.929490685462678e-06
6,127060,6.863879930278927e-05,9.929479523877528e-06
6,127070,6.12377415109222e-05,9.929468361415285e-06
6,127080,6.699237085285858e-05,9.929457198075949e-06
6,127090,8.797081422926568e-05,9.929446033859532e-06
6,127100,8.167655855686461e-05,9.929434868766025e-06
6,127110,7.30934534658445e-05,9.92942370279543e-06
6,127120,0.00010737093216448557,9.929412535947754e-06
6,127130,9.561262859278941e-05,9.929401368222998e-06
6,127140,6.682010998702027e-05,9.929390199621166e-06
6,127150,0.00011887810833286495,9.929379030142258e-06
6,127160,9.847636247286573e-05,9.929367859786275e-06
6,127170,7.388689541585337e-05,9.929356688553216e-06
6,127180,7.493956773032552e-05,9.929345516443093e-06
6,127190,5.858021268068114e-05,9.9293343434559e-06
6,127200,6.346211396248692e-05,9.92932316959164e-06
6,127210,9.736582599089162e-05,9.929311994850314e-06
6,127220,5.257420671114232e-05,9.929300819231928e-06
6,127230,6.997924733695981e-05,9.92928964273648e-06
6,127240,7.793741701789259e-05,9.929278465363972e-06
6,127250,6.812094770793919e-05,9.929267287114407e-06
6,127260,7.651719729437901e-05,9.929256107987793e-06
6,127270,6.255280682125884e-05,9.929244927984122e-06
6,127280,6.795963511194714e-05,9.929233747103402e-06
6,127290,7.555227607554116e-05,9.92922256534563e-06
6,127300,0.00010157793462894915,9.929211382710814e-06
6,127310,7.970475944603095e-05,9.929200199198955e-06
6,127320,7.840707567083883e-05,9.929189014810054e-06
6,127330,5.734669584853691e-05,9.929177829544114e-06
6,127340,5.99750837409374e-05,9.929166643401133e-06
6,127350,6.833034631199552e-05,9.929155456381116e-06
6,127360,6.1282535330065e-05,9.929144268484064e-06
6,127370,6.784430656807671e-05,9.929133079709981e-06
6,127380,6.397199524599273e-05,9.929121890058865e-06
6,127390,6.133109275197057e-05,9.929110699530725e-06
6,127400,8.725334296286747e-05,9.929099508125555e-06
6,127410,6.60009024613828e-05,9.929088315843361e-06
6,127420,7.615411609549483e-05,9.929077122684144e-06
6,127430,6.432510333524988e-05,9.929065928647908e-06
6,127440,8.076665783391945e-05,9.92905473373465e-06
6,127450,9.640933540140395e-05,9.929043537944379e-06
6,127460,8.663820622132335e-05,9.929032341277093e-06
6,127470,5.378626874517067e-05,9.929021143732796e-06
6,127480,7.083295799930056e-05,9.929009945311487e-06
6,127490,8.156802341545698e-05,9.928998746013171e-06
6,127500,7.047324475024652e-05,9.928987545837847e-06
6,127510,6.725371672473557e-05,9.928976344785515e-06
6,127520,8.255263001046841e-05,9.928965142856183e-06
6,127530,9.202323026329394e-05,9.928953940049852e-06
6,127540,7.088419556566805e-05,9.928942736366521e-06
6,127550,8.198243863262178e-05,9.928931531806194e-06
6,127560,6.478570339822909e-05,9.92892032636887e-06
6,127570,9.783789646462537e-05,9.928909120054554e-06
6,127580,0.00011125578480459808,9.928897912863246e-06
6,127590,6.848609814369411e-05,9.928886704794949e-06
6,127600,5.933578622716595e-05,9.928875495849668e-06
6,127610,6.312161874575395e-05,9.928864286027403e-06
6,127620,6.58871995028676e-05,9.928853075328153e-06
6,127630,7.040755785965304e-05,9.928841863751923e-06
6,127640,8.537508306289965e-05,9.928830651298713e-06
6,127650,9.258266331926279e-05,9.928819437968525e-06
6,127660,7.367072275883403e-05,9.928808223761365e-06
6,127670,6.336625551739417e-05,9.928797008677233e-06
6,127680,7.005653342275763e-05,9.92878579271613e-06
6,127690,9.537230926071061e-05,9.928774575878058e-06
6,127700,8.723477458261185e-05,9.92876335816302e-06
6,127710,6.487386842763955e-05,9.928752139571014e-06
6,127720,7.216512212835369e-05,9.928740920102044e-06
6,127730,8.961936105151835e-05,9.928729699756115e-06
6,127740,6.26820369689085e-05,9.928718478533228e-06
6,127750,7.474286230717553e-05,9.928707256433383e-06
6,127760,0.00010004751561609736,9.928696033456586e-06
6,127770,7.04285708252428e-05,9.928684809602836e-06
6,127780,5.5521629860777466e-05,9.928673584872133e-06
6,127790,7.474131675735408e-05,9.928662359264484e-06
6,127800,8.380883155041375e-05,9.928651132779888e-06
6,127810,8.568807975279924e-05,9.928639905418347e-06
6,127820,7.998909923117025e-05,9.928628677179863e-06
6,127830,9.994859706239367e-05,9.928617448064434e-06
6,127840,8.547419251954125e-05,9.928606218072071e-06
6,127850,8.092776611192675e-05,9.928594987202774e-06
6,127860,0.00013079941841169786,9.928583755456538e-06
6,127870,9.943050208676141e-05,9.92857252283337e-06
6,127880,9.415674048796063e-05,9.928561289333275e-06
6,127890,7.453029231783149e-05,9.928550054956248e-06
6,127900,0.0001134995943175454,9.928538819702295e-06
6,127910,0.00010091012286466138,9.928527583571418e-06
6,127920,8.058125195020693e-05,9.928516346563617e-06
6,127930,8.269409486274525e-05,9.928505108678896e-06
6,127940,8.516329598933226e-05,9.928493869917254e-06
6,127950,5.974579735266161e-05,9.9284826302787e-06
6,127960,9.984931436974875e-05,9.928471389763228e-06
6,127970,9.475188544456614e-05,9.928460148370847e-06
6,127980,8.764768917899345e-05,9.92844890610155e-06
6,127990,8.524971590304631e-05,9.928437662955343e-06
6,128000,7.095563082657464e-05,9.92842641893223e-06
6,128010,8.989841458060255e-05,9.928415174032215e-06
6,128020,6.949536018510116e-05,9.928403928255295e-06
6,128030,9.738986154843586e-05,9.928392681601471e-06
6,128040,9.903314094117377e-05,9.92838143407075e-06
6,128050,5.632971588056534e-05,9.928370185663136e-06
6,128060,6.846834703537752e-05,9.928358936378624e-06
6,128070,6.75029804597216e-05,9.928347686217221e-06
6,128080,9.022780805025831e-05,9.92833643517893e-06
6,128090,8.769309151830384e-05,9.928325183263745e-06
6,128100,5.449205714285199e-05,9.928313930471678e-06
6,128110,7.276616029230353e-05,9.928302676802725e-06
6,128120,6.556017769980827e-05,9.928291422256888e-06
6,128130,8.189777227016748e-05,9.92828016683417e-06
6,128140,8.246277607213415e-05,9.928268910534574e-06
6,128150,9.090902326533978e-05,9.928257653358098e-06
6,128160,8.537983267160598e-05,9.928246395304752e-06
6,128170,5.8625643669074626e-05,9.92823513637453e-06
6,128180,6.594605260943354e-05,9.92822387656744e-06
6,128190,7.822577908882522e-05,9.928212615883479e-06
6,128200,0.0001192571945466625,9.928201354322649e-06
6,128210,9.82679731805547e-05,9.92819009188496e-06
6,128220,7.194290301413276e-05,9.928178828570403e-06
6,128230,8.713442998669052e-05,9.928167564378985e-06
6,128240,7.131134962037322e-05,9.92815629931071e-06
6,128250,5.406307218436268e-05,9.92814503336558e-06
6,128260,9.017710099215037e-05,9.928133766543593e-06
6,128270,8.492359129377291e-05,9.928122498844753e-06
6,128280,6.882410289108521e-05,9.928111230269065e-06
6,128290,7.42016895173947e-05,9.928099960816528e-06
6,128300,5.787625232187565e-05,9.928088690487143e-06
6,128310,8.465234957384383e-05,9.928077419280914e-06
6,128320,9.911145325531832e-05,9.928066147197844e-06
6,128330,7.805045556779078e-05,9.928054874237933e-06
6,128340,6.442526996579545e-05,9.928043600401176e-06
6,128350,8.813915292193997e-05,9.928032325687588e-06
6,128360,0.00010417356390917122,9.928021050097165e-06
6,128370,5.4825419692861035e-05,9.928009773629909e-06
6,128380,5.483907034431468e-05,9.927998496285821e-06
6,128390,5.411965964867704e-05,9.927987218064905e-06
6,128400,6.586891931874561e-05,9.927975938967163e-06
6,128410,9.254511046492553e-05,9.927964658992597e-06
6,128420,7.427725281559106e-05,9.927953378141209e-06
6,128430,7.486529798370612e-05,9.927942096412997e-06
6,128440,7.270694052294858e-05,9.927930813807972e-06
6,128450,7.578553763778472e-05,9.92791953032613e-06
6,128460,7.897838559074445e-05,9.92790824596747e-06
6,128470,6.476251796811993e-05,9.927896960732e-06
6,128480,5.207935230373551e-05,9.927885674619717e-06
6,128490,5.83952482429595e-05,9.927874387630626e-06
6,128500,6.652577642398682e-05,9.927863099764727e-06
6,128510,7.465701412456838e-05,9.927851811022029e-06
6,128520,9.550475210744479e-05,9.927840521402523e-06
6,128530,8.23071384729701e-05,9.92782923090622e-06
6,128540,8.430652110291703e-05,9.92781793953312e-06
6,128550,8.817643106340256e-05,9.927806647283215e-06
6,128560,8.116145129406504e-05,9.92779535415652e-06
6,128570,7.604687084494799e-05,9.927784060153039e-06
6,128580,6.798947338211293e-05,9.927772765272758e-06
6,128590,9.165940109596704e-05,9.927761469515696e-06
6,128600,5.11025909872842e-05,9.927750172881844e-06
6,128610,6.538952407026954e-05,9.927738875371206e-06
6,128620,6.48261803235073e-05,9.927727576983785e-06
6,128630,8.341985949300579e-05,9.927716277719586e-06
6,128640,6.533753457915736e-05,9.927704977578606e-06
6,128650,6.715398769756574e-05,9.927693676560854e-06
6,128660,8.200505790227908e-05,9.927682374666324e-06
6,128670,5.3834826076126774e-05,9.927671071895024e-06
6,128680,9.99278631297784e-05,9.927659768246953e-06
6,128690,8.052929356381356e-05,9.92764846372211e-06
6,128700,7.694961914239685e-05,9.927637158320506e-06
6,128710,7.409771449147229e-05,9.927625852042134e-06
6,128720,6.301650730620168e-05,9.927614544887001e-06
6,128730,7.246105997182894e-05,9.927603236855108e-06
6,128740,6.327302744466579e-05,9.927591927946457e-06
6,128750,5.657065837567643e-05,9.927580618161047e-06
6,128760,6.9287636097215e-05,9.927569307498884e-06
6,128770,7.110221717994136e-05,9.927557995959971e-06
6,128780,7.300125562323956e-05,9.927546683544306e-06
6,128790,7.321099574255641e-05,9.927535370251893e-06
6,128800,7.980774216775899e-05,9.927524056082734e-06
6,128810,7.529932281613583e-05,9.927512741036836e-06
6,128820,6.76334201671125e-05,9.927501425114188e-06
6,128830,9.815339371925802e-05,9.927490108314801e-06
6,128840,7.286258564818127e-05,9.927478790638674e-06
6,128850,5.9420991192382644e-05,9.927467472085815e-06
6,128860,6.706523672619368e-05,9.927456152656217e-06
6,128870,6.462404162448366e-05,9.92744483234989e-06
6,128880,6.087699991894624e-05,9.927433511166834e-06
6,128890,6.501198613477755e-05,9.927422189107049e-06
6,128900,9.494800560787555e-05,9.927410866170538e-06
6,128910,8.176799174179904e-05,9.927399542357308e-06
6,128920,8.469097388115189e-05,9.927388217667345e-06
6,128930,9.420637843504664e-05,9.92737689210067e-06
6,128940,8.31268716865452e-05,9.927365565657276e-06
6,128950,0.00011035024535885896,9.927354238337165e-06
6,128960,7.646564263268374e-05,9.927342910140343e-06
6,128970,0.00010493717813915282,9.927331581066808e-06
6,128980,0.0001002786961635138,9.927320251116562e-06
6,128990,9.266459710488562e-05,9.927308920289607e-06
6,129000,6.995785311119106e-05,9.927297588585949e-06
6,129010,9.52813495132432e-05,9.927286256005587e-06
6,129020,7.288752162821765e-05,9.927274922548521e-06
6,129030,6.556360362992565e-05,9.927263588214757e-06
6,129040,9.202242631545232e-05,9.927252253004292e-06
6,129050,9.308678222623712e-05,9.92724091691713e-06
6,129060,9.010725498228568e-05,9.927229579953276e-06
6,129070,0.00010302767705070437,9.92721824211273e-06
6,129080,8.55182883924499e-05,9.927206903395494e-06
6,129090,7.413554715185455e-05,9.927195563801572e-06
6,129100,7.240368670409226e-05,9.927184223330963e-06
6,129110,8.851027932905708e-05,9.927172881983668e-06
6,129120,6.015597009536578e-05,9.927161539759694e-06
6,129130,9.916120293382847e-05,9.92715019665904e-06
6,129140,5.361797466321149e-05,9.927138852681707e-06
6,129150,8.66450643115968e-05,9.9271275078277e-06
6,129160,0.00010166443717025684,9.927116162097016e-06
6,129170,8.412092324761034e-05,9.927104815489662e-06
6,129180,0.00011983435260844998,9.927093468005642e-06
6,129190,6.136328447610141e-05,9.92708211964495e-06
6,129200,7.549903280050785e-05,9.927070770407594e-06
6,129210,6.315601949609117e-05,9.927059420293574e-06
6,129220,6.537575454785838e-05,9.927048069302895e-06
6,129230,8.689578289704514e-05,9.927036717435556e-06
6,129240,6.45512002392934e-05,9.92702536469156e-06
6,129250,7.322550413846329e-05,9.927014011070909e-06
6,129260,0.00010543518637859962,9.9270026565736e-06
6,129270,6.685681091767037e-05,9.926991301199641e-06
6,129280,6.955356557227787e-05,9.926979944949035e-06
6,129290,5.704752829842619e-05,9.92696858782178e-06
6,129300,8.229803725043894e-05,9.926957229817878e-06
6,129310,6.467657433404384e-05,9.926945870937335e-06
6,129320,5.6947112557281796e-05,9.926934511180146e-06
6,129330,6.857003090772195e-05,9.926923150546323e-06
6,129340,7.415151958412025e-05,9.926911789035863e-06
6,129350,7.830812287465961e-05,9.926900426648766e-06
6,129360,7.168247468598566e-05,9.926889063385035e-06
6,129370,6.361906348502089e-05,9.926877699244673e-06
6,129380,9.897036125039448e-05,9.926866334227681e-06
6,129390,8.461358215754443e-05,9.926854968334063e-06
6,129400,8.680624644057389e-05,9.926843601563821e-06
6,129410,6.224629737516807e-05,9.926832233916955e-06
6,129420,9.085919564313371e-05,9.92682086539347e-06
6,129430,7.141318019421306e-05,9.926809495993364e-06
6,129440,8.532437623216537e-05,9.926798125716641e-06
6,129450,7.572934334802993e-05,9.926786754563305e-06
6,129460,5.888913387934736e-05,9.926775382533353e-06
6,129470,7.62943719564646e-05,9.92676400962679e-06
6,129480,7.887450065027223e-05,9.926752635843618e-06
6,129490,7.584102052078378e-05,9.926741261183839e-06
6,129500,8.121915311676275e-05,9.926729885647455e-06
6,129510,9.746507307681896e-05,9.926718509234468e-06
6,129520,7.597992926093866e-05,9.926707131944882e-06
6,129530,6.205060940374096e-05,9.926695753778695e-06
6,129540,7.803955168128596e-05,9.926684374735915e-06
6,129550,8.306363515657721e-05,9.926672994816538e-06
6,129560,6.874033288113423e-05,9.926661614020568e-06
6,129570,9.731374807415704e-05,9.926650232348004e-06
6,129580,7.862848351578577e-05,9.926638849798853e-06
6,129590,8.325466251335456e-05,9.926627466373117e-06
6,129600,8.923198179218162e-05,9.926616082070794e-06
6,129610,9.599683121450653e-05,9.926604696891892e-06
6,129620,6.285258859861642e-05,9.92659331083641e-06
6,129630,6.801298318350745e-05,9.92658192390435e-06
6,129640,8.180638778867432e-05,9.926570536095708e-06
6,129650,6.45955168238288e-05,9.926559147410496e-06
6,129660,8.703555804459028e-05,9.926547757848708e-06
6,129670,7.568313851606945e-05,9.92653636741035e-06
6,129680,6.74052175554607e-05,9.926524976095425e-06
6,129690,8.480355036226682e-05,9.926513583903932e-06
6,129700,8.627711631561396e-05,9.926502190835874e-06
6,129710,9.14227943667356e-05,9.926490796891251e-06
6,129720,0.00010074908695969497,9.926479402070074e-06
6,129730,8.784669853412197e-05,9.926468006372332e-06
6,129740,7.29994992070715e-05,9.926456609798038e-06
6,129750,6.671164046565537e-05,9.92644521234719e-06
6,129760,8.501491467995947e-05,9.926433814019788e-06
6,129770,8.424847674177726e-05,9.926422414815836e-06
6,129780,7.838233464099175e-05,9.926411014735338e-06
6,129790,7.411732631226187e-05,9.92639961377829e-06
6,129800,8.688440020705457e-05,9.926388211944702e-06
6,129810,9.644993501751742e-05,9.926376809234571e-06
6,129820,7.319166111301456e-05,9.926365405647896e-06
6,129830,9.251283090634388e-05,9.926354001184687e-06
6,129840,9.591936791366606e-05,9.926342595844939e-06
6,129850,7.069868670441792e-05,9.926331189628659e-06
6,129860,8.538472145573907e-05,9.92631978253585e-06
6,129870,7.992871701389959e-05,9.926308374566506e-06
6,129880,7.139385388654773e-05,9.926296965720636e-06
6,129890,6.341716634779004e-05,9.926285555998238e-06
6,129900,7.406923996313707e-05,9.926274145399317e-06
6,129910,8.913574095004151e-05,9.926262733923874e-06
6,129920,7.57949634362376e-05,9.926251321571912e-06
6,129930,8.798380667940364e-05,9.926239908343433e-06
6,129940,8.794531383955473e-05,9.926228494238439e-06
6,129950,7.777351163440471e-05,9.926217079256929e-06
6,129960,7.495174882024002e-05,9.926205663398908e-06
6,129970,7.133236936169851e-05,9.926194246664377e-06
6,129980,7.109091372967669e-05,9.92618282905334e-06
6,129990,8.101080429696594e-05,9.926171410565796e-06
6,130000,9.236629825863929e-05,9.926159991201749e-06
6,130010,7.548259518443957e-05,9.926148570961199e-06
6,130020,8.979604731393919e-05,9.926137149844148e-06
6,130030,6.553630928465281e-05,9.926125727850599e-06
6,130040,5.633564815070713e-05,9.926114304980558e-06
6,130050,9.95850335129944e-05,9.926102881234025e-06
6,130060,9.661014883022288e-05,9.926091456611001e-06
6,130070,7.479575237994141e-05,9.926080031111488e-06
6,130080,0.00010195048434979981,9.926068604735484e-06
6,130090,5.307961232574599e-05,9.926057177482997e-06
6,130100,8.178809744094906e-05,9.926045749354024e-06
6,130110,6.013221372995759e-05,9.926034320348573e-06
6,130120,6.49469239760947e-05,9.92602289046664e-06
6,130130,9.481766478529606e-05,9.92601145970823e-06
6,130140,9.377540191053414e-05,9.926000028073343e-06
6,130150,8.170570085894724e-05,9.925988595561986e-06
6,130160,8.588042294377374e-05,9.925977162174158e-06
6,130170,8.894368106666662e-05,9.925965727909861e-06
6,130180,8.844446278999384e-05,9.925954292769097e-06
6,130190,7.051791299090837e-05,9.925942856751867e-06
6,130200,7.302796930162004e-05,9.925931419858178e-06
6,130210,6.818594827109336e-05,9.925919982088027e-06
6,130220,6.282630561145197e-05,9.925908543441417e-06
6,130230,7.288007841452782e-05,9.92589710391835e-06
6,130240,5.763194108112657e-05,9.92588566351883e-06
6,130250,7.370333146354824e-05,9.925874222242855e-06
6,130260,0.0001632048103147099,9.925862780090428e-06
6,130270,7.779034053783107e-05,9.925851337061549e-06
6,130280,6.173389701871202e-05,9.925839893156232e-06
6,130290,7.866439627832734e-05,9.925828448374465e-06
6,130300,5.896840270906978e-05,9.925817002716256e-06
6,130310,6.739448785992863e-05,9.925805556181606e-06
6,130320,6.165162458273698e-05,9.925794108770519e-06
6,130330,7.808068744452612e-05,9.925782660482995e-06
6,130340,5.943843571003527e-05,9.925771211319038e-06
6,130350,7.851792699966608e-05,9.925759761278648e-06
6,130360,8.173322551101592e-05,9.925748310361827e-06
6,130370,6.097630473504978e-05,9.925736858568578e-06
6,130380,7.547292614162869e-05,9.9257254058989e-06
6,130390,7.50446713027486e-05,9.9257139523528e-06
6,130400,7.279068574916892e-05,9.925702497930277e-06
6,130410,8.386930151118576e-05,9.925691042631333e-06
6,130420,7.972568564582617e-05,9.925679586455975e-06
6,130430,7.85560595431889e-05,9.925668129404196e-06
6,130440,7.077318609844951e-05,9.925656671476008e-06
6,130450,0.00010965907340505511,9.925645212671406e-06
6,130460,7.565592559330981e-05,9.925633752990392e-06
6,130470,6.225993035968713e-05,9.92562229243297e-06
6,130480,9.249397314761154e-05,9.925610830999143e-06
6,130490,7.70133869991696e-05,9.925599368688914e-06
6,130500,7.117017498785572e-05,9.925587905502281e-06
6,130510,6.425524047699582e-05,9.92557644143925e-06
6,130520,9.463923302064359e-05,9.925564976499821e-06
6,130530,6.844322667802772e-05,9.925553510683997e-06
6,130540,8.149334139488927e-05,9.925542043991781e-06
6,130550,7.36922682790464e-05,9.925530576423172e-06
6,130560,7.221184418995107e-05,9.925519107978171e-06
6,130570,8.146939126163488e-05,9.925507638656783e-06
6,130580,7.546930100943428e-05,9.925496168459013e-06
6,130590,6.753178954568284e-05,9.925484697384854e-06
6,130600,7.347566274802375e-05,9.925473225434317e-06
6,130610,8.670518750477641e-05,9.925461752607398e-06
6,130620,7.225235776786576e-05,9.925450278904107e-06
6,130630,7.931588020255732e-05,9.925438804324439e-06
6,130640,8.137532654473034e-05,9.925427328868401e-06
6,130650,7.808110344740272e-05,9.925415852535989e-06
6,130660,8.282202766167757e-05,9.92540437532721e-06
6,130670,8.258078819380899e-05,9.925392897242063e-06
6,130680,8.190449475478091e-05,9.92538141828055e-06
6,130690,6.302446372501435e-05,9.925369938442673e-06
6,130700,7.048114791814441e-05,9.925358457728436e-06
6,130710,6.905492082296406e-05,9.92534697613784e-06
6,130720,7.009946616562957e-05,9.925335493670889e-06
6,130730,7.864819776841616e-05,9.925324010327577e-06
6,130740,6.900813145875873e-05,9.925312526107912e-06
6,130750,8.205572457882226e-05,9.925301041011896e-06
6,130760,0.00012477204099923256,9.925289555039533e-06
6,130770,6.2450911536871e-05,9.925278068190829e-06
6,130780,7.928079257908395e-05,9.925266580465778e-06
6,130790,8.450305022051907e-05,9.925255091864386e-06
6,130800,6.887481240482884e-05,9.925243602386653e-06
6,130810,0.00010731643556027848,9.92523211203258e-06
6,130820,8.07341147265106e-05,9.925220620802169e-06
6,130830,5.476061082845262e-05,9.925209128695427e-06
6,130840,9.599790580523404e-05,9.925197635712352e-06
6,130850,6.940280381968479e-05,9.925186141852944e-06
6,130860,9.474601974943653e-05,9.925174647117207e-06
6,130870,7.586184090087044e-05,9.925163151505146e-06
6,130880,7.251906740748381e-05,9.925151655016758e-06
6,130890,5.316860285802249e-05,9.925140157652051e-06
6,130900,8.055958696786547e-05,9.925128659411024e-06
6,130910,7.525792882461245e-05,9.92511716029368e-06
6,130920,4.9615142688708144e-05,9.925105660300017e-06
6,130930,6.0563519673451084e-05,9.925094159430043e-06
6,130940,7.416117009597655e-05,9.925082657683758e-06
6,130950,8.286463371405263e-05,9.925071155061161e-06
6,130960,7.486199592676712e-05,9.925059651562255e-06
6,130970,0.00010731940715231758,9.925048147187045e-06
6,130980,7.133993467505207e-05,9.925036641935533e-06
6,130990,8.597431581165438e-05,9.925025135807717e-06
6,131000,7.768125497022992e-05,9.925013628803604e-06
6,131010,6.580316571671573e-05,9.925002120923192e-06
6,131020,8.960876857599942e-05,9.92499061216648e-06
6,131030,6.637119172410166e-05,9.924979102533475e-06
6,131040,6.45283270841901e-05,9.924967592024182e-06
6,131050,7.311760148240865e-05,9.9249560806386e-06
6,131060,7.68108823649527e-05,9.924944568376732e-06
6,131070,6.55927348361729e-05,9.924933055238577e-06
6,131080,7.425250241794857e-05,9.924921541224139e-06
6,131090,8.733101844882185e-05,9.924910026333422e-06
6,131100,7.58643101562484e-05,9.924898510566422e-06
6,131110,8.634368396087666e-05,9.924886993923143e-06
6,131120,6.471232750300261e-05,9.924875476403593e-06
6,131130,6.414471883999796e-05,9.92486395800777e-06
6,131140,9.83011926564359e-05,9.924852438735676e-06
6,131150,9.566032083512254e-05,9.924840918587314e-06
6,131160,7.487348377708259e-05,9.924829397562682e-06
6,131170,6.067563449505541e-05,9.924817875661789e-06
6,131180,6.792607450734067e-05,9.924806352884632e-06
6,131190,7.560266044492892e-05,9.924794829231215e-06
6,131200,5.796330042358022e-05,9.924783304701538e-06
6,131210,7.64614854233514e-05,9.924771779295603e-06
6,131220,7.145510635382379e-05,9.924760253013413e-06
6,131230,9.398689710451435e-05,9.92474872585497e-06
6,131240,0.00012741454506794982,9.924737197820279e-06
6,131250,5.3142718411436365e-05,9.924725668909339e-06
6,131260,0.00011115752258774591,9.92471413912215e-06
6,131270,6.875851290715218e-05,9.92470260845872e-06
6,131280,0.00010455055694365,9.924691076919052e-06
6,131290,8.852828173075978e-05,9.924679544503139e-06
6,131300,8.327167060997453e-05,9.924668011210988e-06
6,131310,8.434092756033351e-05,9.9246564770426e-06
6,131320,7.99212828042073e-05,9.924644941997979e-06
6,131330,8.119565077322476e-05,9.92463340607713e-06
6,131340,8.640127239232242e-05,9.924621869280046e-06
6,131350,8.678105036779016e-05,9.924610331606737e-06
6,131360,6.073731892684008e-05,9.9245987930572e-06
6,131370,0.0001071402327852411,9.924587253631439e-06
6,131380,7.713227741987794e-05,9.924575713329457e-06
6,131390,9.180252686746826e-05,9.924564172151254e-06
6,131400,8.424906682193977e-05,9.924552630096837e-06
6,131410,6.837464579803055e-05,9.924541087166202e-06
6,131420,0.00011861584580401541,9.924529543359356e-06
6,131430,7.796735712872761e-05,9.924517998676296e-06
6,131440,8.880096165739815e-05,9.924506453117027e-06
6,131450,9.6157157122434e-05,9.924494906681556e-06
6,131460,7.787465006003913e-05,9.924483359369875e-06
6,131470,9.662831855621333e-05,9.924471811181992e-06
6,131480,8.466359840895165e-05,9.924460262117907e-06
6,131490,5.815767888179835e-05,9.92444871217762e-06
6,131500,0.00010247268915009046,9.924437161361136e-06
6,131510,7.702103671363148e-05,9.92442560966846e-06
6,131520,6.811024154558255e-05,9.924414057099591e-06
6,131530,7.368733840849018e-05,9.924402503654535e-06
6,131540,7.172698897193187e-05,9.924390949333284e-06
6,131550,7.572221857117256e-05,9.924379394135852e-06
6,131560,7.350297448738274e-05,9.92436783806223e-06
6,131570,7.047023800623719e-05,9.924356281112426e-06
6,131580,7.607250595356163e-05,9.924344723286439e-06
6,131590,6.997895366112061e-05,9.924333164584278e-06
6,131600,7.441333245878922e-05,9.924321605005939e-06
6,131610,7.128264751372626e-05,9.924310044551426e-06
6,131620,7.209589134617999e-05,9.924298483220742e-06
6,131630,7.040300297376235e-05,9.924286921013887e-06
6,131640,7.135054140690044e-05,9.924275357930857e-06
6,131650,0.00010190039158715082,9.924263793971666e-06
6,131660,0.00010526488658797463,9.924252229136312e-06
6,131670,5.984175286357641e-05,9.924240663424792e-06
6,131680,9.561941642459714e-05,9.924229096837114e-06
6,131690,8.718773001419322e-05,9.924217529373283e-06
6,131700,7.339995822803757e-05,9.924205961033295e-06
6,131710,6.242856834433043e-05,9.924194391817149e-06
6,131720,9.733684266848288e-05,9.924182821724853e-06
6,131730,7.348970225393714e-05,9.924171250756408e-06
6,131740,9.254209830942273e-05,9.924159678911815e-06
6,131750,6.751826585968956e-05,9.924148106191076e-06
6,131760,6.166107041281066e-05,9.924136532594189e-06
6,131770,7.021042681571998e-05,9.924124958121164e-06
6,131780,8.719620459487488e-05,9.924113382772001e-06
6,131790,8.265847075108469e-05,9.924101806546702e-06
6,131800,8.749411085773318e-05,9.924090229445267e-06
6,131810,7.433527289322229e-05,9.924078651467699e-06
6,131820,7.803692265042627e-05,9.924067072613993e-06
6,131830,9.191334902425297e-05,9.92405549288416e-06
6,131840,8.220308591262436e-05,9.9240439122782e-06
6,131850,0.0001173598301193124,9.924032330796122e-06
6,131860,8.115329051179289e-05,9.92402074843792e-06
6,131870,8.126289708343394e-05,9.924009165203595e-06
6,131880,6.27811781669152e-05,9.92399758109315e-06
6,131890,0.00010403990318081925,9.923985996106591e-06
6,131900,5.5948327508303924e-05,9.923974410243917e-06
6,131910,8.543083786207718e-05,9.92396282350513e-06
6,131920,6.816514405727503e-05,9.92395123589023e-06
6,131930,7.789667438373726e-05,9.92393964739922e-06
6,131940,7.058653927742853e-05,9.92392805803211e-06
6,131950,5.38443389814347e-05,9.923916467788887e-06
6,131960,0.00010188730811933056,9.923904876669564e-06
6,131970,8.234318775066641e-05,9.923893284674142e-06
6,131980,9.103220168071857e-05,9.923881691802623e-06
6,131990,7.00885413607466e-05,9.923870098055009e-06
6,132000,8.863217622092633e-05,9.923858503431298e-06
6,132010,6.169593580125365e-05,9.923846907931495e-06
6,132020,6.624683501286199e-05,9.923835311555602e-06
6,132030,6.0710410707542906e-05,9.923823714303622e-06
6,132040,7.687895160870539e-05,9.923812116175557e-06
6,132050,7.090705450991664e-05,9.923800517171409e-06
6,132060,6.209033153936616e-05,9.923788917291178e-06
6,132070,7.439113317104784e-05,9.923777316534866e-06
6,132080,7.542621983702702e-05,9.923765714902481e-06
6,132090,7.792729147695354e-05,9.923754112394017e-06
6,132100,7.046951229767728e-05,9.92374250900948e-06
6,132110,6.418112927804031e-05,9.923730904748874e-06
6,132120,0.00010547295119067711,9.923719299612197e-06
6,132130,7.577627447972191e-05,9.923707693599453e-06
6,132140,7.54260898247594e-05,9.923696086710641e-06
6,132150,7.1763095525057e-05,9.923684478945768e-06
6,132160,7.342752955992183e-05,9.923672870304835e-06
6,132170,9.280718813897693e-05,9.923661260787844e-06
6,132180,8.694057364664332e-05,9.923649650394794e-06
6,132190,8.33283543897778e-05,9.923638039125685e-06
6,132200,7.007405629337882e-05,9.923626426980525e-06
6,132210,5.431402205431368e-05,9.923614813959319e-06
6,132220,9.630771146476035e-05,9.923603200062061e-06
6,132230,9.226276554272773e-05,9.923591585288757e-06
6,132240,5.828829825986759e-05,9.923579969639408e-06
6,132250,7.442539067596954e-05,9.923568353114019e-06
6,132260,6.437971833292976e-05,9.923556735712588e-06
6,132270,5.934110504313139e-05,9.923545117435122e-06
6,132280,8.370044392904675e-05,9.923533498281617e-06
6,132290,7.507632678880326e-05,9.923521878252076e-06
6,132300,6.481085238192463e-05,9.923510257346502e-06
6,132310,9.122983860834211e-05,9.923498635564901e-06
6,132320,8.802612810541178e-05,9.923487012907271e-06
6,132330,8.268152309938159e-05,9.923475389373615e-06
6,132340,6.859733148303348e-05,9.923463764963936e-06
6,132350,6.361508878853784e-05,9.923452139678233e-06
6,132360,6.244876308301173e-05,9.923440513516513e-06
6,132370,7.297404310975253e-05,9.923428886478772e-06
6,132380,6.053434017303517e-05,9.923417258565019e-06
6,132390,8.80600886830507e-05,9.92340562977525e-06
6,132400,9.473439013163443e-05,9.92339400010947e-06
6,132410,6.623141498494079e-05,9.923382369567681e-06
6,132420,0.00010053577352664433,9.923370738149884e-06
6,132430,7.23425989235693e-05,9.923359105856083e-06
6,132440,9.125722294811567e-05,9.923347472686276e-06
6,132450,7.723045664533857e-05,9.923335838640471e-06
6,132460,7.249575762671156e-05,9.923324203718669e-06
6,132470,8.545250002498506e-05,9.923312567920866e-06
6,132480,8.165875838130887e-05,9.92330093124707e-06
6,132490,7.831741363588661e-05,9.92328929369728e-06
6,132500,6.018504141138693e-05,9.923277655271502e-06
6,132510,0.00012246536311977252,9.923266015969733e-06
6,132520,5.913267855248705e-05,9.923254375791976e-06
6,132530,8.750466517994938e-05,9.923242734738234e-06
6,132540,6.870860543131129e-05,9.923231092808504e-06
6,132550,5.885342739020416e-05,9.9232194500028e-06
6,132560,6.830118418292841e-05,9.92320780632112e-06
6,132570,6.167355275010777e-05,9.923196161763461e-06
6,132580,5.2548308985933545e-05,9.923184516329829e-06
6,132590,6.232319956325227e-05,9.923172870020226e-06
6,132600,7.658411650481866e-05,9.923161222834651e-06
6,132610,9.324676543656096e-05,9.923149574773111e-06
6,132620,9.54183655721863e-05,9.923137925835603e-06
6,132630,8.195151954168978e-05,9.923126276022133e-06
6,132640,7.213208677967487e-05,9.9231146253327e-06
6,132650,8.933782009989955e-05,9.923102973767306e-06
6,132660,7.708875882599387e-05,9.923091321325959e-06
6,132670,7.795366555001238e-05,9.923079668008652e-06
6,132680,0.00010132706793228863,9.923068013815393e-06
6,132690,7.84536422088422e-05,9.923056358746183e-06
6,132700,7.377591168733488e-05,9.923044702801024e-06
6,132710,7.826803634998214e-05,9.923033045979913e-06
6,132720,7.271536312600802e-05,9.923021388282858e-06
6,132730,5.9570295229605113e-05,9.923009729709862e-06
6,132740,6.686702231490926e-05,9.92299807026093e-06
6,132750,6.421200218937885e-05,9.922986409936055e-06
6,132760,7.184668643276382e-05,9.922974748735243e-06
6,132770,6.726416124820389e-05,9.922963086658496e-06
6,132780,7.593230311613297e-05,9.922951423705817e-06
6,132790,9.92690360362758e-05,9.922939759877205e-06
6,132800,8.127469595820003e-05,9.922928095172665e-06
6,132810,6.745402506567188e-05,9.9229164295922e-06
6,132820,6.714501682836271e-05,9.92290476313581e-06
6,132830,8.359052476407669e-05,9.9228930958035e-06
6,132840,8.239143726314069e-05,9.922881427595265e-06
6,132850,8.42118271293657e-05,9.922869758511116e-06
6,132860,9.2470350568874e-05,9.922858088551048e-06
6,132870,7.226217139759683e-05,9.922846417715067e-06
6,132880,8.625939449302678e-05,9.922834746003173e-06
6,132890,6.847240924798826e-05,9.922823073415365e-06
6,132900,7.048744164421805e-05,9.922811399951656e-06
6,132910,9.331012233815272e-05,9.92279972561204e-06
6,132920,8.535160918654584e-05,9.922788050396519e-06
6,132930,7.462440280505688e-05,9.922776374305098e-06
6,132940,5.9762242426586457e-05,9.922764697337776e-06
6,132950,5.953823481377185e-05,9.922753019494554e-06
6,132960,7.184551020600338e-05,9.92274134077544e-06
6,132970,8.127353416966798e-05,9.922729661180436e-06
6,132980,8.050844594436056e-05,9.92271798070954e-06
6,132990,9.276389835122245e-05,9.922706299362752e-06
6,133000,6.0414888912418975e-05,9.922694617140077e-06
6,133010,6.021727372171882e-05,9.92268293404152e-06
6,133020,7.366547158653703e-05,9.92267125006708e-06
6,133030,7.900809082457272e-05,9.922659565216761e-06
6,133040,6.423356051072915e-05,9.922647879490561e-06
6,133050,7.62324290462857e-05,9.92263619288848e-06
6,133060,8.671347400195373e-05,9.922624505410529e-06
6,133070,8.436499124400143e-05,9.922612817056705e-06
6,133080,7.193552012267901e-05,9.922601127827009e-06
6,133090,7.572423257897754e-05,9.922589437721442e-06
6,133100,7.830075012407178e-05,9.922577746740012e-06
6,133110,6.310415080861276e-05,9.92256605488272e-06
6,133120,8.291096173707047e-05,9.922554362149563e-06
6,133130,7.452367799487547e-05,9.922542668540546e-06
6,133140,8.357644983334466e-05,9.922530974055674e-06
6,133150,7.46658998878047e-05,9.922519278694943e-06
6,133160,8.774533475843782e-05,9.922507582458358e-06
6,133170,7.066773912356439e-05,9.922495885345925e-06
6,133180,8.484880850119226e-05,9.922484187357638e-06
6,133190,6.75368013617117e-05,9.92247248849351e-06
6,133200,6.212722964846762e-05,9.92246078875353e-06
6,133210,8.810344784251357e-05,9.92244908813771e-06
6,133220,7.579572404665668e-05,9.922437386646047e-06
6,133230,5.5723587365719134e-05,9.922425684278546e-06
6,133240,5.750576942773478e-05,9.922413981035205e-06
6,133250,7.853120355321152e-05,9.922402276916028e-06
6,133260,8.753973743296229e-05,9.92239057192102e-06
6,133270,6.55725333672308e-05,9.922378866050185e-06
6,133280,7.701928809638048e-05,9.92236715930352e-06
6,133290,8.460539786483423e-05,9.922355451681028e-06
6,133300,5.6186120127676985e-05,9.922343743182712e-06
6,133310,0.00010261307852488244,9.92233203380857e-06
6,133320,0.00012080308702024922,9.922320323558611e-06
6,133330,8.994208428703132e-05,9.922308612432834e-06
6,133340,7.549784945695137e-05,9.922296900431241e-06
6,133350,8.373510606816126e-05,9.922285187553832e-06
6,133360,7.142518720684166e-05,9.922273473800611e-06
6,133370,0.00010087132918670249,9.922261759171578e-06
6,133380,7.207346347968268e-05,9.92225004366674e-06
6,133390,7.438454767907387e-05,9.922238327286096e-06
6,133400,0.00011230518857701098,9.922226610029648e-06
6,133410,9.58478379288863e-05,9.922214891897397e-06
6,133420,7.358295520134562e-05,9.922203172889346e-06
6,133430,9.227578634636302e-05,9.9221914530055e-06
6,133440,8.287679793284042e-05,9.922179732245858e-06
6,133450,7.193459282461845e-05,9.922168010610421e-06
6,133460,8.557294177080621e-05,9.922156288099195e-06
6,133470,7.010121214534593e-05,9.92214456471218e-06
6,133480,6.10529950563432e-05,9.922132840449379e-06
6,133490,8.667852662256337e-05,9.922121115310788e-06
6,133500,6.1970996830496e-05,9.922109389296414e-06
6,133510,6.290019041443884e-05,9.922097662406263e-06
6,133520,9.160055055872363e-05,9.922085934640333e-06
6,133530,7.510852094583242e-05,9.922074205998626e-06
6,133540,6.3329865815831e-05,9.922062476481143e-06
6,133550,5.7909313341042434e-05,9.922050746087888e-06
6,133560,7.715239703429689e-05,9.922039014818864e-06
6,133570,7.25040397128396e-05,9.922027282674071e-06
6,133580,6.738438014508574e-05,9.922015549653513e-06
6,133590,8.493811708376597e-05,9.92200381575719e-06
6,133600,6.058279986973503e-05,9.921992080985102e-06
6,133610,9.185297572003038e-05,9.921980345337257e-06
6,133620,6.319425233414222e-05,9.921968608813655e-06
6,133630,0.00017408900775990334,9.9219568714143e-06
6,133640,8.912917317047685e-05,9.921945133139189e-06
6,133650,7.027432634458818e-05,9.921933393988323e-06
6,133660,7.208587885543238e-05,9.92192165396171e-06
6,133670,9.095753964629693e-05,9.92190991305935e-06
6,133680,7.481965162696725e-05,9.921898171281246e-06
6,133690,6.209026078067835e-05,9.921886428627397e-06
6,133700,7.915884539215768e-05,9.921874685097808e-06
6,133710,8.438304462288215e-05,9.921862940692482e-06
6,133720,8.222606395520415e-05,9.921851195411417e-06
6,133730,8.476841803712885e-05,9.921839449254617e-06
6,133740,0.00012730218745673482,9.921827702222083e-06
6,133750,8.124843689074623e-05,9.921815954313819e-06
6,133760,8.433821783455641e-05,9.921804205529824e-06
6,133770,6.845507946309226e-05,9.921792455870105e-06
6,133780,6.615503625653218e-05,9.92178070533466e-06
6,133790,6.722255593558658e-05,9.92176895392349e-06
6,133800,7.556106158972397e-05,9.921757201636604e-06
6,133810,7.496560288018372e-05,9.921745448474001e-06
6,133820,7.909523606031144e-05,9.92173369443568e-06
6,133830,8.226617444506701e-05,9.921721939521646e-06
6,133840,0.00012342156919658008,9.921710183731901e-06
6,133850,6.990118617977714e-05,9.921698427066444e-06
6,133860,7.259112255724176e-05,9.921686669525282e-06
6,133870,6.270232304359523e-05,9.92167491110841e-06
6,133880,7.043943028293143e-05,9.921663151815837e-06
6,133890,7.986370255821384e-05,9.921651391647562e-06
6,133900,6.531646004077629e-05,9.92163963060359e-06
6,133910,8.180924974112713e-05,9.92162786868392e-06
6,133920,6.975189044169383e-05,9.921616105888551e-06
6,133930,6.128409040684346e-05,9.92160434221749e-06
6,133940,7.282546298483794e-05,9.921592577670742e-06
6,133950,5.5525328616568e-05,9.921580812248305e-06
6,133960,8.596530733484542e-05,9.92156904595018e-06
6,133970,6.483906686298724e-05,9.921557278776369e-06
6,133980,7.805214627296664e-05,9.921545510726875e-06
6,133990,5.992489243453747e-05,9.921533741801702e-06
6,134000,6.429315756122378e-05,9.921521972000852e-06
6,134010,8.392179051952553e-05,9.921510201324321e-06
6,134020,6.715417111990973e-05,9.921498429772118e-06
6,134030,9.428017906429888e-05,9.921486657344243e-06
6,134040,8.135100783874804e-05,9.9214748840407e-06
6,134050,9.110629107453861e-05,9.921463109861488e-06
6,134060,6.503093045466811e-05,9.921451334806609e-06
6,134070,9.480922637976619e-05,9.921439558876065e-06
6,134080,8.037131583478185e-05,9.921427782069862e-06
6,134090,5.791890021100699e-05,9.921416004388002e-06
6,134100,0.00011880849019689777,9.921404225830482e-06
6,134110,8.602163161413046e-05,9.921392446397305e-06
6,134120,6.897997589021543e-05,9.921380666088478e-06
6,134130,8.285171736588381e-05,9.921368884903997e-06
6,134140,4.950730246946477e-05,9.92135710284387e-06
6,134150,5.977951313980156e-05,9.921345319908092e-06
6,134160,6.443131208015984e-05,9.921333536096671e-06
6,134170,7.188242302618164e-05,9.921321751409606e-06
6,134180,6.117185789662471e-05,9.921309965846901e-06
6,134190,6.489225070254179e-05,9.92129817940856e-06
6,134200,6.803563514949929e-05,9.921286392094583e-06
6,134210,7.410659873130498e-05,9.921274603904972e-06
6,134220,7.916065551398787e-05,9.921262814839726e-06
6,134230,7.762104842186092e-05,9.921251024898852e-06
6,134240,6.251761467410689e-05,9.921239234082348e-06
6,134250,5.924664444592053e-05,9.921227442390216e-06
6,134260,7.210238002244297e-05,9.921215649822463e-06
6,134270,8.387955826947291e-05,9.92120385637909e-06
6,134280,0.00010813591109126719,9.921192062060094e-06
6,134290,8.146191212290432e-05,9.92118026686548e-06
6,134300,9.814175787141722e-05,9.921168470795252e-06
6,134310,7.577472792945628e-05,9.921156673849411e-06
6,134320,0.00010065002361443477,9.921144876027958e-06
6,134330,8.546967933398265e-05,9.921133077330895e-06
6,134340,7.127169292289181e-05,9.921121277758226e-06
6,134350,8.196243934435187e-05,9.921109477309949e-06
6,134360,8.884880835466902e-05,9.921097675986072e-06
6,134370,7.128982510948845e-05,9.921085873786594e-06
6,134380,5.842708972068067e-05,9.921074070711516e-06
6,134390,6.266947043513936e-05,9.921062266760843e-06
6,134400,0.00010281588220095728,9.921050461934573e-06
6,134410,8.868310162597481e-05,9.921038656232712e-06
6,134420,6.859314373741654e-05,9.921026849655263e-06
6,134430,6.672721167433338e-05,9.921015042202222e-06
6,134440,7.221161008601483e-05,9.921003233873595e-06
6,134450,5.751001503995212e-05,9.920991424669384e-06
6,134460,6.99910113326041e-05,9.920979614589596e-06
6,134470,8.192328150471439e-05,9.920967803634225e-06
6,134480,0.00011195116126145875,9.920955991803276e-06
6,134490,9.265571634387015e-05,9.920944179096754e-06
6,134500,6.763125675206539e-05,9.920932365514655e-06
6,134510,7.455368427145004e-05,9.920920551056989e-06
6,134520,8.003012335393578e-05,9.920908735723752e-06
6,134530,7.141554974623431e-05,9.920896919514947e-06
6,134540,7.088140505402407e-05,9.92088510243058e-06
6,134550,8.271818328466906e-05,9.920873284470646e-06
6,134560,8.518222980455903e-05,9.920861465635153e-06
6,134570,8.732649348530686e-05,9.9208496459241e-06
6,134580,6.78808072279935e-05,9.920837825337494e-06
6,134590,0.00010413746649646782,9.920826003875333e-06
6,134600,8.327880627803098e-05,9.920814181537614e-06
6,134610,6.252612088246679e-05,9.920802358324348e-06
6,134620,7.983255004546663e-05,9.920790534235532e-06
6,134630,5.446407376439311e-05,9.920778709271165e-06
6,134640,9.428255170860212e-05,9.920766883431264e-06
6,134650,6.89826643338165e-05,9.920755056715819e-06
6,134660,8.215631705752458e-05,9.920743229124834e-06
6,134670,6.38576482742792e-05,9.920731400658308e-06
6,134680,9.279039491048024e-05,9.920719571316249e-06
6,134690,7.243331947393017e-05,9.920707741098655e-06
6,134700,6.18099575603992e-05,9.920695910005533e-06
6,134710,9.691970599305933e-05,9.92068407803688e-06
6,134720,6.81997073115781e-05,9.920672245192699e-06
6,134730,8.2338102902213e-05,9.92066041147299e-06
6,134740,5.403193786150951e-05,9.92064857687776e-06
6,134750,8.7004748866093e-05,9.920636741407012e-06
6,134760,6.524871037072444e-05,9.920624905060742e-06
6,134770,7.967677158831066e-05,9.920613067838955e-06
6,134780,6.583661015611142e-05,9.920601229741653e-06
6,134790,8.152527241236386e-05,9.92058939076884e-06
6,134800,6.26161883246823e-05,9.920577550920515e-06
6,134810,8.75721309967048e-05,9.920565710196681e-06
6,134820,7.523738333929942e-05,9.920553868597343e-06
6,134830,7.19887369996286e-05,9.9205420261225e-06
6,134840,7.600643582463817e-05,9.920530182772156e-06
6,134850,7.481431525775404e-05,9.920518338546313e-06
6,134860,8.231691381297424e-05,9.92050649344497e-06
6,134870,7.682266423216788e-05,9.920494647468134e-06
6,134880,8.042103900152142e-05,9.920482800615804e-06
6,134890,8.755687508710253e-05,9.92047095288798e-06
6,134900,6.164924011500261e-05,9.92045910428467e-06
6,134910,7.75649554498159e-05,9.920447254805868e-06
6,134920,6.033331669641484e-05,9.920435404451585e-06
6,134930,8.136254573400948e-05,9.920423553221818e-06
6,134940,9.163312824966852e-05,9.92041170111657e-06
6,134950,9.748275610945711e-05,9.920399848135843e-06
6,134960,7.222960884973872e-05,9.92038799427964e-06
6,134970,7.978290423125146e-05,9.920376139547963e-06
6,134980,5.623605040909751e-05,9.92036428394081e-06
6,134990,7.569183310351946e-05,9.920352427458192e-06
6,135000,7.301568139155278e-05,9.920340570100106e-06
6,135010,9.323558533651523e-05,9.920328711866556e-06
6,135020,0.0001054631579791021,9.920316852757532e-06
6,135030,0.00010206573551840847,9.920304992773053e-06
6,135040,8.624255224276567e-05,9.920293131913113e-06
6,135050,8.442512962574255e-05,9.920281270177717e-06
6,135060,8.415942847932456e-05,9.920269407566861e-06
6,135070,9.14572012334247e-05,9.920257544080556e-06
6,135080,7.562958458038337e-05,9.920245679718797e-06
6,135090,8.647005165585143e-05,9.920233814481594e-06
6,135100,6.455998759520298e-05,9.920221948368941e-06
6,135110,7.235729594867735e-05,9.920210081380843e-06
6,135120,6.419690396342048e-05,9.9201982135173e-06
6,135130,7.858860985834326e-05,9.92018634477832e-06
6,135140,8.712861208550748e-05,9.920174475163899e-06
6,135150,7.702804832661058e-05,9.920162604674042e-06
6,135160,7.553562600151054e-05,9.920150733308754e-06
6,135170,7.261451826252597e-05,9.920138861068032e-06
6,135180,0.00011098574668721994,9.920126987951877e-06
6,135190,8.00338421413471e-05,9.920115113960295e-06
6,135200,7.758377328173082e-05,9.920103239093286e-06
6,135210,8.205248286685674e-05,9.920091363350855e-06
6,135220,8.738968510897393e-05,9.920079486733e-06
6,135230,8.68442242335732e-05,9.920067609239728e-06
6,135240,7.262746767082718e-05,9.920055730871037e-06
6,135250,7.18237841510927e-05,9.920043851626928e-06
6,135260,6.160840750908392e-05,9.920031971507408e-06
6,135270,6.083352368477791e-05,9.920020090512478e-06
6,135280,5.377590441639768e-05,9.92000820864214e-06
6,135290,0.00010090029497860086,9.919996325896395e-06
6,135300,5.280140999275318e-05,9.919984442275239e-06
6,135310,7.027473584457767e-05,9.919972557778687e-06
6,135320,5.4464272898258054e-05,9.919960672406733e-06
6,135330,7.911561583568982e-05,9.919948786159379e-06
6,135340,7.232781390484889e-05,9.919936899036625e-06
6,135350,7.913276340332233e-05,9.919925011038474e-06
6,135360,7.714831722296366e-05,9.919913122164935e-06
6,135370,5.735928893955133e-05,9.919901232416006e-06
6,135380,7.190376013568311e-05,9.91988934179169e-06
6,135390,6.287956957748975e-05,9.919877450291992e-06
6,135400,6.897432106143243e-05,9.919865557916908e-06
6,135410,7.736738921266807e-05,9.919853664666441e-06
6,135420,8.461787060696225e-05,9.919841770540595e-06
6,135430,8.59611288888118e-05,9.919829875539374e-06
6,135440,8.670192451063485e-05,9.91981797966278e-06
6,135450,7.699563411733834e-05,9.919806082910813e-06
6,135460,6.0624643128903696e-05,9.91979418528347e-06
6,135470,6.96967364547163e-05,9.919782286780757e-06
6,135480,5.9044491081294836e-05,9.919770387402677e-06
6,135490,7.100500481556082e-05,9.919758487149236e-06
6,135500,6.329667462523503e-05,9.91974658602043e-06
6,135510,8.69575736032857e-05,9.919734684016265e-06
6,135520,8.331328954227501e-05,9.919722781136738e-06
6,135530,7.329736467909242e-05,9.919710877381856e-06
6,135540,7.563219937765098e-05,9.919698972751624e-06
6,135550,8.174749552836147e-05,9.919687067246038e-06
6,135560,7.268764295531582e-05,9.919675160865102e-06
6,135570,7.145605204641469e-05,9.91966325360882e-06
6,135580,9.091754329801916e-05,9.91965134547719e-06
6,135590,5.775240956609196e-05,9.919639436470215e-06
6,135600,7.421761697514739e-05,9.919627526587903e-06
6,135610,8.560634923924227e-05,9.919615615830251e-06
6,135620,8.696003692421073e-05,9.919603704197262e-06
6,135630,7.657958767595118e-05,9.919591791688937e-06
6,135640,6.696788173030655e-05,9.91957987830528e-06
6,135650,7.064985088618415e-05,9.91956796404629e-06
6,135660,8.252474233358953e-05,9.919556048911972e-06
6,135670,9.550143347496486e-05,9.919544132902326e-06
6,135680,7.76442760070495e-05,9.91953221601736e-06
6,135690,7.781440613143786e-05,9.919520298257069e-06
6,135700,7.496793709833582e-05,9.919508379621457e-06
6,135710,9.767511919562821e-05,9.919496460110528e-06
6,135720,7.440134531861986e-05,9.91948453972428e-06
6,135730,8.68714120315417e-05,9.919472618462721e-06
6,135740,7.37373427455168e-05,9.919460696325853e-06
6,135750,6.267728217608238e-05,9.919448773313676e-06
6,135760,8.177364679795573e-05,9.919436849426192e-06
6,135770,8.394339649839822e-05,9.919424924663401e-06
6,135780,6.460811268880207e-05,9.919412999025308e-06
6,135790,6.977201719564619e-05,9.919401072511912e-06
6,135800,8.387029597543006e-05,9.919389145123216e-06
6,135810,0.00011497736313685891,9.919377216859222e-06
6,135820,7.754751361517264e-05,9.919365287719936e-06
6,135830,8.186834402295063e-05,9.919353357705358e-06
6,135840,8.167464316102268e-05,9.919341426815486e-06
6,135850,7.220493719160003e-05,9.919329495050328e-06
6,135860,8.207086088987125e-05,9.919317562409883e-06
6,135870,6.302788933680859e-05,9.919305628894154e-06
6,135880,6.194221282385115e-05,9.919293694503143e-06
6,135890,7.672177880522213e-05,9.919281759236854e-06
6,135900,8.660794146635452e-05,9.919269823095288e-06
6,135910,6.63353309391823e-05,9.919257886078441e-06
6,135920,6.510267392059176e-05,9.919245948186324e-06
6,135930,7.992201203705917e-05,9.919234009418936e-06
6,135940,6.84515828424992e-05,9.919222069776282e-06
6,135950,7.17089784302516e-05,9.919210129258358e-06
6,135960,7.080626419337932e-05,9.91919818786517e-06
6,135970,8.176812075362251e-05,9.919186245596715e-06
6,135980,6.308501760940998e-05,9.919174302453e-06
6,135990,8.128915646921087e-05,9.91916235843403e-06
6,136000,7.370976500169491e-05,9.919150413539806e-06
6,136010,7.398102206934709e-05,9.919138467770327e-06
6,136020,9.328368851129199e-05,9.919126521125593e-06
6,136030,7.410232865368016e-05,9.919114573605612e-06
6,136040,8.82832920524379e-05,9.919102625210379e-06
6,136050,6.725158064000425e-05,9.9190906759399e-06
6,136060,6.848335528957249e-05,9.919078725794183e-06
6,136070,8.88001161001739e-05,9.919066774773219e-06
6,136080,8.017001200641972e-05,9.919054822877016e-06
6,136090,6.21241744283907e-05,9.919042870105577e-06
6,136100,0.00010361898025621486,9.919030916458903e-06
6,136110,7.31442396499915e-05,9.919018961936995e-06
6,136120,6.559878747793845e-05,9.919007006539857e-06
6,136130,8.751452996875741e-05,9.918995050267488e-06
6,136140,0.00010056783971776895,9.918983093119895e-06
6,136150,9.92458379641903e-05,9.918971135097076e-06
6,136160,7.676051204725809e-05,9.918959176199035e-06
6,136170,7.674589799080422e-05,9.918947216425776e-06
6,136180,6.989483040342748e-05,9.918935255777296e-06
6,136190,6.346405239128216e-05,9.918923294253602e-06
6,136200,8.134486311064392e-05,9.918911331854692e-06
6,136210,8.73961618708563e-05,9.918899368580573e-06
6,136220,5.237939317339623e-05,9.918887404431246e-06
6,136230,6.650348968832987e-05,9.918875439406707e-06
6,136240,0.00011773838323279052,9.918863473506965e-06
6,136250,7.271586837305223e-05,9.918851506732016e-06
6,136260,7.285579886229243e-05,9.918839539081872e-06
6,136270,6.643289311796252e-05,9.918827570556524e-06
6,136280,5.648694709634583e-05,9.918815601155981e-06
6,136290,9.001245803119673e-05,9.918803630880243e-06
6,136300,6.618873339903075e-05,9.918791659729312e-06
6,136310,6.887233821544213e-05,9.91877968770319e-06
6,136320,8.094417557913403e-05,9.918767714801882e-06
6,136330,6.28336378667882e-05,9.918755741025386e-06
6,136340,9.005569609144004e-05,9.918743766373704e-06
6,136350,8.634588323275239e-05,9.918731790846841e-06
6,136360,7.289016971299134e-05,9.918719814444799e-06
6,136370,5.741403931551758e-05,9.91870783716758e-06
6,136380,7.109390064670151e-05,9.918695859015182e-06
6,136390,6.720222033891332e-05,9.918683879987608e-06
6,136400,7.517459609971411e-05,9.918671900084866e-06
6,136410,0.00011674937600218981,9.918659919306957e-06
6,136420,8.564632307752617e-05,9.918647937653877e-06
6,136430,6.858698366158933e-05,9.918635955125633e-06
6,136440,7.708123578140658e-05,9.91862397172223e-06
6,136450,6.547563557433023e-05,9.918611987443663e-06
6,136460,6.211844040535653e-05,9.918600002289939e-06
6,136470,6.815266988269286e-05,9.91858801626106e-06
6,136480,6.964572185097495e-05,9.918576029357026e-06
6,136490,7.10725193584949e-05,9.918564041577839e-06
6,136500,8.230788939727062e-05,9.918552052923507e-06
6,136510,8.968072875177314e-05,9.918540063394024e-06
6,136520,7.913198692222068e-05,9.918528072989393e-06
6,136530,5.4770742917753526e-05,9.918516081709618e-06
6,136540,8.308853580274445e-05,9.918504089554704e-06
6,136550,5.615933164335729e-05,9.918492096524647e-06
6,136560,9.809699752167944e-05,9.91848010261946e-06
6,136570,6.958806027341779e-05,9.918468107839135e-06
6,136580,7.970962451508967e-05,9.918456112183674e-06
6,136590,8.555984568374696e-05,9.918444115653081e-06
6,136600,6.146632354102622e-05,9.918432118247362e-06
6,136610,7.810063996203099e-05,9.918420119966512e-06
6,136620,9.225899912053135e-05,9.918408120810544e-06
6,136630,7.200534309959039e-05,9.918396120779452e-06
6,136640,6.984018614275556e-05,9.918384119873239e-06
6,136650,8.19946032606822e-05,9.918372118091907e-06
6,136660,8.442728785666985e-05,9.918360115435458e-06
6,136670,5.9478421144376624e-05,9.9183481119039e-06
6,136680,9.632614924157679e-05,9.918336107497232e-06
6,136690,7.603198782817344e-05,9.918324102215452e-06
6,136700,8.341261218447471e-05,9.918312096058563e-06
6,136710,8.473824332213553e-05,9.91830008902657e-06
6,136720,5.818249146614107e-05,9.918288081119475e-06
6,136730,7.038808782908746e-05,9.91827607233728e-06
6,136740,7.727487300144276e-05,9.918264062679985e-06
6,136750,8.192687332666537e-05,9.918252052147599e-06
6,136760,7.654503333469622e-05,9.918240040740112e-06
6,136770,7.868635498198273e-05,9.918228028457535e-06
6,136780,6.722372941112554e-05,9.91821601529987e-06
6,136790,8.401347131439253e-05,9.918204001267112e-06
6,136800,8.213835753849708e-05,9.918191986359267e-06
6,136810,5.751340263486782e-05,9.918179970576342e-06
6,136820,7.734181344858371e-05,9.918167953918335e-06
6,136830,6.680766623503588e-05,9.91815593638525e-06
6,136840,8.68243981130945e-05,9.918143917977083e-06
6,136850,6.653060170265235e-05,9.918131898693838e-06
6,136860,6.620191206820891e-05,9.918119878535525e-06
6,136870,6.671224718957092e-05,9.918107857502139e-06
6,136880,7.300030601982145e-05,9.918095835593686e-06
6,136890,8.042634210596589e-05,9.918083812810166e-06
6,136900,7.569276144749892e-05,9.91807178915158e-06
6,136910,6.761115778317617e-05,9.918059764617931e-06
6,136920,7.850626295748953e-05,9.918047739209225e-06
6,136930,7.061351600441412e-05,9.918035712925458e-06
6,136940,8.697326593392063e-05,9.918023685766638e-06
6,136950,0.00014020580688338667,9.918011657732765e-06
6,136960,9.686797582162399e-05,9.917999628823839e-06
6,136970,7.449026502399647e-05,9.917987599039862e-06
6,136980,8.372129059353028e-05,9.917975568380841e-06
6,136990,8.514523733538226e-05,9.91796353684677e-06
6,137000,6.0432367172325035e-05,9.917951504437658e-06
6,137010,7.16846563591389e-05,9.917939471153505e-06
6,137020,7.191379636424244e-05,9.91792743699431e-06
6,137030,7.53716239159985e-05,9.917915401960081e-06
6,137040,8.298769021166663e-05,9.917903366050814e-06
6,137050,7.700000473960244e-05,9.917891329266519e-06
6,137060,8.068681204349559e-05,9.91787929160719e-06
6,137070,5.290211897772678e-05,9.917867253072836e-06
6,137080,5.9011693974753146e-05,9.917855213663458e-06
6,137090,8.484127606607218e-05,9.917843173379057e-06
6,137100,6.507297694042792e-05,9.917831132219629e-06
6,137110,9.211455922013556e-05,9.917819090185184e-06
6,137120,6.406792876987311e-05,9.91780704727572e-06
6,137130,7.162442220760567e-05,9.917795003491241e-06
6,137140,7.601399565828614e-05,9.91778295883175e-06
6,137150,6.977009998081485e-05,9.917770913297246e-06
6,137160,9.340086089650868e-05,9.917758866887735e-06
6,137170,8.455452780253836e-05,9.917746819603218e-06
6,137180,8.775224657711078e-05,9.917734771443696e-06
6,137190,0.00014574742576769494,9.917722722409171e-06
6,137200,9.082698347810948e-05,9.917710672499647e-06
6,137210,7.883053394834859e-05,9.917698621715125e-06
6,137220,7.390723262687971e-05,9.917686570055608e-06
6,137230,6.498314066902822e-05,9.917674517521097e-06
6,137240,7.067002520670939e-05,9.91766246411159e-06
6,137250,6.905643667778349e-05,9.917650409827095e-06
6,137260,7.420402928346448e-05,9.917638354667613e-06
6,137270,6.71730837893847e-05,9.917626298633144e-06
6,137280,8.491363821576668e-05,9.917614241723692e-06
6,137290,6.0653313630609774e-05,9.917602183939263e-06
6,137300,6.88065213353184e-05,9.917590125279853e-06
6,137310,5.756616169492191e-05,9.917578065745469e-06
6,137320,6.78151720421738e-05,9.917566005336106e-06
6,137330,7.898387775640003e-05,9.917553944051774e-06
6,137340,6.728111281972815e-05,9.91754188189247e-06
6,137350,7.972463768055603e-05,9.917529818858198e-06
6,137360,5.7741548994272306e-05,9.917517754948959e-06
6,137370,7.477174499399552e-05,9.917505690164761e-06
6,137380,8.501301517753744e-05,9.917493624505597e-06
6,137390,8.953581259447675e-05,9.917481557971478e-06
6,137400,7.123478167159192e-05,9.917469490562399e-06
6,137410,5.3154517468101395e-05,9.91745742227836e-06
6,137420,6.807148927236994e-05,9.917445353119373e-06
6,137430,7.983009181771195e-05,9.917433283085438e-06
6,137440,0.00010228564945009566,9.917421212176547e-06
6,137450,6.0508754631882764e-05,9.917409140392713e-06
6,137460,6.321659730019747e-05,9.917397067733933e-06
6,137470,8.57752786942001e-05,9.91738499420021e-06
6,137480,7.867200756663807e-05,9.917372919791547e-06
6,137490,7.054031852931076e-05,9.91736084450795e-06
6,137500,6.887185800223961e-05,9.917348768349414e-06
6,137510,6.694266521662939e-05,9.917336691315948e-06
6,137520,9.097621705222991e-05,9.917324613407545e-06
6,137530,9.298872591898544e-05,9.917312534624211e-06
6,137540,0.00010806006207531027,9.917300454965956e-06
6,137550,8.819136510282988e-05,9.917288374432769e-06
6,137560,7.12690432465024e-05,9.917276293024662e-06
6,137570,7.28386691207561e-05,9.917264210741635e-06
6,137580,6.510536591122217e-05,9.917252127583688e-06
6,137590,7.176640438046888e-05,9.917240043550826e-06
6,137600,9.603805788174214e-05,9.917227958643048e-06
6,137610,7.95142713286623e-05,9.917215872860356e-06
6,137620,7.86216108735971e-05,9.917203786202758e-06
6,137630,6.502824130620866e-05,9.917191698670247e-06
6,137640,6.324679161480162e-05,9.917179610262832e-06
6,137650,7.4385733228155e-05,9.917167520980518e-06
6,137660,7.053414133224578e-05,9.917155430823297e-06
6,137670,0.0001026665113386116,9.91714333979118e-06
6,137680,6.516136443224241e-05,9.917131247884163e-06
6,137690,6.803320829931182e-05,9.917119155102253e-06
6,137700,9.57399809067283e-05,9.917107061445452e-06
6,137710,6.187450085235469e-05,9.917094966913756e-06
6,137720,7.735432609479176e-05,9.917082871507173e-06
6,137730,9.985083747778844e-05,9.917070775225702e-06
6,137740,7.44894093259063e-05,9.917058678069348e-06
6,137750,9.487525708209432e-05,9.917046580038116e-06
6,137760,6.52872409318661e-05,9.917034481132e-06
6,137770,6.67570415771479e-05,9.917022381351004e-06
6,137780,7.134436618798645e-05,9.91701028069514e-06
6,137790,6.949749531486305e-05,9.916998179164398e-06
6,137800,6.937943162483861e-05,9.916986076758785e-06
6,137810,6.575939642061712e-05,9.9169739734783e-06
6,137820,6.291571273777662e-05,9.91696186932295e-06
6,137830,0.00012115715308027574,9.916949764292732e-06
6,137840,6.782632922295307e-05,9.91693765838765e-06
6,137850,0.00010388387358943872,9.916925551607713e-06
6,137860,7.167926632973832e-05,9.91691344395292e-06
6,137870,6.85432380578277e-05,9.916901335423264e-06
6,137880,9.325715477643827e-05,9.916889226018761e-06
6,137890,0.00011168815622113471,9.916877115739402e-06
6,137900,7.005825980286318e-05,9.91686500458519e-06
6,137910,9.261531827178259e-05,9.916852892556135e-06
6,137920,7.470695290976437e-05,9.916840779652234e-06
6,137930,5.724597290281963e-05,9.916828665873484e-06
6,137940,5.546968604903668e-05,9.916816551219892e-06
6,137950,7.035557100607548e-05,9.916804435691465e-06
6,137960,8.90535510279733e-05,9.916792319288202e-06
6,137970,7.81462572831515e-05,9.916780202010102e-06
6,137980,8.636343402486092e-05,9.916768083857172e-06
6,137990,7.066879352350952e-05,9.916755964829411e-06
6,138000,7.755357762562198e-05,9.91674384492682e-06
6,138010,6.803272949582607e-05,9.916731724149408e-06
6,138020,6.463816332598071e-05,9.91671960249717e-06
6,138030,8.964339763224416e-05,9.91670747997011e-06
6,138040,6.867117572255666e-05,9.91669535656823e-06
6,138050,6.922295240201493e-05,9.91668323229153e-06
6,138060,7.420531251227658e-05,9.916671107140017e-06
6,138070,7.29440577515561e-05,9.916658981113692e-06
6,138080,7.569825188511459e-05,9.916646854212551e-06
6,138090,8.946993068548181e-05,9.916634726436608e-06
6,138100,7.489487065868162e-05,9.916622597785852e-06
6,138110,8.849877051488874e-05,9.916610468260288e-06
6,138120,7.788022221575375e-05,9.916598337859925e-06
6,138130,0.00011353434138072771,9.916586206584767e-06
6,138140,6.491384724540694e-05,9.916574074434807e-06
6,138150,7.529052459176455e-05,9.916561941410052e-06
6,138160,9.44572184153003e-05,9.916549807510505e-06
6,138170,8.738220826671748e-05,9.91653767273616e-06
6,138180,7.691359128330078e-05,9.91652553708703e-06
6,138190,0.00010596687511679192,9.91651340056311e-06
6,138200,8.843419832373912e-05,9.916501263164407e-06
6,138210,7.949363698571686e-05,9.916489124890924e-06
6,138220,7.824707658983243e-05,9.916476985742661e-06
6,138230,5.179339491405699e-05,9.916464845719615e-06
6,138240,6.279233366512926e-05,9.916452704821795e-06
6,138250,5.54393548554799e-05,9.9164405630492e-06
6,138260,6.260223624394713e-05,9.916428420401834e-06
6,138270,9.808883100959065e-05,9.916416276879696e-06
6,138280,6.21739971848001e-05,9.916404132482788e-06
6,138290,6.975009550842514e-05,9.916391987211116e-06
6,138300,6.610910886593047e-05,9.916379841064682e-06
6,138310,6.442272583626619e-05,9.916367694043486e-06
6,138320,7.500729534513085e-05,9.916355546147533e-06
6,138330,6.187430753925582e-05,9.916343397376821e-06
6,138340,0.00010228233245470619,9.916331247731355e-06
6,138350,4.371997797534277e-05,9.916319097211138e-06
6,138360,5.783053481991374e-05,9.916306945816169e-06
6,138370,8.885538211416133e-05,9.916294793546453e-06
6,138380,9.504112035756407e-05,9.91628264040199e-06
6,138390,6.912932640261714e-05,9.91627048638278e-06
6,138400,5.9687172620215275e-05,9.91625833148883e-06
6,138410,7.583037090626021e-05,9.916246175720137e-06
6,138420,6.959907518648834e-05,9.916234019076711e-06
6,138430,6.595579980057664e-05,9.916221861558545e-06
6,138440,6.225607553460577e-05,9.916209703165651e-06
6,138450,7.084312521783432e-05,9.916197543898028e-06
6,138460,7.313809537663473e-05,9.916185383755667e-06
6,138470,7.62149204092566e-05,9.916173222738587e-06
6,138480,7.936676961435296e-05,9.916161060846781e-06
6,138490,7.266864006396644e-05,9.916148898080251e-06
6,138500,8.958138912475987e-05,9.916136734439e-06
6,138510,7.398296902465518e-05,9.91612456992303e-06
6,138520,5.846329620453616e-05,9.916112404532349e-06
6,138530,6.686544529657113e-05,9.91610023826695e-06
6,138540,9.397704397997586e-05,9.916088071126841e-06
6,138550,8.522879434167408e-05,9.91607590311202e-06
6,138560,6.295558007423095e-05,9.91606373422249e-06
6,138570,9.004223379633913e-05,9.91605156445826e-06
6,138580,7.392700204036373e-05,9.916039393819325e-06
6,138590,8.586113704041054e-05,9.91602722230569e-06
6,138600,7.735852823316237e-05,9.916015049917355e-06
6,138610,8.973753788268368e-05,9.916002876654325e-06
6,138620,7.063792509143241e-05,9.9159907025166e-06
6,138630,7.122841907403199e-05,9.915978527504182e-06
6,138640,7.97261011939554e-05,9.915966351617075e-06
6,138650,6.894883563290932e-05,9.915954174855282e-06
6,138660,7.599275390930417e-05,9.915941997218804e-06
6,138670,6.0156934682709104e-05,9.915929818707639e-06
6,138680,6.797897451633618e-05,9.915917639321796e-06
6,138690,8.205628876112314e-05,9.915905459061272e-06
6,138700,8.547991956220358e-05,9.915893277926069e-06
6,138710,7.13704799181869e-05,9.915881095916194e-06
6,138720,8.162432595781866e-05,9.915868913031644e-06
6,138730,8.583232147429953e-05,9.915856729272426e-06
6,138740,5.71421786389692e-05,9.91584454463854e-06
6,138750,7.219976462238265e-05,9.915832359129991e-06
6,138760,0.00012313795773479796,9.915820172746771e-06
6,138770,6.626872655033366e-05,9.915807985488895e-06
6,138780,6.059974607524054e-05,9.915795797356356e-06
6,138790,7.798846277182748e-05,9.915783608349159e-06
6,138800,7.331375084049797e-05,9.915771418467307e-06
6,138810,6.744501970388229e-05,9.915759227710803e-06
6,138820,8.276209553059743e-05,9.915747036079649e-06
6,138830,4.9534899812897495e-05,9.915734843573845e-06
6,138840,6.657684120909834e-05,9.915722650193396e-06
6,138850,7.555083975603338e-05,9.9157104559383e-06
6,138860,7.995014284460922e-05,9.91569826080856e-06
6,138870,6.6465192276155e-05,9.915686064804184e-06
6,138880,8.362333551303891e-05,9.915673867925169e-06
6,138890,7.479770588361134e-05,9.91566167017152e-06
6,138900,6.424118641916721e-05,9.915649471543233e-06
6,138910,8.357021206393256e-05,9.915637272040318e-06
6,138920,8.378820134566923e-05,9.915625071662774e-06
6,138930,7.171304544044687e-05,9.915612870410599e-06
6,138940,8.35088819712837e-05,9.915600668283805e-06
6,138950,6.407013613625167e-05,9.915588465282385e-06
6,138960,6.11108817793138e-05,9.915576261406346e-06
6,138970,8.749425010137201e-05,9.915564056655688e-06
6,138980,7.445415144502476e-05,9.915551851030414e-06
6,138990,7.245002570925863e-05,9.915539644530524e-06
6,139000,6.57280755604006e-05,9.915527437156022e-06
6,139010,5.959368381809327e-05,9.91551522890691e-06
6,139020,0.00010263878521072912,9.915503019783191e-06
6,139030,7.884909628046444e-05,9.91549080978487e-06
6,139040,7.850831002542691e-05,9.915478598911945e-06
6,139050,8.189203394977086e-05,9.915466387164419e-06
6,139060,8.010923631900369e-05,9.915454174542292e-06
6,139070,8.557083610867266e-05,9.915441961045571e-06
6,139080,7.231872846205078e-05,9.915429746674254e-06
6,139090,6.149626215119497e-05,9.915417531428344e-06
6,139100,0.00010046148647688825,9.915405315307844e-06
6,139110,6.836834406840354e-05,9.915393098312757e-06
6,139120,8.690777281117334e-05,9.915380880443083e-06
6,139130,6.283101054123108e-05,9.915368661698827e-06
6,139140,5.964050130842224e-05,9.915356442079991e-06
6,139150,8.642625844004214e-05,9.91534422158657e-06
6,139160,7.99344341885444e-05,9.915332000218576e-06
6,139170,6.827391644037561e-05,9.91531977797601e-06
6,139180,7.264929367920559e-05,9.915307554858863e-06
6,139190,5.911065281907214e-05,9.915295330867147e-06
6,139200,8.55068617283905e-05,9.915283106000866e-06
6,139210,8.755661469876941e-05,9.915270880260018e-06
6,139220,0.00010976893022416335,9.915258653644605e-06
6,139230,8.166955121851061e-05,9.915246426154631e-06
6,139240,5.7145400296576555e-05,9.915234197790097e-06
6,139250,7.634009784851514e-05,9.915221968551008e-06
6,139260,9.392337642566417e-05,9.915209738437365e-06
6,139270,8.445040662081737e-05,9.915197507449163e-06
6,139280,7.649274789400806e-05,9.915185275586413e-06
6,139290,7.531188653047139e-05,9.91517304284911e-06
6,139300,6.303767527242599e-05,9.91516080923726e-06
6,139310,8.253363662333867e-05,9.91514857475087e-06
6,139320,7.489538352274394e-05,9.915136339389937e-06
6,139330,8.452366737401462e-05,9.915124103154462e-06
6,139340,5.6265019156853666e-05,9.915111866044452e-06
6,139350,6.399820272235956e-05,9.915099628059904e-06
6,139360,6.303747072706755e-05,9.915087389200825e-06
6,139370,6.316895851341542e-05,9.915075149467213e-06
6,139380,0.00011725257086254716,9.91506290885907e-06
6,139390,6.620189369641594e-05,9.915050667376401e-06
6,139400,8.833922247504232e-05,9.915038425019208e-06
6,139410,7.356319051723403e-05,9.915026181787492e-06
6,139420,6.506146255560453e-05,9.915013937681258e-06
6,139430,8.983306966001692e-05,9.915001692700502e-06
6,139440,7.163289019445074e-05,9.91498944684523e-06
6,139450,8.552483527637379e-05,9.914977200115447e-06
6,139460,7.579078019261942e-05,9.914964952511144e-06
6,139470,9.161928555840859e-05,9.914952704032337e-06
6,139480,0.00010668358813745727,9.91494045467902e-06
6,139490,8.694901762282826e-05,9.914928204451203e-06
6,139500,7.373946691586752e-05,9.914915953348879e-06
6,139510,5.821664517497993e-05,9.914903701372058e-06
6,139520,9.3030727293808e-05,9.914891448520736e-06
6,139530,8.62394294472324e-05,9.914879194794916e-06
6,139540,8.06635985554749e-05,9.914866940194605e-06
6,139550,5.149747687482886e-05,9.914854684719803e-06
6,139560,0.00011076657958710711,9.914842428370508e-06
6,139570,7.132670643841265e-05,9.914830171146725e-06
6,139580,9.737485429468506e-05,9.914817913048461e-06
6,139590,9.43708647355379e-05,9.914805654075709e-06
6,139600,7.29634453819017e-05,9.914793394228473e-06
6,139610,7.213465669337894e-05,9.91478113350676e-06
6,139620,6.621448972055077e-05,9.914768871910574e-06
6,139630,8.461559350507742e-05,9.914756609439907e-06
6,139640,7.059206513986281e-05,9.914744346094773e-06
6,139650,9.496965842572536e-05,9.914732081875168e-06
6,139660,7.442406395057333e-05,9.914719816781091e-06
6,139670,8.966593200057104e-05,9.914707550812552e-06
6,139680,8.468006990369757e-05,9.914695283969544e-06
6,139690,7.281408288690727e-05,9.914683016252077e-06
6,139700,8.245952385550481e-05,9.914670747660158e-06
6,139710,5.933226639172062e-05,9.914658478193775e-06
6,139720,5.9037367691416875e-05,9.91464620785294e-06
6,139730,6.429552095141844e-05,9.914633936637649e-06
6,139740,7.604904976687976e-05,9.914621664547914e-06
6,139750,6.326154725684318e-05,9.914609391583724e-06
6,139760,5.403304612627835e-05,9.914597117745088e-06
6,139770,8.427883085460053e-05,9.914584843032005e-06
6,139780,6.959345355426193e-05,9.914572567444485e-06
6,139790,6.436420503632689e-05,9.914560290982521e-06
6,139800,6.552217923854187e-05,9.914548013646125e-06
6,139810,6.762579987480421e-05,9.914535735435291e-06
6,139820,8.095105288248305e-05,9.914523456350021e-06
6,139830,6.740196090504469e-05,9.914511176390322e-06
6,139840,5.436900523818622e-05,9.914498895556194e-06
6,139850,7.268189319802332e-05,9.91448661384764e-06
6,139860,8.419307391704933e-05,9.914474331264662e-06
6,139870,6.970928457121772e-05,9.91446204780726e-06
6,139880,9.061488481165725e-05,9.91444976347544e-06
6,139890,7.789631770265261e-05,9.914437478269199e-06
6,139900,7.42594623034165e-05,9.914425192188545e-06
6,139910,9.780811112705123e-05,9.914412905233476e-06
6,139920,7.221597165880666e-05,9.914400617403994e-06
6,139930,8.745316144995741e-05,9.914388328700109e-06
6,139940,0.00011504920905736071,9.914376039121811e-06
6,139950,6.256078634123697e-05,9.914363748669112e-06
6,139960,9.565389341332775e-05,9.914351457342006e-06
6,139970,6.822041809755318e-05,9.914339165140499e-06
6,139980,6.331072283956018e-05,9.914326872064597e-06
6,139990,8.146590203068628e-05,9.914314578114297e-06
6,140000,7.58822111038171e-05,9.914302283289605e-06
6,140010,6.421311672966112e-05,9.91428998759052e-06
6,140020,0.00010875862863031217,9.914277691017044e-06
6,140030,0.00011358060651218694,9.914265393569184e-06
6,140040,8.633793945591605e-05,9.914253095246938e-06
6,140050,7.469262304766744e-05,9.91424079605031e-06
6,140060,7.726724702479259e-05,9.914228495979298e-06
6,140070,9.777993545867501e-05,9.914216195033908e-06
6,140080,8.124912806124484e-05,9.914203893214145e-06
6,140090,5.07053412775349e-05,9.914191590520006e-06
6,140100,9.120802365032432e-05,9.914179286951496e-06
6,140110,7.426438746733765e-05,9.914166982508614e-06
6,140120,7.709600661200965e-05,9.914154677191366e-06
6,140130,8.811218635855767e-05,9.914142370999747e-06
6,140140,7.99707001533534e-05,9.914130063933772e-06
6,140150,8.036090753194003e-05,9.914117755993431e-06
6,140160,8.934224824770353e-05,9.914105447178738e-06
6,140170,5.892458898415498e-05,9.914093137489685e-06
6,140180,7.293215860499913e-05,9.914080826926276e-06
6,140190,5.443837285383779e-05,9.914068515488517e-06
6,140200,6.21700583224083e-05,9.914056203176404e-06
6,140210,7.442664552854694e-05,9.914043889989945e-06
6,140220,7.159843369208829e-05,9.914031575929141e-06
6,140230,7.389920456262189e-05,9.914019260993996e-06
6,140240,5.1579327623585415e-05,9.914006945184506e-06
6,140250,7.530168772973411e-05,9.913994628500682e-06
6,140260,6.835322519691545e-05,9.913982310942516e-06
6,140270,8.323744839344727e-05,9.913969992510014e-06
6,140280,4.782453293046274e-05,9.913957673203182e-06
6,140290,5.555322002237517e-05,9.913945353022021e-06
6,140300,5.7434538393863474e-05,9.913933031966526e-06
6,140310,7.579703933515702e-05,9.91392071003671e-06
6,140320,5.883125600121275e-05,9.913908387232569e-06
6,140330,6.966020016534457e-05,9.913896063554108e-06
6,140340,8.158356645253662e-05,9.913883739001325e-06
6,140350,7.140948823689542e-05,9.913871413574225e-06
6,140360,8.752221820031991e-05,9.913859087272811e-06
6,140370,7.240829816055338e-05,9.913846760097084e-06
6,140380,6.310639710136457e-05,9.913834432047047e-06
6,140390,8.67389182531042e-05,9.913822103122702e-06
6,140400,5.447837363590225e-05,9.913809773324052e-06
6,140410,7.596946772991942e-05,9.913797442651094e-06
6,140420,7.607994853060518e-05,9.913785111103837e-06
6,140430,0.00011152080744523119,9.913772778682279e-06
6,140440,7.992816331352515e-05,9.913760445386421e-06
6,140450,6.730784061801388e-05,9.91374811121627e-06
6,140460,8.316559178638272e-05,9.913735776171826e-06
6,140470,7.309797417747177e-05,9.913723440253093e-06
6,140480,6.815000608639821e-05,9.913711103460068e-06
6,140490,5.6703127393120666e-05,9.91369876579276e-06
6,140500,6.209174080140656e-05,9.913686427251165e-06
6,140510,5.6009643617471736e-05,9.913674087835289e-06
6,140520,8.203406991924567e-05,9.913661747545133e-06
6,140530,8.012662883629673e-05,9.913649406380697e-06
6,140540,6.257887248466432e-05,9.913637064341989e-06
6,140550,6.320398031220976e-05,9.913624721429005e-06
6,140560,7.924163951429364e-05,9.913612377641747e-06
6,140570,6.662657679044059e-05,9.913600032980225e-06
6,140580,6.342472988762893e-05,9.913587687444434e-06
6,140590,9.500163673692441e-05,9.91357534103438e-06
6,140600,7.926796195079078e-05,9.913562993750062e-06
6,140610,5.6904260259216247e-05,9.913550645591486e-06
6,140620,6.75146294724982e-05,9.913538296558652e-06
6,140630,8.75153854394739e-05,9.913525946651563e-06
6,140640,9.768641727987415e-05,9.913513595870219e-06
6,140650,6.134362388365844e-05,9.913501244214624e-06
6,140660,6.694121145756071e-05,9.913488891684778e-06
6,140670,6.0509453851409484e-05,9.913476538280687e-06
6,140680,8.162973686012266e-05,9.91346418400235e-06
6,140690,8.130407866246969e-05,9.913451828849769e-06
6,140700,7.861477729420585e-05,9.91343947282295e-06
6,140710,6.432969767047325e-05,9.913427115921891e-06
6,140720,5.700732917830465e-05,9.9134147581466e-06
6,140730,9.03921393728524e-05,9.913402399497077e-06
6,140740,7.384946525235137e-05,9.913390039973318e-06
6,140750,6.834416976744252e-05,9.913377679575331e-06
6,140760,8.478457855289889e-05,9.913365318303115e-06
6,140770,0.00010083471361213014,9.913352956156676e-06
6,140780,6.983097603097121e-05,9.913340593136012e-06
6,140790,7.046658768103953e-05,9.913328229241126e-06
6,140800,7.348008693952579e-05,9.913315864472026e-06
6,140810,7.161484111293249e-05,9.913303498828711e-06
6,140820,8.158072157584683e-05,9.913291132311182e-06
6,140830,6.344957150759001e-05,9.913278764919436e-06
6,140840,8.129730053951789e-05,9.913266396653482e-06
6,140850,6.373600085680664e-05,9.91325402751332e-06
6,140860,8.550291299798118e-05,9.913241657498953e-06
6,140870,6.877499263282515e-05,9.913229286610387e-06
6,140880,8.69989614784572e-05,9.913216914847617e-06
6,140890,9.894966628962721e-05,9.913204542210648e-06
6,140900,7.372610925813206e-05,9.913192168699481e-06
6,140910,9.353590498903941e-05,9.91317979431412e-06
6,140920,0.00011422512866374746,9.913167419054567e-06
6,140930,0.00010774318725452759,9.913155042920825e-06
6,140940,7.170709086494753e-05,9.913142665912895e-06
6,140950,6.268067327255266e-05,9.913130288030783e-06
6,140960,8.666213054766559e-05,9.913117909274482e-06
6,140970,8.162389294739115e-05,9.913105529644e-06
6,140980,7.567412824300845e-05,9.91309314913934e-06
6,140990,8.204740070141269e-05,9.913080767760505e-06
6,141000,8.526832752977497e-05,9.9130683855075e-06
6,141010,7.140567681744868e-05,9.913056002380321e-06
6,141020,7.191251145286515e-05,9.913043618378972e-06
6,141030,7.719409231867758e-05,9.913031233503456e-06
6,141040,8.884597759788447e-05,9.913018847753771e-06
6,141050,5.249429491414049e-05,9.913006461129923e-06
6,141060,8.197017539259832e-05,9.912994073631915e-06
6,141070,7.444929387929734e-05,9.912981685259752e-06
6,141080,5.7803969775704905e-05,9.912969296013429e-06
6,141090,7.04050925151023e-05,9.912956905892951e-06
6,141100,7.378571863227989e-05,9.912944514898318e-06
6,141110,7.181692435551668e-05,9.912932123029539e-06
6,141120,6.863542298560787e-05,9.912919730286611e-06
6,141130,7.439440846610524e-05,9.912907336669532e-06
6,141140,8.376819591831007e-05,9.912894942178318e-06
6,141150,8.185282918020676e-05,9.91288254681296e-06
6,141160,7.273561718648124e-05,9.91287015057346e-06
6,141170,6.388958165644e-05,9.912857753459825e-06
6,141180,8.138453254105115e-05,9.912845355472055e-06
6,141190,5.48222497172901e-05,9.912832956610152e-06
6,141200,7.864968094963842e-05,9.912820556874116e-06
6,141210,7.078589758293674e-05,9.912808156263956e-06
6,141220,8.762244783611095e-05,9.912795754779669e-06
6,141230,7.661509735044092e-05,9.91278335242126e-06
6,141240,9.097154497794692e-05,9.91277094918873e-06
6,141250,9.260312021979189e-05,9.912758545082081e-06
6,141260,8.484607378704823e-05,9.912746140101313e-06
6,141270,0.00012133662046380777,9.91273373424643e-06
6,141280,6.462973519774096e-05,9.912721327517435e-06
6,141290,6.669390668321285e-05,9.912708919914326e-06
6,141300,7.985582228684507e-05,9.912696511437111e-06
6,141310,6.620512465360662e-05,9.912684102085794e-06
6,141320,6.96135113685159e-05,9.912671691860369e-06
6,141330,7.171217584982515e-05,9.912659280760841e-06
6,141340,9.289608842664166e-05,9.912646868787216e-06
6,141350,7.796877162036253e-05,9.912634455939494e-06
6,141360,7.355445486609823e-05,9.912622042217676e-06
6,141370,8.177163776963426e-05,9.912609627621765e-06
6,141372,6.286926191023667e-05,9.912607144597694e-06
6,validation,2.1957204418348348e-05,9.912607144597694e-06
7,141382,6.87466333829434e-05,9.912594728952876e-06
7,141392,8.368355877337309e-05,9.91258231243397e-06
7,141402,8.352088825631654e-05,9.912569895040978e-06
7,141412,7.37730182663654e-05,9.912557476773904e-06
7,141422,8.950489709604882e-05,9.912545057632745e-06
7,141432,6.830202678429487e-05,9.91253263761751e-06
7,141442,7.641984611836961e-05,9.912520216728198e-06
7,141452,9.637936111630553e-05,9.912507794964808e-06
7,141462,6.745574364686036e-05,9.912495372327354e-06
7,141472,5.8493866936260014e-05,9.912482948815827e-06
7,141482,6.145378806650116e-05,9.91247052443023e-06
7,141492,7.024773481134616e-05,9.912458099170569e-06
7,141502,5.92426485127362e-05,9.912445673036844e-06
7,141512,6.778892989132146e-05,9.912433246029053e-06
7,141522,8.182838710126816e-05,9.912420818147206e-06
7,141532,7.224474900340283e-05,9.912408389391302e-06
7,141542,7.394751946776523e-05,9.912395959761342e-06
7,141552,6.130645231223754e-05,9.91238352925733e-06
7,141562,7.024913286386437e-05,9.91237109787927e-06
7,141572,9.766926878000958e-05,9.912358665627162e-06
7,141582,0.00012932407566950132,9.912346232501006e-06
7,141592,6.435275849980826e-05,9.912333798500804e-06
7,141602,7.760573198538623e-05,9.912321363626563e-06
7,141612,7.964924561747466e-05,9.912308927878285e-06
7,141622,7.202931337815243e-05,9.912296491255967e-06
7,141632,6.418552820832701e-05,9.912284053759615e-06
7,141642,9.251776300516213e-05,9.912271615389235e-06
7,141652,7.63640897730511e-05,9.912259176144822e-06
7,141662,5.2154955847072414e-05,9.91224673602638e-06
7,141672,6.493338660220615e-05,9.912234295033911e-06
7,141682,0.00010046515058093064,9.912221853167418e-06
7,141692,7.181779715210724e-05,9.912209410426904e-06
7,141702,7.583689334751398e-05,9.912196966812375e-06
7,141712,9.371537373681349e-05,9.912184522323825e-06
7,141722,6.765104897112905e-05,9.91217207696126e-06
7,141732,8.017498803383205e-05,9.912159630724684e-06
7,141742,9.34637634372848e-05,9.912147183614098e-06
7,141752,6.007380393384665e-05,9.912134735629498e-06
7,141762,0.00018922359199677886,9.912122286770895e-06
7,141772,7.8211453910626e-05,9.91210983703829e-06
7,141782,5.317235068105219e-05,9.912097386431678e-06
7,141792,7.712613419244007e-05,9.912084934951075e-06
7,141802,7.872672081248311e-05,9.912072482596469e-06
7,141812,6.919568472767422e-05,9.912060029367867e-06
7,141822,6.935117175999039e-05,9.912047575265277e-06
7,141832,7.116614613096317e-05,9.912035120288694e-06
7,141842,6.044395977369276e-05,9.912022664438124e-06
7,141852,6.332474913506303e-05,9.91201020771357e-06
7,141862,8.732380438232213e-05,9.91199775011503e-06
7,141872,7.888834049936123e-05,9.911985291642505e-06
7,141882,7.595261122332886e-05,9.911972832296003e-06
7,141892,6.830133265793848e-05,9.911960372075522e-06
7,141902,9.716918029880616e-05,9.911947910981066e-06
7,141912,7.243267236844986e-05,9.911935449012638e-06
7,141922,8.265983699402568e-05,9.911922986170241e-06
7,141932,0.00011975767888543487,9.911910522453874e-06
7,141942,6.846688884252216e-05,9.911898057863545e-06
7,141952,8.052398798099602e-05,9.911885592399247e-06
7,141962,5.4606894377684514e-05,9.911873126060992e-06
7,141972,7.721286915511883e-05,9.911860658848772e-06
7,141982,0.00010525681077524495,9.911848190762598e-06
7,141992,9.5474209774693e-05,9.911835721802468e-06
7,142002,8.221185544243781e-05,9.911823251968387e-06
7,142012,8.108025081128289e-05,9.911810781260352e-06
7,142022,7.07786075054173e-05,9.911798309678371e-06
7,142032,7.294404601907445e-05,9.911785837222443e-06
7,142042,5.6955129889502135e-05,9.911773363892574e-06
7,142052,8.954371292020369e-05,9.91176088968876e-06
7,142062,9.33217659166985e-05,9.911748414611008e-06
7,142072,6.559378302881668e-05,9.91173593865932e-06
7,142082,7.477834328710742e-05,9.911723461833691e-06
7,142092,6.443850297728205e-05,9.911710984134135e-06
7,142102,6.952537016786664e-05,9.911698505560647e-06
7,142112,7.835990256808144e-05,9.91168602611323e-06
7,142122,6.324456439870119e-05,9.911673545791888e-06
7,142132,8.41032114749396e-05,9.91166106459662e-06
7,142142,8.501377164975564e-05,9.911648582527433e-06
7,142152,7.087326648615999e-05,9.911636099584322e-06
7,142162,8.661504130031973e-05,9.911623615767297e-06
7,142172,8.066552170475916e-05,9.911611131076355e-06
7,142182,8.61224248637882e-05,9.911598645511505e-06
7,142192,7.849205239836011e-05,9.911586159072742e-06
7,142202,7.28805572634883e-05,9.911573671760068e-06
7,142212,0.00010510319325476302,9.911561183573493e-06
7,142222,7.229532393466797e-05,9.911548694513008e-06
7,142232,7.464440541298244e-05,9.911536204578623e-06
7,142242,6.757748174095468e-05,9.911523713770334e-06
7,142252,8.49215729658681e-05,9.911511222088154e-06
7,142262,5.934322120992874e-05,9.911498729532077e-06
7,142272,0.00010013446369612211,9.911486236102104e-06
7,142282,7.633771717792116e-05,9.911473741798244e-06
7,142292,8.98539566378531e-05,9.911461246620493e-06
7,142302,6.782976183785649e-05,9.91144875056886e-06
7,142312,7.515908187087917e-05,9.911436253643338e-06
7,142322,6.089310140851012e-05,9.911423755843937e-06
7,142332,9.172768600365088e-05,9.91141125717066e-06
7,142342,7.854056948417565e-05,9.911398757623501e-06
7,142352,8.367497161998472e-05,9.911386257202466e-06
7,142362,7.404868158573663e-05,9.91137375590756e-06
7,142372,0.00010151128126381082,9.911361253738783e-06
7,142382,7.843736493668984e-05,9.91134875069614e-06
7,142392,7.938943363114958e-05,9.911336246779628e-06
7,142402,7.174404872785089e-05,9.911323741989255e-06
7,142412,6.942102065750077e-05,9.911311236325018e-06
7,142422,6.470464491030725e-05,9.911298729786923e-06
7,142432,9.622956058592535e-05,9.911286222374971e-06
7,142442,7.120298846530204e-05,9.911273714089165e-06
7,142452,8.132633297464054e-05,9.911261204929506e-06
7,142462,7.525852797698462e-05,9.911248694895993e-06
7,142472,9.856400683929678e-05,9.911236183988632e-06
7,142482,6.475866134678654e-05,9.911223672207426e-06
7,142492,7.163485283854243e-05,9.911211159552373e-06
7,142502,8.359241505786485e-05,9.911198646023481e-06
7,142512,8.179143037523318e-05,9.911186131620747e-06
7,142522,9.307716804869416e-05,9.911173616344178e-06
7,142532,5.353116680453241e-05,9.911161100193777e-06
7,142542,6.329084621938818e-05,9.911148583169543e-06
7,142552,0.00010270605980622349,9.911136065271477e-06
7,142562,8.84937855971657e-05,9.911123546499581e-06
7,142572,7.631961259448873e-05,9.91111102685386e-06
7,142582,7.087732549280191e-05,9.911098506334319e-06
7,142592,9.88684797903261e-05,9.911085984940953e-06
7,142602,7.736045113233558e-05,9.911073462673765e-06
7,142612,6.673165321444686e-05,9.91106093953276e-06
7,142622,9.648252553233761e-05,9.911048415517942e-06
7,142632,6.113728113632533e-05,9.911035890629307e-06
7,142642,7.531372898483824e-05,9.911023364866862e-06
7,142652,9.10362875174542e-05,9.911010838230611e-06
7,142662,7.583190233617641e-05,9.910998310720554e-06
7,142672,9.33554037601425e-05,9.910985782336692e-06
7,142682,8.839178317430197e-05,9.910973253079031e-06
7,142692,9.443546282454917e-05,9.910960722947568e-06
7,142702,8.186131540242059e-05,9.910948191942311e-06
7,142712,0.00011664177477541671,9.910935660063254e-06
7,142722,6.882359271003225e-05,9.91092312731041e-06
7,142732,6.871197133477836e-05,9.910910593683774e-06
7,142742,5.704449797576672e-05,9.91089805918335e-06
7,142752,7.513008840760449e-05,9.91088552380914e-06
7,142762,6.556485107012122e-05,9.910872987561145e-06
7,142772,6.765682396689954e-05,9.910860450439366e-06
7,142782,9.800768302739017e-05,9.910847912443818e-06
7,142792,8.234675119638269e-05,9.910835373574484e-06
7,142802,9.189237034661346e-05,9.910822833831375e-06
7,142812,8.76537198337246e-05,9.910810293214494e-06
7,142822,0.00012320395780989203,9.910797751723845e-06
7,142832,9.002868719107936e-05,9.91078520935943e-06
7,142842,7.772892749926542e-05,9.910772666121245e-06
7,142852,0.0001078979054454976,9.910760122009298e-06
7,142862,7.654189635104558e-05,9.910747577023589e-06
7,142872,7.037045775177831e-05,9.91073503116412e-06
7,142882,7.23564673535293e-05,9.910722484430897e-06
7,142892,8.352687200385844e-05,9.910709936823921e-06
7,142902,7.088831011969887e-05,9.91069738834319e-06
7,142912,5.8215136027683906e-05,9.910684838988705e-06
7,142922,7.072876696838647e-05,9.910672288760474e-06
7,142932,0.00012641957243886284,9.910659737658496e-06
7,142942,7.11237346422422e-05,9.910647185682775e-06
7,142952,7.785417419654551e-05,9.910634632833313e-06
7,142962,8.049030720940209e-05,9.910622079110116e-06
7,142972,7.852232927234582e-05,9.910609524513178e-06
7,142982,9.023993065966353e-05,9.910596969042504e-06
7,142992,0.0001004100376576389,9.9105844126981e-06
7,143002,8.486686210744664e-05,9.910571855479967e-06
7,143012,5.8648968456509464e-05,9.910559297388102e-06
7,143022,8.573796337714158e-05,9.910546738422517e-06
7,143032,7.086078908287163e-05,9.910534178583205e-06
7,143042,7.314600702557073e-05,9.91052161787017e-06
7,143052,7.065714216878405e-05,9.910509056283419e-06
7,143062,6.708961864205777e-05,9.910496493822948e-06
7,143072,7.296186308849428e-05,9.910483930488767e-06
7,143082,7.020950727110176e-05,9.910471366280868e-06
7,143092,7.133770302516495e-05,9.910458801199262e-06
7,143102,7.019451454652881e-05,9.910446235243946e-06
7,143112,7.521523887135117e-05,9.910433668414928e-06
7,143122,7.122531364984753e-05,9.910421100712204e-06
7,143132,6.291081076597038e-05,9.910408532135779e-06
7,143142,6.830830448052438e-05,9.910395962685656e-06
7,143152,9.739408064888266e-05,9.910383392361834e-06
7,143162,5.8639341932575914e-05,9.910370821164321e-06
7,143172,6.244065252758446e-05,9.910358249093114e-06
7,143182,9.923556904141152e-05,9.91034567614822e-06
7,143192,9.064634177775588e-05,9.910333102329635e-06
7,143202,6.802674665777886e-05,9.910320527637364e-06
7,143212,6.835933709226083e-05,9.910307952071412e-06
7,143222,6.103988071117782e-05,9.91029537563178e-06
7,143232,5.905359194002813e-05,9.91028279831847e-06
7,143242,6.08172904321691e-05,9.910270220131481e-06
7,143252,6.516402409033617e-05,9.910257641070818e-06
7,143262,7.75765643993509e-05,9.910245061136484e-06
7,143272,6.0639141747742545e-05,9.910232480328479e-06
7,143282,7.298005216398451e-05,9.910219898646806e-06
7,143292,7.689173753533396e-05,9.910207316091469e-06
7,143302,6.274993070292111e-05,9.910194732662463e-06
7,143312,7.656489462988247e-05,9.910182148359799e-06
7,143322,0.00010145998749067076,9.910169563183474e-06
7,143332,6.067127355890989e-05,9.910156977133496e-06
7,143342,9.132559655427031e-05,9.910144390209863e-06
7,143352,8.991111926661687e-05,9.910131802412578e-06
7,143362,7.081478129293828e-05,9.910119213741646e-06
7,143372,7.930773413136193e-05,9.910106624197068e-06
7,143382,6.92876348466598e-05,9.910094033778843e-06
7,143392,7.272709376593411e-05,9.910081442486976e-06
7,143402,7.645151069937128e-05,9.910068850321469e-06
7,143412,7.96659709976666e-05,9.91005625728232e-06
7,143422,9.470628251619928e-05,9.910043663369536e-06
7,143432,6.538299799103698e-05,9.910031068583117e-06
7,143442,7.291443985195655e-05,9.910018472923071e-06
7,143452,7.323290847125464e-05,9.910005876389393e-06
7,143462,7.167101045979507e-05,9.909993278982086e-06
7,143472,8.539997525076614e-05,9.909980680701157e-06
7,143482,8.170485748451029e-05,9.909968081546599e-06
7,143492,7.08796155777236e-05,9.909955481518422e-06
7,143502,6.86578822978845e-05,9.909942880616631e-06
7,143512,7.038228427518334e-05,9.90993027884122e-06
7,143522,6.888625971441797e-05,9.909917676192197e-06
7,143532,7.047705651075375e-05,9.909905072669566e-06
7,143542,8.886981054274657e-05,9.909892468273323e-06
7,143552,8.142890765157064e-05,9.909879863003471e-06
7,143562,8.318360321482032e-05,9.909867256860018e-06
7,143572,9.194337253575214e-05,9.909854649842961e-06
7,143582,0.00016485131204717617,9.909842041952303e-06
7,143592,7.870244021432882e-05,9.90982943318805e-06
7,143602,8.074993463651481e-05,9.909816823550197e-06
7,143612,5.308550803420076e-05,9.909804213038751e-06
7,143622,9.004603653011145e-05,9.909791601653718e-06
7,143632,7.183461430031457e-05,9.909778989395095e-06
7,143642,8.055463767959737e-05,9.90976637626288e-06
7,143652,7.300180127458588e-05,9.909753762257083e-06
7,143662,7.51114366494221e-05,9.909741147377703e-06
7,143672,8.483199062538915e-05,9.909728531624745e-06
7,143682,8.78916961255527e-05,9.909715914998209e-06
7,143692,6.480930537691165e-05,9.909703297498097e-06
7,143702,6.34112391026065e-05,9.909690679124409e-06
7,143712,8.256065057139494e-05,9.909678059877153e-06
7,143722,9.138736336353758e-05,9.909665439756327e-06
7,143732,6.638951954300865e-05,9.909652818761935e-06
7,143742,0.00011147388281642633,9.909640196893976e-06
7,143752,6.724122945342969e-05,9.909627574152457e-06
7,143762,7.457156166310597e-05,9.909614950537372e-06
7,143772,7.177178063102473e-05,9.909602326048736e-06
7,143782,5.883561161681428e-05,9.90958970068654e-06
7,143792,6.681887264221586e-05,9.909577074450794e-06
7,143802,7.692424665037834e-05,9.909564447341497e-06
7,143812,9.635671649448341e-05,9.909551819358651e-06
7,143822,8.601752776939974e-05,9.909539190502257e-06
7,143832,6.174974528221354e-05,9.909526560772322e-06
7,143842,9.478312699684466e-05,9.909513930168843e-06
7,143852,6.819843574703554e-05,9.909501298691825e-06
7,143862,0.00010331801559004816,9.909488666341268e-06
7,143872,6.952963844923943e-05,9.909476033117176e-06
7,143882,8.742286736378445e-05,9.909463399019552e-06
7,143892,7.777857263135957e-05,9.9094507640484e-06
7,143902,5.5490056206508596e-05,9.90943812820372e-06
7,143912,6.323864763544407e-05,9.909425491485511e-06
7,143922,6.460428585342015e-05,9.909412853893778e-06
7,143932,7.080998179844755e-05,9.909400215428522e-06
7,143942,6.998618603120122e-05,9.909387576089747e-06
7,143952,8.650241215946153e-05,9.909374935877456e-06
7,143962,7.911684442660772e-05,9.909362294791646e-06
7,143972,6.201996022809908e-05,9.909349652832329e-06
7,143982,8.503165036017891e-05,9.909337009999498e-06
7,143992,0.00011028256080862777,9.909324366293158e-06
7,144002,0.00010432573058096751,9.909311721713315e-06
7,144012,6.276121735027118e-05,9.909299076259964e-06
7,144022,8.756767633713026e-05,9.909286429933118e-06
7,144032,8.760870448440983e-05,9.90927378273277e-06
7,144042,4.741707039102039e-05,9.909261134658926e-06
7,144052,8.857704856382042e-05,9.909248485711583e-06
7,144062,7.776641136842954e-05,9.909235835890751e-06
7,144072,7.894314946952364e-05,9.909223185196428e-06
7,144082,6.954208197385015e-05,9.909210533628614e-06
7,144092,7.964260857988846e-05,9.909197881187316e-06
7,144102,5.4979350852590866e-05,9.909185227872536e-06
7,144112,0.00010520326597998064,9.909172573684277e-06
7,144122,0.00011177609048900195,9.909159918622537e-06
7,144132,0.00013164823985789553,9.909147262687318e-06
7,144142,7.47212720398238e-05,9.909134605878623e-06
7,144152,5.8321268124927886e-05,9.909121948196458e-06
7,144162,6.0540425238286844e-05,9.909109289640822e-06
7,144172,6.790145321247109e-05,9.909096630211717e-06
7,144182,7.986339414856047e-05,9.90908396990915e-06
7,144192,8.62729720211064e-05,9.909071308733117e-06
7,144202,6.547574928390531e-05,9.90905864668362e-06
7,144212,9.183477452552324e-05,9.90904598376067e-06
7,144222,7.550371931301925e-05,9.909033319964263e-06
7,144232,8.789679263827567e-05,9.909020655294401e-06
7,144242,7.059856068281078e-05,9.909007989751089e-06
7,144252,6.141262308574369e-05,9.908995323334327e-06
7,144262,6.799205871175218e-05,9.908982656044114e-06
7,144272,7.18046586825949e-05,9.90896998788046e-06
7,144282,7.298694013115891e-05,9.908957318843361e-06
7,144292,7.485690607609286e-05,9.908944648932823e-06
7,144302,6.635157205892028e-05,9.908931978148847e-06
7,144312,7.600314529554453e-05,9.908919306491433e-06
7,144322,9.805941099330084e-05,9.908906633960584e-06
7,144332,6.950444080757733e-05,9.908893960556303e-06
7,144342,9.088143083317845e-05,9.908881286278594e-06
7,144352,8.194098400053916e-05,9.908868611127458e-06
7,144362,7.185366118847014e-05,9.908855935102898e-06
7,144372,7.153147241751867e-05,9.908843258204914e-06
7,144382,7.139944441405532e-05,9.908830580433508e-06
7,144392,6.578053257726424e-05,9.908817901788685e-06
7,144402,5.260530604118685e-05,9.908805222270447e-06
7,144412,8.328131129928807e-05,9.908792541878797e-06
7,144422,6.54379543448158e-05,9.908779860613733e-06
7,144432,7.183579391494276e-05,9.908767178475265e-06
7,144442,6.118642370438465e-05,9.908754495463384e-06
7,144452,8.990016744974128e-05,9.908741811578102e-06
7,144462,8.81535260759847e-05,9.908729126819411e-06
7,144472,6.391175788849069e-05,9.908716441187327e-06
7,144482,8.266918248409637e-05,9.908703754681845e-06
7,144492,7.69446482991043e-05,9.908691067302964e-06
7,144502,7.30827814550139e-05,9.908678379050692e-06
7,144512,7.124250728338665e-05,9.908665689925029e-06
7,144522,9.231291533069453e-05,9.90865299992598e-06
7,144532,9.786352425180666e-05,9.908640309053542e-06
7,144542,7.693157922403771e-05,9.908627617307718e-06
7,144552,7.711301764175005e-05,9.908614924688511e-06
7,144562,8.111181359709007e-05,9.908602231195926e-06
7,144572,8.16316378859483e-05,9.908589536829965e-06
7,144582,7.354551837579493e-05,9.908576841590625e-06
7,144592,9.604834203855716e-05,9.908564145477916e-06
7,144602,7.594337248519877e-05,9.908551448491833e-06
7,144612,6.67341857251813e-05,9.90853875063238e-06
7,144622,8.314603817325406e-05,9.908526051899565e-06
7,144632,7.541345662502863e-05,9.908513352293385e-06
7,144642,9.726760135890798e-05,9.908500651813844e-06
7,144652,6.40358798818852e-05,9.908487950460943e-06
7,144662,7.445585238201602e-05,9.908475248234682e-06
7,144672,7.802948416610889e-05,9.908462545135071e-06
7,144682,8.752386393098276e-05,9.908449841162103e-06
7,144692,6.070207364246016e-05,9.908437136315786e-06
7,144702,8.64861791342264e-05,9.908424430596123e-06
7,144712,8.194388515221364e-05,9.908411724003112e-06
7,144722,7.953712556627578e-05,9.908399016536759e-06
7,144732,5.620052193080482e-05,9.908386308197063e-06
7,144742,7.784841573084122e-05,9.908373598984027e-06
7,144752,7.713434251854778e-05,9.908360888897656e-06
7,144762,6.0413293817873635e-05,9.908348177937944e-06
7,144772,7.740192420442328e-05,9.908335466104903e-06
7,144782,6.442128819799109e-05,9.908322753398537e-06
7,144792,6.128110726422165e-05,9.908310039818841e-06
7,144802,8.502734094690822e-05,9.90829732536582e-06
7,144812,8.429049657934228e-05,9.908284610039474e-06
7,144822,6.914803466315788e-05,9.908271893839807e-06
7,144832,6.655453937582933e-05,9.908259176766822e-06
7,144842,7.557562471447455e-05,9.90824645882052e-06
7,144852,7.615633296609303e-05,9.908233740000907e-06
7,144862,9.739863971844898e-05,9.908221020307983e-06
7,144872,7.765751413444376e-05,9.908208299741744e-06
7,144882,5.68432049931289e-05,9.908195578302203e-06
7,144892,9.025488025145023e-05,9.908182855989352e-06
7,144902,5.781733962066937e-05,9.908170132803201e-06
7,144912,8.728456155040475e-05,9.90815740874375e-06
7,144922,9.31551475332526e-05,9.908144683810996e-06
7,144932,7.30990030206158e-05,9.908131958004949e-06
7,144942,6.633996945311082e-05,9.908119231325609e-06
7,144952,8.480182323182817e-05,9.90810650377298e-06
7,144962,6.850672691598448e-05,9.908093775347057e-06
7,144972,6.096896622693748e-05,9.908081046047847e-06
7,144982,7.425984276778763e-05,9.908068315875356e-06
7,144992,8.295072611872457e-05,9.90805558482958e-06
7,145002,5.906283929562051e-05,9.908042852910523e-06
7,145012,7.349913594225654e-05,9.908030120118189e-06
7,145022,7.021011322194681e-05,9.908017386452579e-06
7,145032,6.468246363056096e-05,9.908004651913699e-06
7,145042,7.541786778801906e-05,9.907991916501542e-06
7,145052,7.272104280673375e-05,9.907979180216119e-06
7,145062,8.025484144127405e-05,9.907966443057428e-06
7,145072,8.815892392703971e-05,9.90795370502547e-06
7,145082,7.52415588067379e-05,9.907940966120255e-06
7,145092,6.026509358889598e-05,9.90792822634178e-06
7,145102,8.115794125842513e-05,9.907915485690045e-06
7,145112,8.342346131939847e-05,9.907902744165056e-06
7,145122,9.235925363100251e-05,9.90789000176681e-06
7,145132,6.444949121942045e-05,9.907877258495319e-06
7,145142,7.60174116521739e-05,9.907864514350576e-06
7,145152,7.875995611357211e-05,9.90785176933259e-06
7,145162,6.61743874388776e-05,9.907839023441358e-06
7,145172,7.391485455627844e-05,9.907826276676883e-06
7,145182,6.211047139004222e-05,9.90781352903917e-06
7,145192,8.740995285734244e-05,9.90780078052822e-06
7,145202,6.472987183769874e-05,9.907788031144033e-06
7,145212,6.92378775056568e-05,9.907775280886613e-06
7,145222,6.548916744577581e-05,9.907762529755967e-06
7,145232,6.977409711907966e-05,9.907749777752089e-06
7,145242,6.625738024013117e-05,9.90773702487499e-06
7,145252,7.982666893440181e-05,9.907724271124666e-06
7,145262,9.24363924696081e-05,9.907711516501118e-06
7,145272,7.108465874807734e-05,9.907698761004352e-06
7,145282,6.067777860607748e-05,9.907686004634371e-06
7,145292,7.891097848187201e-05,9.907673247391174e-06
7,145302,7.072648445500817e-05,9.907660489274766e-06
7,145312,8.133834808177198e-05,9.907647730285146e-06
7,145322,6.658319935013424e-05,9.90763497042232e-06
7,145332,5.6436181239405414e-05,9.907622209686286e-06
7,145342,5.764084012298553e-05,9.907609448077049e-06
7,145352,8.72282745604025e-05,9.907596685594612e-06
7,145362,7.698215467826231e-05,9.907583922238978e-06
7,145372,6.848451187124738e-05,9.907571158010146e-06
7,145382,8.291512131108902e-05,9.907558392908121e-06
7,145392,5.8179740199193476e-05,9.907545626932906e-06
7,145402,8.217390036406869e-05,9.9075328600845e-06
7,145412,6.120959865256737e-05,9.90752009236291e-06
7,145422,6.528472886202508e-05,9.907507323768134e-06
7,145432,7.590769741909753e-05,9.907494554300171e-06
7,145442,7.47032706385653e-05,9.907481783959033e-06
7,145452,7.540191747921198e-05,9.90746901274471e-06
7,145462,6.0795201216023996e-05,9.907456240657215e-06
7,145472,8.59022003623977e-05,9.907443467696544e-06
7,145482,8.787054880485812e-05,9.907430693862704e-06
7,145492,7.265919916790153e-05,9.907417919155694e-06
7,145502,7.287565003935016e-05,9.907405143575518e-06
7,145512,6.955971830393536e-05,9.907392367122176e-06
7,145522,7.8664336683687e-05,9.90737958979567e-06
7,145532,9.995036398322555e-05,9.907366811596009e-06
7,145542,7.539429034295609e-05,9.907354032523189e-06
7,145552,9.369252379656245e-05,9.907341252577212e-06
7,145562,6.797621631449147e-05,9.907328471758082e-06
7,145572,6.784348274777584e-05,9.907315690065804e-06
7,145582,6.122159420556273e-05,9.907302907500376e-06
7,145592,7.127599924388051e-05,9.907290124061799e-06
7,145602,7.51904651224322e-05,9.907277339750078e-06
7,145612,5.9722060609601615e-05,9.907264554565214e-06
7,145622,7.416856233248837e-05,9.907251768507215e-06
7,145632,0.00010281557929374684,9.907238981576077e-06
7,145642,6.57621828622723e-05,9.907226193771804e-06
7,145652,7.708820139669114e-05,9.9072134050944e-06
7,145662,6.757339019713982e-05,9.907200615543863e-06
7,145672,7.450831326423214e-05,9.907187825120196e-06
7,145682,5.620108026960224e-05,9.907175033823405e-06
7,145692,8.5604451578547e-05,9.907162241653496e-06
7,145702,5.678048657955514e-05,9.907149448610458e-06
7,145712,8.090793608062086e-05,9.907136654694305e-06
7,145722,0.0001125240209603362,9.907123859905034e-06
7,145732,0.00010253920845570974,9.907111064242652e-06
7,145742,6.689881020065512e-05,9.907098267707162e-06
7,145752,8.267116509159677e-05,9.90708547029855e-06
7,145762,6.1775326867064e-05,9.907072672016835e-06
7,145772,6.0862528425786887e-05,9.907059872862016e-06
7,145782,8.010489150365173e-05,9.90704707283409e-06
7,145792,6.932999440323329e-05,9.907034271933068e-06
7,145802,8.44786643028783e-05,9.907021470158947e-06
7,145812,7.447532902915555e-05,9.907008667511728e-06
7,145822,7.874769705722429e-05,9.906995863991412e-06
7,145832,0.00010513635616007378,9.906983059598013e-06
7,145842,6.503274294118455e-05,9.906970254331519e-06
7,145852,7.434291924255377e-05,9.906957448191938e-06
7,145862,7.140740212889795e-05,9.90694464117927e-06
7,145872,6.714342025588848e-05,9.90693183329352e-06
7,145882,7.920739692508505e-05,9.906919024534692e-06
7,145892,7.743519415726041e-05,9.906906214902787e-06
7,145902,8.014392710720131e-05,9.906893404397804e-06
7,145912,9.126982758971281e-05,9.906880593019749e-06
7,145922,9.886723657928087e-05,9.906867780768621e-06
7,145932,6.0647397185675805e-05,9.906854967644424e-06
7,145942,9.599562640687509e-05,9.906842153647163e-06
7,145952,8.243067863986653e-05,9.906829338776839e-06
7,145962,7.279592900886201e-05,9.906816523033448e-06
7,145972,8.564926856706734e-05,9.906803706416999e-06
7,145982,8.459570753984735e-05,9.906790888927494e-06
7,145992,5.449631671581301e-05,9.906778070564927e-06
7,146002,8.666229409755034e-05,9.906765251329313e-06
7,146012,7.453367220477958e-05,9.906752431220647e-06
7,146022,8.603038590990764e-05,9.906739610238933e-06
7,146032,4.427146761827317e-05,9.906726788384173e-06
7,146042,6.57703518299968e-05,9.906713965656371e-06
7,146052,9.875559676402189e-05,9.906701142055522e-06
7,146062,7.9688658570376e-05,9.906688317581632e-06
7,146072,8.305783635478292e-05,9.90667549223471e-06
7,146082,7.672804392768739e-05,9.906662666014753e-06
7,146092,9.01573908095088e-05,9.906649838921763e-06
7,146102,7.154034519771813e-05,9.906637010955742e-06
7,146112,6.22843915152771e-05,9.906624182116697e-06
7,146122,6.118601852449501e-05,9.906611352404623e-06
7,146132,6.330371738840768e-05,9.906598521819528e-06
7,146142,7.808270052009903e-05,9.906585690361413e-06
7,146152,5.79197962224498e-05,9.906572858030282e-06
7,146162,9.437906880975788e-05,9.906560024826127e-06
7,146172,5.01327717302047e-05,9.906547190748963e-06
7,146182,8.453872783320548e-05,9.906534355798785e-06
7,146192,6.973675733661367e-05,9.906521519975598e-06
7,146202,9.284764614676533e-05,9.906508683279406e-06
7,146212,6.240405159587682e-05,9.90649584571021e-06
7,146222,9.304174695898837e-05,9.906483007268008e-06
7,146232,6.779661266591576e-05,9.906470167952807e-06
7,146242,7.962608535763138e-05,9.906457327764608e-06
7,146252,8.10391782579245e-05,9.906444486703415e-06
7,146262,7.611346413796127e-05,9.906431644769225e-06
7,146272,0.00010521915664867264,9.906418801962043e-06
7,146282,6.129263633738446e-05,9.906405958281873e-06
7,146292,7.654424739484967e-05,9.906393113728718e-06
7,146302,8.428344849562564e-05,9.906380268302578e-06
7,146312,8.689201827110081e-05,9.906367422003455e-06
7,146322,8.302926730721082e-05,9.906354574831352e-06
7,146332,6.482386893367221e-05,9.906341726786269e-06
7,146342,6.754160026503086e-05,9.906328877868215e-06
7,146352,9.196023354434147e-05,9.906316028077183e-06
7,146362,6.798683773467928e-05,9.906303177413186e-06
7,146372,9.043407253557234e-05,9.906290325876217e-06
7,146382,9.166641102638095e-05,9.906277473466289e-06
7,146392,6.806955864249175e-05,9.90626462018339e-06
7,146402,6.480992033175426e-05,9.90625176602753e-06
7,146412,9.672398400653037e-05,9.90623891099871e-06
7,146422,7.547978254933696e-05,9.906226055096935e-06
7,146432,7.003218438512704e-05,9.906213198322204e-06
7,146442,5.9222853110441065e-05,9.906200340674519e-06
7,146452,7.940754303490394e-05,9.906187482153887e-06
7,146462,8.513141801813617e-05,9.906174622760308e-06
7,146472,7.368455803771212e-05,9.906161762493779e-06
7,146482,7.35972384291017e-05,9.90614890135431e-06
7,146492,7.69953575627369e-05,9.906136039341899e-06
7,146502,5.5241257746274636e-05,9.906123176456547e-06
7,146512,7.50520329347637e-05,9.906110312698263e-06
7,146522,7.494842552659974e-05,9.906097448067043e-06
7,146532,6.934568941687757e-05,9.906084582562892e-06
7,146542,6.609324914279569e-05,9.906071716185809e-06
7,146552,7.473246005247347e-05,9.906058848935798e-06
7,146562,9.375821241519589e-05,9.906045980812866e-06
7,146572,9.704498897917803e-05,9.906033111817007e-06
7,146582,0.00012913530640616954,9.906020241948234e-06
7,146592,7.648866499039287e-05,9.906007371206538e-06
7,146602,6.771233895506156e-05,9.905994499591928e-06
7,146612,7.373646117230237e-05,9.905981627104404e-06
7,146622,5.845569073699153e-05,9.905968753743968e-06
7,146632,7.3858367613866e-05,9.905955879510625e-06
7,146642,6.882936938836793e-05,9.905943004404374e-06
7,146652,5.367317605760036e-05,9.90593012842522e-06
7,146662,5.7182043042303116e-05,9.90591725157316e-06
7,146672,7.683745270696818e-05,9.905904373848204e-06
7,146682,7.039363206331472e-05,9.90589149525035e-06
7,146692,0.00010346217682126736,9.905878615779598e-06
7,146702,8.15540996427444e-05,9.905865735435949e-06
7,146712,0.00010097620156557241,9.905852854219413e-06
7,146722,9.021325558933313e-05,9.905839972129994e-06
7,146732,5.392212469814694e-05,9.905827089167687e-06
7,146742,7.490018329008308e-05,9.905814205332493e-06
7,146752,6.834179680481611e-05,9.905801320624419e-06
7,146762,8.59923605730728e-05,9.905788435043469e-06
7,146772,7.295390203125861e-05,9.90577554858964e-06
7,146782,4.959463526574836e-05,9.905762661262939e-06
7,146792,8.403948481827683e-05,9.905749773063364e-06
7,146802,7.833369563741143e-05,9.905736883990918e-06
7,146812,5.722117248296854e-05,9.905723994045605e-06
7,146822,9.953362323358307e-05,9.905711103227428e-06
7,146832,8.084185515144782e-05,9.905698211536387e-06
7,146842,7.061426531436156e-05,9.905685318972487e-06
7,146852,6.999605589044222e-05,9.905672425535726e-06
7,146862,0.00010376493360126916,9.905659531226112e-06
7,146872,6.811883376940386e-05,9.90564663604364e-06
7,146882,0.00010673904494069575,9.905633739988314e-06
7,146892,6.183165560287307e-05,9.905620843060143e-06
7,146902,7.912785099506438e-05,9.905607945259124e-06
7,146912,8.708106602171029e-05,9.905595046585259e-06
7,146922,5.797383134904521e-05,9.905582147038553e-06
7,146932,7.363912179698673e-05,9.90556924661901e-06
7,146942,9.613199399609583e-05,9.905556345326624e-06
7,146952,7.07384680481482e-05,9.905543443161405e-06
7,146962,7.233333947169739e-05,9.905530540123353e-06
7,146972,6.237100351427216e-05,9.90551763621247e-06
7,146982,6.077940656723513e-05,9.905504731428759e-06
7,146992,9.328051476131805e-05,9.905491825772221e-06
7,147002,9.676283248154505e-05,9.905478919242858e-06
7,147012,8.686190683420137e-05,9.905466011840676e-06
7,147022,9.909180073464086e-05,9.905453103565668e-06
7,147032,6.911883176599076e-05,9.905440194417849e-06
7,147042,9.183648749058194e-05,9.905427284397215e-06
7,147052,5.7391746986468205e-05,9.905414373503766e-06
7,147062,8.530380048341612e-05,9.905401461737507e-06
7,147072,7.21349770174129e-05,9.905388549098438e-06
7,147082,0.00012914492608615547,9.905375635586564e-06
7,147092,6.212270391188212e-05,9.905362721201886e-06
7,147102,8.886272792096861e-05,9.90534980594441e-06
7,147112,7.223764932859922e-05,9.905336889814135e-06
7,147122,7.74415111209237e-05,9.905323972811066e-06
7,147132,9.60646238127083e-05,9.905311054935201e-06
7,147142,7.067188371365774e-05,9.90529813618654e-06
7,147152,9.093329149436613e-05,9.905285216565093e-06
7,147162,7.063564266900358e-05,9.905272296070856e-06
7,147172,7.119857759789737e-05,9.905259374703833e-06
7,147182,6.731086543823039e-05,9.90524645246403e-06
7,147192,6.743636749888536e-05,9.905233529351446e-06
7,147202,7.21047280876519e-05,9.905220605366083e-06
7,147212,6.0218674866519e-05,9.905207680507946e-06
7,147222,7.894692898844369e-05,9.905194754777034e-06
7,147232,7.540420042460028e-05,9.905181828173351e-06
7,147242,9.617010894089618e-05,9.905168900696898e-06
7,147252,8.143106902025465e-05,9.905155972347679e-06
7,147262,8.16926789639183e-05,9.905143043125695e-06
7,147272,6.348936985887122e-05,9.905130113030951e-06
7,147282,6.32561122529296e-05,9.90511718206345e-06
7,147292,0.00010210811155957345,9.90510425022319e-06
7,147302,6.493907881122141e-05,9.905091317510173e-06
7,147312,7.5776000494443e-05,9.905078383924405e-06
7,147322,8.170856058313803e-05,9.905065449465884e-06
7,147332,6.806523581417422e-05,9.905052514134616e-06
7,147342,7.798696742611355e-05,9.9050395779306e-06
7,147352,7.605223067912448e-05,9.905026640853846e-06
7,147362,8.723060755073675e-05,9.905013702904347e-06
7,147372,6.204024189173652e-05,9.905000764082114e-06
7,147382,7.46180920941697e-05,9.904987824387135e-06
7,147392,6.270358953770483e-05,9.904974883819424e-06
7,147402,7.775267372380767e-05,9.904961942378983e-06
7,147412,8.335584893757187e-05,9.90494900006581e-06
7,147422,7.523935216795508e-05,9.904936056879915e-06
7,147432,7.639001348707098e-05,9.90492311282129e-06
7,147442,6.170575411488243e-05,9.904910167889943e-06
7,147452,8.388382616431045e-05,9.904897222085873e-06
7,147462,8.985350434613793e-05,9.90488427540909e-06
7,147472,8.02546202976373e-05,9.904871327859589e-06
7,147482,7.054657994558511e-05,9.904858379437374e-06
7,147492,7.17941290076851e-05,9.904845430142445e-06
7,147502,8.782833619989106e-05,9.904832479974809e-06
7,147512,6.416599653675803e-05,9.904819528934466e-06
7,147522,5.594395554453513e-05,9.90480657702142e-06
7,147532,8.600746409683779e-05,9.90479362423567e-06
7,147542,9.158819443655375e-05,9.904780670577222e-06
7,147552,7.351162209943141e-05,9.904767716046077e-06
7,147562,8.666655148772406e-05,9.904754760642237e-06
7,147572,0.00011992934244062781,9.904741804365701e-06
7,147582,7.071894660839461e-05,9.904728847216477e-06
7,147592,7.09040352376178e-05,9.904715889194562e-06
7,147602,9.893160085994167e-05,9.904702930299961e-06
7,147612,9.063704219443025e-05,9.90468997053268e-06
7,147622,7.354457436576922e-05,9.904677009892717e-06
7,147632,5.179104948638269e-05,9.904664048380076e-06
7,147642,7.476434418549616e-05,9.904651085994757e-06
7,147652,7.132596883820951e-05,9.904638122736759e-06
7,147662,7.278527762082377e-05,9.904625158606096e-06
7,147672,7.564230159005093e-05,9.90461219360276e-06
7,147682,8.717239788893493e-05,9.904599227726753e-06
7,147692,0.000115085437118978,9.904586260978085e-06
7,147702,6.097302925809345e-05,9.904573293356752e-06
7,147712,6.800614091844182e-05,9.904560324862759e-06
7,147722,7.96734800132981e-05,9.90454735549611e-06
7,147732,9.223618280884693e-05,9.904534385256805e-06
7,147742,7.567900720459875e-05,9.904521414144842e-06
7,147752,7.62805586646209e-05,9.904508442160233e-06
7,147762,8.537449584764545e-05,9.904495469302971e-06
7,147772,6.13366537663751e-05,9.904482495573064e-06
7,147782,7.940668153878505e-05,9.904469520970511e-06
7,147792,0.00014097136668169699,9.904456545495316e-06
7,147802,8.081305454652465e-05,9.90444356914748e-06
7,147812,0.00012546308171295094,9.904430591927008e-06
7,147822,8.333354458045505e-05,9.9044176138339e-06
7,147832,6.962219863453355e-05,9.90440463486816e-06
7,147842,0.00010711384079513663,9.904391655029789e-06
7,147852,5.624774275929667e-05,9.904378674318788e-06
7,147862,7.195974192200083e-05,9.904365692735163e-06
7,147872,7.035242861093138e-05,9.904352710278915e-06
7,147882,7.940278037494863e-05,9.904339726950043e-06
7,147892,7.312789512070594e-05,9.904326742748552e-06
7,147902,6.938914593774826e-05,9.904313757674447e-06
7,147912,6.833749189354421e-05,9.904300771727726e-06
7,147922,7.652147071439684e-05,9.904287784908394e-06
7,147932,8.17648142174221e-05,9.904274797216451e-06
7,147942,6.328581753223261e-05,9.904261808651902e-06
7,147952,8.098081707430538e-05,9.904248819214748e-06
7,147962,8.31281496630254e-05,9.904235828904983e-06
7,147972,6.844507743153372e-05,9.904222837722626e-06
7,147982,9.238364305019786e-05,9.904209845667671e-06
7,147992,7.380721895060559e-05,9.904196852740121e-06
7,148002,6.148370625851385e-05,9.904183858939973e-06
7,148012,6.679105890725622e-05,9.904170864267234e-06
7,148022,6.903136049913882e-05,9.904157868721907e-06
7,148032,6.810748545831302e-05,9.90414487230399e-06
7,148042,7.410300127048685e-05,9.904131875013492e-06
7,148052,6.986078642512439e-05,9.90411887685041e-06
7,148062,6.617651524720713e-05,9.904105877814749e-06
7,148072,6.945532668396481e-05,9.904092877906513e-06
7,148082,7.138557245980336e-05,9.9040798771257e-06
7,148092,5.0444541420802126e-05,9.904066875472315e-06
7,148102,8.080636384875107e-05,9.904053872946359e-06
7,148112,5.318084138252743e-05,9.904040869547833e-06
7,148122,8.20138202925591e-05,9.904027865276742e-06
7,148132,8.79405633895658e-05,9.904014860133086e-06
7,148142,8.143103646034432e-05,9.90400185411687e-06
7,148152,6.726802453158598e-05,9.903988847228096e-06
7,148162,8.437149926976417e-05,9.903975839466761e-06
7,148172,9.178500906728004e-05,9.903962830832876e-06
7,148182,9.869117770904267e-05,9.903949821326438e-06
7,148192,8.733047611713119e-05,9.903936810947452e-06
7,148202,6.897676544213028e-05,9.903923799695918e-06
7,148212,9.449983240301664e-05,9.903910787571838e-06
7,148222,6.993011147642392e-05,9.90389777457522e-06
7,148232,0.00010291689754922119,9.903884760706056e-06
7,148242,8.845487104736094e-05,9.903871745964355e-06
7,148252,6.343418385768018e-05,9.903858730350117e-06
7,148262,7.169547297962709e-05,9.903845713863347e-06
7,148272,0.00010240046351555067,9.903832696504046e-06
7,148282,6.523071760966559e-05,9.903819678272217e-06
7,148292,8.355517416021031e-05,9.90380665916786e-06
7,148302,7.43712239909655e-05,9.903793639190975e-06
7,148312,5.7575966866352243e-05,9.903780618341575e-06
7,148322,8.810601907498493e-05,9.903767596619653e-06
7,148332,8.156048406817717e-05,9.903754574025212e-06
7,148342,0.00010264284262575529,9.903741550558258e-06
7,148352,5.6190321129179206e-05,9.903728526218786e-06
7,148362,7.03978247656778e-05,9.903715501006811e-06
7,148372,7.655740964764845e-05,9.903702474922322e-06
7,148382,8.89113348648607e-05,9.903689447965334e-06
7,148392,7.154873126182792e-05,9.903676420135835e-06
7,148402,8.054352006183762e-05,9.90366339143384e-06
7,148412,6.647163268098667e-05,9.903650361859344e-06
7,148422,7.348347169227053e-05,9.903637331412355e-06
7,148432,9.011003085106495e-05,9.903624300092867e-06
7,148442,7.776743796057417e-05,9.903611267900888e-06
7,148452,7.360706608778855e-05,9.90359823483642e-06
7,148462,5.9231096156509014e-05,9.903585200899463e-06
7,148472,7.094355614754023e-05,9.903572166090023e-06
7,148482,5.497990571257105e-05,9.903559130408099e-06
7,148492,6.172495361624896e-05,9.903546093853697e-06
7,148502,6.744249096755084e-05,9.903533056426817e-06
7,148512,5.2906800397067856e-05,9.903520018127461e-06
7,148522,8.212137304326461e-05,9.903506978955636e-06
7,148532,9.40979299684841e-05,9.90349393891134e-06
7,148542,6.603434521821328e-05,9.90348089799457e-06
7,148552,9.492096799021966e-05,9.903467856205337e-06
7,148562,6.538295317568555e-05,9.903454813543638e-06
7,148572,6.954629607207608e-05,9.903441770009476e-06
7,148582,8.340203598891093e-05,9.90342872560286e-06
7,148592,5.896977022530336e-05,9.903415680323782e-06
7,148602,7.488644064324035e-05,9.903402634172253e-06
7,148612,0.0001301839524330717,9.90338958714827e-06
7,148622,8.835905728119542e-05,9.903376539251835e-06
7,148632,8.70738123467163e-05,9.903363490482959e-06
7,148642,5.814299809117074e-05,9.903350440841632e-06
7,148652,8.978067110092526e-05,9.903337390327866e-06
7,148662,8.17016361907008e-05,9.903324338941656e-06
7,148672,8.731356924727152e-05,9.903311286683006e-06
7,148682,8.96626743269735e-05,9.903298233551922e-06
7,148692,6.523901229229522e-05,9.903285179548402e-06
7,148702,9.67098378623632e-05,9.903272124672449e-06
7,148712,7.063891027883073e-05,9.903259068924069e-06
7,148722,6.823484022788762e-05,9.903246012303261e-06
7,148732,8.030978865463111e-05,9.903232954810034e-06
7,148742,8.896661483959178e-05,9.903219896444381e-06
7,148752,6.784239094486111e-05,9.90320683720631e-06
7,148762,6.870967874874622e-05,9.903193777095818e-06
7,148772,8.992232383207011e-05,9.903180716112917e-06
7,148782,7.233946109863609e-05,9.9031676542576e-06
7,148792,8.580942658227286e-05,9.90315459152987e-06
7,148802,6.446692673307554e-05,9.903141527929733e-06
7,148812,6.450744069752545e-05,9.903128463457187e-06
7,148822,5.491997026183526e-05,9.90311539811224e-06
7,148832,6.841179533694231e-05,9.903102331894894e-06
7,148842,0.0001300101081142202,9.90308926480515e-06
7,148852,6.509107806778048e-05,9.903076196843006e-06
7,148862,8.731034467928112e-05,9.90306312800847e-06
7,148872,7.135463024496858e-05,9.90305005830154e-06
7,148882,8.13149254554446e-05,9.903036987722223e-06
7,148892,0.00010207448015080445,9.903023916270516e-06
7,148902,5.9146897410755624e-05,9.903010843946426e-06
7,148912,6.109308710620099e-05,9.902997770749956e-06
7,148922,8.556608706840053e-05,9.902984696681099e-06
7,148932,7.306622032956511e-05,9.902971621739873e-06
7,148942,8.947755695771775e-05,9.902958545926267e-06
7,148952,7.026839373338589e-05,9.902945469240286e-06
7,148962,6.47232325945879e-05,9.902932391681933e-06
7,148972,7.972054531819593e-05,9.902919313251215e-06
7,148982,4.95855764938824e-05,9.902906233948128e-06
7,148992,7.642549298907398e-05,9.902893153772674e-06
7,149002,8.198588957384346e-05,9.902880072724861e-06
7,149012,0.00011084105171903502,9.90286699080469e-06
7,149022,8.778936132785019e-05,9.902853908012158e-06
7,149032,7.696085147017584e-05,9.902840824347276e-06
7,149042,0.0001377738696646702,9.90282773981004e-06
7,149052,8.716629490663763e-05,9.902814654400453e-06
7,149062,6.821185831995535e-05,9.902801568118519e-06
7,149072,5.849336414485151e-05,9.90278848096424e-06
7,149082,0.00010196242108122532,9.90277539293762e-06
7,149092,6.250511428333992e-05,9.902762304038653e-06
7,149102,6.591650567315809e-05,9.902749214267352e-06
7,149112,9.902327205963958e-05,9.902736123623714e-06
7,149122,8.762201778154121e-05,9.902723032107743e-06
7,149132,5.358255243663734e-05,9.902709939719443e-06
7,149142,7.478369648197259e-05,9.902696846458811e-06
7,149152,9.093618291444727e-05,9.902683752325852e-06
7,149162,7.779586048854981e-05,9.90267065732057e-06
7,149172,8.414690867084574e-05,9.902657561442963e-06
7,149182,8.613040236014057e-05,9.902644464693035e-06
7,149192,6.6126918864029e-05,9.902631367070793e-06
7,149202,7.115873213479063e-05,9.902618268576238e-06
7,149212,5.4792718469798277e-05,9.902605169209366e-06
7,149222,7.521978932345519e-05,9.902592068970183e-06
7,149232,7.255649657054165e-05,9.902578967858698e-06
7,149242,7.168677013851266e-05,9.9025658658749e-06
7,149252,6.878274359678471e-05,9.902552763018798e-06
7,149262,7.347752284658782e-05,9.9025396592904e-06
7,149272,7.16358667887107e-05,9.902526554689703e-06
7,149282,8.450638947579136e-05,9.902513449216708e-06
7,149292,7.841712390472821e-05,9.902500342871421e-06
7,149302,5.912611638905219e-05,9.90248723565384e-06
7,149312,7.492762388210393e-05,9.902474127563973e-06
7,149322,7.504048633109051e-05,9.902461018601816e-06
7,149332,6.538055290548073e-05,9.902447908767375e-06
7,149342,8.432347829057107e-05,9.902434798060651e-06
7,149352,7.425194808092783e-05,9.90242168648165e-06
7,149362,0.00010527380459279811,9.902408574030365e-06
7,149372,5.389243374338548e-05,9.902395460706807e-06
7,149382,9.142980834440096e-05,9.902382346510976e-06
7,149392,8.283292117994279e-05,9.902369231442876e-06
7,149402,7.161079929574043e-05,9.902356115502505e-06
7,149412,9.258658710677992e-05,9.902342998689868e-06
7,149422,8.356506507425365e-05,9.902329881004968e-06
7,149432,9.949517107088468e-05,9.902316762447806e-06
7,149442,8.613319514552131e-05,9.902303643018386e-06
7,149452,8.703011935722315e-05,9.902290522716706e-06
7,149462,7.854611967559322e-05,9.902277401542772e-06
7,149472,6.745216801391508e-05,9.902264279496591e-06
7,149482,5.3480154110729924e-05,9.902251156578156e-06
7,149492,7.04714842413523e-05,9.902238032787472e-06
7,149502,5.8709913400889493e-05,9.902224908124547e-06
7,149512,8.250105061051727e-05,9.90221178258938e-06
7,149522,8.136512228702486e-05,9.90219865618197e-06
7,149532,9.606155822439177e-05,9.902185528902323e-06
7,149542,0.00010178023326261608,9.902172400750439e-06
7,149552,7.449796930814045e-05,9.90215927172632e-06
7,149562,8.812621913421027e-05,9.902146141829967e-06
7,149572,6.404966879927087e-05,9.902133011061385e-06
7,149582,8.995459577363363e-05,9.902119879420583e-06
7,149592,6.903628814143303e-05,9.902106746907557e-06
7,149602,5.619240723717667e-05,9.902093613522307e-06
7,149612,7.468607263945159e-05,9.90208047926484e-06
7,149622,6.991388966071099e-05,9.902067344135154e-06
7,149632,7.988675085925933e-05,9.902054208133251e-06
7,149642,8.259574165094818e-05,9.902041071259139e-06
7,149652,7.377430501946947e-05,9.902027933512817e-06
7,149662,6.935836672710139e-05,9.902014794894284e-06
7,149672,6.873273800920287e-05,9.902001655403548e-06
7,149682,4.674864794651512e-05,9.901988515040608e-06
7,149692,6.384734597304488e-05,9.901975373805468e-06
7,149702,6.20345706010994e-05,9.901962231698128e-06
7,149712,6.341914627228107e-05,9.901949088718595e-06
7,149722,6.990722472437483e-05,9.901935944866869e-06
7,149732,9.118963930632162e-05,9.901922800142953e-06
7,149742,0.00011540580330802186,9.901909654546843e-06
7,149752,6.656049199591508e-05,9.901896508078548e-06
7,149762,6.904687081714654e-05,9.90188336073807e-06
7,149772,7.5577728330245e-05,9.901870212525409e-06
7,149782,8.457572034785698e-05,9.901857063440565e-06
7,149792,7.878370058733708e-05,9.901843913483548e-06
7,149802,8.903816376459872e-05,9.901830762654353e-06
7,149812,7.650212262433342e-05,9.901817610952985e-06
7,149822,7.784230833749462e-05,9.90180445837945e-06
7,149832,6.642900193583045e-05,9.901791304933744e-06
7,149842,7.048418165140903e-05,9.901778150615875e-06
7,149852,6.949111348149019e-05,9.90176499542584e-06
7,149862,6.705539362883428e-05,9.901751839363648e-06
7,149872,7.36094257035802e-05,9.901738682429295e-06
7,149882,8.545004084226093e-05,9.901725524622789e-06
7,149892,7.965910440361767e-05,9.901712365944129e-06
7,149902,7.122079969121841e-05,9.901699206393312e-06
7,149912,4.681415584855131e-05,9.901686045970347e-06
7,149922,7.922555209916027e-05,9.901672884675234e-06
7,149932,5.373567885271768e-05,9.901659722507976e-06
7,149942,7.81188910423225e-05,9.901646559468578e-06
7,149952,8.07239126515924e-05,9.901633395557041e-06
7,149962,7.843148064239358e-05,9.901620230773364e-06
7,149972,6.643747733505735e-05,9.901607065117555e-06
7,149982,7.418593831971522e-05,9.90159389858961e-06
7,149992,5.7903057086150515e-05,9.901580731189535e-06
7,150002,6.988361074036221e-05,9.901567562917333e-06
7,150012,8.070317078363585e-05,9.901554393773006e-06
7,150022,6.900957728248613e-05,9.901541223756552e-06
7,150032,8.925906831791508e-05,9.90152805286798e-06
7,150042,6.699095883959672e-05,9.901514881107289e-06
7,150052,0.0001136323747005008,9.90150170847448e-06
7,150062,6.306273767222592e-05,9.901488534969557e-06
7,150072,6.937674736491318e-05,9.901475360592524e-06
7,150082,8.098096341200289e-05,9.90146218534338e-06
7,150092,0.00010103536096721655,9.90144900922213e-06
7,150102,8.051457309647958e-05,9.901435832228774e-06
7,150112,6.557964716193964e-05,9.901422654363316e-06
7,150122,6.414814411073166e-05,9.901409475625757e-06
7,150132,0.00010178392803936732,9.901396296016103e-06
7,150142,8.606994590536489e-05,9.901383115534349e-06
7,150152,7.120933344140212e-05,9.901369934180508e-06
7,150162,7.49292558793968e-05,9.901356751954572e-06
7,150172,6.275727814681886e-05,9.901343568856547e-06
7,150182,0.00010019046444540435,9.901330384886442e-06
7,150192,5.70954951854219e-05,9.901317200044252e-06
7,150202,7.358416442002635e-05,9.901304014329982e-06
7,150212,8.620429366601456e-05,9.901290827743627e-06
7,150222,8.844219339607662e-05,9.9012776402852e-06
7,150232,8.21730265442966e-05,9.901264451954698e-06
7,150242,8.656931047426041e-05,9.90125126275212e-06
7,150252,7.954122916089546e-05,9.901238072677475e-06
7,150262,6.311795750661986e-05,9.901224881730763e-06
7,150272,7.658474037270935e-05,9.901211689911987e-06
7,150282,8.860238460783876e-05,9.901198497221144e-06
7,150292,7.204725789051736e-05,9.901185303658244e-06
7,150302,5.704909044652595e-05,9.901172109223285e-06
7,150312,0.00010233866598809983,9.901158913916269e-06
7,150322,7.106387206476939e-05,9.9011457177372e-06
7,150332,7.675971651224244e-05,9.901132520686086e-06
7,150342,7.366957670456032e-05,9.90111932276292e-06
7,150352,7.867877782246068e-05,9.901106123967707e-06
7,150362,8.877943232619146e-05,9.901092924300455e-06
7,150372,9.203115523632732e-05,9.901079723761158e-06
7,150382,5.910277591283375e-05,9.90106652234982e-06
7,150392,6.797867281420622e-05,9.901053320066448e-06
7,150402,6.637664596382819e-05,9.901040116911042e-06
7,150412,7.116813167158398e-05,9.901026912883601e-06
7,150422,7.85927412152887e-05,9.901013707984133e-06
7,150432,7.305948026896658e-05,9.901000502212635e-06
7,150442,7.057840509787637e-05,9.90098729556911e-06
7,150452,8.0988690592676e-05,9.900974088053565e-06
7,150462,8.493997265759389e-05,9.900960879666004e-06
7,150472,8.931459658469975e-05,9.90094767040642e-06
7,150482,7.011138936832139e-05,9.900934460274824e-06
7,150492,7.083857108227675e-05,9.900921249271216e-06
7,150502,7.180271131801419e-05,9.900908037395592e-06
7,150512,0.00010272742756569641,9.900894824647961e-06
7,150522,9.042606016009813e-05,9.900881611028326e-06
7,150532,9.8240346392231e-05,9.90086839653669e-06
7,150542,0.00010007094811044224,9.90085518117305e-06
7,150552,7.18750608712071e-05,9.900841964937408e-06
7,150562,7.608708233419748e-05,9.900828747829773e-06
7,150572,9.8129589173368e-05,9.900815529850142e-06
7,150582,9.567992983647856e-05,9.90080231099852e-06
7,150592,6.633519669776434e-05,9.900789091274907e-06
7,150602,6.539955711559742e-05,9.90077587067931e-06
7,150612,5.675253582921869e-05,9.900762649211724e-06
7,150622,7.99187018401426e-05,9.900749426872158e-06
7,150632,7.050390245240125e-05,9.90073620366061e-06
7,150642,8.283333077088174e-05,9.900722979577085e-06
7,150652,7.648182129287307e-05,9.900709754621583e-06
7,150662,7.901997726094123e-05,9.90069652879411e-06
7,150672,8.345070878021942e-05,9.900683302094662e-06
7,150682,6.348801998683485e-05,9.900670074523249e-06
7,150692,5.53005862457212e-05,9.900656846079872e-06
7,150702,6.476483777078102e-05,9.900643616764527e-06
7,150712,7.434627118527715e-05,9.90063038657722e-06
7,150722,6.955217572794935e-05,9.900617155517956e-06
7,150732,6.777371545467759e-05,9.900603923586733e-06
7,150742,6.577347794518573e-05,9.900590690783557e-06
7,150752,0.00010095474085574097,9.90057745710843e-06
7,150762,8.368545745724988e-05,9.900564222561352e-06
7,150772,8.402111072882689e-05,9.900550987142325e-06
7,150782,8.003471589290712e-05,9.900537750851359e-06
7,150792,0.00014703765336889773,9.900524513688444e-06
7,150802,6.493756386589666e-05,9.900511275653594e-06
7,150812,5.891364307899493e-05,9.900498036746802e-06
7,150822,6.082817383230576e-05,9.900484796968076e-06
7,150832,7.050685087506281e-05,9.900471556317418e-06
7,150842,6.135467087915458e-05,9.900458314794826e-06
7,150852,5.6429706023664036e-05,9.900445072400308e-06
7,150862,6.064665412850446e-05,9.900431829133865e-06
7,150872,8.435548852503416e-05,9.900418584995499e-06
7,150882,6.609353151816321e-05,9.90040533998521e-06
7,150892,9.58567985207992e-05,9.900392094102998e-06
7,150902,8.827119149827922e-05,9.90037884734887e-06
7,150912,6.41747696818129e-05,9.900365599722829e-06
7,150922,6.35839489632417e-05,9.900352351224878e-06
7,150932,8.198947541586675e-05,9.900339101855016e-06
7,150942,8.790950591901492e-05,9.900325851613253e-06
7,150952,8.155883251674821e-05,9.90031260049958e-06
7,150962,6.0269275900282074e-05,9.900299348514003e-06
7,150972,8.975783498499368e-05,9.900286095656526e-06
7,150982,6.315516461654624e-05,9.900272841927154e-06
7,150992,8.02316370936751e-05,9.900259587325883e-06
7,151002,7.527968891736236e-05,9.900246331852721e-06
7,151012,7.106913412826544e-05,9.90023307550767e-06
7,151022,6.006676981087367e-05,9.900219818290728e-06
7,151032,0.00010384496838469203,9.9002065602019e-06
7,151042,7.543754218204412e-05,9.900193301241189e-06
7,151052,7.937658087939781e-05,9.900180041408599e-06
7,151062,7.124967216896038e-05,9.900166780704127e-06
7,151072,7.531390249368997e-05,9.900153519127781e-06
7,151082,7.883360412961338e-05,9.900140256679558e-06
7,151092,9.032426137309813e-05,9.900126993359464e-06
7,151102,7.3065371316261e-05,9.900113729167504e-06
7,151112,7.110901378837298e-05,9.900100464103674e-06
7,151122,7.960271386764362e-05,9.900087198167976e-06
7,151132,6.711028179324785e-05,9.900073931360413e-06
7,151142,9.236599958057924e-05,9.900060663680995e-06
7,151152,5.776722714472271e-05,9.90004739512972e-06
7,151162,6.877525247546145e-05,9.900034125706587e-06
7,151172,6.571031326529919e-05,9.900020855411604e-06
7,151182,5.386276257013378e-05,9.900007584244768e-06
7,151192,6.163974123865045e-05,9.899994312206084e-06
7,151202,8.061956957590155e-05,9.899981039295557e-06
7,151212,7.136248550523305e-05,9.89996776551318e-06
7,151222,9.19105786124419e-05,9.899954490858963e-06
7,151232,8.222430835758132e-05,9.899941215332913e-06
7,151242,9.979972755900235e-05,9.899927938935021e-06
7,151252,8.675235576447448e-05,9.899914661665299e-06
7,151262,9.120806273585914e-05,9.899901383523746e-06
7,151272,8.017794498300645e-05,9.899888104510363e-06
7,151282,8.917720999761513e-05,9.899874824625152e-06
7,151292,6.355644181894605e-05,9.899861543868114e-06
7,151302,6.254179834286333e-05,9.899848262239257e-06
7,151312,6.943855173631164e-05,9.899834979738578e-06
7,151322,6.43437016151438e-05,9.899821696366081e-06
7,151332,7.669317915315332e-05,9.899808412121768e-06
7,151342,8.841315934660088e-05,9.89979512700564e-06
7,151352,6.915829890203895e-05,9.899781841017708e-06
7,151362,8.10582843314478e-05,9.899768554157967e-06
7,151372,9.110567752941278e-05,9.899755266426417e-06
7,151382,9.589482183400833e-05,9.899741977823066e-06
7,151392,7.379280423265301e-05,9.89972868834791e-06
7,151402,5.864775998816185e-05,9.899715398000962e-06
7,151412,9.111728982134081e-05,9.899702106782213e-06
7,151422,6.416951569008234e-05,9.899688814691669e-06
7,151432,8.647972717881202e-05,9.89967552172934e-06
7,151442,7.316456317312259e-05,9.899662227895218e-06
7,151452,7.018554138085165e-05,9.89964893318931e-06
7,151462,7.019843560556183e-05,9.899635637611615e-06
7,151472,7.038825174277008e-05,9.899622341162141e-06
7,151482,7.677724256609507e-05,9.899609043840886e-06
7,151492,8.38806990714147e-05,9.899595745647856e-06
7,151502,8.456065625068733e-05,9.899582446583044e-06
7,151512,6.672464060102357e-05,9.899569146646466e-06
7,151522,7.777835742217576e-05,9.899555845838115e-06
7,151532,7.614376449964766e-05,9.899542544157996e-06
7,151542,7.694755429383805e-05,9.899529241606111e-06
7,151552,6.57378728419644e-05,9.899515938182461e-06
7,151562,7.819935608495143e-05,9.899502633887053e-06
7,151572,9.442554382985691e-05,9.899489328719886e-06
7,151582,7.352966076723534e-05,9.899476022680964e-06
7,151592,5.062173490841814e-05,9.899462715770288e-06
7,151602,9.010821313495398e-05,9.899449407987862e-06
7,151612,6.703423414364807e-05,9.899436099333684e-06
7,151622,6.694446146866539e-05,9.89942278980776e-06
7,151632,5.2241009598219534e-05,9.89940947941009e-06
7,151642,5.967390115984017e-05,9.899396168140683e-06
7,151652,7.082565384735063e-05,9.899382855999533e-06
7,151662,7.424817101764347e-05,9.899369542986646e-06
7,151672,7.038931867100472e-05,9.899356229102024e-06
7,151682,7.417460258238862e-05,9.899342914345673e-06
7,151692,7.494222736568191e-05,9.89932959871759e-06
7,151702,5.3762682455271715e-05,9.89931628221778e-06
7,151712,5.9578734135357084e-05,9.899302964846244e-06
7,151722,7.848733775972505e-05,9.899289646602989e-06
7,151732,7.689381982345367e-05,9.899276327488011e-06
7,151742,7.004482295087655e-05,9.899263007501311e-06
7,151752,8.102857568701439e-05,9.899249686642892e-06
7,151762,7.846313760637714e-05,9.89923636491277e-06
7,151772,7.230099449770933e-05,9.899223042310933e-06
7,151782,7.121729831851553e-05,9.899209718837389e-06
7,151792,6.232115968032303e-05,9.899196394492135e-06
7,151802,6.936315521670622e-05,9.899183069275176e-06
7,151812,0.00010563901482782967,9.899169743186517e-06
7,151822,8.265502519861913e-05,9.899156416226159e-06
7,151832,6.92354915827309e-05,9.899143088394104e-06
7,151842,6.352352343128586e-05,9.899129759690356e-06
7,151852,6.057294499441923e-05,9.899116430114916e-06
7,151862,8.098106959550933e-05,9.899103099667785e-06
7,151872,6.654477188021702e-05,9.899089768348967e-06
7,151882,6.980517277952459e-05,9.899076436158465e-06
7,151892,9.756768013176041e-05,9.899063103096282e-06
7,151902,8.758540275266569e-05,9.899049769162415e-06
7,151912,8.344104433035681e-05,9.89903643435687e-06
7,151922,5.732837296363869e-05,9.899023098679653e-06
7,151932,7.170110534389096e-05,9.89900976213076e-06
7,151942,7.01999813600196e-05,9.898996424710196e-06
7,151952,7.007484323366953e-05,9.898983086417967e-06
7,151962,7.113961382856359e-05,9.898969747254068e-06
7,151972,8.126775937853382e-05,9.898956407218507e-06
7,151982,0.00010062527198897441,9.898943066311286e-06
7,151992,6.968292516376095e-05,9.898929724532405e-06
7,152002,6.911627292538469e-05,9.898916381881867e-06
7,152012,7.537597452937917e-05,9.898903038359672e-06
7,152022,4.3931129675911505e-05,9.898889693965831e-06
7,152032,5.538964330753515e-05,9.898876348700339e-06
7,152042,7.890555361882434e-05,9.898863002563196e-06
7,152052,6.690223715395404e-05,9.898849655554414e-06
7,152062,6.714036846915404e-05,9.898836307673989e-06
7,152072,9.605232548892673e-05,9.898822958921923e-06
7,152082,6.551535952894482e-05,9.898809609298221e-06
7,152092,9.466583539960994e-05,9.898796258802882e-06
7,152102,8.44396641241474e-05,9.898782907435908e-06
7,152112,6.382097533332853e-05,9.898769555197308e-06
7,152122,7.22390073178758e-05,9.898756202087078e-06
7,152132,7.456441344402264e-05,9.898742848105222e-06
7,152142,6.471833073646849e-05,9.89872949325174e-06
7,152152,6.943870166651323e-05,9.89871613752664e-06
7,152162,7.88254233157204e-05,9.898702780929918e-06
7,152172,5.536887829293846e-05,9.898689423461583e-06
7,152182,7.034005623154371e-05,9.898676065121631e-06
7,152192,7.437821966504998e-05,9.898662705910069e-06
7,152202,7.67238668686332e-05,9.8986493458269e-06
7,152212,7.370353496298775e-05,9.89863598487213e-06
7,152222,7.669653491575444e-05,9.89862262304575e-06
7,152232,9.115045122598531e-05,9.89860926034777e-06
7,152242,9.305603398388485e-05,9.898595896778191e-06
7,152252,7.496823777728424e-05,9.898582532337013e-06
7,152262,9.500747796664655e-05,9.898569167024239e-06
7,152272,7.400436895750317e-05,9.89855580083987e-06
7,152282,7.64001099014422e-05,9.898542433783912e-06
7,152292,8.578294427934452e-05,9.89852906585637e-06
7,152302,7.044476367354947e-05,9.898515697057246e-06
7,152312,0.00010394931423434173,9.898502327386536e-06
7,152322,8.691345624356472e-05,9.898488956844246e-06
7,152332,0.00011951672054237862,9.898475585430374e-06
7,152342,7.59423394811165e-05,9.898462213144931e-06
7,152352,8.089968296189908e-05,9.89844883998791e-06
7,152362,8.371782309950503e-05,9.898435465959322e-06
7,152372,8.30689461054135e-05,9.898422091059168e-06
7,152382,5.760185715644184e-05,9.898408715287447e-06
7,152392,8.14111218915059e-05,9.898395338644156e-06
7,152402,8.932036257647269e-05,9.898381961129306e-06
7,152412,7.255875693772396e-05,9.898368582742897e-06
7,152422,7.1482869952888e-05,9.898355203484936e-06
7,152432,7.267035159657097e-05,9.898341823355415e-06
7,152442,8.57070198890142e-05,9.898328442354342e-06
7,152452,9.123173845182464e-05,9.898315060481723e-06
7,152462,6.634720821239171e-05,9.898301677737555e-06
7,152472,5.867929032774555e-05,9.898288294121844e-06
7,152482,6.966671708141803e-05,9.89827490963459e-06
7,152492,8.113766227779706e-05,9.898261524275796e-06
7,152502,7.254560414367006e-05,9.898248138045465e-06
7,152512,7.017437790182157e-05,9.898234750943596e-06
7,152522,6.214875895693694e-05,9.898221362970193e-06
7,152532,9.873684857666376e-05,9.898207974125264e-06
7,152542,9.829676587287396e-05,9.898194584408803e-06
7,152552,8.587001125306416e-05,9.898181193820816e-06
7,152562,7.218060968625651e-05,9.89816780236131e-06
7,152572,7.597053331664938e-05,9.898154410030281e-06
7,152582,5.419369313131028e-05,9.89814101682773e-06
7,152592,5.371695992835157e-05,9.898127622753668e-06
7,152602,7.877726156948483e-05,9.898114227808089e-06
7,152612,5.7914780586543206e-05,9.898100831990998e-06
7,152622,6.440118872887978e-05,9.898087435302402e-06
7,152632,0.00010954815795685135,9.8980740377423e-06
7,152642,7.962498871165734e-05,9.898060639310697e-06
7,152652,8.491502890137781e-05,9.898047240007586e-06
7,152662,7.519742305248655e-05,9.898033839832975e-06
7,152672,8.083732252543996e-05,9.898020438786872e-06
7,152682,7.026932466942526e-05,9.898007036869272e-06
7,152692,7.508068463266682e-05,9.897993634080177e-06
7,152702,9.477205694565783e-05,9.897980230419593e-06
7,152712,7.988269876477717e-05,9.897966825887521e-06
7,152722,6.969215353365143e-05,9.897953420483966e-06
7,152732,7.894057403063925e-05,9.897940014208927e-06
7,152742,7.641231873094512e-05,9.897926607062408e-06
7,152752,9.549015585434973e-05,9.89791319904441e-06
7,152762,9.007149465105613e-05,9.89789979015494e-06
7,152772,6.27901203415604e-05,9.897886380393993e-06
7,152782,6.644714112553629e-05,9.897872969761578e-06
7,152792,6.75445045771994e-05,9.897859558257691e-06
7,152802,8.121859839320676e-05,9.89784614588234e-06
7,152812,0.00010307866887160344,9.897832732635523e-06
7,152822,0.00010139957116734875,9.897819318517245e-06
7,152832,8.663819003231766e-05,9.897805903527508e-06
7,152842,8.41537225369393e-05,9.897792487666316e-06
7,152852,7.105768222572805e-05,9.897779070933667e-06
7,152862,9.547718805151819e-05,9.897765653329568e-06
7,152872,8.080851976046687e-05,9.897752234854019e-06
7,152882,8.538475776731502e-05,9.897738815507025e-06
7,152892,9.718389756017132e-05,9.897725395288586e-06
7,152902,0.00010887532775996078,9.897711974198707e-06
7,152912,7.635308120370609e-05,9.897698552237387e-06
7,152922,7.17905516466999e-05,9.897685129404627e-06
7,152932,9.862555625659298e-05,9.897671705700434e-06
7,152942,6.843071751063689e-05,9.897658281124808e-06
7,152952,9.459701486775884e-05,9.89764485567775e-06
7,152962,7.030726853827219e-05,9.897631429359266e-06
7,152972,7.133737076401304e-05,9.897618002169357e-06
7,152982,6.663469771410746e-05,9.897604574108024e-06
7,152992,7.636566747351025e-05,9.897591145175273e-06
7,153002,6.06162501981089e-05,9.8975777153711e-06
7,153012,7.210012449831993e-05,9.897564284695515e-06
7,153022,5.021366976052377e-05,9.897550853148511e-06
7,153032,0.00012483576083468506,9.8975374207301e-06
7,153042,7.904406552370347e-05,9.897523987440277e-06
7,153052,7.679880941395823e-05,9.897510553279048e-06
7,153062,9.166729460048374e-05,9.897497118246418e-06
7,153072,5.129898195264105e-05,9.897483682342383e-06
7,153082,8.437962437710667e-05,9.89747024556695e-06
7,153092,9.318141442236084e-05,9.89745680792012e-06
7,153102,5.04296962844819e-05,9.897443369401892e-06
7,153112,8.637506075501732e-05,9.897429930012273e-06
7,153122,5.9206223249930195e-05,9.897416489751269e-06
7,153132,7.760748133023299e-05,9.897403048618872e-06
7,153142,8.230831604123524e-05,9.897389606615094e-06
7,153152,6.21965552227266e-05,9.897376163739934e-06
7,153162,7.385721992250183e-05,9.897362719993393e-06
7,153172,7.474160024685262e-05,9.897349275375475e-06
7,153182,6.901818503592949e-05,9.897335829886181e-06
7,153192,8.440222491117311e-05,9.897322383525515e-06
7,153202,7.984314338500552e-05,9.897308936293477e-06
7,153212,6.928018660801172e-05,9.89729548819007e-06
7,153222,6.3219675075743e-05,9.8972820392153e-06
7,153232,7.631203206983627e-05,9.897268589369164e-06
7,153242,6.798164304200327e-05,9.897255138651668e-06
7,153252,7.1134150675789e-05,9.897241687062816e-06
7,153262,6.207371038726705e-05,9.897228234602606e-06
7,153272,7.512060969929736e-05,9.897214781271043e-06
7,153282,8.342234741576249e-05,9.897201327068132e-06
7,153292,9.575077483532369e-05,9.89718787199387e-06
7,153302,7.428463820815524e-05,9.897174416048262e-06
7,153312,6.71108573442325e-05,9.897160959231309e-06
7,153322,6.766740807506721e-05,9.897147501543013e-06
7,153332,6.728810567437905e-05,9.89713404298338e-06
7,153342,6.984123438087408e-05,9.897120583552406e-06
7,153352,7.715614569860917e-05,9.897107123250097e-06
7,153362,7.769372145958186e-05,9.897093662076459e-06
7,153372,8.484563663841982e-05,9.897080200031488e-06
7,153382,7.482790151698282e-05,9.897066737115192e-06
7,153392,7.127626352030348e-05,9.89705327332757e-06
7,153402,8.100694967652088e-05,9.897039808668623e-06
7,153412,8.897196719317435e-05,9.89702634313836e-06
7,153422,9.435922033844689e-05,9.89701287673678e-06
7,153432,6.254125196392124e-05,9.896999409463881e-06
7,153442,7.987787530510105e-05,9.896985941319672e-06
7,153452,7.452936183653947e-05,9.896972472304149e-06
7,153462,6.945607874513371e-05,9.896959002417318e-06
7,153472,7.587661677916912e-05,9.896945531659184e-06
7,153482,0.0001088978363895876,9.896932060029744e-06
7,153492,6.252009388845181e-05,9.896918587529007e-06
7,153502,6.82436715123913e-05,9.896905114156969e-06
7,153512,8.609484925727885e-05,9.896891639913634e-06
7,153522,6.514621722999436e-05,9.896878164799005e-06
7,153532,7.292803570635442e-05,9.896864688813085e-06
7,153542,8.503155672769935e-05,9.896851211955874e-06
7,153552,7.135754817682028e-05,9.89683773422738e-06
7,153562,7.563379963357875e-05,9.8968242556276e-06
7,153572,5.538123987207655e-05,9.89681077615654e-06
7,153582,9.813465276238275e-05,9.896797295814193e-06
7,153592,7.712837734743516e-05,9.896783814600576e-06
7,153602,7.311081958505383e-05,9.896770332515683e-06
7,153612,9.71525100794679e-05,9.89675684955952e-06
7,153622,8.93167454023569e-05,9.896743365732081e-06
7,153632,6.764055206076591e-05,9.896729881033377e-06
7,153642,8.544326115043078e-05,9.896716395463408e-06
7,153652,7.933006086204841e-05,9.896702909022178e-06
7,153662,8.174761885584302e-05,9.896689421709686e-06
7,153672,0.00010276866642016103,9.896675933525941e-06
7,153682,5.894739153973205e-05,9.89666244447094e-06
7,153692,6.60854939269484e-05,9.89664895454468e-06
7,153702,6.774389598831476e-05,9.896635463747173e-06
7,153712,5.8002722744276975e-05,9.896621972078416e-06
7,153722,9.266743541047617e-05,9.896608479538414e-06
7,153732,8.258033421952858e-05,9.89659498612717e-06
7,153742,7.592439185373223e-05,9.896581491844683e-06
7,153752,9.287827297157492e-05,9.896567996690956e-06
7,153762,7.295421160051774e-05,9.896554500665997e-06
7,153772,7.45953769865082e-05,9.896541003769801e-06
7,153782,8.91628713816317e-05,9.896527506002373e-06
7,153792,7.33069658963359e-05,9.896514007363716e-06
7,153802,7.390892492367129e-05,9.89650050785383e-06
7,153812,7.097522391177335e-05,9.896487007472725e-06
7,153822,6.262578399400809e-05,9.896473506220395e-06
7,153832,6.523830479636672e-05,9.896460004096849e-06
7,153842,6.79440432577394e-05,9.896446501102083e-06
7,153852,7.874609855207382e-05,9.896432997236102e-06
7,153862,7.21625429832784e-05,9.89641949249891e-06
7,153872,8.589660169491254e-05,9.89640598689051e-06
7,153882,7.06576950278759e-05,9.896392480410896e-06
7,153892,7.462686444341671e-05,9.896378973060085e-06
7,153902,6.817432699790515e-05,9.896365464838066e-06
7,153912,6.77572969607354e-05,9.896351955744849e-06
7,153922,5.997900957481761e-05,9.896338445780438e-06
7,153932,7.037350901555328e-05,9.896324934944824e-06
7,153942,6.533648079312115e-05,9.896311423238022e-06
7,153952,5.2457747983680754e-05,9.896297910660027e-06
7,153962,6.024518106642063e-05,9.896284397210842e-06
7,153972,6.229095147318731e-05,9.896270882890473e-06
7,153982,7.394525146082743e-05,9.896257367698921e-06
7,153992,8.949339635364595e-05,9.896243851636186e-06
7,154002,6.643887318205088e-05,9.896230334702273e-06
7,154012,6.470626326517958e-05,9.896216816897186e-06
7,154022,6.36582134575292e-05,9.896203298220924e-06
7,154032,7.968823538249126e-05,9.89618977867349e-06
7,154042,0.0001000980325443379,9.89617625825489e-06
7,154052,8.448112603218761e-05,9.896162736965122e-06
7,154062,0.00010481124409125186,9.896149214804187e-06
7,154072,7.973785027388658e-05,9.896135691772093e-06
7,154082,5.6148166436287283e-05,9.896122167868837e-06
7,154092,7.024588969670731e-05,9.896108643094424e-06
7,154102,7.40762254281435e-05,9.896095117448858e-06
7,154112,7.491022574868111e-05,9.896081590932142e-06
7,154122,4.441731277893268e-05,9.896068063544275e-06
7,154132,5.7000864967449163e-05,9.896054535285262e-06
7,154142,8.971219258455677e-05,9.896041006155107e-06
7,154152,7.29151834775621e-05,9.896027476153807e-06
7,154162,8.627688121123357e-05,9.896013945281365e-06
7,154172,7.324817870539846e-05,9.896000413537788e-06
7,154182,8.667071065247001e-05,9.895986880923072e-06
7,154192,5.873629388588597e-05,9.895973347437224e-06
7,154202,7.83957344992814e-05,9.895959813080246e-06
7,154212,7.50929882087803e-05,9.895946277852138e-06
7,154222,6.923129358256119e-05,9.895932741752909e-06
7,154232,7.709364185757295e-05,9.895919204782556e-06
7,154242,7.342327373862644e-05,9.89590566694108e-06
7,154252,7.451265248619166e-05,9.895892128228485e-06
7,154262,7.908966795184825e-05,9.895878588644775e-06
7,154272,6.602526768801908e-05,9.895865048189951e-06
7,154282,8.936666822592088e-05,9.895851506864018e-06
7,154292,5.783976157545112e-05,9.895837964666973e-06
7,154302,9.781480512174313e-05,9.895824421598825e-06
7,154312,7.5783017791764e-05,9.895810877659568e-06
7,154322,8.42654176722135e-05,9.895797332849214e-06
7,154332,0.00010531944717513397,9.89578378716776e-06
7,154342,7.311079384635377e-05,9.895770240615207e-06
7,154352,7.999436384125147e-05,9.89575669319156e-06
7,154362,5.884106681151025e-05,9.895743144896822e-06
7,154372,7.1419921641791e-05,9.895729595730996e-06
7,154382,6.238130015390198e-05,9.895716045694081e-06
7,154392,7.41107125804774e-05,9.895702494786083e-06
7,154402,7.98368498635682e-05,9.895688943007001e-06
7,154412,8.048085555856233e-05,9.89567539035684e-06
7,154422,8.592307560775225e-05,9.895661836835601e-06
7,154432,7.083241271175212e-05,9.895648282443289e-06
7,154442,7.308577096409863e-05,9.895634727179903e-06
7,154452,0.00012157886344539294,9.895621171045444e-06
7,154462,8.284482460112486e-05,9.895607614039916e-06
7,154472,7.371048113782309e-05,9.895594056163325e-06
7,154482,7.516846037560755e-05,9.895580497415673e-06
7,154492,7.49190917758824e-05,9.895566937796958e-06
7,154502,6.124172432464547e-05,9.89555337730719e-06
7,154512,0.0001003854991040498,9.895539815946354e-06
7,154522,8.110333401418756e-05,9.895526253714472e-06
7,154532,8.094127747426683e-05,9.895512690611539e-06
7,154542,0.00010405218376945412,9.89549912663756e-06
7,154552,7.911003103799885e-05,9.895485561792538e-06
7,154562,8.870953447512875e-05,9.895471996076466e-06
7,154572,0.00010151518226848566,9.895458429489356e-06
7,154582,5.939256152487359e-05,9.895444862031206e-06
7,154592,6.762168200111774e-05,9.895431293702017e-06
7,154602,7.725027594460699e-05,9.895417724501795e-06
7,154612,7.466493893844018e-05,9.895404154430542e-06
7,154622,8.787399219727377e-05,9.895390583488259e-06
7,154632,7.83533390631419e-05,9.895377011674952e-06
7,154642,6.122897432305762e-05,9.895363438990621e-06
7,154652,7.017981713488552e-05,9.895349865435267e-06
7,154662,6.61577816345016e-05,9.895336291008894e-06
7,154672,6.924873632669914e-05,9.895322715711502e-06
7,154682,7.551475966920407e-05,9.895309139543096e-06
7,154692,8.178001298801972e-05,9.895295562503677e-06
7,154702,7.72304539623292e-05,9.895281984593247e-06
7,154712,6.544999805555563e-05,9.895268405811812e-06
7,154722,6.801362119404075e-05,9.895254826159375e-06
7,154732,7.541666973338579e-05,9.89524124563593e-06
7,154742,8.660363805574887e-05,9.895227664241484e-06
7,154752,6.20040937064914e-05,9.895214081976041e-06
7,154762,5.7646124378152305e-05,9.895200498839605e-06
7,154772,8.181905975561675e-05,9.895186914832176e-06
7,154782,7.890573965596559e-05,9.895173329953756e-06
7,154792,0.0001101068501611735,9.895159744204346e-06
7,154802,6.47124703391455e-05,9.895146157583953e-06
7,154812,0.00010457220457738002,9.895132570092574e-06
7,154822,9.45256200793665e-05,9.89511898173021e-06
7,154832,7.339250087170512e-05,9.895105392496872e-06
7,154842,6.532630504807457e-05,9.895091802392561e-06
7,154852,6.609384204239177e-05,9.895078211417271e-06
7,154862,6.730770464855596e-05,9.895064619571014e-06
7,154872,8.2123028209935e-05,9.895051026853788e-06
7,154882,7.961260089359712e-05,9.895037433265598e-06
7,154892,0.00011273947475274327,9.895023838806442e-06
7,154902,7.644893560154742e-05,9.895010243476326e-06
7,154912,7.000712153057976e-05,9.89499664727525e-06
7,154922,7.57480863285309e-05,9.894983050203219e-06
7,154932,6.802121097280179e-05,9.894969452260235e-06
7,154942,5.819273608267394e-05,9.894955853446294e-06
7,154952,5.5235853960766686e-05,9.894942253761405e-06
7,154962,8.25751253614726e-05,9.894928653205569e-06
7,154972,7.574647584078774e-05,9.894915051778789e-06
7,154982,7.081189860400628e-05,9.894901449481068e-06
7,154992,7.774269774927234e-05,9.894887846312404e-06
7,155002,5.603391689419368e-05,9.894874242272803e-06
7,155012,6.572895626959508e-05,9.894860637362269e-06
7,155022,6.299842648331833e-05,9.894847031580801e-06
7,155032,7.166703467191836e-05,9.894833424928404e-06
7,155042,6.112075143391849e-05,9.894819817405079e-06
7,155052,7.606860133364534e-05,9.894806209010828e-06
7,155062,7.084516078066372e-05,9.894792599745655e-06
7,155072,5.566094000641896e-05,9.894778989609557e-06
7,155082,9.52285003450015e-05,9.894765378602545e-06
7,155092,7.532385495778726e-05,9.894751766724615e-06
7,155102,5.961470228612597e-05,9.894738153975774e-06
7,155112,7.335607369896024e-05,9.894724540356025e-06
7,155122,9.940712079696823e-05,9.894710925865364e-06
7,155132,7.75140665609797e-05,9.894697310503798e-06
7,155142,6.795127753775886e-05,9.894683694271328e-06
7,155152,6.58971687698795e-05,9.894670077167957e-06
7,155162,9.389254710185925e-05,9.89465645919369e-06
7,155172,5.712381528155674e-05,9.894642840348524e-06
7,155182,8.215070015467064e-05,9.894629220632463e-06
7,155192,5.198223732350016e-05,9.894615600045515e-06
7,155202,7.179204449130338e-05,9.894601978587675e-06
7,155212,0.00010177902440773323,9.89458835625895e-06
7,155222,5.729994747980527e-05,9.894574733059342e-06
7,155232,6.38554282431869e-05,9.894561108988853e-06
7,155242,5.8480621805756525e-05,9.894547484047484e-06
7,155252,6.912413259669848e-05,9.89453385823524e-06
7,155262,6.767106272036472e-05,9.894520231552119e-06
7,155272,6.412817297132278e-05,9.894506603998122e-06
7,155282,8.397931201216124e-05,9.894492975573261e-06
7,155292,8.191656120288827e-05,9.894479346277532e-06
7,155302,9.056041103576718e-05,9.894465716110941e-06
7,155312,6.353443275202153e-05,9.894452085073484e-06
7,155322,8.299798964799264e-05,9.894438453165166e-06
7,155332,5.787006666650996e-05,9.894424820385992e-06
7,155342,7.376349137757642e-05,9.894411186735965e-06
7,155352,6.715506301588903e-05,9.894397552215085e-06
7,155362,7.969418052198308e-05,9.894383916823353e-06
7,155372,7.020067691883015e-05,9.894370280560773e-06
7,155382,6.425950716675289e-05,9.894356643427351e-06
7,155392,6.116487352301191e-05,9.894343005423085e-06
7,155402,7.760700702874601e-05,9.894329366547979e-06
7,155412,4.4075940127186183e-05,9.894315726802035e-06
7,155422,5.237956936525734e-05,9.894302086185252e-06
7,155432,7.99768508386478e-05,9.894288444697634e-06
7,155442,6.279217914197944e-05,9.894274802339188e-06
7,155452,8.845534152897018e-05,9.894261159109916e-06
7,155462,7.241187508952863e-05,9.894247515009821e-06
7,155472,6.828891437180574e-05,9.894233870038897e-06
7,155482,4.964789102359646e-05,9.894220224197153e-06
7,155492,6.634556123117364e-05,9.894206577484596e-06
7,155502,6.922332995600299e-05,9.894192929901219e-06
7,155512,8.535655397281516e-05,9.894179281447027e-06
7,155522,6.464452712862112e-05,9.894165632122022e-06
7,155532,9.292764243582497e-05,9.894151981926209e-06
7,155542,7.302369606350113e-05,9.894138330859592e-06
7,155552,7.535173690484954e-05,9.89412467892217e-06
7,155562,6.442891444748965e-05,9.894111026113949e-06
7,155572,7.644483703188598e-05,9.894097372434926e-06
7,155582,6.901857871071116e-05,9.894083717885111e-06
7,155592,5.516373576028855e-05,9.894070062464498e-06
7,155602,0.00011908031935945474,9.894056406173088e-06
7,155612,0.0001019496906792483,9.894042749010895e-06
7,155622,8.709013009138288e-05,9.894029090977911e-06
7,155632,7.728711689196642e-05,9.894015432074146e-06
7,155642,5.741495072015823e-05,9.8940017722996e-06
7,155652,5.9138338770026166e-05,9.893988111654275e-06
7,155662,5.9125703660356525e-05,9.893974450138168e-06
7,155672,7.791958748839534e-05,9.893960787751288e-06
7,155682,6.451545500567589e-05,9.893947124493637e-06
7,155692,6.364437092543085e-05,9.893933460365214e-06
7,155702,0.00014212041178325306,9.893919795366027e-06
7,155712,8.81296656189079e-05,9.893906129496072e-06
7,155722,8.266880831797607e-05,9.893892462755355e-06
7,155732,5.3483581950786174e-05,9.893878795143872e-06
7,155742,9.927124190198811e-05,9.893865126661635e-06
7,155752,7.488398905479699e-05,9.893851457308644e-06
7,155762,6.557914696259104e-05,9.893837787084898e-06
7,155772,6.85708377204719e-05,9.893824115990406e-06
7,155782,8.630505167275259e-05,9.893810444025163e-06
7,155792,9.12058198309751e-05,9.893796771189177e-06
7,155802,7.504177710870863e-05,9.893783097482449e-06
7,155812,8.1659310762916e-05,9.893769422904979e-06
7,155822,6.42881976773424e-05,9.893755747456769e-06
7,155832,8.175824675618059e-05,9.893742071137823e-06
7,155842,8.739158092794242e-05,9.893728393948144e-06
7,155852,7.700088756337208e-05,9.893714715887734e-06
7,155862,6.567167324647016e-05,9.893701036956594e-06
7,155872,6.267621638471609e-05,9.89368735715473e-06
7,155882,7.00941657214571e-05,9.893673676482143e-06
7,155892,7.460331578386103e-05,9.893659994938833e-06
7,155902,7.664323613880697e-05,9.893646312524802e-06
7,155912,6.881260451336857e-05,9.893632629240057e-06
7,155922,8.328839744535799e-05,9.893618945084599e-06
7,155932,7.814036962372484e-05,9.893605260058429e-06
7,155942,8.908270608571911e-05,9.893591574161551e-06
7,155952,7.198030239123908e-05,9.893577887393966e-06
7,155962,7.632350727817538e-05,9.893564199755674e-06
7,155972,7.450781822626595e-05,9.893550511246682e-06
7,155982,7.779396571550024e-05,9.89353682186699e-06
7,155992,7.516209861933021e-05,9.893523131616598e-06
7,156002,7.098536877947481e-05,9.893509440495516e-06
7,156012,7.823289056432258e-05,9.893495748503743e-06
7,156022,7.161721398460941e-05,9.893482055641276e-06
7,156032,9.353149830531038e-05,9.893468361908125e-06
7,156042,0.00011689516434216783,9.893454667304286e-06
7,156052,8.393545977014583e-05,9.893440971829768e-06
7,156062,8.033464023355918e-05,9.89342727548457e-06
7,156072,7.670746224448522e-05,9.893413578268695e-06
7,156082,7.766587325477304e-05,9.893399880182144e-06
7,156092,6.927466361048574e-05,9.89338618122492e-06
7,156102,8.103177485736525e-05,9.893372481397024e-06
7,156112,7.423044085044239e-05,9.893358780698459e-06
7,156122,6.106116272803774e-05,9.89334507912923e-06
7,156132,6.96126028742583e-05,9.89333137668934e-06
7,156142,7.709374503974686e-05,9.893317673378791e-06
7,156152,6.249731613934273e-05,9.893303969197586e-06
7,156162,8.716534600807791e-05,9.89329026414572e-06
7,156172,7.783112155266281e-05,9.893276558223203e-06
7,156182,7.660488897727191e-05,9.89326285143003e-06
7,156192,7.109213208877918e-05,9.893249143766217e-06
7,156202,7.86715326285048e-05,9.893235435231755e-06
7,156212,8.782328932284144e-05,9.893221725826647e-06
7,156222,6.883559349262213e-05,9.8932080155509e-06
7,156232,8.858318860802684e-05,9.893194304404521e-06
7,156242,9.57587366883672e-05,9.893180592387503e-06
7,156252,7.422067737934412e-05,9.893166879499848e-06
7,156262,7.36137287958627e-05,9.893153165741561e-06
7,156272,7.691319833611488e-05,9.893139451112648e-06
7,156282,7.060717425702023e-05,9.893125735613109e-06
7,156292,7.317330766909436e-05,9.893112019242943e-06
7,156302,7.662700531909649e-05,9.893098302002155e-06
7,156312,7.298899752186116e-05,9.893084583890752e-06
7,156322,8.421648956300486e-05,9.893070864908729e-06
7,156332,6.935646338206425e-05,9.893057145056087e-06
7,156342,7.896466336205776e-05,9.893043424332838e-06
7,156352,6.011318714627123e-05,9.893029702738985e-06
7,156362,7.088356494477921e-05,9.893015980274519e-06
7,156372,6.551172432409658e-05,9.893002256939452e-06
7,156382,7.884361184551379e-05,9.892988532733783e-06
7,156392,7.463314225333306e-05,9.892974807657515e-06
7,156402,6.094618493079906e-05,9.892961081710653e-06
7,156412,6.997029934154852e-05,9.892947354893193e-06
7,156422,4.363337998256612e-05,9.89293362720514e-06
7,156432,0.00010346320009375632,9.892919898646502e-06
7,156442,7.003495497883704e-05,9.892906169217274e-06
7,156452,8.347558882633166e-05,9.892892438917462e-06
7,156462,6.634923952333338e-05,9.892878707747066e-06
7,156472,6.884381625695823e-05,9.892864975706093e-06
7,156482,6.899084582983051e-05,9.89285124279454e-06
7,156492,7.732975404906028e-05,9.89283750901241e-06
7,156502,8.358872069038626e-05,9.89282377435971e-06
7,156512,9.752731348271482e-05,9.892810038836442e-06
7,156522,9.068506528819853e-05,9.892796302442604e-06
7,156532,0.00011190771388100985,9.892782565178201e-06
7,156542,7.515254978898155e-05,9.892768827043234e-06
7,156552,7.83333001891151e-05,9.892755088037706e-06
7,156562,0.00011425433344811609,9.89274134816162e-06
7,156572,9.159272535725904e-05,9.892727607414984e-06
7,156582,8.343891138338222e-05,9.892713865797791e-06
7,156592,7.37599121293897e-05,9.892700123310051e-06
7,156602,6.648231540111738e-05,9.892686379951763e-06
7,156612,6.620203419060999e-05,9.892672635722926e-06
7,156622,7.669053750305465e-05,9.892658890623549e-06
7,156632,8.045552372095698e-05,9.892645144653626e-06
7,156642,8.510804341312905e-05,9.89263139781317e-06
7,156652,9.32958461362432e-05,9.892617650102175e-06
7,156662,7.97643840087403e-05,9.892603901520648e-06
7,156672,6.438243476623028e-05,9.892590152068586e-06
7,156682,7.67598334732611e-05,9.892576401745999e-06
7,156692,9.478855349698279e-05,9.892562650552888e-06
7,156702,9.636862873776409e-05,9.89254889848925e-06
7,156712,6.89341725774284e-05,9.89253514555509e-06
7,156722,7.63897389106205e-05,9.892521391750415e-06
7,156732,6.982314821470936e-05,9.892507637075224e-06
7,156742,5.6727752144070104e-05,9.892493881529514e-06
7,156752,7.820692953828257e-05,9.892480125113293e-06
7,156762,7.418799573315482e-05,9.892466367826565e-06
7,156772,0.0001064131032080695,9.892452609669329e-06
7,156782,6.55887692118995e-05,9.892438850641593e-06
7,156792,8.035563864723373e-05,9.892425090743355e-06
7,156802,7.63753869705397e-05,9.892411329974616e-06
7,156812,6.741735417108429e-05,9.892397568335381e-06
7,156822,6.856296226942504e-05,9.892383805825652e-06
7,156832,6.766850156054715e-05,9.89237004244543e-06
7,156842,6.756467785180575e-05,9.892356278194719e-06
7,156852,7.837682135232172e-05,9.892342513073523e-06
7,156862,9.167880539280303e-05,9.89232874708184e-06
7,156872,6.833775585164403e-05,9.892314980219678e-06
7,156882,6.293064420788143e-05,9.892301212487035e-06
7,156892,8.187328076019184e-05,9.892287443883917e-06
7,156902,7.881796277615649e-05,9.892273674410322e-06
7,156912,6.249303069125745e-05,9.892259904066255e-06
7,156922,5.57845832190651e-05,9.892246132851716e-06
7,156932,9.186916799990285e-05,9.892232360766708e-06
7,156942,9.145977808202589e-05,9.892218587811235e-06
7,156952,7.880813873271109e-05,9.892204813985305e-06
7,156962,8.454822263956885e-05,9.89219103928891e-06
7,156972,6.92979066116095e-05,9.892177263722064e-06
7,156982,7.045868057957705e-05,9.89216348728476e-06
7,156992,6.76439637572912e-05,9.892149709977005e-06
7,157002,7.694422886288521e-05,9.892135931798798e-06
7,157012,8.103091597604362e-05,9.892122152750142e-06
7,157022,6.727215518367302e-05,9.892108372831045e-06
7,157032,6.067637204978382e-05,9.892094592041503e-06
7,157042,7.656677616978414e-05,9.892080810381518e-06
7,157052,5.702930238840053e-05,9.892067027851098e-06
7,157062,8.035584619392466e-05,9.892053244450242e-06
7,157072,9.187225600726379e-05,9.892039460178954e-06
7,157082,6.183608977607946e-05,9.892025675037233e-06
7,157092,8.389000554416272e-05,9.892011889025083e-06
7,157102,9.152965476459939e-05,9.89199810214251e-06
7,157112,6.571080846242693e-05,9.891984314389511e-06
7,157122,7.026364733064838e-05,9.891970525766092e-06
7,157132,6.0117409816484724e-05,9.891956736272253e-06
7,157142,7.789758924445778e-05,9.891942945908004e-06
7,157152,0.00010329803508284384,9.891929154673341e-06
7,157162,9.099360795516986e-05,9.891915362568267e-06
7,157172,8.137031395563099e-05,9.891901569592784e-06
7,157182,8.402537227993889e-05,9.891887775746894e-06
7,157192,6.69933236167708e-05,9.8918739810306e-06
7,157202,5.2202188385308546e-05,9.891860185443905e-06
7,157212,8.403004853789753e-05,9.891846388986808e-06
7,157222,6.480928072960523e-05,9.891832591659319e-06
7,157232,8.156629169207009e-05,9.891818793461434e-06
7,157242,0.00010541195892983525,9.891804994393155e-06
7,157252,6.231607439985965e-05,9.891791194454492e-06
7,157262,7.086284529123077e-05,9.891777393645445e-06
7,157272,7.16828825943594e-05,9.891763591966009e-06
7,157282,0.00011903950662599528,9.891749789416197e-06
7,157292,8.51838863127341e-05,9.891735985996003e-06
7,157302,7.450169287039898e-05,9.891722181705436e-06
7,157312,8.193938065232943e-05,9.891708376544493e-06
7,157322,0.0001237717086041812,9.891694570513176e-06
7,157332,5.94846754665923e-05,9.89168076361149e-06
7,157342,8.554240725970886e-05,9.891666955839438e-06
7,157352,8.776419385867485e-05,9.89165314719702e-06
7,157362,0.00011474476336843508,9.89163933768424e-06
7,157372,7.163757441048801e-05,9.891625527301104e-06
7,157382,7.638921269972342e-05,9.89161171604761e-06
7,157392,9.748378201948071e-05,9.89159790392376e-06
7,157402,7.847484946523763e-05,9.89158409092956e-06
7,157412,7.577937192309036e-05,9.891570277065009e-06
7,157422,6.679098282802443e-05,9.89155646233011e-06
7,157432,5.9398900975793365e-05,9.891542646724866e-06
7,157442,8.42210489736317e-05,9.891528830249284e-06
7,157452,6.590358182165801e-05,9.891515012903359e-06
7,157462,5.6739084720902616e-05,9.891501194687094e-06
7,157472,6.279547271788034e-05,9.891487375600499e-06
7,157482,5.8064514473699094e-05,9.891473555643574e-06
7,157492,6.758404913398408e-05,9.891459734816313e-06
7,157502,8.044834926295154e-05,9.891445913118728e-06
7,157512,8.801376152405283e-05,9.891432090550818e-06
7,157522,5.612618956547521e-05,9.891418267112588e-06
7,157532,7.714594753451821e-05,9.891404442804036e-06
7,157542,7.94107333604188e-05,9.891390617625172e-06
7,157552,9.225120402334142e-05,9.891376791575983e-06
7,157562,6.196879664912557e-05,9.891362964656488e-06
7,157572,8.40467591160632e-05,9.89134913686668e-06
7,157582,0.00010197845635957492,9.891335308206569e-06
7,157592,7.146544944589551e-05,9.891321478676149e-06
7,157602,6.171054985770752e-05,9.891307648275427e-06
7,157612,0.00010260235776513581,9.891293817004402e-06
7,157622,6.918944809513049e-05,9.89127998486308e-06
7,157632,0.00011165121036356139,9.891266151851464e-06
7,157642,7.923762209429696e-05,9.891252317969553e-06
7,157652,7.28374188838643e-05,9.891238483217356e-06
7,157662,7.243265556553525e-05,9.891224647594869e-06
7,157672,8.833188303469797e-05,9.891210811102094e-06
7,157682,6.685056641799746e-05,9.891196973739039e-06
7,157692,7.747397819457547e-05,9.891183135505701e-06
7,157702,7.570818252133904e-05,9.891169296402091e-06
7,157712,7.297750275938597e-05,9.8911554564282e-06
7,157722,9.406108711118577e-05,9.891141615584037e-06
7,157732,5.403978257163544e-05,9.891127773869602e-06
7,157742,8.574073822273932e-05,9.891113931284899e-06
7,157752,6.614388194066124e-05,9.891100087829928e-06
7,157762,7.066460771056881e-05,9.891086243504697e-06
7,157772,8.438785466751142e-05,9.891072398309206e-06
7,157782,8.971501761152467e-05,9.891058552243451e-06
7,157792,6.372819614171021e-05,9.891044705307441e-06
7,157802,8.796523479759344e-05,9.89103085750118e-06
7,157812,7.363206905210972e-05,9.891017008824666e-06
7,157822,8.753427243846089e-05,9.891003159277907e-06
7,157832,8.121834662233596e-05,9.890989308860904e-06
7,157842,5.300084903865354e-05,9.890975457573653e-06
7,157852,6.725282160005008e-05,9.890961605416158e-06
7,157862,5.8897204826280356e-05,9.890947752388424e-06
7,157872,8.147144014856167e-05,9.890933898490457e-06
7,157882,6.874989664993337e-05,9.890920043722255e-06
7,157892,7.739979887446679e-05,9.890906188083824e-06
7,157902,6.441285418077314e-05,9.89089233157516e-06
7,157912,8.176647804702952e-05,9.890878474196275e-06
7,157922,8.920421178117976e-05,9.89086461594716e-06
7,157932,6.393780706730468e-05,9.890850756827825e-06
7,157942,0.00011137578817397297,9.890836896838275e-06
7,157952,6.489040808901337e-05,9.890823035978509e-06
7,157962,5.616941514290375e-05,9.890809174248526e-06
7,157972,7.649028034393267e-05,9.89079531164833e-06
7,157982,6.844822710263544e-05,9.89078144817793e-06
7,157992,7.980864252203902e-05,9.890767583837315e-06
7,158002,4.9837141318676004e-05,9.890753718626498e-06
7,158012,8.563551768929756e-05,9.89073985254548e-06
7,158022,6.459215551330999e-05,9.890725985594263e-06
7,158032,8.735267217616638e-05,9.890712117772851e-06
7,158042,7.074838185872068e-05,9.890698249081239e-06
7,158052,6.543048464209278e-05,9.890684379519439e-06
7,158062,5.958368428764516e-05,9.890670509087452e-06
7,158072,7.790021063556197e-05,9.890656637785278e-06
7,158082,5.5260449380512005e-05,9.890642765612918e-06
7,158092,5.445960068755085e-05,9.890628892570377e-06
7,158102,7.340320375988086e-05,9.890615018657655e-06
7,158112,6.736757486578427e-05,9.890601143874756e-06
7,158122,8.083924308266432e-05,9.890587268221683e-06
7,158132,7.267779562880605e-05,9.890573391698437e-06
7,158142,7.536558443916875e-05,9.890559514305025e-06
7,158152,7.099641559307201e-05,9.89054563604144e-06
7,158162,5.949768583377591e-05,9.890531756907696e-06
7,158172,7.443782710652158e-05,9.890517876903787e-06
7,158182,6.467640268965625e-05,9.890503996029717e-06
7,158192,0.0001006996020578299,9.890490114285489e-06
7,158202,7.237875731789246e-05,9.890476231671108e-06
7,158212,8.537097555745276e-05,9.890462348186575e-06
7,158222,6.316462427093938e-05,9.890448463831892e-06
7,158232,8.666371536492079e-05,9.890434578607062e-06
7,158242,6.725751204612606e-05,9.890420692512083e-06
7,158252,9.044852176884888e-05,9.890406805546965e-06
7,158262,8.540121680198353e-05,9.890392917711707e-06
7,158272,7.937912882880482e-05,9.890379029006312e-06
7,158282,5.4762052195656e-05,9.890365139430783e-06
7,158292,7.4882611306748e-05,9.890351248985117e-06
7,158302,8.71701136475167e-05,9.890337357669325e-06
7,158312,6.911691896220873e-05,9.890323465483406e-06
7,158322,8.166022798832273e-05,9.890309572427362e-06
7,158332,7.903876021373435e-05,9.890295678501194e-06
7,158342,7.872171338476618e-05,9.890281783704904e-06
7,158352,8.451224512100451e-05,9.890267888038495e-06
7,158362,6.986718431107874e-05,9.890253991501974e-06
7,158372,6.45394016373757e-05,9.890240094095338e-06
7,158382,6.044236461093533e-05,9.890226195818595e-06
7,158392,8.717673683804604e-05,9.890212296671743e-06
7,158402,9.6034220268848e-05,9.890198396654784e-06
7,158412,6.701855827486724e-05,9.890184495767724e-06
7,158422,7.695265201164149e-05,9.890170594010562e-06
7,158432,8.042500417104748e-05,9.890156691383303e-06
7,158442,6.358593327604467e-05,9.890142787885948e-06
7,158452,4.908761907245207e-05,9.890128883518504e-06
7,158462,5.580968083904736e-05,9.890114978280965e-06
7,158472,7.729243166068044e-05,9.890101072173336e-06
7,158482,7.979630163390539e-05,9.890087165195621e-06
7,158492,6.140177356428467e-05,9.890073257347825e-06
7,158502,6.978023725423554e-05,9.890059348629947e-06
7,158512,6.465560859396647e-05,9.890045439041995e-06
7,158522,7.404884445350035e-05,9.890031528583962e-06
7,158532,8.938239288909245e-05,9.89001761725586e-06
7,158542,9.024056816997472e-05,9.890003705057686e-06
7,158552,5.789957594970474e-05,9.889989791989441e-06
7,158562,8.180690949757264e-05,9.889975878051133e-06
7,158572,7.332007523928042e-05,9.889961963242764e-06
7,158582,7.095052671957092e-05,9.88994804756433e-06
7,158592,7.720334024270415e-05,9.889934131015837e-06
7,158602,7.102247136572259e-05,9.889920213597289e-06
7,158612,8.235526836415376e-05,9.889906295308689e-06
7,158622,8.428261139670212e-05,9.889892376150039e-06
7,158632,6.948855329937941e-05,9.88987845612134e-06
7,158642,7.94155549556308e-05,9.889864535222594e-06
7,158652,8.224794532907254e-05,9.889850613453803e-06
7,158662,8.198851414817908e-05,9.889836690814974e-06
7,158672,6.309070877250632e-05,9.889822767306101e-06
7,158682,9.665624311310238e-05,9.889808842927194e-06
7,158692,7.157365810144255e-05,9.889794917678253e-06
7,158702,6.31557214546774e-05,9.889780991559284e-06
7,158712,5.758492704899254e-05,9.889767064570283e-06
7,158722,7.201817893474071e-05,9.889753136711261e-06
7,158732,7.101887099452142e-05,9.889739207982208e-06
7,158742,6.192226851453597e-05,9.889725278383138e-06
7,158752,6.893713421050052e-05,9.889711347914051e-06
7,158762,7.274791485087917e-05,9.889697416574943e-06
7,158772,5.722751379835245e-05,9.889683484365826e-06
7,158782,5.0717735211947e-05,9.889669551286697e-06
7,158792,8.668529294482141e-05,9.889655617337558e-06
7,158802,6.86429347297235e-05,9.889641682518413e-06
7,158812,6.500708705061697e-05,9.889627746829263e-06
7,158822,6.588000346710032e-05,9.889613810270111e-06
7,158832,6.94517475039902e-05,9.88959987284096e-06
7,158842,7.902891320554772e-05,9.889585934541813e-06
7,158852,9.132578643402668e-05,9.889571995372672e-06
7,158862,8.272456357190094e-05,9.889558055333538e-06
7,158872,8.028180454857648e-05,9.889544114424418e-06
7,158882,8.423940912507533e-05,9.889530172645311e-06
7,158892,7.090330871051265e-05,9.88951622999622e-06
7,158902,8.674762038936025e-05,9.889502286477149e-06
7,158912,9.14555759209179e-05,9.889488342088096e-06
7,158922,6.616631965243869e-05,9.889474396829067e-06
7,158932,8.90535338612608e-05,9.889460450700065e-06
7,158942,7.906810808435693e-05,9.88944650370109e-06
7,158952,9.11249347609555e-05,9.889432555832144e-06
7,158962,7.449880640706397e-05,9.88941860709323e-06
7,158972,7.647365716820787e-05,9.889404657484356e-06
7,158982,6.197202180828754e-05,9.88939070700552e-06
7,158992,5.6396470267827684e-05,9.889376755656723e-06
7,159002,6.576460070846224e-05,9.889362803437967e-06
7,159012,6.650107991390541e-05,9.889348850349262e-06
7,159022,8.544718446046318e-05,9.889334896390606e-06
7,159032,7.962935155774175e-05,9.889320941562e-06
7,159042,0.00010043293050330249,9.889306985863445e-06
7,159052,8.270849425571214e-05,9.889293029294946e-06
7,159062,7.037084365038027e-05,9.889279071856503e-06
7,159072,5.8764828008861517e-05,9.889265113548125e-06
7,159082,7.35472307951568e-05,9.889251154369808e-06
7,159092,8.954405698204936e-05,9.889237194321557e-06
7,159102,6.301916278061981e-05,9.88922323340337e-06
7,159112,7.211332103906898e-05,9.889209271615258e-06
7,159122,7.722346126683987e-05,9.88919530895722e-06
7,159132,8.419923269684659e-05,9.889181345429255e-06
7,159142,9.350624618491564e-05,9.88916738103137e-06
7,159152,7.039539518700621e-05,9.889153415763566e-06
7,159162,0.00010856605397293606,9.889139449625842e-06
7,159172,6.262791141580238e-05,9.889125482618204e-06
7,159182,6.921905733179302e-05,9.889111514740658e-06
7,159192,5.1563542524490916e-05,9.889097545993201e-06
7,159202,8.050251292388565e-05,9.889083576375839e-06
7,159212,8.254331328316766e-05,9.88906960588857e-06
7,159222,6.93270391820988e-05,9.889055634531399e-06
7,159232,0.00010166607667088101,9.889041662304325e-06
7,159242,9.580097780599317e-05,9.889027689207355e-06
7,159252,7.088736010700812e-05,9.88901371524049e-06
7,159262,7.653203986137668e-05,9.888999740403732e-06
7,159272,9.158647560525424e-05,9.888985764697085e-06
7,159282,7.582895855193782e-05,9.888971788120553e-06
7,159292,5.83953527666381e-05,9.888957810674133e-06
7,159302,7.55471008915265e-05,9.888943832357833e-06
7,159312,7.135648088478775e-05,9.888929853171653e-06
7,159322,7.046674631965289e-05,9.888915873115598e-06
7,159332,6.571806220563303e-05,9.888901892189668e-06
7,159342,8.730222834856248e-05,9.888887910393865e-06
7,159352,0.00011998670488537755,9.888873927728193e-06
7,159362,8.980020038507065e-05,9.88885994419265e-06
7,159372,7.489767249353463e-05,9.888845959787246e-06
7,159382,7.036595056888472e-05,9.888831974511976e-06
7,159392,6.238864884835494e-05,9.888817988366848e-06
7,159402,8.540159205949749e-05,9.888804001351861e-06
7,159412,0.00010883911877499486,9.888790013467023e-06
